#{"t_start": 1769188913.471223, "env_id": "FetchReachDense-v4"}
r,l,t
-7.61108,50,0.84628
-15.147129,50,0.876717
-15.335512,50,0.906802
-11.194269,50,0.935542
-6.410066,50,0.97593
-15.942268,50,1.005704
-6.617907,50,1.03547
-8.117996,50,1.06301
-10.445535,50,1.092009
-8.516539,50,1.120201
-10.635455,50,1.149245
-8.356264,50,1.176417
-14.904224,50,1.204904
-10.943029,50,1.23613
-9.47969,50,1.266331
-7.543918,50,1.293659
-8.394375,50,1.321987
-6.058259,50,1.350176
-11.739387,50,1.378914
-6.950858,50,1.407975
-4.374627,50,1.437324
-8.100831,50,1.468012
-11.914117,50,1.497127
-8.708164,50,1.525247
-7.999797,50,1.553044
-13.480795,50,1.581524
-7.391866,50,1.610391
-11.730943,50,1.637859
-5.955728,50,1.667555
-12.743611,50,1.697045
-7.415735,50,1.724965
-8.136358,50,1.753888
-7.447994,50,1.783058
-16.389841,50,1.8105
-12.720224,50,1.841005
-10.615064,50,1.869102
-6.842318,50,1.898632
-13.451648,50,1.926977
-4.55339,50,1.956295
-5.336675,50,1.983782
-4.381909,50,2.013549
-11.113409,50,2.042048
-3.829705,50,2.072022
-5.063547,50,2.101328
-6.390679,50,2.130227
-6.169371,50,2.161469
-9.966808,50,2.19188
-14.169166,50,2.224362
-12.759576,50,2.253305
-10.853321,50,2.281875
-8.739307,50,2.309986
-9.663718,50,2.340106
-8.588739,50,2.36874
-9.376282,50,2.397921
-12.467493,50,2.44561
-13.747826,50,2.480653
-14.107234,50,2.509885
-6.816933,50,2.541596
-6.332171,50,2.572661
-13.221223,50,2.601641
-10.813017,50,2.63193
-9.293208,50,2.660895
-12.323328,50,2.691485
-8.838568,50,2.722687
-11.366246,50,2.751832
-13.331643,50,2.781551
-14.859461,50,2.811416
-4.347248,50,2.840279
-16.00438,50,2.869383
-7.923476,50,2.898734
-10.93144,50,2.927524
-9.065841,50,2.959202
-9.256456,50,2.98933
-9.773654,50,3.020654
-12.673503,50,3.051379
-8.98791,50,3.080238
-6.140063,50,3.108919
-10.072778,50,3.139012
-7.049128,50,3.170734
-6.380434,50,3.200057
-10.97177,50,3.228834
-10.010264,50,3.260017
-10.255785,50,3.28806
-5.322759,50,3.316763
-12.12585,50,3.346741
-11.111538,50,3.376379
-16.137452,50,3.406905
-20.9609,50,3.436246
-8.00155,50,3.467062
-13.140008,50,3.496049
-16.355094,50,3.524675
-13.270773,50,3.555281
-5.93439,50,3.585858
-17.790939,50,3.6169
-17.611398,50,3.645426
-7.081938,50,3.6754
-9.69361,50,3.704187
-6.97705,50,3.735221
-6.100639,50,3.764665
-18.878052,50,3.793375
-15.274403,50,4.081361
-5.177654,50,4.360898
-10.91582,50,4.64751
-15.894696,50,4.952541
-15.478688,50,5.232788
-9.537108,50,5.500326
-21.234863,50,5.788146
-31.767781,50,6.137091
-12.018492,50,6.392308
-13.18729,50,6.633842
-11.450777,50,6.873461
-21.555711,50,7.110713
-20.113901,50,7.355543
-9.039162,50,7.596451
-6.483736,50,7.83569
-8.869694,50,8.074846
-11.936235,50,8.317169
-15.312447,50,8.550058
-8.320397,50,8.784655
-3.571668,50,9.022813
-4.405341,50,9.262275
-1.423357,50,9.497746
-7.729697,50,9.73459
-2.727826,50,9.969716
-1.845457,50,10.211134
-1.310094,50,10.455987
-1.348092,50,10.690645
-2.030636,50,10.926753
-1.463145,50,11.163446
-1.684562,50,11.398763
-0.84905,50,11.63289
-0.775671,50,11.86671
-1.658199,50,12.101928
-1.434032,50,12.33588
-1.23603,50,12.569442
-0.935779,50,12.80275
-1.206487,50,13.036166
-0.84192,50,13.269904
-1.424938,50,13.503945
-1.284183,50,13.735087
-1.393579,50,13.968507
-0.984367,50,14.20305
-1.3215,50,14.436251
-1.384275,50,14.680031
-1.725838,50,14.926699
-0.844969,50,15.161108
-1.027338,50,15.396018
-0.79465,50,15.62978
-1.316889,50,15.862829
-1.040015,50,16.096478
-1.539945,50,16.329155
-0.975346,50,16.561328
-1.140415,50,16.799027
-1.033174,50,17.031722
-0.928905,50,17.265467
-1.211202,50,17.498824
-1.564211,50,17.738314
-1.186434,50,17.975074
-0.889331,50,18.207991
-1.065227,50,18.445555
-1.106639,50,18.684776
-1.426026,50,18.917286
-1.234753,50,19.15244
-1.206108,50,19.396035
-0.810589,50,19.635062
-1.208159,50,19.872446
-0.983282,50,20.1636
-1.517148,50,20.453448
-1.232074,50,20.773065
-1.39046,50,21.019409
-1.030744,50,21.269583
-1.089494,50,21.550358
-1.22533,50,21.867803
-1.472794,50,22.157499
-1.008854,50,22.427119
-1.281069,50,22.751324
-1.244801,50,22.995732
-1.665271,50,23.235844
-0.926929,50,23.470355
-1.190323,50,23.708958
-1.590904,50,23.954112
-1.518308,50,24.189426
-0.715836,50,24.425452
-0.799265,50,24.667157
-1.160649,50,24.944406
-0.937249,50,25.217994
-1.550959,50,25.476066
-1.951817,50,25.713873
-1.62185,50,25.9762
-1.216781,50,26.216118
-1.190303,50,26.473659
-1.395995,50,26.717232
-1.239413,50,26.959893
-1.096154,50,27.223901
-1.450769,50,27.502583
-1.273315,50,27.801419
-1.174186,50,28.103203
-1.325399,50,28.344142
-0.818355,50,28.580185
-1.191317,50,28.81876
-0.823591,50,29.082428
-1.425401,50,29.320118
-1.352417,50,29.560652
-1.426062,50,29.816424
-1.537806,50,30.079818
-1.044332,50,30.323296
-1.230885,50,30.561339
-1.317423,50,30.798652
-1.13813,50,31.05494
-1.107889,50,31.292858
-1.538464,50,31.534893
-1.218467,50,31.776731
-1.071864,50,32.01527
-1.219555,50,32.252724
-1.119558,50,32.497721
-0.886496,50,32.738321
-2.118924,50,32.990395
-1.007315,50,33.228012
-1.129076,50,33.46649
-1.051233,50,33.707416
-0.80514,50,33.953138
-1.079691,50,34.189288
-1.439517,50,34.427814
-0.993343,50,34.671133
-0.847339,50,34.91013
-1.012854,50,35.172832
-0.828926,50,35.453481
-1.132567,50,35.774675
-1.109544,50,36.114305
-0.872751,50,36.388123
-1.058236,50,36.671011
-1.032694,50,36.968317
-1.253555,50,37.243827
-0.730996,50,37.51432
-0.984395,50,37.783963
-1.765743,50,38.100661
-1.04639,50,38.348099
-0.889829,50,38.607729
-1.204968,50,38.88218
-1.347802,50,39.151558
-0.935716,50,39.426601
-0.832497,50,39.691797
-0.846969,50,39.954767
-0.869816,50,40.201125
-0.604974,50,40.542125
-1.121558,50,40.822009
-0.763473,50,41.084965
-0.717549,50,41.34529
-1.166983,50,41.58709
-1.289758,50,41.859024
-1.130866,50,42.147068
-0.720342,50,42.442735
-1.238182,50,42.758163
-1.122278,50,43.026992
-1.039834,50,43.28251
-0.941403,50,43.538748
-1.598365,50,43.81448
-0.970598,50,44.056047
-1.323598,50,44.317164
-1.413894,50,44.572491
-0.736197,50,44.889277
-0.810014,50,45.141932
-0.920521,50,45.383432
-0.810968,50,45.621411
-0.882126,50,45.891481
-1.203826,50,46.166163
-0.82219,50,46.448278
-1.488085,50,46.728451
-1.074093,50,47.045304
-1.155045,50,47.322835
-0.929832,50,47.574089
-0.851986,50,47.85096
-0.676155,50,48.157148
-0.514807,50,48.428607
-1.162159,50,48.685226
-1.622024,50,48.991353
-0.761395,50,49.306334
-0.810761,50,49.562802
-0.887393,50,49.798305
-0.967018,50,50.031791
-0.908488,50,50.340805
-1.426418,50,50.62221
-1.009612,50,50.874462
-1.07347,50,51.119482
-1.012064,50,51.399305
-1.340981,50,51.642094
-0.976206,50,51.889845
-0.774502,50,52.135589
-0.877925,50,52.375733
-1.318026,50,52.608494
-1.172933,50,52.840726
-0.915458,50,53.085965
-0.907156,50,53.360305
-0.778299,50,53.609141
-1.24759,50,53.856064
-0.932558,50,54.142839
-1.386947,50,54.413756
-1.496419,50,54.68025
-1.022239,50,54.947221
-1.0459,50,55.188353
-1.207053,50,55.51848
-1.295351,50,55.768564
-1.068992,50,56.011319
-1.006406,50,56.251045
-1.566226,50,56.540545
-1.720266,50,56.797183
-1.014169,50,57.03826
-0.835,50,57.272869
-0.963975,50,57.533267
-1.521904,50,57.775708
-0.890254,50,58.017545
-0.704212,50,58.293447
-1.037566,50,58.611211
-1.744258,50,58.845526
-0.959578,50,59.120413
-1.111769,50,59.433042
-0.658437,50,59.688789
-0.961125,50,59.929829
-0.755857,50,60.164045
-1.136512,50,60.398144
-1.695372,50,60.654035
-1.518556,50,60.888413
-0.944246,50,61.126285
-0.476991,50,61.36033
-1.280787,50,61.601978
-0.693806,50,61.868099
-0.916493,50,62.148217
-1.018811,50,62.403005
-1.572165,50,62.698633
-1.285341,50,62.941398
-0.638383,50,63.176171
-0.733007,50,63.41524
-1.056828,50,63.693606
-1.030921,50,63.932671
-1.474656,50,64.176688
-0.957463,50,64.452444
-1.191526,50,64.781352
-0.863266,50,65.032972
-1.719302,50,65.292305
-1.251272,50,65.542444
-1.574345,50,65.803917
-1.213851,50,66.04118
-1.702226,50,66.28581
-1.042798,50,66.544215
-0.885257,50,66.813982
-0.905962,50,67.099172
-0.74089,50,67.349629
-1.173237,50,67.60554
-1.336163,50,67.924147
-1.025767,50,68.182791
-1.14558,50,68.456818
-0.934787,50,68.787531
-0.95813,50,69.065169
-1.00489,50,69.334541
-0.954037,50,69.599694
-0.791617,50,69.853977
-1.553963,50,70.176279
-1.038606,50,70.452466
-1.620477,50,70.734393
-0.825496,50,71.031143
-0.801924,50,71.30521
-1.386213,50,71.572093
-1.052451,50,71.81296
-1.33942,50,72.051399
-1.357385,50,72.379226
-1.156342,50,72.655881
-0.893263,50,72.90195
-1.431315,50,73.143702
-1.310329,50,73.405612
-1.339806,50,73.692174
-1.044605,50,73.960238
-2.089975,50,74.208238
-1.8518,50,74.515642
-0.788061,50,74.751455
-1.412673,50,75.022974
-1.06746,50,75.341332
-1.546802,50,75.620075
-1.560063,50,75.871537
-1.100738,50,76.1177
-0.774025,50,76.357556
-1.361812,50,76.702735
-1.007752,50,76.960215
-1.457923,50,77.202468
-0.65929,50,77.446263
-1.329167,50,77.759027
-1.205882,50,78.033688
-1.100579,50,78.279674
-0.911586,50,78.591358
-1.131168,50,78.848916
-1.12451,50,79.096967
-0.974523,50,79.363422
-0.704784,50,79.608756
-0.777391,50,79.910805
-0.716137,50,80.169193
-0.701834,50,80.445182
-1.179928,50,80.706522
-1.864129,50,80.997018
-1.009561,50,81.280005
-1.154845,50,81.534211
-1.839865,50,81.861131
-0.982104,50,82.141759
-0.844858,50,82.389207
-1.151516,50,82.63444
-1.054155,50,82.873605
-0.967914,50,83.115471
-1.721771,50,83.366622
-0.738317,50,83.627056
-0.734923,50,83.89149
-1.476929,50,84.208192
-0.694788,50,84.466814
-1.294767,50,84.742315
-0.890974,50,85.056879
-0.852873,50,85.316521
-1.002214,50,85.560621
-0.876038,50,85.795878
-0.726189,50,86.031371
-1.142854,50,86.27002
-0.839171,50,86.511948
-1.077658,50,86.750734
-1.070945,50,86.990929
-0.753703,50,87.258308
-0.826489,50,87.529908
-0.970964,50,87.79805
-1.020631,50,88.047822
-0.878461,50,88.320187
-0.684104,50,88.590847
-0.793742,50,88.859364
-0.637899,50,89.119469
-1.260362,50,89.402873
-1.020882,50,89.642665
-0.847268,50,89.902863
-0.948004,50,90.142501
-1.531494,50,90.391804
-1.089299,50,90.629896
-0.957814,50,90.876996
-0.730294,50,91.140547
-0.926498,50,91.432005
-1.11346,50,91.66933
-1.054321,50,91.908874
-0.523615,50,92.145796
-0.802734,50,92.417797
-1.405729,50,92.671316
-0.980047,50,92.93584
-0.83641,50,93.199013
-1.092542,50,93.495723
-0.665078,50,93.785089
-1.124693,50,94.055405
-1.218805,50,94.315782
-0.994266,50,94.59049
-1.136048,50,94.831593
-1.072824,50,95.073055
-1.42906,50,95.310877
-0.740019,50,95.551481
-0.869964,50,95.802467
-1.243297,50,96.068966
-1.101589,50,96.351143
-1.256139,50,96.658749
-0.968586,50,96.952652
-0.776748,50,97.242101
-0.731346,50,97.603408
-1.24168,50,97.886239
-1.180377,50,98.167845
-0.720374,50,98.444741
-1.11244,50,98.724235
-0.849284,50,98.994375
-0.788686,50,99.242235
-1.070226,50,99.491352
-0.936126,50,99.745309
-1.065487,50,100.002655
-0.786024,50,100.247361
-0.759668,50,100.497294
-0.626897,50,100.741931
-0.944868,50,100.98183
-0.741754,50,101.222834
-0.962327,50,101.474946
-1.004541,50,101.728704
-0.92167,50,101.977286
-1.037925,50,102.21961
-0.761362,50,102.470987
-0.881672,50,102.736446
-0.752733,50,102.996427
-1.154913,50,103.265024
-1.81046,50,103.534395
-0.899221,50,103.786699
-1.492195,50,104.084316
-1.03155,50,104.334217
-0.854765,50,104.581431
-0.822421,50,104.828326
-0.751492,50,105.077599
-0.916058,50,105.327793
-1.091889,50,105.57709
-2.128029,50,105.815455
-0.972926,50,106.060251
-1.664573,50,106.310548
-0.963419,50,106.560695
-0.889594,50,106.808058
-0.736213,50,107.057534
-0.86069,50,107.310007
-0.807241,50,107.563975
-0.896732,50,107.82401
-0.773716,50,108.304764
-0.927437,50,108.557102
-0.864712,50,108.80749
-0.923336,50,109.057544
-1.069903,50,109.308674
-0.756886,50,109.563385
-0.664051,50,109.811847
-0.500705,50,110.057678
-0.884482,50,110.313351
-0.794423,50,110.563358
-0.771809,50,110.810303
-0.552074,50,111.058413
-1.000592,50,111.317595
-1.060775,50,111.564471
-0.737908,50,111.815976
-1.688661,50,112.076446
-0.930788,50,112.321928
-0.941543,50,112.570671
-1.019814,50,112.816412
-0.822957,50,113.063823
-0.825997,50,113.312725
-1.038199,50,113.562597
-1.156756,50,113.808712
-1.054976,50,114.054985
-1.024565,50,114.310451
-1.25882,50,114.555735
-0.995244,50,114.801973
-1.208443,50,115.05158
-0.949915,50,115.296388
-1.067329,50,115.547124
-0.775304,50,115.796689
-0.915333,50,116.050314
-0.776555,50,116.295367
-1.379779,50,116.542572
-0.899965,50,116.789792
-1.01828,50,117.045223
-1.290211,50,117.305199
-0.706256,50,117.553595
-0.826243,50,117.80452
-0.688783,50,118.059874
-1.643118,50,118.326167
-1.097961,50,118.582609
-1.810123,50,118.844169
-1.018908,50,119.098076
-0.85502,50,119.350599
-1.043185,50,119.601474
-1.360584,50,119.859599
-1.465173,50,120.11543
-0.975783,50,120.366594
-1.142454,50,120.614631
-0.782119,50,120.864039
-1.039188,50,121.112013
-0.91235,50,121.358423
-0.833041,50,121.606349
-1.22296,50,121.856432
-0.903432,50,122.100996
-0.71729,50,122.355581
-0.842998,50,122.611241
-0.739158,50,122.870472
-0.833797,50,123.10699
-0.814419,50,123.348743
-1.168305,50,123.588389
-1.220823,50,123.828249
-0.919067,50,124.067535
-0.872627,50,124.311248
-0.818038,50,124.557075
-1.288778,50,124.805777
-0.888925,50,125.05237
-1.134882,50,125.295365
-1.15348,50,125.539492
-0.531274,50,125.789968
-0.764189,50,126.028985
-0.964045,50,126.273536
-0.900995,50,126.516348
-0.77434,50,126.757862
-0.67675,50,127.001048
-0.858018,50,127.245902
-1.099137,50,127.489274
-0.76031,50,127.73227
-1.330776,50,127.973814
-1.219328,50,128.216709
-0.687589,50,128.45785
-1.657043,50,128.707507
-0.806498,50,128.950406
-0.581109,50,129.193034
-0.703093,50,129.440796
-1.566619,50,129.686037
-1.503548,50,129.927789
-0.791158,50,130.170354
-0.603354,50,130.413828
-0.824671,50,130.657294
-0.885274,50,130.91225
-0.77387,50,131.165647
-1.064062,50,131.414661
-1.421624,50,131.65803
-1.138787,50,131.900885
-1.113005,50,132.147439
-0.644045,50,132.389259
-0.878808,50,132.630811
-0.827853,50,132.868932
-1.242491,50,133.105769
-0.845926,50,133.341455
-1.663224,50,133.573559
-0.925981,50,133.804642
-0.889529,50,134.036852
-1.766179,50,134.277203
-1.131166,50,134.510948
-0.818406,50,134.744861
-0.558545,50,134.977563
-0.616614,50,135.217787
-0.920983,50,135.458108
-0.574703,50,135.689799
-0.832052,50,135.927317
-0.798951,50,136.159864
-0.84301,50,136.395673
-1.048236,50,136.629729
-0.772331,50,136.870705
-0.746967,50,137.114392
-0.947625,50,137.354482
-0.924437,50,137.59753
-0.865251,50,137.841719
-0.577792,50,138.087224
-0.816741,50,138.332275
-0.851324,50,138.578892
-1.810859,50,138.825062
-0.831615,50,139.068402
-0.655009,50,139.313859
-0.647643,50,139.564413
-0.8631,50,139.809407
-0.588851,50,140.057287
-1.015804,50,140.30156
-1.06638,50,140.546904
-0.954452,50,140.797544
-0.87151,50,141.04074
-0.976521,50,141.290021
-0.845634,50,141.539998
-1.51416,50,141.78487
-1.382096,50,142.029832
-1.192696,50,142.277251
-0.943013,50,142.522893
-0.812046,50,142.769056
-0.593701,50,143.011637
-0.626387,50,143.253594
-0.850415,50,143.498566
-0.701599,50,143.744379
-0.63634,50,143.989539
-1.262038,50,144.233808
-1.082085,50,144.477672
-1.133474,50,144.721129
-0.620727,50,144.96639
-1.022022,50,145.215476
-0.817728,50,145.458935
-1.091653,50,145.711992
-0.820144,50,145.95559
-1.08957,50,146.199111
-1.203875,50,146.443131
-0.903063,50,146.695114
-0.928109,50,146.94036
-1.196435,50,147.183687
-0.83251,50,147.429913
-1.013168,50,147.676223
-0.702469,50,147.921293
-1.542572,50,148.16932
-1.314355,50,148.414329
-0.874136,50,148.658046
-0.742242,50,148.902702
-0.57006,50,149.14754
-1.083439,50,149.394184
-1.025209,50,149.639802
-0.632971,50,149.886141
-0.816575,50,150.129651
-0.828678,50,150.380956
-0.753228,50,150.628029
-0.556708,50,150.876793
-0.53709,50,151.125228
-0.70768,50,151.369899
-0.470798,50,151.614453
-1.239501,50,151.866457
-1.173314,50,152.109098
-1.429995,50,152.360916
-0.887419,50,152.612094
-1.107861,50,152.857575
-1.049264,50,153.106516
-0.624809,50,153.35071
-0.778692,50,153.597781
-0.558883,50,153.844239
-0.920352,50,154.087614
-0.978538,50,154.337628
-0.907562,50,154.587692
-0.93504,50,154.834579
-0.665841,50,155.079416
-0.856817,50,155.32217
-1.64596,50,155.569115
-1.125943,50,155.815359
-0.728883,50,156.061086
-0.695548,50,156.308191
-1.56557,50,156.56087
-0.893886,50,156.806952
-0.930532,50,157.053744
-0.838842,50,157.298365
-1.706924,50,157.544683
-1.623371,50,157.796798
-0.873999,50,158.046005
-0.926072,50,158.292496
-0.768649,50,158.541158
-0.818815,50,158.793023
-1.234246,50,159.038412
-0.966205,50,159.292447
-1.010531,50,159.537557
-1.316157,50,159.783412
-0.841903,50,160.02635
-1.333047,50,160.274227
-1.096913,50,160.519891
-1.347875,50,160.766141
-1.357058,50,161.011087
-1.921616,50,161.254939
-1.273,50,161.505087
-1.081273,50,161.746282
-1.07752,50,161.990243
-0.896538,50,162.236117
-1.073737,50,162.479808
-0.808195,50,162.725401
-0.777623,50,162.970741
-0.627932,50,163.21619
-0.652078,50,163.460218
-0.768843,50,163.703225
-1.190158,50,163.949212
-0.757293,50,164.193038
-0.757052,50,164.438418
-0.673691,50,164.68362
-1.005169,50,164.92791
-0.898064,50,165.172338
-0.94381,50,165.415764
-1.125397,50,165.663203
-1.469504,50,165.907797
-1.506715,50,166.152789
-1.449537,50,166.39593
-1.39139,50,166.64705
-1.248221,50,166.890304
-1.406531,50,167.142063
-1.178479,50,167.388709
-3.268056,50,167.634641
-0.979351,50,167.881369
-0.804703,50,168.126511
-0.805117,50,168.369398
-0.835577,50,168.614916
-0.797183,50,168.859328
-1.022893,50,169.10438
-0.961021,50,169.349219
-0.384461,50,169.594271
-0.774862,50,169.842359
-0.728818,50,170.087746
-0.679079,50,170.33381
-0.862134,50,170.578272
-0.805625,50,170.825679
-1.265266,50,171.070546
-1.111519,50,171.314464
-1.700258,50,171.557857
-1.208112,50,171.802972
-0.749021,50,172.047342
-1.034102,50,172.292202
-0.971011,50,172.536836
-2.103301,50,172.791736
-1.786268,50,173.038311
-1.631044,50,173.282745
-0.873769,50,173.52668
-1.163799,50,173.771976
-0.771865,50,174.01584
-0.961774,50,174.260408
-1.85231,50,174.512884
-0.691285,50,174.760651
-1.197745,50,175.005068
-0.749382,50,175.249236
-0.866145,50,175.491376
-0.618104,50,175.734024
-0.82446,50,175.977843
-0.817858,50,176.223151
-0.767059,50,176.46799
-0.953141,50,176.711406
-0.787375,50,176.955408
-0.62598,50,177.20001
-1.027269,50,177.442715
-1.7828,50,177.690813
-1.15863,50,177.935677
-1.502274,50,178.178267
-1.293046,50,178.424866
-0.838434,50,178.674564
-0.779207,50,178.917745
-0.837834,50,179.163626
-0.610852,50,179.407832
-0.80084,50,179.655608
-0.610825,50,179.901321
-0.783821,50,180.148193
-1.25008,50,180.392512
-0.629476,50,180.635838
-1.104414,50,180.879316
-0.618057,50,181.123353
-0.728093,50,181.367442
-0.819918,50,181.614364
-0.75809,50,181.857219
-1.486082,50,182.102987
-1.428405,50,182.349778
-1.074956,50,182.593975
-0.946907,50,182.841011
-1.0649,50,183.083817
-1.21325,50,183.328891
-1.056644,50,183.577703
-1.787701,50,183.824061
-1.486047,50,184.081374
-0.775983,50,184.327485
-0.522812,50,184.573979
-0.349838,50,184.819682
-0.553375,50,185.065028
-1.162136,50,185.311012
-1.187839,50,185.556929
-1.347747,50,185.801328
-1.775083,50,186.052705
-0.734568,50,186.293944
-0.833459,50,186.542884
-1.84765,50,186.792056
-0.981486,50,187.036006
-2.587487,50,187.287919
-2.051479,50,187.538704
-1.336726,50,187.783801
-0.904776,50,188.027303
-1.468083,50,188.271344
-1.372387,50,188.519013
-0.700012,50,188.760753
-0.982502,50,189.011798
-1.044131,50,189.256856
-1.01874,50,189.499341
-0.717427,50,189.743563
-1.539532,50,189.989896
-0.884219,50,190.238129
-0.812325,50,190.485425
-1.139171,50,190.731344
-1.819344,50,190.983171
-1.222746,50,191.231099
-1.02865,50,191.478408
-1.327966,50,191.721051
-0.984316,50,191.967308
-0.678046,50,192.211006
-0.59494,50,192.457004
-1.188375,50,192.704958
-1.196912,50,192.952386
-1.885922,50,193.196059
-1.235202,50,193.440381
-1.025631,50,193.69289
-0.961291,50,193.941785
-0.837848,50,194.188524
-0.890628,50,194.433618
-0.807307,50,194.680282
-0.837423,50,194.931446
-1.038191,50,195.176738
-0.704865,50,195.427769
-0.877957,50,195.681401
-0.868424,50,195.929036
-0.82048,50,196.174855
-0.875747,50,196.421277
-0.731858,50,196.671167
-0.680037,50,196.917471
-0.665738,50,197.161684
-0.765792,50,197.405836
-0.727419,50,197.655983
-0.973549,50,197.901429
-0.733863,50,198.146823
-0.714184,50,198.398511
-2.219478,50,198.643627
-2.635883,50,198.889587
-2.070502,50,199.137528
-1.74623,50,199.382096
-1.424085,50,199.630193
-0.896713,50,199.888296
-0.739917,50,200.140461
-0.700679,50,200.386521
-0.92349,50,200.630015
-0.764089,50,200.875452
-0.53977,50,201.126245
-0.914908,50,201.370295
-1.139251,50,201.614626
-0.646816,50,201.85828
-1.55281,50,202.101976
-0.937065,50,202.345393
-0.763039,50,202.591165
-0.863748,50,202.83695
-0.680824,50,203.082442
-0.747943,50,203.326229
-1.321047,50,203.569641
-0.939252,50,203.814755
-0.759116,50,204.061947
-0.772339,50,204.308356
-0.895103,50,204.553908
-0.531495,50,204.800935
-0.735708,50,205.044845
-0.55123,50,205.289093
-0.963509,50,205.536293
-1.297142,50,205.78062
-1.543028,50,206.028442
-1.224205,50,206.27346
-0.834357,50,206.516284
-0.746424,50,206.761327
-0.662364,50,207.00636
-0.563794,50,207.251496
-1.040033,50,207.496005
-1.18929,50,207.747598
-1.772808,50,207.991397
-1.740211,50,208.242198
-1.495353,50,208.491261
-0.943956,50,208.742435
-0.603062,50,208.989169
-0.703449,50,209.232652
-1.095094,50,209.483829
-0.79378,50,209.728638
-0.778285,50,209.972421
-0.705957,50,210.219703
-0.979661,50,210.464842
-0.67236,50,210.708602
-1.378653,50,210.955839
-0.996661,50,211.20188
-0.670486,50,211.448276
-0.61119,50,211.699837
-1.24791,50,211.944717
-1.171018,50,212.192982
-0.63163,50,212.4354
-1.119303,50,212.685843
-1.22516,50,212.931556
-0.976513,50,213.17823
-1.422054,50,213.423545
-0.910447,50,213.667369
-1.659266,50,213.916816
-1.755493,50,214.165902
-1.015546,50,214.411387
-0.823752,50,214.658096
-1.186097,50,214.903444
-1.124783,50,215.14887
-2.0791,50,215.393364
-0.916671,50,215.642399
-0.775442,50,215.89068
-0.623632,50,216.135068
-0.50374,50,216.379244
-1.153137,50,216.631349
-1.132095,50,216.880889
-0.707819,50,217.128441
-0.465054,50,217.373856
-0.751315,50,217.619375
-0.87401,50,217.867733
-1.22172,50,218.112606
-1.937062,50,218.364269
-1.06563,50,218.609704
-0.499239,50,218.854074
-0.849708,50,219.098224
-0.952318,50,219.341296
-0.738272,50,219.585721
-0.642116,50,219.830638
-1.590163,50,220.082618
-0.708271,50,220.32741
-0.701461,50,220.579004
-0.657368,50,220.825194
-0.818409,50,221.071293
-0.841656,50,221.314859
-1.228511,50,221.562828
-1.055745,50,221.853776
-1.717741,50,222.109014
-0.770122,50,222.361366
-1.013221,50,222.608681
-2.00497,50,222.85107
-0.855655,50,223.105861
-2.29381,50,223.354336
-1.833645,50,223.603102
-1.629145,50,223.862036
-1.560915,50,224.127515
-1.066783,50,224.388665
-0.988785,50,224.641582
-1.119984,50,224.90251
-0.848909,50,225.157825
-1.00874,50,225.417599
-0.977295,50,225.665858
-0.974279,50,225.911058
-1.033048,50,226.156559
-1.037829,50,226.402509
-0.933111,50,226.649399
-1.285646,50,226.900696
-0.692228,50,227.146906
-0.89899,50,227.410955
-0.998417,50,227.657527
-0.465226,50,227.904662
-1.907483,50,228.158336
-0.745719,50,228.403119
-1.350203,50,228.651055
-1.030116,50,228.897421
-0.79714,50,229.151446
-0.641809,50,229.400216
-0.951518,50,229.651362
-1.027121,50,229.901773
-1.193927,50,230.149079
-1.022345,50,230.396036
-1.425821,50,230.643248
-0.831344,50,230.888979
-0.967186,50,231.13446
-1.226577,50,231.387623
-0.869113,50,231.816109
-0.809588,50,232.061759
-1.529191,50,232.30891
-1.064014,50,232.557097
-0.858712,50,232.806076
-1.356651,50,233.052175
-1.173121,50,233.300988
-0.652661,50,233.548724
-0.937988,50,233.796957
-1.084051,50,234.046244
-1.29353,50,234.299493
-0.880242,50,234.577507
-0.784217,50,234.830665
-0.568403,50,235.077776
-0.508031,50,235.332525
-1.433511,50,235.589663
-0.990869,50,235.851831
-1.211688,50,236.118267
-2.375036,50,236.381129
-5.665154,50,236.628837
-2.067041,50,236.877981
-1.257548,50,237.130536
-1.464884,50,237.373409
-1.1041,50,237.62157
-1.068836,50,237.869384
-0.60744,50,238.118565
-0.6781,50,238.369013
-0.879611,50,238.625373
-0.814997,50,238.882008
-0.807411,50,239.135462
-1.096963,50,239.3887
-0.765732,50,239.641286
-0.765274,50,239.893296
-0.763055,50,240.151511
-0.691823,50,240.401828
-0.68738,50,240.659662
-0.578062,50,240.910078
-0.999797,50,241.160122
-1.571144,50,241.412965
-1.207109,50,241.671305
-0.957511,50,241.927615
-1.01971,50,242.178304
-0.678127,50,242.429018
-0.702412,50,242.681798
-0.919039,50,242.934502
-1.503042,50,243.187381
-1.921274,50,243.437185
-1.194574,50,243.686987
-0.762418,50,243.94086
-1.215717,50,244.194042
-1.2354,50,244.444087
-1.570358,50,244.693141
-1.781031,50,244.945126
-1.514762,50,245.1958
-0.993071,50,245.446411
-0.988555,50,245.697507
-1.091222,50,245.947754
-0.518336,50,246.199614
-1.093042,50,246.450628
-0.911529,50,246.700945
-1.188988,50,246.954176
-0.463132,50,247.207073
-0.811654,50,247.457616
-0.578596,50,247.709884
-0.660698,50,247.961929
-0.454356,50,248.210222
-0.858063,50,248.462778
-0.772813,50,248.717242
-0.635025,50,248.969665
-1.04224,50,249.219507
-0.897291,50,249.472028
-0.823683,50,249.724301
-1.01003,50,249.984505
-0.797575,50,250.236723
-0.835877,50,250.487693
-0.566907,50,250.741111
-0.720443,50,250.99483
-1.239829,50,251.246529
-0.988738,50,251.506513
-0.544368,50,251.757657
-0.860437,50,252.015166
-0.605548,50,252.267602
-0.487483,50,252.519554
-1.65297,50,252.777162
-0.668792,50,253.086479
-0.762011,50,253.341138
-0.882317,50,253.592993
-0.778299,50,253.843514
-0.821098,50,254.108959
-0.668426,50,254.362393
-1.401826,50,254.620591
-0.786866,50,254.876543
-0.808414,50,255.127728
-0.64369,50,255.380997
-0.686005,50,255.632766
-0.617335,50,255.889451
-0.968413,50,256.138757
-0.797759,50,256.393249
-1.060445,50,256.644943
-0.934215,50,256.893097
-0.776756,50,257.147117
-0.867918,50,257.404488
-0.929255,50,257.655093
-0.713294,50,257.909206
-0.733819,50,258.168514
-0.664341,50,258.419512
-1.391299,50,258.674096
-1.206164,50,258.926868
-0.921506,50,259.180286
-0.829455,50,259.436511
-0.998611,50,259.6891
-0.81296,50,259.950103
-0.627019,50,260.218843
-0.973173,50,260.479595
-0.675911,50,260.73194
-0.54019,50,260.985418
-0.925636,50,261.237681
-0.838574,50,261.493856
-1.341157,50,261.748617
-1.133669,50,262.009116
-0.895162,50,262.262981
-1.396849,50,262.515305
-1.098885,50,262.771523
-0.639914,50,263.032659
-0.623907,50,263.285766
-1.209204,50,263.539792
-1.507759,50,263.791463
-0.632106,50,264.044331
-0.757523,50,264.300937
-0.91448,50,264.563461
-0.920767,50,264.819009
-0.599825,50,265.070527
-0.697602,50,265.326359
-0.718612,50,265.578052
-0.629765,50,265.836872
-1.348085,50,266.093882
-0.65205,50,266.34406
-0.742996,50,266.592888
-1.015653,50,266.846937
-1.134937,50,267.098191
-1.357088,50,267.356011
-0.760961,50,267.611313
-0.622444,50,267.859924
-0.757726,50,268.118889
-0.875075,50,268.369632
-1.108887,50,268.61806
-0.636308,50,268.871123
-0.751645,50,269.123187
-1.007189,50,269.387916
-0.736659,50,269.647881
-0.782828,50,269.908517
-0.876845,50,270.171435
-1.136131,50,270.430666
-0.704209,50,270.692314
-0.627741,50,270.943726
-0.463123,50,271.19574
-0.835818,50,271.448401
-1.005427,50,271.699347
-0.876654,50,271.956764
-0.912091,50,272.210485
-1.179891,50,272.467809
-0.79424,50,272.72043
-0.555218,50,272.973394
-0.998057,50,273.2257
-0.812851,50,273.480536
-0.598737,50,273.736214
-1.050362,50,273.986825
-1.089018,50,274.242051
-0.858043,50,274.494484
-0.726076,50,274.745002
-1.248485,50,274.995966
-1.083244,50,275.250462
-1.218063,50,275.502546
-1.084495,50,275.753658
-0.848217,50,276.004419
-1.436766,50,276.259271
-0.645053,50,276.516065
-1.079101,50,276.773511
-1.034183,50,277.026056
-0.981126,50,277.278115
-1.247515,50,277.535941
-0.600074,50,277.787267
-0.807163,50,278.036905
-1.062305,50,278.289262
-0.794765,50,278.542376
-0.491031,50,278.793319
-0.522678,50,279.047472
-0.772143,50,279.302521
-0.679104,50,279.566235
-1.647475,50,279.829559
-0.659851,50,280.082774
-0.84346,50,280.341397
-0.72739,50,280.596123
-0.805334,50,280.848195
-1.178712,50,281.101738
-0.578814,50,281.353179
-0.846285,50,281.607566
-1.033938,50,281.867095
-1.214679,50,282.123887
-1.127985,50,282.377463
-0.938261,50,282.630309
-0.657418,50,282.883554
-0.570909,50,283.135643
-0.695539,50,283.386742
-0.610825,50,283.639807
-1.069219,50,283.89836
-0.780483,50,284.15118
-0.996979,50,284.402358
-1.45085,50,284.661406
-0.783707,50,284.910231
-0.569107,50,285.161262
-0.562375,50,285.409412
-0.414055,50,285.66288
-0.69942,50,285.913087
-0.679009,50,286.162193
-0.716561,50,286.411865
-0.699814,50,286.663726
-0.814134,50,286.914523
-0.895474,50,287.163404
-0.661625,50,287.412082
-0.900063,50,287.661531
-0.724151,50,287.912495
-0.830125,50,288.166426
-0.850236,50,288.413952
-0.781909,50,288.66573
-0.522568,50,288.915625
-0.865159,50,289.166753
-1.306445,50,289.424512
-0.718805,50,289.683798
-0.813086,50,289.942047
-0.949114,50,290.207235
-0.514894,50,290.465714
-0.62209,50,290.745628
-0.437459,50,291.026592
-0.493557,50,291.293248
-0.879156,50,291.54892
-0.747561,50,291.805531
-0.692847,50,292.057575
-1.111381,50,292.311745
-0.725839,50,292.568409
-1.705398,50,292.830446
-0.8844,50,293.090249
-1.048352,50,293.34275
-1.541755,50,293.595227
-0.844281,50,293.847235
-0.916851,50,294.099732
-0.622362,50,294.351765
-0.490426,50,294.605324
-0.685669,50,294.856153
-0.610373,50,295.106481
-0.484028,50,295.361892
-0.845053,50,295.618963
-0.767205,50,295.871669
-0.471625,50,296.122727
-0.478574,50,296.373646
-0.721042,50,296.62561
-1.522182,50,296.886297
-0.536109,50,297.134654
-0.947757,50,297.388675
-0.696567,50,297.645034
-1.010477,50,297.894874
-0.834807,50,298.144902
-1.224793,50,298.403151
-0.72247,50,298.652424
-1.044281,50,298.904103
-1.176609,50,299.161414
-1.032866,50,299.418637
-0.999554,50,299.671823
-0.937013,50,299.926588
-0.835884,50,300.181361
-1.687242,50,300.433198
-1.067177,50,300.686458
-0.813847,50,300.941193
-0.98775,50,301.196982
-1.016589,50,301.451748
-0.964983,50,301.707146
-0.978732,50,301.962509
-0.643175,50,302.218853
-0.843013,50,302.470093
-1.090418,50,302.723513
-0.82056,50,302.976032
-0.571862,50,303.228823
-0.943379,50,303.480302
-0.842138,50,303.733343
-0.630677,50,303.984303
-0.584197,50,304.236329
-0.856408,50,304.48786
-1.345968,50,304.743541
-1.343756,50,304.998239
-1.122603,50,305.247408
-0.906475,50,305.505097
-1.067033,50,305.758434
-1.059501,50,306.054829
-0.912804,50,306.314549
-1.14982,50,306.56371
-0.888311,50,306.822895
-0.880029,50,307.078789
-1.917713,50,307.328018
-1.989628,50,307.578199
-1.017567,50,307.826233
-0.932487,50,308.076243
-1.095347,50,308.328424
-0.826747,50,308.576886
-0.759973,50,308.828292
-0.741654,50,309.081179
-0.725118,50,309.336878
-0.992101,50,309.600915
-1.100738,50,309.865019
-1.746224,50,310.127879
-0.90302,50,310.389813
-0.860599,50,310.647513
-0.731226,50,310.904824
-0.80224,50,311.170324
-1.167089,50,311.422994
-0.835618,50,311.675433
-0.552437,50,311.927368
-0.760163,50,312.179326
-0.555771,50,312.42979
-0.932583,50,312.688835
-0.763517,50,312.942841
-0.623252,50,313.195603
-0.876184,50,313.446827
-1.156981,50,313.705751
-0.553862,50,313.95452
-0.682259,50,314.207401
-0.61056,50,314.464414
-0.892631,50,314.715712
-1.27547,50,314.967248
-1.235693,50,315.220879
-0.835983,50,315.477714
-0.979317,50,315.727345
-1.205896,50,315.984519
-1.571443,50,316.235067
-0.699087,50,316.489876
-0.879086,50,316.74028
-0.670036,50,316.990044
-0.718968,50,317.244838
-0.771517,50,317.493646
-1.172809,50,317.741736
-0.564985,50,317.99413
-1.17081,50,318.254286
-0.884672,50,318.504718
-0.818013,50,318.758405
-0.913903,50,319.006836
-0.812734,50,319.256489
-0.584845,50,319.508856
-1.425191,50,319.759705
-1.433695,50,320.011954
-0.745735,50,320.264842
-0.465785,50,320.516778
-1.06119,50,320.767466
-0.778651,50,321.024626
-0.623231,50,321.277355
-1.826467,50,321.536228
-0.611091,50,321.787283
-0.631291,50,322.036652
-0.86412,50,322.287318
-0.719827,50,322.535545
-0.654392,50,322.788535
-0.437781,50,323.03974
-0.649793,50,323.289614
-0.706993,50,323.543273
-0.571464,50,323.793936
-0.935325,50,324.045369
-0.668945,50,324.295844
-0.878097,50,324.547002
-1.563259,50,324.822984
-0.910195,50,325.085698
-0.583025,50,325.339778
-1.60039,50,325.600173
-0.646079,50,325.851444
-0.886766,50,326.103522
-0.908742,50,326.359545
-0.905447,50,326.61431
-1.020309,50,326.86962
-1.289618,50,327.12023
-0.576403,50,327.372249
-0.674614,50,327.623724
-0.56156,50,327.874998
-1.195201,50,328.126066
-0.917019,50,328.377365
-0.669987,50,328.629073
-0.686078,50,328.880702
-0.707954,50,329.132819
-0.570811,50,329.389599
-0.382771,50,329.644363
-0.871553,50,329.898507
-0.872349,50,330.153491
-0.558506,50,330.408202
-0.538271,50,330.675117
-1.018273,50,330.931107
-0.79231,50,331.189659
-0.716785,50,331.447099
-0.923147,50,331.705234
-0.795966,50,331.958871
-0.738618,50,332.210937
-1.10092,50,332.463979
-1.140332,50,332.718997
-1.091942,50,332.970249
-0.989151,50,333.223563
-0.783025,50,333.478187
-0.818071,50,333.72902
-0.793543,50,333.984343
-0.634439,50,334.241115
-0.995918,50,334.495347
-1.29781,50,334.749507
-0.800464,50,335.004088
-0.545427,50,335.255689
-0.871828,50,335.50965
-0.660535,50,335.764578
-0.943133,50,336.016165
-0.692757,50,336.266168
-0.839614,50,336.525467
-0.917836,50,336.78078
-0.953329,50,337.030432
-0.822748,50,337.28395
-0.618604,50,337.556036
-0.613729,50,337.81007
-0.736915,50,338.061361
-0.941723,50,338.313386
-0.833114,50,338.566925
-0.593022,50,338.823486
-0.813017,50,339.073
-0.993652,50,339.322549
-0.782266,50,339.576338
-1.299134,50,339.82905
-0.905414,50,340.082273
-0.812059,50,340.335607
-0.672328,50,340.588258
-0.738578,50,340.839734
-1.69487,50,341.097751
-0.483965,50,341.35201
-0.702669,50,341.607078
-0.769238,50,341.860853
-0.888345,50,342.116043
-0.728148,50,342.371072
-0.600222,50,342.628262
-0.519672,50,342.881037
-0.684683,50,343.132668
-1.102955,50,343.389079
-1.337287,50,343.641364
-1.668752,50,343.89821
-1.365085,50,344.155877
-0.76336,50,344.408958
-0.82234,50,344.662128
-0.568585,50,344.914716
-0.542776,50,345.166053
-0.777167,50,345.42453
-0.801859,50,345.676511
-0.871918,50,345.930501
-1.03315,50,346.180704
-0.91746,50,346.430854
-0.952219,50,346.683348
-0.772349,50,346.934485
-0.767209,50,347.183011
-0.710402,50,347.436149
-0.605542,50,347.685883
-0.978128,50,347.93745
-1.402954,50,348.18815
-0.970081,50,348.439326
-1.036827,50,348.689797
-0.877158,50,348.938921
-0.875291,50,349.188989
-1.047703,50,349.442653
-0.503117,50,349.696336
-0.653229,50,349.953906
-0.904755,50,350.210403
-0.586684,50,350.472317
-0.479885,50,350.733074
-0.718546,50,350.991603
-0.760944,50,351.255176
-0.785829,50,351.51288
-0.704874,50,351.773956
-0.707713,50,352.048846
-0.727457,50,352.308739
-0.46164,50,352.564284
-0.863884,50,352.827959
-0.727483,50,353.080143
-0.596536,50,353.343674
-0.858396,50,353.596936
-0.740417,50,353.853648
-0.728051,50,354.105978
-1.074081,50,354.359854
-0.661197,50,354.61505
-0.723675,50,354.870852
-1.217293,50,355.129776
-1.133385,50,355.386494
-1.048975,50,355.636233
-0.544006,50,355.891291
-0.734817,50,356.15247
-0.742645,50,356.413007
-0.909697,50,356.667349
-0.914166,50,356.92315
-0.685849,50,357.177076
-0.634422,50,357.429554
-0.659756,50,357.686731
-0.707283,50,357.937784
-0.501626,50,358.189292
-0.863642,50,358.440286
-0.871218,50,358.693701
-0.691852,50,359.188326
-1.046893,50,359.440446
-0.577878,50,359.694054
-0.756244,50,359.950332
-0.899201,50,360.206018
-0.908291,50,360.460459
-0.725751,50,360.715871
-1.026679,50,360.970263
-0.475113,50,361.226782
-0.834358,50,361.479357
-0.79669,50,361.73828
-0.799267,50,361.993835
-0.713955,50,362.247157
-0.902202,50,362.503776
-0.839819,50,362.764555
-0.91114,50,363.016908
-0.751248,50,363.270511
-0.685709,50,363.525145
-0.784254,50,363.777798
-0.852895,50,364.032832
-0.70458,50,364.285776
-0.985235,50,364.539157
-0.455885,50,364.792704
-0.462877,50,365.047411
-1.143757,50,365.31132
-1.283342,50,365.565568
-0.867903,50,365.817229
-0.697489,50,366.071213
-0.893515,50,366.324838
-0.589079,50,366.577722
-0.851036,50,366.829652
-0.706052,50,367.084009
-0.565364,50,367.339029
-1.079258,50,367.594154
-0.903943,50,367.848968
-0.896123,50,368.100949
-0.63227,50,368.355461
-0.613841,50,368.611071
-0.509284,50,368.8658
-0.519737,50,369.117132
-0.585941,50,369.372067
-0.523569,50,369.625968
-0.707528,50,369.88318
-0.790071,50,370.1366
-0.901125,50,370.395753
-0.728792,50,370.660444
-0.814263,50,370.923431
-0.623317,50,371.189784
-1.685153,50,371.453749
-0.728499,50,371.718557
-1.003951,50,371.975526
-0.914138,50,372.232229
-0.587929,50,372.490572
-1.536984,50,372.75331
-0.906842,50,373.007158
-0.804864,50,373.261551
-1.857804,50,373.523928
-1.392505,50,373.781704
-1.183811,50,374.039297
-1.1062,50,374.301551
-1.266061,50,374.566985
-1.089034,50,374.821246
-0.828598,50,375.079875
-0.922627,50,375.344785
-0.884649,50,375.606354
-0.802706,50,375.863118
-0.738115,50,376.124666
-0.809805,50,376.381824
-0.625815,50,376.637181
-0.814782,50,376.896411
-1.884472,50,377.152844
-1.463562,50,377.410961
-0.916629,50,377.671968
-0.667692,50,377.925499
-1.087771,50,378.183675
-0.815894,50,378.441255
-0.570567,50,378.697291
-0.854936,50,378.952975
-1.580948,50,379.21783
-0.829506,50,379.47273
-1.433188,50,379.73819
-0.737063,50,379.993677
-0.707181,50,380.253528
-0.639198,50,380.516089
-0.741067,50,380.779765
-0.597864,50,381.036882
-0.768929,50,381.300143
-0.698653,50,381.563288
-0.695658,50,381.819773
-1.174946,50,382.077233
-1.157869,50,382.33601
-1.246421,50,382.59536
-0.726573,50,382.853019
-0.837775,50,383.108388
-0.945807,50,383.364494
-1.214615,50,383.619767
-1.025498,50,383.874793
-0.576904,50,384.12952
-0.571686,50,384.386216
-0.588595,50,384.641377
-0.730545,50,384.896944
-1.050984,50,385.155001
-0.800784,50,385.411265
-0.768363,50,385.667994
-0.713735,50,385.923358
-0.715486,50,386.184093
-1.297424,50,386.449032
-0.553546,50,386.703695
-0.546971,50,386.981989
-0.997748,50,387.239248
-0.976564,50,387.492877
-0.862029,50,387.748487
-0.88496,50,388.006101
-0.737942,50,388.261203
-0.750631,50,388.515618
-0.607489,50,388.774418
-0.802549,50,389.095217
-0.950564,50,389.349014
-0.659186,50,389.604314
-0.859926,50,389.860666
-0.749303,50,390.129328
-1.337147,50,390.393377
-0.807202,50,390.665593
-0.872772,50,390.931752
-0.667563,50,391.196478
-0.716744,50,391.456301
-0.898219,50,391.712181
-0.756348,50,391.970201
-0.849736,50,392.225773
-1.233879,50,392.483856
-0.865815,50,392.740436
-0.925291,50,392.995307
-0.940136,50,393.253991
-0.710564,50,393.510819
-0.843234,50,393.773464
-0.829647,50,394.0303
-0.556081,50,394.286775
-0.568054,50,394.543507
-0.899991,50,394.799686
-0.777353,50,395.058784
-1.024427,50,395.31418
-0.69952,50,395.57774
-0.884226,50,395.832889
-0.874471,50,396.094503
-0.959931,50,396.353067
-0.777094,50,396.615257
-0.740753,50,396.876011
-0.793637,50,397.138057
-0.859172,50,397.39695
-1.479472,50,397.659845
-0.848,50,397.917305
-1.077882,50,398.173651
-0.590647,50,398.430347
-0.937152,50,398.687859
-0.578384,50,398.945221
-0.409808,50,399.202228
-0.692877,50,399.462769
-0.623945,50,399.718618
-0.901634,50,399.978628
-1.010338,50,400.241445
-0.991878,50,400.499841
-0.987124,50,400.763604
-0.709983,50,401.023845
-0.4953,50,401.281028
-0.464685,50,401.537655
-1.015991,50,401.796442
-0.893332,50,402.051334
-0.516947,50,402.309734
-0.615463,50,402.569519
-0.656642,50,402.825698
-0.525373,50,403.081206
-0.722557,50,403.34315
-0.759951,50,403.603103
-0.803246,50,403.86362
-0.68007,50,404.123283
-1.158448,50,404.386381
-0.573778,50,404.645793
-0.480573,50,404.903306
-0.52482,50,405.159808
-0.598605,50,405.414827
-1.866574,50,405.681358
-1.048662,50,405.948006
-1.003904,50,406.205271
-0.458693,50,406.46186
-0.677671,50,406.729807
-0.826742,50,406.99077
-0.769757,50,407.251343
-0.820162,50,407.508163
-0.972514,50,407.766952
-0.591085,50,408.026908
-1.28047,50,408.284894
-0.509562,50,408.539509
-0.890454,50,408.800145
-1.074153,50,409.05537
-0.623002,50,409.314561
-0.904315,50,409.570944
-0.905282,50,409.831108
-0.816143,50,410.08596
-0.559528,50,410.348842
-0.750326,50,410.607202
-0.666849,50,410.866305
-0.610148,50,411.138232
-0.697519,50,411.401676
-0.816176,50,411.663184
-0.957441,50,411.923815
-1.08385,50,412.188572
-0.901632,50,412.465132
-0.712061,50,412.73275
-0.752008,50,412.992465
-0.483636,50,413.248774
-0.541899,50,413.504323
-0.716162,50,413.759556
-1.217292,50,414.022838
-0.770638,50,414.277001
-0.632864,50,414.532397
-0.644247,50,414.787933
-0.800407,50,415.119401
-0.827366,50,415.386334
-0.955774,50,415.642107
-1.22783,50,415.900414
-1.223632,50,416.166446
-0.754985,50,416.425153
-0.919524,50,416.682026
-0.660289,50,416.944158
-0.741234,50,417.205659
-1.027163,50,417.469057
-0.596089,50,417.729378
-0.822728,50,417.989439
-0.668256,50,418.251804
-0.654835,50,418.509227
-0.578967,50,418.765961
-1.810951,50,419.034691
-1.007135,50,419.295316
-1.050088,50,419.556016
-0.750653,50,419.815139
-0.633636,50,420.079864
-0.663226,50,420.339584
-0.692116,50,420.599462
-1.237986,50,420.867109
-0.884262,50,421.1268
-0.68244,50,421.390128
-0.614376,50,421.652355
-0.738478,50,421.908868
-1.055347,50,422.16759
-0.837016,50,422.435244
-0.736719,50,422.69826
-1.044832,50,422.959532
-0.919149,50,423.221433
-0.780528,50,423.481766
-0.56549,50,423.744896
-1.725062,50,424.012634
-0.817648,50,424.273991
-0.667976,50,424.533394
-0.696954,50,424.800847
-0.660138,50,425.059369
-0.733897,50,425.317306
-0.816639,50,425.578466
-0.761095,50,425.838162
-0.664335,50,426.092959
-0.35257,50,426.350704
-0.628959,50,426.611648
-0.515744,50,426.870861
-1.902268,50,427.137089
-0.53934,50,427.396893
-0.545465,50,427.655276
-0.702671,50,427.915512
-0.950443,50,428.175269
-0.585978,50,428.43247
-0.507857,50,428.692235
-0.850674,50,428.949535
-0.867218,50,429.206018
-0.705835,50,429.464543
-0.587498,50,429.72745
-0.564705,50,429.984831
-0.718778,50,430.244866
-0.895737,50,430.502926
-0.707472,50,430.766762
-0.752535,50,431.03178
-0.305004,50,431.298955
-1.500409,50,431.570561
-1.046216,50,431.837621
-1.0172,50,432.09895
-0.575956,50,432.358796
-0.805366,50,432.617597
-0.745218,50,432.877357
-1.041785,50,433.140455
-1.298017,50,433.403966
-0.813343,50,433.664362
-0.773995,50,433.921984
-0.872114,50,434.178551
-1.598861,50,434.435398
-1.877499,50,434.701319
-0.825047,50,434.960868
-0.765268,50,435.218397
-0.412522,50,435.475725
-0.36837,50,435.733788
-0.418279,50,435.991716
-0.522554,50,436.247926
-0.435649,50,436.505508
-0.576322,50,436.766394
-0.805206,50,437.0302
-0.549198,50,437.292675
-0.835577,50,437.552463
-0.853297,50,437.818827
-0.830219,50,438.149745
-0.625476,50,438.42444
-0.724908,50,438.683762
-0.693766,50,438.942805
-0.82206,50,439.20514
-0.587851,50,439.462794
-0.67338,50,439.725103
-0.720723,50,439.982806
-0.709859,50,440.243418
-1.051009,50,440.502117
-1.283759,50,440.760938
-0.897683,50,441.022314
-0.773154,50,441.285941
-1.051215,50,441.546759
-0.947685,50,441.806879
-0.605122,50,442.066472
-1.028587,50,442.32793
-0.844709,50,442.589708
-1.574001,50,442.858696
-0.778585,50,443.123295
-0.742797,50,443.381082
-0.682658,50,443.641375
-0.391823,50,443.90133
-0.875263,50,444.158611
-1.363024,50,444.423497
-0.609189,50,444.679543
-0.793381,50,444.942824
-0.818555,50,445.200062
-0.777785,50,445.457836
-1.206289,50,445.720627
-0.52845,50,445.978098
-1.0024,50,446.234273
-0.779299,50,446.494593
-0.708119,50,446.751154
-0.709813,50,447.012442
-0.963434,50,447.269818
-1.028665,50,447.529959
-0.879085,50,447.787748
-0.689668,50,448.04731
-0.96734,50,448.317213
-1.463492,50,448.582176
-1.545977,50,448.837306
-1.143888,50,449.094769
-0.681189,50,449.354579
-0.535534,50,449.61733
-0.570343,50,449.876264
-0.630345,50,450.135068
-0.682039,50,450.394246
-0.822889,50,450.659223
-0.795236,50,450.918604
-0.681532,50,451.179004
-0.473475,50,451.437302
-0.714813,50,451.708265
-0.84366,50,451.976424
-0.918989,50,452.245573
-0.99542,50,452.516493
-0.607684,50,452.77947
-0.664362,50,453.039457
-0.851764,50,453.299354
-1.07245,50,453.561673
-1.089793,50,453.820935
-1.208998,50,454.080761
-0.682037,50,454.344866
-0.644811,50,454.603497
-0.98431,50,454.859353
-0.893688,50,455.119248
-1.448832,50,455.387239
-0.582331,50,455.647313
-0.586339,50,455.910322
-1.019294,50,456.169586
-0.706359,50,456.429486
-0.699392,50,456.691026
-0.569711,50,456.951981
-1.178249,50,457.211364
-0.999566,50,457.475491
-0.693968,50,457.737139
-0.779661,50,457.998667
-0.590478,50,458.263836
-1.234131,50,458.525268
-0.894339,50,458.785718
-1.092882,50,459.047129
-1.335846,50,459.305104
-1.493387,50,459.563308
-1.157156,50,459.824289
-0.952644,50,460.122097
-0.529941,50,460.386536
-0.783967,50,460.650416
-1.415228,50,460.914041
-1.484883,50,461.176714
-1.236105,50,461.43802
-0.692668,50,461.696783
-0.374679,50,461.954067
-0.974716,50,462.224552
-0.385721,50,462.482025
-0.59387,50,462.743339
-0.643625,50,463.001182
-0.891917,50,463.25986
-0.78091,50,463.515142
-0.362123,50,463.771633
-0.935947,50,464.034146
-0.603049,50,464.298204
-0.839172,50,464.554779
-0.765692,50,464.814292
-0.656092,50,465.070924
-1.705887,50,465.338048
-0.758781,50,465.595736
-0.582478,50,465.85253
-0.757214,50,466.109432
-0.663398,50,466.370084
-1.06315,50,466.636765
-0.913745,50,466.901823
-0.65513,50,467.164095
-0.922406,50,467.424434
-0.79381,50,467.682992
-0.595776,50,467.942061
-1.031542,50,468.206587
-0.556345,50,468.464981
-0.783926,50,468.725478
-0.778603,50,468.987628
-0.961684,50,469.254609
-0.8579,50,469.517052
-0.576415,50,469.775685
-0.785126,50,470.04
-1.336169,50,470.301923
-2.991676,50,470.56241
-1.257593,50,470.823052
-0.783478,50,471.082506
-1.121847,50,471.343232
-0.946803,50,471.607308
-0.808696,50,471.894912
-0.673265,50,472.178986
-0.602921,50,472.459988
-1.101389,50,472.723587
-0.80191,50,472.98303
-0.776322,50,473.245
-0.773536,50,473.509306
-0.514204,50,473.769407
-1.018616,50,474.034992
-1.323506,50,474.294923
-1.606267,50,474.554488
-1.364304,50,474.813148
-0.623561,50,475.072186
-0.614651,50,475.333592
-0.949752,50,475.596188
-1.152781,50,475.855731
-1.057677,50,476.11452
-0.672012,50,476.373668
-0.652734,50,476.637087
-0.492549,50,476.902802
-0.64475,50,477.164601
-1.307453,50,477.43169
-0.800163,50,477.691128
-0.734653,50,477.953123
-0.643162,50,478.213237
-0.671209,50,478.476107
-0.565457,50,478.742135
-0.649487,50,479.004038
-0.794702,50,479.265877
-1.019838,50,479.532312
-0.996962,50,479.798311
-1.223869,50,480.121604
-0.476863,50,480.396444
-1.115561,50,480.658039
-0.770112,50,480.917238
-1.004409,50,481.179444
-1.055011,50,481.439111
-0.748116,50,481.700121
-0.859797,50,481.959245
-1.84847,50,482.220738
-1.568627,50,482.480094
-2.454015,50,482.73883
-1.573969,50,482.99928
-0.982417,50,483.26014
-0.737024,50,483.521698
-1.704416,50,483.787913
-1.255927,50,484.051108
-1.216984,50,484.311767
-0.692449,50,484.573179
-0.96069,50,484.837204
-0.632118,50,485.095099
-0.916212,50,485.356485
-0.691506,50,485.613267
-0.562771,50,485.871784
-0.781456,50,486.130868
-0.788959,50,486.389814
-0.713689,50,486.652177
-0.623545,50,486.910313
-0.772936,50,487.169074
-0.899382,50,487.42853
-0.688483,50,487.691155
-0.506423,50,487.948764
-0.794035,50,488.20779
-0.646252,50,488.47112
-0.749364,50,488.731663
-1.657239,50,488.99448
-0.651373,50,489.259249
-0.558769,50,489.687627
-0.608425,50,489.938398
-0.485726,50,490.187074
-0.436551,50,490.435677
-0.504406,50,490.686987
-0.51462,50,490.938149
-0.568467,50,491.187837
-0.623689,50,491.435419
-1.141039,50,491.690029
-0.967315,50,491.946252
-0.918062,50,492.210697
-0.671717,50,492.466452
-1.27258,50,492.729677
-0.956864,50,492.982568
-0.764495,50,493.234952
-0.434615,50,493.482556
-0.76668,50,493.733257
-1.255697,50,493.988449
-0.318843,50,494.235233
-1.156783,50,494.483405
-0.830763,50,494.738178
-0.725452,50,494.984103
-0.822936,50,495.232315
-0.646772,50,495.480483
-0.682416,50,495.728525
-1.001392,50,495.979716
-1.556477,50,496.228599
-0.758527,50,496.476552
-1.216258,50,496.727002
-1.107607,50,496.975628
-0.828819,50,497.230014
-1.121953,50,497.481116
-0.513333,50,497.737489
-0.970746,50,497.994127
-0.594349,50,498.243621
-0.924464,50,498.494996
-1.349121,50,498.750576
-0.927429,50,499.00371
-0.753911,50,499.254345
-0.954777,50,499.505211
-1.132756,50,499.757759
-0.627804,50,500.007742
-0.814674,50,500.255257
-1.371625,50,500.510743
-0.605461,50,500.760834
-0.745603,50,501.0089
-0.735931,50,501.260244
-0.926462,50,501.510614
-0.664038,50,501.770093
-0.694914,50,502.024771
-0.636647,50,502.275192
-0.686513,50,502.525102
-0.754061,50,502.776322
-0.644662,50,503.028273
-0.722305,50,503.277319
-0.838169,50,503.525793
-0.679958,50,503.773969
-0.562672,50,504.022097
-0.955493,50,504.268205
-1.182944,50,504.518033
-0.578748,50,504.766717
-0.863487,50,505.014631
-0.649612,50,505.264937
-0.433727,50,505.515853
-1.339697,50,505.770708
-0.560688,50,506.020496
-0.784575,50,506.271591
-0.523061,50,506.520852
-0.846782,50,506.775711
-0.817512,50,507.024004
-0.912748,50,507.272376
-1.126964,50,507.528956
-0.942996,50,507.781928
-1.06802,50,508.030332
-1.347049,50,508.27981
-1.080687,50,508.532861
-0.981031,50,508.786242
-0.746133,50,509.040028
-1.432788,50,509.297969
-0.6481,50,509.554264
-0.88917,50,509.804966
-0.760607,50,510.053214
-0.585026,50,510.30202
-0.599248,50,510.551096
-0.787852,50,510.801902
-0.828043,50,511.050662
-0.819759,50,511.303214
-0.925172,50,511.554175
-0.910525,50,511.806493
-0.585886,50,512.056964
-0.84235,50,512.313995
-0.755844,50,512.562192
-1.244633,50,512.827118
-1.07372,50,513.082462
-1.977338,50,513.3375
-1.247049,50,513.598069
-0.864998,50,513.857212
-0.798454,50,514.109738
-0.734729,50,514.374428
-0.644988,50,514.624469
-0.684431,50,514.884229
-0.603906,50,515.134285
-0.639448,50,515.384433
-0.841389,50,515.635756
-0.714487,50,515.886692
-0.810399,50,516.135932
-0.63156,50,516.385823
-0.900719,50,516.642029
-0.653331,50,516.890752
-0.704123,50,517.141504
-0.652935,50,517.397684
-0.936283,50,517.64792
-0.830335,50,517.90116
-0.479575,50,518.153439
-0.604433,50,518.404871
-0.636075,50,518.656811
-0.491074,50,518.908258
-0.876844,50,519.161563
-0.794742,50,519.415004
-1.022329,50,519.668183
-1.164791,50,519.929543
-1.736715,50,520.185703
-0.660937,50,520.437374
-0.86997,50,520.68763
-0.768952,50,520.94354
-0.781392,50,521.194825
-0.982628,50,521.45131
-0.625612,50,521.703786
-0.65935,50,521.954433
-0.727391,50,522.207209
-1.147059,50,522.459052
-0.797863,50,522.70831
-1.51897,50,522.956939
-1.099962,50,523.207503
-0.71026,50,523.45909
-0.670036,50,523.711377
-0.627069,50,523.962192
-0.93192,50,524.222263
-1.018896,50,524.473832
-0.979546,50,524.724314
-1.275053,50,524.982651
-0.666266,50,525.233159
-1.734274,50,525.481626
-1.061319,50,525.731121
-1.109952,50,525.982534
-0.521845,50,526.231725
-0.724423,50,526.481157
-0.796788,50,526.73046
-0.869463,50,526.980516
-0.672626,50,527.230284
-0.899867,50,527.482007
-0.620731,50,527.736562
-0.375065,50,527.987786
-0.719237,50,528.236935
-0.8082,50,528.489305
-0.354925,50,528.742588
-0.92218,50,528.993955
-0.734716,50,529.244035
-0.381162,50,529.494898
-0.669662,50,529.750949
-0.958869,50,530.004443
-0.703348,50,530.258425
-0.947292,50,530.512882
-0.83821,50,530.765976
-0.502039,50,531.017936
-1.313805,50,531.273957
-1.281792,50,531.535341
-0.730075,50,531.786694
-0.626327,50,532.099628
-0.602662,50,532.367046
-0.958576,50,532.636381
-1.114801,50,532.90035
-0.79945,50,533.168484
-0.661933,50,533.41859
-0.694684,50,533.66716
-0.682104,50,533.915145
-0.953272,50,534.165594
-0.652676,50,534.415606
-0.729786,50,534.664562
-1.737909,50,534.92081
-0.437607,50,535.170139
-0.693118,50,535.417304
-0.671247,50,535.668902
-1.228939,50,535.921735
-0.853458,50,536.173103
-1.007785,50,536.425312
-0.777781,50,536.675812
-1.824145,50,536.933725
-0.792772,50,537.189964
-0.625092,50,537.44266
-0.668531,50,537.690865
-1.247268,50,537.943351
-0.948285,50,538.200447
-1.042132,50,538.452883
-0.602439,50,538.704198
-0.612467,50,538.960334
-0.610026,50,539.210378
-0.744846,50,539.462284
-0.681576,50,539.711498
-0.666496,50,539.963665
-1.592403,50,540.219989
-0.652049,50,540.468508
-0.497069,50,540.721645
-0.587042,50,540.97124
-0.684219,50,541.221401
-0.612436,50,541.47637
-1.257004,50,541.734836
-0.625537,50,541.985952
-0.806745,50,542.23795
-0.743158,50,542.488331
-0.874044,50,542.741522
-0.545879,50,542.996518
-0.724712,50,543.251462
-0.990548,50,543.503345
-0.550044,50,543.748947
-1.060588,50,544.003887
-0.688773,50,544.250849
-0.768453,50,544.498849
-0.533279,50,544.747298
-0.735407,50,544.997318
-1.039172,50,545.246542
-0.814554,50,545.493806
-1.221612,50,545.741665
-1.081471,50,545.989655
-0.85419,50,546.239641
-0.632113,50,546.489101
-0.337024,50,546.741631
-0.556519,50,547.004146
-1.148506,50,547.25259
-3.73669,50,547.50076
-1.971209,50,547.747825
-1.346967,50,547.997475
-0.459083,50,548.245606
-0.497657,50,548.497788
-0.771275,50,548.749041
-0.925491,50,549.002318
-1.423016,50,549.260389
-0.523584,50,549.511464
-0.481449,50,549.760571
-0.556714,50,550.011912
-0.805311,50,550.264621
-0.54361,50,550.515002
-1.16511,50,550.766595
-0.974345,50,551.025158
-0.868659,50,551.299238
-0.824728,50,551.547835
-0.694517,50,551.803242
-0.679731,50,552.063052
-0.684282,50,552.316049
-0.587189,50,552.568234
-0.684035,50,552.826193
-0.513578,50,553.087205
-0.796352,50,553.346875
-1.056963,50,553.617311
-1.471324,50,553.880264
-0.608628,50,554.137475
-0.6103,50,554.391389
-0.647697,50,554.642105
-0.496239,50,554.895
-0.595761,50,555.14748
-0.570647,50,555.405723
-0.7755,50,555.661877
-0.282451,50,555.915755
-0.662708,50,556.166338
-0.872256,50,556.414306
-0.568047,50,556.662838
-0.747234,50,556.916157
-0.915947,50,557.166397
-0.53294,50,557.417497
-0.624461,50,557.670418
-0.45657,50,557.919369
-0.826707,50,558.17222
-0.69789,50,558.422884
-1.10538,50,558.670328
-0.896536,50,558.923156
-0.797244,50,559.173815
-0.68871,50,559.425629
-0.781684,50,559.675449
-0.641039,50,559.925661
-0.669903,50,560.175718
-0.845175,50,560.430052
-1.024317,50,560.681941
-1.026849,50,560.93265
-0.865606,50,561.183631
-1.677031,50,561.440755
-0.863631,50,561.691486
-0.639101,50,561.943963
-0.532393,50,562.195415
-0.767123,50,562.44595
-0.711183,50,562.696565
-0.67549,50,562.948662
-0.527351,50,563.202447
-0.553375,50,563.455182
-0.664491,50,563.702981
-0.904484,50,563.952263
-1.747121,50,564.209231
-0.835597,50,564.464365
-0.606778,50,564.713705
-0.446342,50,564.963156
-0.568676,50,565.213139
-0.737769,50,565.460543
-0.754711,50,565.711043
-0.682939,50,565.962742
-0.596417,50,566.211172
-1.956331,50,566.468727
-1.298469,50,566.726528
-0.663485,50,566.97956
-0.489688,50,567.229749
-0.653833,50,567.4782
-0.652245,50,567.726204
-0.511498,50,567.974151
-0.667805,50,568.225719
-1.456077,50,568.48123
-1.152959,50,568.737745
-0.687265,50,568.987841
-0.782014,50,569.238782
-1.395145,50,569.497978
-0.938924,50,569.745868
-0.646805,50,569.994889
-0.868237,50,570.243141
-0.700533,50,570.513284
-0.738986,50,570.769033
-0.48046,50,571.020343
-0.655686,50,571.279225
-0.61192,50,571.530573
-1.171318,50,571.778904
-0.812394,50,572.030227
-0.850687,50,572.278551
-0.650626,50,572.52993
-0.496414,50,572.783993
-0.741774,50,573.045279
-1.65409,50,573.305037
-1.004024,50,573.568821
-1.021122,50,573.831521
-0.96475,50,574.103488
-0.690495,50,574.369499
-0.311879,50,574.628654
-0.537607,50,574.896111
-0.753092,50,575.154265
-0.692678,50,575.413071
-0.41584,50,575.666822
-0.442202,50,575.920915
-0.577309,50,576.180005
-0.672643,50,576.430479
-0.801878,50,576.682969
-0.71773,50,576.935287
-0.685226,50,577.188015
-0.550338,50,577.43822
-0.327879,50,577.691525
-1.59969,50,577.950648
-0.649785,50,578.201357
-0.800345,50,578.45006
-0.903963,50,578.704298
-0.840672,50,578.956794
-0.560548,50,579.210736
-0.587321,50,579.464315
-0.431884,50,579.714569
-0.780116,50,579.967589
-0.639767,50,580.216053
-1.565549,50,580.464728
-1.408949,50,580.719502
-0.614186,50,580.975214
-0.810311,50,581.22868
-0.537344,50,581.487313
-0.541965,50,581.739115
-0.675396,50,581.992249
-0.72408,50,582.244166
-0.960608,50,582.499104
-0.635467,50,582.752507
-0.469968,50,583.005098
-0.98153,50,583.25733
-0.567228,50,583.509312
-0.58654,50,583.763657
-0.498806,50,584.018306
-0.492569,50,584.274414
-0.760974,50,584.524601
-0.755493,50,584.777239
-0.602024,50,585.027553
-1.326995,50,585.276301
-0.988833,50,585.525784
-0.634748,50,585.780497
-0.587055,50,586.029817
-0.751015,50,586.281366
-0.704474,50,586.537851
-1.42942,50,586.793901
-0.697788,50,587.046285
-0.660033,50,587.296118
-0.730472,50,587.550151
-0.952942,50,587.802175
-1.264511,50,588.052892
-0.775191,50,588.303122
-0.452158,50,588.551651
-0.633016,50,588.808311
-0.787497,50,589.062685
-0.845319,50,589.317951
-0.704057,50,589.569776
-0.642124,50,589.826171
-0.844659,50,590.082635
-0.809107,50,590.340301
-0.983736,50,590.593263
-0.826113,50,590.849132
-0.680841,50,591.102714
-0.662138,50,591.356656
-0.627478,50,591.609709
-0.829517,50,591.866144
-0.821747,50,592.120318
-1.072471,50,592.369385
-0.606482,50,592.624726
-0.824576,50,592.879308
-0.632551,50,593.134462
-0.760871,50,593.390143
-1.083725,50,593.653243
-0.871321,50,593.913039
-0.808773,50,594.172053
-0.726493,50,594.436849
-0.906348,50,594.696893
-0.910323,50,594.960085
-0.793565,50,595.218036
-1.197283,50,595.473788
-0.811597,50,595.728729
-0.669725,50,595.986813
-0.741997,50,596.241533
-0.564292,50,596.498021
-1.519388,50,596.756873
-1.330324,50,597.007831
-2.176143,50,597.260941
-1.23411,50,597.514763
-1.058076,50,597.766718
-1.99349,50,598.026537
-0.833951,50,598.276556
-0.650349,50,598.52487
-0.863619,50,598.774981
-1.083352,50,599.035656
-0.75288,50,599.286294
-0.812127,50,599.536361
-0.806756,50,599.791041
-2.665185,50,600.141628
-5.039933,50,600.391105
-1.243186,50,600.641307
-1.060792,50,600.892317
-1.875272,50,601.150556
-1.305399,50,601.40451
-0.964062,50,601.656566
-0.722777,50,601.907684
-0.871569,50,602.159333
-0.844074,50,602.411236
-0.812241,50,602.663826
-0.631256,50,602.914123
-0.506395,50,603.167151
-1.164035,50,603.418752
-1.391158,50,603.667888
-1.34425,50,603.917487
-0.764938,50,604.169121
-0.861,50,604.418607
-0.672502,50,604.666543
-0.750397,50,604.914643
-0.743779,50,605.168762
-0.801678,50,605.420035
-1.141527,50,605.665941
-0.688484,50,605.920043
-1.338419,50,606.178119
-1.797138,50,606.432132
-1.104404,50,606.681605
-0.926643,50,606.938179
-1.219453,50,607.195193
-0.886635,50,607.445729
-0.786246,50,607.697415
-0.39242,50,607.947472
-1.221555,50,608.200255
-0.534428,50,608.452292
-0.663883,50,608.700608
-0.791141,50,608.948431
-0.717142,50,609.196671
-0.668279,50,609.444227
-0.707502,50,609.692085
-0.61715,50,609.946551
-0.511233,50,610.196235
-0.860339,50,610.450166
-0.70781,50,610.700888
-0.76622,50,610.950787
-1.027082,50,611.205193
-0.997411,50,611.458401
-0.795241,50,611.71548
-0.781469,50,611.974243
-0.880313,50,612.226815
-1.25808,50,612.484822
-0.891691,50,612.732592
-0.919589,50,612.982455
-1.019547,50,613.231472
-0.963911,50,613.488828
-0.580083,50,613.740619
-1.945135,50,614.003467
-0.747709,50,614.259427
-1.28833,50,614.511707
-1.465633,50,614.777485
-1.558045,50,615.048008
-0.741039,50,615.305304
-0.593429,50,615.555466
-0.503525,50,615.803555
-1.04271,50,616.059295
-0.904406,50,616.48343
-0.652048,50,616.732987
-0.864179,50,616.980356
-0.628067,50,617.230147
-0.712664,50,617.480562
-0.565311,50,617.73222
-0.851479,50,617.981811
-1.148635,50,618.238342
-0.822134,50,618.489023
-1.032596,50,618.742314
-0.970327,50,618.992675
-0.832939,50,619.239582
-0.499465,50,619.491268
-0.608003,50,619.738272
-0.806392,50,619.99263
-0.764174,50,620.250396
-0.657014,50,620.504909
-1.361558,50,620.755067
-0.872793,50,621.007646
-1.045229,50,621.256865
-0.892236,50,621.510161
-1.254764,50,621.76742
-1.060555,50,622.01775
-1.041486,50,622.268423
-0.709214,50,622.518451
-1.262265,50,622.773216
-1.681879,50,623.023824
-1.252496,50,623.27494
-0.95063,50,623.528261
-1.222134,50,623.781016
-0.967829,50,624.034214
-0.830842,50,624.283962
-0.780862,50,624.534013
-0.386248,50,624.782675
-0.490147,50,625.032201
-0.609181,50,625.280172
-1.569235,50,625.53517
-0.866275,50,625.785155
-0.813714,50,626.042225
-0.559064,50,626.292293
-0.517549,50,626.540609
-1.826849,50,626.796218
-0.757469,50,627.053727
-0.52509,50,627.303912
-1.001303,50,627.554284
-1.142683,50,627.808142
-0.565423,50,628.058917
-0.885314,50,628.308765
-1.897019,50,628.564608
-0.663814,50,628.813963
-0.793035,50,629.07129
-0.648375,50,629.317217
-1.434842,50,629.575446
-0.979677,50,629.827397
-0.771282,50,630.090311
-1.133895,50,630.344721
-1.038764,50,630.597856
-0.764514,50,630.849673
-0.969254,50,631.102953
-0.735698,50,631.353698
-0.648727,50,631.603458
-0.463941,50,631.857486
-0.693522,50,632.108495
-0.881663,50,632.362151
-0.609495,50,632.615628
-0.711689,50,632.867719
-0.774586,50,633.125761
-1.095825,50,633.375825
-0.885111,50,633.629626
-1.028706,50,633.881728
-0.815632,50,634.136697
-0.911058,50,634.389627
-0.856151,50,634.64462
-0.861246,50,634.897942
-0.915964,50,635.180473
-0.725579,50,635.46168
-0.797509,50,635.73933
-0.884224,50,636.017293
-0.846939,50,636.283185
-1.059424,50,636.546375
-0.785558,50,636.805161
-1.351426,50,637.062178
-0.801201,50,637.316331
-0.656596,50,637.576918
-1.071088,50,637.839458
-0.644708,50,638.093529
-0.766726,50,638.344108
-0.560983,50,638.595936
-0.650041,50,638.846922
-0.717827,50,639.10237
-0.968097,50,639.353509
-0.710191,50,639.604815
-0.553736,50,639.860375
-0.988084,50,640.115313
-0.607801,50,640.368545
-0.435671,50,640.62132
-0.934689,50,640.876155
-0.702759,50,641.127279
-0.6598,50,641.377095
-0.726789,50,641.62679
-0.468981,50,641.879649
-0.584204,50,642.131495
-0.426285,50,642.382098
-0.626916,50,642.632765
-1.15805,50,642.88432
-1.087404,50,643.138665
-0.840644,50,643.396805
-0.973858,50,643.647665
-0.858517,50,643.902344
-0.577116,50,644.157773
-0.614493,50,644.413175
-0.716819,50,644.665375
-0.515033,50,644.920522
-0.546703,50,645.173141
-0.509882,50,645.423038
-0.530237,50,645.674226
-0.739418,50,645.927464
-0.931065,50,646.180046
-0.590182,50,646.431576
-0.723671,50,646.683489
-0.642982,50,646.934462
-0.81807,50,647.186481
-0.726617,50,647.43537
-0.703527,50,647.688698
-0.634043,50,647.942108
-0.726308,50,648.191981
-0.721122,50,648.442956
-0.789646,50,648.694419
-0.732865,50,648.945831
-0.74542,50,649.199244
-1.909273,50,649.452648
-0.698716,50,649.701617
-0.590291,50,649.958969
-0.855674,50,650.219238
-0.511161,50,650.473677
-0.596885,50,650.72483
-0.412311,50,650.977986
-0.425496,50,651.233031
-0.583296,50,651.486605
-0.406751,50,651.740574
-0.714324,50,651.995212
-0.879179,50,652.252817
-1.071871,50,652.504634
-0.832732,50,652.76534
-0.745853,50,653.015283
-1.59141,50,653.272814
-0.593356,50,653.529776
-0.443053,50,653.784332
-0.685966,50,654.084312
-0.59207,50,654.344393
-0.79333,50,654.603846
-1.008667,50,654.866581
-0.795039,50,655.166248
-0.617678,50,655.43575
-0.382426,50,655.692863
-0.822495,50,655.943967
-0.981227,50,656.200543
-0.705297,50,656.454614
-1.013391,50,656.707995
-0.877297,50,656.959801
-1.081433,50,657.212666
-0.858798,50,657.467994
-0.648253,50,657.722404
-0.890582,50,657.972106
-0.861115,50,658.223813
-1.553139,50,658.48227
-1.117725,50,658.740961
-1.923729,50,658.998569
-0.543183,50,659.25096
-0.928341,50,659.501861
-0.72677,50,659.753258
-0.618668,50,659.998963
-1.725011,50,660.255496
-0.518046,50,660.505714
-1.363132,50,660.760561
-0.458867,50,661.011221
-0.646611,50,661.260554
-1.269816,50,661.517912
-0.81917,50,661.776442
-0.537887,50,662.030128
-0.590068,50,662.284897
-0.460038,50,662.536822
-0.394155,50,662.78811
-0.507596,50,663.041609
-0.743001,50,663.291765
-0.545635,50,663.547147
-0.591559,50,663.799801
-0.686616,50,664.052972
-0.635087,50,664.305875
-0.551726,50,664.561446
-0.508529,50,664.814818
-1.141441,50,665.071408
-0.594507,50,665.323002
-1.085084,50,665.581484
-0.339854,50,665.831892
-0.635995,50,666.081752
-0.781827,50,666.333622
-0.598398,50,666.587919
-0.852163,50,666.841303
-1.272753,50,667.092257
-0.627036,50,667.345404
-0.812697,50,667.597733
-0.578717,50,667.849839
-0.939402,50,668.102008
-0.926695,50,668.354665
-0.919855,50,668.603601
-0.523687,50,668.854273
-0.678524,50,669.102953
-0.718862,50,669.352845
-0.460837,50,669.603957
-0.882444,50,669.854462
-0.868593,50,670.109533
-0.731245,50,670.357658
-0.622198,50,670.605726
-0.500936,50,670.862737
-0.409763,50,671.110627
-0.451179,50,671.361888
-1.268555,50,671.619758
-0.640052,50,671.871197
-0.693585,50,672.125408
-0.735497,50,672.378655
-0.41228,50,672.632149
-0.851871,50,672.886657
-0.718844,50,673.141735
-0.636575,50,673.395766
-0.545177,50,673.653459
-0.687815,50,673.912894
-0.629306,50,674.166756
-0.513213,50,674.417942
-0.956111,50,674.679892
-1.318204,50,674.946165
-1.094153,50,675.207279
-0.469003,50,675.465343
-0.684433,50,675.719591
-0.564249,50,675.975173
-0.479203,50,676.226325
-0.547249,50,676.480875
-0.430439,50,676.732633
-0.440024,50,676.985709
-0.411294,50,677.239317
-0.874556,50,677.49042
-0.81039,50,677.743103
-0.781874,50,677.996544
-0.60943,50,678.248606
-0.69327,50,678.502613
-1.601343,50,678.76161
-0.506395,50,679.012326
-0.487611,50,679.264011
-0.580471,50,679.517335
-0.50281,50,679.768159
-0.623,50,680.01748
-0.524005,50,680.26857
-0.804674,50,680.519136
-0.816055,50,680.771929
-1.941406,50,681.031412
-0.689242,50,681.28697
-0.562633,50,681.542894
-0.665004,50,681.796263
-0.634835,50,682.050549
-1.004906,50,682.306988
-0.398277,50,682.561714
-0.418616,50,682.817066
-0.586569,50,683.072686
-0.680804,50,683.330879
-0.704298,50,683.581948
-0.466049,50,683.835351
-0.967614,50,684.087103
-1.652663,50,684.346043
-0.568966,50,684.601338
-0.706303,50,684.856697
-0.63007,50,685.114312
-0.795168,50,685.364038
-0.575546,50,685.618833
-0.534203,50,685.869783
-0.555052,50,686.123485
-1.151463,50,686.380219
-0.629405,50,686.63169
-0.727963,50,686.879727
-0.754145,50,687.134157
-0.793605,50,687.384395
-1.176818,50,687.635814
-1.054884,50,687.886995
-0.667798,50,688.140481
-0.536325,50,688.391104
-0.763321,50,688.642931
-0.920145,50,688.90172
-0.781086,50,689.155392
-0.800809,50,689.405914
-0.958415,50,689.667078
-0.500018,50,689.918769
-0.586942,50,690.170693
-0.554437,50,690.425451
-0.724691,50,690.679167
-0.50754,50,690.934202
-0.777956,50,691.193636
-0.64456,50,691.449668
-0.598192,50,691.705253
-0.645077,50,691.959933
-0.607144,50,692.214823
-1.19023,50,692.470648
-0.725514,50,692.725655
-0.599741,50,692.97772
-0.370795,50,693.22847
-0.333073,50,693.481416
-0.792759,50,693.736095
-1.035561,50,693.987471
-0.91269,50,694.246036
-0.664315,50,694.508691
-0.42688,50,694.764009
-1.139135,50,695.026975
-0.687358,50,695.291554
-0.859713,50,695.549879
-0.429739,50,695.807336
-0.597688,50,696.066937
-0.58181,50,696.322206
-0.408739,50,696.575526
-0.604515,50,696.828487
-0.602907,50,697.082526
-0.554496,50,697.33407
-0.383027,50,697.586215
-0.8356,50,697.837803
-1.677876,50,698.095068
-0.873512,50,698.34723
-1.401043,50,698.601377
-1.225807,50,698.853784
-1.035252,50,699.106068
-0.573358,50,699.357249
-0.550755,50,699.606457
-0.529436,50,699.859528
-0.581087,50,700.110935
-0.841104,50,700.36835
-0.458526,50,700.622368
-0.450634,50,700.876132
-0.689782,50,701.136937
-0.76738,50,701.39164
-0.761702,50,701.647731
-0.600049,50,701.902291
-0.595296,50,702.157687
-0.694117,50,702.411464
-0.567878,50,702.661442
-0.535911,50,702.916744
-0.285263,50,703.168186
-0.528834,50,703.422008
-0.498366,50,703.672434
-0.747125,50,703.927912
-0.824851,50,704.187838
-0.513947,50,704.441678
-0.582075,50,704.692506
-0.84963,50,704.953422
-0.683944,50,705.214552
-0.39781,50,705.465747
-1.152474,50,705.723058
-1.503802,50,705.979187
-0.89702,50,706.231735
-0.869666,50,706.486371
-0.720502,50,706.738344
-0.442477,50,706.993017
-0.61014,50,707.24755
-0.740793,50,707.499679
-0.643502,50,707.753409
-0.536829,50,708.007619
-0.79128,50,708.26077
-0.592098,50,708.511374
-0.438796,50,708.762388
-1.495142,50,709.021934
-0.904596,50,709.277973
-0.635958,50,709.5336
-0.673032,50,709.785036
-1.9055,50,710.107723
-1.785263,50,710.378015
-0.750265,50,710.63328
-0.588783,50,710.882223
-0.772001,50,711.136187
-0.660558,50,711.389868
-0.735394,50,711.639813
-0.476023,50,711.894583
-0.743709,50,712.149832
-0.777893,50,712.40754
-0.892665,50,712.664183
-1.46708,50,712.924522
-0.77392,50,713.18617
-1.105254,50,713.442779
-0.575172,50,713.693055
-0.765879,50,713.949012
-0.563416,50,714.201798
-0.383617,50,714.454539
-0.520859,50,714.708565
-0.734726,50,714.959809
-0.866607,50,715.218971
-0.604871,50,715.499858
-0.763493,50,715.787537
-0.468553,50,716.058125
-0.577965,50,716.318029
-0.595986,50,716.572423
-0.54514,50,716.82301
-0.711678,50,717.073401
-0.743501,50,717.324192
-1.774688,50,717.582478
-0.685757,50,717.832668
-0.834686,50,718.093357
-0.877666,50,718.350332
-1.695311,50,718.606093
-0.566677,50,718.85704
-0.385132,50,719.109505
-0.595713,50,719.360459
-0.414024,50,719.611938
-0.562549,50,719.864415
-1.404266,50,720.117433
-3.565251,50,720.377031
-0.997745,50,720.634817
-0.883802,50,720.885341
-0.945014,50,721.138819
-0.659546,50,721.392682
-0.66731,50,721.648866
-0.627364,50,721.899656
-0.663796,50,722.153951
-0.701775,50,722.417872
-0.825117,50,722.671235
-0.663152,50,722.925182
-0.484389,50,723.179272
-0.864451,50,723.433979
-0.806298,50,723.68816
-0.716316,50,723.940575
-0.469684,50,724.199357
-0.675716,50,724.452676
-0.372582,50,724.706149
-0.700239,50,724.961457
-0.461153,50,725.216407
-0.651024,50,725.497222
-0.726188,50,725.754902
-0.566865,50,726.004798
-0.498002,50,726.260159
-0.760635,50,726.514209
-0.555001,50,726.765672
-0.736868,50,727.020299
-0.524508,50,727.272362
-0.598212,50,727.523464
-0.470893,50,727.774693
-0.638711,50,728.027704
-0.512109,50,728.285992
-0.422632,50,728.538531
-0.421193,50,728.792118
-1.193574,50,729.052125
-0.7048,50,729.303231
-1.710004,50,729.562536
-0.586963,50,729.811239
-0.55634,50,730.064249
-0.518546,50,730.315515
-0.634593,50,730.575056
-0.603602,50,730.835274
-1.707062,50,731.099818
-0.801487,50,731.354754
-0.367918,50,731.608255
-0.813355,50,731.863254
-0.690513,50,732.116018
-0.484954,50,732.370377
-0.930567,50,732.625176
-1.737039,50,732.875609
-1.424747,50,733.129473
-0.606515,50,733.384431
-0.493423,50,733.640147
-1.042138,50,733.896785
-0.664624,50,734.152196
-0.531649,50,734.40537
-0.457876,50,734.658133
-0.459761,50,734.91349
-0.453153,50,735.172403
-0.816423,50,735.436288
-0.418991,50,735.702685
-0.533357,50,735.966847
-0.464101,50,736.23279
-0.536538,50,736.493807
-0.570086,50,736.753702
-0.44521,50,737.008066
-0.482982,50,737.265905
-0.68343,50,737.519716
-0.727066,50,737.776473
-0.476851,50,738.027597
-0.462744,50,738.278137
-1.741315,50,738.538885
-0.524707,50,738.794465
-0.370674,50,739.048921
-0.638099,50,739.301406
-0.494437,50,739.55467
-0.650699,50,739.80603
-0.553995,50,740.058663
-0.571376,50,740.313165
-0.761042,50,740.566144
-0.746741,50,740.83617
-0.834199,50,741.090841
-1.13548,50,741.340773
-1.202891,50,741.600051
-0.601212,50,741.853729
-0.326079,50,742.107762
-0.434769,50,742.36035
-0.858303,50,742.613703
-0.465357,50,742.869386
-0.457261,50,743.124773
-0.356846,50,743.377125
-0.914503,50,743.637628
-0.849509,50,744.134319
-0.911114,50,744.387392
-0.579261,50,744.641216
-0.3678,50,744.895483
-0.489406,50,745.16096
-1.152183,50,745.423442
-0.810361,50,745.681658
-0.654482,50,745.935293
-0.630756,50,746.188686
-0.311376,50,746.439715
-0.788335,50,746.69334
-0.793647,50,746.948352
-0.424552,50,747.203235
-0.75307,50,747.456272
-0.833715,50,747.70887
-0.613224,50,747.969799
-0.634085,50,748.222951
-0.824895,50,748.475731
-0.300143,50,748.730182
-0.516588,50,748.983286
-0.545424,50,749.237721
-0.648903,50,749.489021
-0.649257,50,749.745598
-0.714,50,749.999758
-0.885992,50,750.255362
-0.767824,50,750.50869
-1.639123,50,750.769049
-0.602817,50,751.025055
-0.560862,50,751.283694
-0.807384,50,751.541605
-0.456129,50,751.79716
-1.680101,50,752.057527
-0.439493,50,752.315398
-0.411137,50,752.569812
-0.620661,50,752.829982
-0.69657,50,753.092459
-0.579813,50,753.350039
-0.739422,50,753.609807
-0.704523,50,753.86595
-1.162167,50,754.12256
-0.817608,50,754.379236
-1.18479,50,754.634414
-0.664186,50,754.889323
-0.693596,50,755.144986
-1.805813,50,755.416804
-0.644021,50,755.68871
-0.62138,50,755.968886
-0.649258,50,756.250632
-0.570003,50,756.526273
-0.620851,50,756.803791
-0.766499,50,757.075785
-0.401217,50,757.332498
-0.522812,50,757.588548
-0.801831,50,757.846474
-1.01667,50,758.101881
-1.550246,50,758.36655
-0.742506,50,758.62144
-0.714183,50,758.876852
-0.711343,50,759.138375
-0.669594,50,759.392459
-0.608163,50,759.64519
-0.725036,50,759.898845
-0.550212,50,760.152814
-0.56123,50,760.412
-0.708965,50,760.66462
-0.644523,50,760.918755
-0.575273,50,761.176418
-0.608124,50,761.425461
-0.392471,50,761.67879
-0.507705,50,761.93462
-0.720834,50,762.193856
-0.753259,50,762.454216
-0.702819,50,762.707195
-0.471482,50,762.963155
-0.590173,50,763.218475
-0.795236,50,763.478162
-0.634815,50,763.732888
-0.489328,50,763.985383
-0.720104,50,764.23915
-0.763635,50,764.497396
-1.915312,50,764.761021
-0.575392,50,765.021061
-0.502401,50,765.275838
-0.415666,50,765.536448
-0.365147,50,765.796337
-0.305739,50,766.053012
-1.650749,50,766.31508
-0.585837,50,766.567678
-0.501144,50,766.825571
-0.466304,50,767.079321
-0.752096,50,767.333573
-1.019026,50,767.587765
-0.788901,50,767.842591
-1.353345,50,768.10194
-0.623589,50,768.359646
-0.577287,50,768.615804
-0.43271,50,768.869632
-0.518703,50,769.123878
-0.644471,50,769.378913
-0.629386,50,769.627964
-0.578028,50,769.882449
-0.895232,50,770.134873
-0.500627,50,770.388766
-0.7266,50,770.640054
-0.687558,50,770.893337
-0.462421,50,771.149043
-0.570273,50,771.403852
-0.570152,50,771.654716
-0.69564,50,771.908542
-0.428956,50,772.160353
-0.458448,50,772.414548
-0.668606,50,772.66854
-0.498208,50,772.924443
-0.762948,50,773.178623
-0.867275,50,773.43152
-0.792162,50,773.689483
-0.751059,50,773.943279
-1.635498,50,774.197343
-1.092045,50,774.454097
-1.638777,50,774.713501
-0.551327,50,774.969066
-0.34652,50,775.224286
-0.573851,50,775.482008
-0.386497,50,775.73892
-0.283634,50,775.99618
-0.431968,50,776.261199
-0.761821,50,776.525769
-1.061461,50,776.798958
-0.960828,50,777.097815
-0.645354,50,777.370524
-0.473132,50,777.624469
-1.429212,50,777.887277
-0.300481,50,778.138098
-0.705161,50,778.393224
-0.56995,50,778.651784
-0.452222,50,778.900664
-0.523122,50,779.155985
-0.73121,50,779.410838
-0.547474,50,779.660046
-1.796269,50,779.918757
-0.600993,50,780.17977
-0.692114,50,780.435226
-0.486995,50,780.68857
-0.739913,50,780.938967
-0.753758,50,781.188679
-0.521809,50,781.447593
-0.645698,50,781.705475
-0.726003,50,781.961913
-0.389014,50,782.214657
-0.46678,50,782.467857
-1.322578,50,782.72794
-0.672411,50,782.978291
-0.866841,50,783.231107
-0.41922,50,783.486129
-0.519419,50,783.740214
-1.460507,50,784.002566
-0.475474,50,784.25977
-1.319973,50,784.519457
-0.42844,50,784.770811
-0.627821,50,785.024929
-0.492456,50,785.284879
-0.376337,50,785.539586
-0.750073,50,785.79242
-0.71228,50,786.044605
-0.502289,50,786.304154
-0.582513,50,786.558396
-0.665297,50,786.811503
-0.653279,50,787.068988
-1.593801,50,787.33038
-0.565736,50,787.584164
-0.727931,50,787.834168
-0.442786,50,788.084497
-0.733586,50,788.345248
-1.494895,50,788.604922
-0.705205,50,788.857091
-0.722933,50,789.10997
-0.405943,50,789.361251
-0.519307,50,789.614692
-0.535306,50,789.867011
-1.722718,50,790.126191
-0.658755,50,790.379437
-0.503658,50,790.630058
-0.587786,50,790.882776
-0.677694,50,791.144048
-0.595414,50,791.398322
-0.355263,50,791.649669
-0.550449,50,791.901544
-0.454346,50,792.150569
-0.569091,50,792.402705
-0.533237,50,792.65236
-0.683816,50,792.901198
-1.301351,50,793.151502
-0.883042,50,793.404269
-0.802573,50,793.663773
-0.533857,50,793.914691
-0.55052,50,794.167656
-0.74129,50,794.4282
-0.530652,50,794.680638
-0.582183,50,794.93545
-0.555335,50,795.188791
-0.865925,50,795.443012
-0.979427,50,795.693621
-0.700265,50,795.944657
-0.497532,50,796.198172
-0.542881,50,796.463105
-0.327036,50,796.722962
-0.497284,50,796.98398
-0.415816,50,797.238174
-0.699966,50,797.499685
-0.619563,50,797.755205
-0.692985,50,798.006276
-0.586085,50,798.257773
-0.531559,50,798.509129
-0.467077,50,798.759855
-0.412098,50,799.012373
-0.490119,50,799.265698
-0.629556,50,799.524202
-0.393612,50,799.775165
-0.545754,50,800.027416
-0.6752,50,800.27698
-0.708043,50,800.52717
-0.572787,50,800.782246
-0.368666,50,801.035261
-1.623651,50,801.295365
-0.331451,50,801.547477
-0.492925,50,801.797928
-0.446248,50,802.053759
-0.771586,50,802.306416
-1.07182,50,802.560711
-0.773092,50,802.810778
-0.48902,50,803.061573
-0.573731,50,803.315463
-0.459974,50,803.57193
-1.788593,50,803.831196
-0.428317,50,804.085084
-0.653672,50,804.339353
-1.020192,50,804.591586
-1.161612,50,804.846027
-0.896918,50,805.105389
-0.513268,50,805.360046
-0.55463,50,805.6143
-0.479154,50,805.863453
-0.512355,50,806.114837
-0.75338,50,806.366598
-0.495647,50,806.618278
-0.780163,50,806.87063
-0.767531,50,807.120912
-0.632156,50,807.374326
-0.580926,50,807.624259
-0.799982,50,807.87442
-0.748323,50,808.126845
-0.868425,50,808.378153
-0.681644,50,808.628023
-0.509091,50,808.881409
-0.829602,50,809.133158
-1.704094,50,809.392797
-0.760119,50,809.64753
-1.385172,50,809.908487
-1.591616,50,810.166157
-0.741279,50,810.418637
-0.58394,50,810.672258
-0.464264,50,810.923031
-0.428613,50,811.173101
-0.499451,50,811.425281
-1.909178,50,811.683578
-0.505323,50,811.935977
-0.550231,50,812.195668
-0.456639,50,812.44672
-0.701877,50,812.695218
-0.329699,50,812.948535
-0.528325,50,813.199649
-0.597381,50,813.452383
-0.654129,50,813.706001
-0.941921,50,813.961521
-0.626727,50,814.217314
-0.634599,50,814.478765
-0.616795,50,814.734366
-0.638114,50,814.988711
-0.524105,50,815.241961
-0.507392,50,815.497851
-0.364522,50,815.751205
-0.420223,50,816.010238
-0.674333,50,816.266613
-0.528216,50,816.528547
-0.664288,50,816.821745
-0.444874,50,817.105193
-0.599431,50,817.387273
-1.805941,50,817.654942
-0.743684,50,817.913427
-0.564594,50,818.168617
-0.496638,50,818.423862
-0.798173,50,818.677425
-0.48603,50,818.934815
-0.858739,50,819.188243
-0.610758,50,819.442211
-0.805261,50,819.696562
-0.825925,50,819.955364
-0.925749,50,820.206929
-0.576625,50,820.465365
-0.597242,50,820.719596
-1.744209,50,820.981077
-0.530091,50,821.234269
-0.711656,50,821.491012
-0.740709,50,821.745484
-0.43331,50,821.999738
-0.755395,50,822.256511
-0.813104,50,822.513062
-0.456653,50,822.766556
-0.854549,50,823.023721
-1.84574,50,823.28561
-0.943695,50,823.538908
-1.743879,50,823.794204
-0.787866,50,824.049298
-0.659109,50,824.304044
-1.032965,50,824.565405
-0.518476,50,824.820383
-0.674654,50,825.137937
-0.715477,50,825.387445
-0.617125,50,825.644721
-0.8327,50,825.896428
-1.308364,50,826.171567
-0.682411,50,826.430347
-0.891057,50,826.690962
-0.571043,50,826.945196
-0.676863,50,827.196682
-0.681636,50,827.449213
-0.494854,50,827.699324
-0.446627,50,827.949889
-0.369437,50,828.202418
-0.864767,50,828.453585
-0.877779,50,828.70748
-0.32869,50,828.957611
-0.50693,50,829.209644
-0.576499,50,829.464622
-0.829851,50,829.713198
-1.057926,50,829.962804
-0.620665,50,830.216998
-0.627886,50,830.472931
-1.213986,50,830.732507
-0.656092,50,830.985868
-1.155487,50,831.245709
-0.590664,50,831.500665
-0.694577,50,831.751303
-0.549756,50,832.003565
-1.575069,50,832.263959
-0.951144,50,832.513744
-1.428799,50,832.766138
-1.622338,50,833.024992
-0.415682,50,833.278974
-0.491709,50,833.531195
-0.319727,50,833.783787
-0.84797,50,834.036452
-0.735525,50,834.293144
-0.507949,50,834.545414
-0.54013,50,834.802766
-0.550535,50,835.06113
-0.669435,50,835.315227
-0.507201,50,835.571434
-0.810993,50,835.821861
-0.587504,50,836.07874
-0.553752,50,836.332087
-0.740236,50,836.585843
-0.64667,50,836.840332
-0.747114,50,837.111056
-0.526122,50,837.367903
-0.594585,50,837.623488
-0.409274,50,837.878943
-0.640279,50,838.134321
-0.761371,50,838.40787
-0.55533,50,838.662042
-0.620992,50,838.915194
-0.726385,50,839.16726
-0.665776,50,839.41947
-0.874099,50,839.67373
-0.468755,50,839.925362
-1.114142,50,840.185718
-0.917828,50,840.4385
-0.339383,50,840.690521
-0.477209,50,840.942027
-1.049656,50,841.204711
-0.823912,50,841.465249
-0.655601,50,841.725275
-0.546729,50,841.979914
-0.540371,50,842.229852
-1.152748,50,842.486276
-1.387077,50,842.735096
-0.813961,50,842.985719
-0.408162,50,843.236825
-0.617029,50,843.489888
-0.85123,50,843.748898
-0.464077,50,844.000861
-0.63313,50,844.250366
-0.613349,50,844.501956
-0.61807,50,844.752944
-0.799749,50,845.004327
-0.796792,50,845.256014
-0.67211,50,845.509497
-0.762783,50,845.76143
-0.690058,50,846.013196
-0.680309,50,846.263844
-0.986136,50,846.526901
-0.527816,50,846.781563
-0.657806,50,847.036933
-0.576979,50,847.295003
-0.780504,50,847.554694
-0.392231,50,847.815222
-0.465234,50,848.070664
-1.190398,50,848.335011
-0.700841,50,848.593695
-1.495249,50,848.853233
-0.43411,50,849.105644
-0.555611,50,849.364624
-1.259657,50,849.624998
-0.598765,50,849.87628
-0.720242,50,850.125883
-0.684682,50,850.378716
-0.594512,50,850.631359
-1.374387,50,850.88423
-0.840141,50,851.136227
-0.778591,50,851.39255
-0.824771,50,851.660414
-0.512183,50,851.914247
-0.773526,50,852.165588
-0.537873,50,852.415452
-0.752764,50,852.672411
-0.827833,50,852.924711
-0.833473,50,853.175981
-0.562134,50,853.427635
-0.418407,50,853.679335
-0.480932,50,853.931441
-0.67578,50,854.182172
-0.744124,50,854.436054
-0.6394,50,854.689066
-0.608868,50,854.94446
-1.04066,50,855.201141
-0.801987,50,855.462557
-0.801219,50,855.719002
-0.797414,50,855.974251
-0.720786,50,856.228022
-0.618366,50,856.482773
-0.525768,50,856.738059
-1.883614,50,856.997318
-0.986579,50,857.26774
-0.85238,50,857.529398
-1.079479,50,857.786484
-0.877049,50,858.044323
-0.486237,50,858.302349
-0.754805,50,858.557612
-0.710906,50,858.814375
-0.951131,50,859.071284
-0.999148,50,859.329415
-0.993135,50,859.591426
-0.607546,50,859.845014
-0.716296,50,860.0978
-0.891739,50,860.351824
-0.742776,50,860.612516
-0.839555,50,860.866547
-0.686184,50,861.120387
-0.5301,50,861.375762
-0.621543,50,861.632061
-0.54126,50,861.886557
-0.541153,50,862.139535
-0.530522,50,862.393074
-0.503463,50,862.645129
-0.662309,50,862.899639
-0.739642,50,863.151651
-0.313554,50,863.406104
-0.465335,50,863.657095
-1.017318,50,863.906797
-0.719082,50,864.158594
-0.886659,50,864.40995
-1.300909,50,864.662179
-1.301713,50,864.93169
-1.28186,50,865.185424
-0.766879,50,865.433228
-0.748731,50,865.682031
-0.706376,50,865.934152
-1.164077,50,866.189629
-0.959278,50,866.443368
-1.150377,50,866.697939
-1.030459,50,866.951813
-0.913487,50,867.207655
-1.531158,50,867.470735
-0.449033,50,867.724149
-0.62558,50,867.984973
-0.872862,50,868.237019
-0.768804,50,868.489847
-0.633617,50,868.740483
-1.387228,50,868.999332
-0.711384,50,869.249859
-0.857008,50,869.510783
-0.492135,50,869.763199
-0.686632,50,870.014728
-0.519,50,870.26629
-0.872062,50,870.523184
-0.641918,50,870.77355
-0.337079,50,871.023247
-0.769757,50,871.282281
-0.570332,50,871.540706
-0.508143,50,871.791198
-0.379459,50,872.2717
-0.69438,50,872.525748
-0.510294,50,872.779812
-0.608345,50,873.030516
-0.879873,50,873.28361
-0.727826,50,873.537645
-1.169853,50,873.790754
-0.991253,50,874.047471
-0.831534,50,874.302524
-0.460221,50,874.558478
-0.802792,50,874.815782
-0.838241,50,875.0709
-0.652915,50,875.325069
-0.535619,50,875.580676
-0.593029,50,875.833808
-0.626975,50,876.090866
-1.092295,50,876.352466
-0.533617,50,876.609097
-0.961692,50,876.863726
-0.54091,50,877.14173
-0.93858,50,877.425498
-0.516076,50,877.69543
-0.575332,50,877.951135
-0.706323,50,878.20693
-0.588473,50,878.460522
-0.55252,50,878.711877
-0.677372,50,878.96506
-0.933211,50,879.217104
-0.81155,50,879.471162
-0.676279,50,879.721741
-0.449742,50,879.979068
-0.969379,50,880.238192
-0.594031,50,880.490219
-0.646364,50,880.743333
-0.97172,50,880.999543
-0.64698,50,881.252217
-1.780883,50,881.513393
-0.752287,50,881.769385
-1.074442,50,882.020062
-1.085639,50,882.270996
-1.013015,50,882.526714
-0.515027,50,882.779835
-0.457242,50,883.032325
-0.583304,50,883.282749
-1.483342,50,883.532052
-1.152927,50,883.790745
-0.452937,50,884.046598
-0.781194,50,884.302237
-0.592278,50,884.562169
-0.737617,50,884.820334
-0.510779,50,885.081707
-0.683153,50,885.337287
-0.42496,50,885.60831
-1.118877,50,885.863862
-0.719543,50,886.116648
-0.814239,50,886.37145
-0.822966,50,886.636853
-0.394587,50,886.900418
-0.716082,50,887.154834
-0.595217,50,887.406365
-0.816771,50,887.661913
-1.51018,50,887.919329
-0.853334,50,888.175342
-0.860838,50,888.433053
-0.726309,50,888.688986
-0.783138,50,888.94652
-0.698644,50,889.201286
-1.539993,50,889.458165
-1.510319,50,889.722461
-0.940959,50,889.979523
-0.663357,50,890.235359
-0.732103,50,890.493427
-0.600073,50,890.746122
-0.620297,50,890.999146
-0.543145,50,891.252652
-0.931791,50,891.507606
-0.883571,50,891.762224
-0.756433,50,892.014767
-1.085604,50,892.265149
-0.716857,50,892.521973
-0.695866,50,892.771779
-0.495485,50,893.022487
-0.608427,50,893.274668
-0.567545,50,893.523738
-0.609386,50,893.774376
-0.597146,50,894.025771
-1.296447,50,894.280355
-1.726014,50,894.538354
-0.712047,50,894.792531
-0.551599,50,895.050141
-0.625766,50,895.302718
-0.634248,50,895.561028
-0.642753,50,895.817543
-1.094314,50,896.072705
-0.815449,50,896.326392
-0.930892,50,896.579589
-0.777973,50,896.833914
-0.795978,50,897.090183
-0.580207,50,897.345407
-0.529748,50,897.603346
-0.484093,50,897.873365
-1.229525,50,898.151062
-0.6177,50,898.415726
-0.624465,50,898.679113
-0.462368,50,898.93522
-0.705465,50,899.188661
-0.653088,50,899.442724
-0.721888,50,899.70297
-0.562519,50,899.959877
-0.544769,50,900.214273
-0.499028,50,900.467861
-0.726773,50,900.718762
-1.148122,50,900.981423
-0.681743,50,901.235829
-0.425599,50,901.492685
-0.867203,50,901.745144
-0.738902,50,902.000119
-1.52587,50,902.252429
-0.910462,50,902.505292
-0.977884,50,902.757668
-0.522469,50,903.009963
-0.499643,50,903.261514
-1.131836,50,903.516597
-0.701661,50,903.773831
-0.897005,50,904.032241
-1.112617,50,904.286368
-0.678659,50,904.541834
-0.865719,50,904.797683
-0.626616,50,905.105776
-0.859582,50,905.363826
-0.71864,50,905.6168
-0.511515,50,905.874823
-0.912495,50,906.140547
-0.840872,50,906.398048
-0.721815,50,906.652205
-0.929884,50,906.907598
-0.623736,50,907.165871
-0.741603,50,907.417405
-0.708029,50,907.669163
-0.765151,50,907.922003
-0.747653,50,908.174483
-0.712691,50,908.428168
-0.528562,50,908.682048
-0.617006,50,908.934113
-0.679686,50,909.185648
-0.697264,50,909.43649
-0.837662,50,909.687242
-0.805653,50,909.937282
-0.835381,50,910.191721
-1.231737,50,910.446079
-0.746266,50,910.698704
-0.549812,50,910.952308
-0.608497,50,911.205688
-0.542202,50,911.458705
-1.831089,50,911.720403
-1.625723,50,911.978972
-0.519508,50,912.231258
-0.685907,50,912.485652
-0.637003,50,912.7393
-0.646541,50,912.992907
-0.332016,50,913.246642
-0.639483,50,913.501809
-0.552068,50,913.76003
-0.810767,50,914.011382
-0.765272,50,914.264658
-0.402437,50,914.514936
-0.659848,50,914.767161
-1.266855,50,915.025998
-0.458702,50,915.280236
-0.40433,50,915.533033
-0.97122,50,915.785464
-0.448952,50,916.039901
-0.322146,50,916.292651
-0.867335,50,916.546361
-0.567417,50,916.795687
-1.136902,50,917.046792
-0.568769,50,917.296931
-0.675856,50,917.547681
-1.975058,50,917.811633
-0.510993,50,918.074754
-0.758348,50,918.339067
-0.708504,50,918.596721
-1.536797,50,918.853072
-0.475091,50,919.108353
-0.974186,50,919.367761
-0.577286,50,919.620778
-0.610935,50,919.878245
-0.611447,50,920.129342
-0.544386,50,920.383056
-0.844849,50,920.635082
-0.579775,50,920.887056
-0.68513,50,921.137108
-1.09218,50,921.397054
-0.736961,50,921.649614
-0.853463,50,921.906
-0.608255,50,922.156867
-1.808952,50,922.41634
-0.719746,50,922.670488
-0.411988,50,922.922781
-0.760737,50,923.174902
-1.02922,50,923.42522
-1.499944,50,923.679625
-1.217145,50,923.93399
-1.433424,50,924.194447
-0.681219,50,924.449829
-0.861251,50,924.702016
-0.627251,50,924.957489
-1.047933,50,925.211685
-1.15847,50,925.472123
-1.698619,50,925.73027
-0.579821,50,925.984517
-0.649492,50,926.24058
-0.497386,50,926.496453
-0.636495,50,926.751902
-0.381323,50,927.00428
-0.800579,50,927.259128
-0.791437,50,927.511158
-1.344149,50,927.76421
-0.561898,50,928.015916
-0.741589,50,928.266019
-0.79678,50,928.519921
-0.512659,50,928.772115
-0.566419,50,929.023995
-1.025079,50,929.282686
-0.583139,50,929.536853
-0.677612,50,929.788334
-0.86535,50,930.039511
-0.665462,50,930.295876
-0.605297,50,930.547717
-0.731847,50,930.803332
-0.848698,50,931.057783
-0.425867,50,931.31038
-0.5465,50,931.566289
-0.320639,50,931.819513
-0.545349,50,932.072102
-0.622623,50,932.324142
-1.567393,50,932.585461
-0.644519,50,932.839176
-1.179936,50,933.0993
-0.774513,50,933.351604
-0.485723,50,933.601077
-0.41982,50,933.852253
-0.585482,50,934.101691
-0.755521,50,934.361117
-0.523694,50,934.612048
-0.63617,50,934.863028
-1.047816,50,935.124275
-0.518139,50,935.380928
-0.768607,50,935.636824
-0.491619,50,935.886819
-0.422869,50,936.138324
-1.18694,50,936.396597
-1.409505,50,936.650499
-0.621066,50,936.90412
-1.927629,50,937.158396
-0.79217,50,937.415971
-0.930204,50,937.693929
-0.831983,50,937.958412
-0.742033,50,938.221831
-0.835508,50,938.490397
-0.765528,50,938.759241
-0.746908,50,939.018676
-0.754433,50,939.274345
-0.474768,50,939.529974
-0.626384,50,939.784438
-1.547985,50,940.043803
-0.570286,50,940.296236
-0.647283,50,940.552419
-0.641203,50,940.812077
-1.195072,50,941.071781
-0.653147,50,941.323942
-0.693178,50,941.577545
-0.616505,50,941.833538
-0.720286,50,942.087048
-1.076785,50,942.337058
-0.656828,50,942.588048
-0.466209,50,942.842358
-0.537646,50,943.095179
-0.491823,50,943.347284
-0.35672,50,943.59771
-0.596209,50,943.852321
-0.688882,50,944.103908
-0.514739,50,944.357272
-0.46234,50,944.612484
-0.429701,50,944.866808
-0.336396,50,945.122646
-0.7914,50,945.377366
-0.575596,50,945.63098
-0.590914,50,945.885916
-0.77742,50,946.140594
-0.709799,50,946.3953
-0.651757,50,946.650731
-0.60994,50,946.907309
-0.791726,50,947.170568
-0.638879,50,947.42921
-0.375417,50,947.681657
-0.566328,50,947.936912
-0.744286,50,948.187683
-0.763934,50,948.442224
-0.609383,50,948.694699
-0.664987,50,948.953973
-0.937044,50,949.207013
-0.597383,50,949.459146
-0.468852,50,949.71337
-2.00216,50,949.972713
-0.862082,50,950.232706
-0.774292,50,950.482687
-0.544084,50,950.736309
-0.710094,50,950.991918
-1.650705,50,951.253935
-1.062912,50,951.510867
-0.661707,50,951.766896
-1.465294,50,952.026892
-0.713075,50,952.279864
-0.810293,50,952.532019
-0.815821,50,952.786474
-0.594914,50,953.039928
-0.586413,50,953.296395
-0.734632,50,953.549196
-0.699182,50,953.800991
-0.563601,50,954.129743
-0.556031,50,954.387317
-0.617947,50,954.647273
-0.734997,50,954.901217
-1.821441,50,955.17142
-0.7678,50,955.427912
-1.048087,50,955.680775
-0.927,50,955.931827
-0.632759,50,956.185568
-0.537794,50,956.435802
-0.531091,50,956.687901
-0.671379,50,956.942831
-0.672133,50,957.197611
-1.02951,50,957.455282
-0.8624,50,957.712708
-0.695402,50,957.96496
-0.406012,50,958.221471
-0.665544,50,958.482531
-0.570732,50,958.750814
-0.616657,50,959.016562
-0.428346,50,959.279403
-0.743054,50,959.543382
-0.968792,50,959.816981
-1.537703,50,960.08216
-0.622534,50,960.340453
-1.683904,50,960.606868
-0.392378,50,960.863887
-0.586962,50,961.122179
-0.555008,50,961.378191
-0.841197,50,961.639875
-0.439565,50,961.898109
-0.661472,50,962.156295
-0.484121,50,962.415257
-0.956112,50,962.670068
-1.741934,50,962.933905
-1.124823,50,963.187964
-0.644301,50,963.444911
-1.156263,50,963.703158
-0.68767,50,963.959142
-0.622904,50,964.210774
-0.44674,50,964.464232
-0.602383,50,964.720383
-0.764548,50,964.976057
-0.512225,50,965.229
-0.678803,50,965.503671
-0.618046,50,965.76191
-0.652224,50,966.019638
-0.435472,50,966.276698
-0.653357,50,966.530835
-0.616734,50,966.79125
-0.482756,50,967.047298
-0.97878,50,967.303233
-1.066457,50,967.560091
-0.729466,50,967.818421
-0.553176,50,968.07048
-0.888315,50,968.32512
-1.608904,50,968.588225
-1.114283,50,968.845776
-1.035123,50,969.104229
-0.903161,50,969.360218
-0.983855,50,969.619674
-0.723631,50,969.87527
-0.734042,50,970.127429
-1.131766,50,970.381844
-0.817541,50,970.637827
-0.74049,50,970.892296
-1.725357,50,971.154198
-1.064405,50,971.408286
-0.700763,50,971.665068
-1.536949,50,971.920442
-0.864251,50,972.175082
-0.431851,50,972.429351
-0.478246,50,972.683792
-0.699098,50,972.944993
-0.86748,50,973.196785
-0.748259,50,973.455487
-0.456722,50,973.718146
-1.167536,50,973.993341
-0.51101,50,974.249138
-0.541625,50,974.501691
-0.762694,50,974.754745
-0.663423,50,975.008793
-1.512114,50,975.26878
-0.629126,50,975.520224
-0.850755,50,975.772561
-0.736292,50,976.031307
-0.694552,50,976.283957
-0.790972,50,976.535898
-0.745496,50,976.79155
-0.760596,50,977.047521
-0.674304,50,977.2959
-0.803389,50,977.547485
-0.621959,50,977.799808
-0.5968,50,978.051099
-0.696221,50,978.3018
-0.668019,50,978.555674
-0.690119,50,978.82318
-0.574134,50,979.079528
-1.860553,50,979.341735
-0.61407,50,979.597667
-0.713622,50,979.852394
-0.238183,50,980.112769
-0.536384,50,980.371229
-0.965696,50,980.635742
-1.003075,50,980.889792
-0.983665,50,981.1449
-0.67927,50,981.397661
-0.515927,50,981.652495
-1.103708,50,981.90843
-0.515636,50,982.16658
-0.482972,50,982.418136
-1.188237,50,982.672152
-0.77155,50,982.930949
-0.545559,50,983.181493
-0.567111,50,983.434492
-0.549379,50,983.692087
-0.552594,50,983.944939
-1.792333,50,984.197645
-0.785988,50,984.449626
-2.384472,50,984.704245
-1.135066,50,984.956628
-0.619159,50,985.205908
-0.827993,50,985.455724
-1.163367,50,985.717608
-0.524765,50,985.983455
-0.542341,50,986.242494
-0.623317,50,986.492581
-0.465638,50,986.747614
-0.575922,50,987.003959
-0.521375,50,987.259172
-0.510219,50,987.511008
-1.173992,50,987.771233
-0.841729,50,988.046834
-0.639489,50,988.302001
-0.69248,50,988.556102
-0.62276,50,988.809021
-0.507236,50,989.064641
-0.701298,50,989.320512
-0.513013,50,989.57251
-0.496625,50,989.828546
-0.689563,50,990.0896
-0.593137,50,990.341445
-0.683692,50,990.603821
-1.180546,50,990.860811
-0.530997,50,991.117021
-0.734331,50,991.374788
-0.681135,50,991.628968
-0.398432,50,991.881124
-0.86841,50,992.135357
-0.996671,50,992.389452
-0.508709,50,992.64363
-1.702081,50,992.903277
-0.65835,50,993.161726
-0.898514,50,993.41594
-0.636972,50,993.669697
-0.749521,50,993.92439
-0.685522,50,994.176631
-0.740137,50,994.434054
-1.330737,50,994.687164
-0.572396,50,994.939779
-0.533247,50,995.191762
-0.503215,50,995.443449
-0.508146,50,995.693852
-0.574653,50,995.949191
-0.461318,50,996.203965
-0.426642,50,996.459286
-0.440232,50,996.713363
-0.56967,50,996.97252
-0.474953,50,997.225803
-0.682111,50,997.476185
-0.707761,50,997.730354
-2.378832,50,997.987233
-0.50543,50,998.245661
-0.579734,50,998.502562
-1.553072,50,998.76195
-0.566786,50,999.028845
-3.252546,50,999.296156
-0.409376,50,999.559334
-0.564063,50,999.822721
-0.7037,50,1000.083709
-0.744201,50,1000.522379
-0.700163,50,1000.784841
-0.695445,50,1001.040787
-3.548484,50,1001.294762
-0.612345,50,1001.548578
-0.446485,50,1001.79904
-0.417772,50,1002.052749
-0.626082,50,1002.305091
-0.57676,50,1002.562098
-0.591461,50,1002.816472
-0.430531,50,1003.068927
-0.539877,50,1003.3279
-0.738917,50,1003.585188
-0.804824,50,1003.839364
-0.437995,50,1004.09343
-0.616973,50,1004.348406
-0.43996,50,1004.609782
-0.756251,50,1004.864798
-1.288572,50,1005.116245
-1.105276,50,1005.369063
-1.738213,50,1005.621112
-1.327715,50,1005.87487
-0.947893,50,1006.12818
-0.82198,50,1006.383735
-0.770239,50,1006.638191
-0.255045,50,1006.895003
-0.569537,50,1007.148321
-0.523888,50,1007.402273
-0.331313,50,1007.661879
-0.676209,50,1007.917192
-0.564011,50,1008.17034
-0.812872,50,1008.426393
-1.170753,50,1008.686885
-2.676424,50,1008.943377
-0.632774,50,1009.201557
-0.562645,50,1009.455096
-0.4927,50,1009.723018
-0.399708,50,1009.976885
-0.378427,50,1010.229281
-0.563158,50,1010.483117
-0.570598,50,1010.736823
-0.650092,50,1010.990734
-0.675096,50,1011.242402
-0.59848,50,1011.499068
-0.640969,50,1011.757101
-0.385802,50,1012.014721
-0.695204,50,1012.271235
-4.178957,50,1012.524189
-0.782884,50,1012.782994
-0.537705,50,1013.037604
-0.684273,50,1013.288574
-2.394809,50,1013.541464
-0.475575,50,1013.797253
-3.076122,50,1014.049996
-2.808549,50,1014.302757
-0.606167,50,1014.555949
-0.726936,50,1014.811419
-0.724404,50,1015.069654
-0.823706,50,1015.325415
-1.645142,50,1015.580604
-0.613041,50,1015.839116
-0.612099,50,1016.092537
-0.645375,50,1016.348909
-0.691363,50,1016.601734
-0.542889,50,1016.859711
-0.599294,50,1017.112076
-0.569112,50,1017.367963
-0.795408,50,1017.62465
-0.365132,50,1017.881203
-0.635172,50,1018.133651
-0.607271,50,1018.386366
-0.811202,50,1018.642003
-0.897309,50,1018.901662
-0.619707,50,1019.159612
-0.62224,50,1019.417183
-0.641462,50,1019.678923
-0.602442,50,1019.940376
-0.565227,50,1020.203447
-0.662628,50,1020.468053
-0.381931,50,1020.734861
-0.635969,50,1021.004255
-1.009656,50,1021.263438
-0.412992,50,1021.519951
-0.369278,50,1021.776058
-0.617224,50,1022.030953
-0.699118,50,1022.284218
-2.83454,50,1022.5349
-0.755411,50,1022.791301
-0.748654,50,1023.109691
-0.635391,50,1023.371128
-0.732853,50,1023.629452
-0.969822,50,1023.884858
-0.940362,50,1024.151436
-0.524128,50,1024.404047
-0.368223,50,1024.655837
-0.345402,50,1024.906216
-0.79118,50,1025.162862
-0.556661,50,1025.416143
-0.606661,50,1025.666083
-0.633301,50,1025.917626
-0.339184,50,1026.171581
-0.537606,50,1026.424976
-0.609394,50,1026.685675
-0.388272,50,1026.941144
-0.804861,50,1027.201041
-0.664275,50,1027.454471
-0.592027,50,1027.710598
-0.792349,50,1027.963242
-0.635657,50,1028.214802
-0.440482,50,1028.464636
-0.754991,50,1028.718044
-1.899646,50,1028.972508
-0.61873,50,1029.236255
-0.436973,50,1029.492659
-0.424489,50,1029.753428
-0.721344,50,1030.008985
-0.591238,50,1030.267608
-0.619336,50,1030.51989
-0.929739,50,1030.771782
-0.50954,50,1031.028592
-0.435189,50,1031.285396
-0.777935,50,1031.542674
-0.7853,50,1031.800337
-0.847741,50,1032.059942
-0.561502,50,1032.313449
-0.950347,50,1032.568039
-1.647828,50,1032.82154
-1.303414,50,1033.076054
-1.443533,50,1033.342381
-1.081801,50,1033.602049
-0.83714,50,1033.857147
-0.761806,50,1034.137741
-1.831389,50,1034.404008
-0.549247,50,1034.664973
-0.660645,50,1034.920319
-0.611883,50,1035.181459
-0.598092,50,1035.440209
-0.854194,50,1035.699433
-0.846903,50,1035.955453
-0.541704,50,1036.206862
-1.026885,50,1036.460799
-1.454606,50,1036.712885
-5.322525,50,1036.967078
-4.228995,50,1037.224457
-2.666405,50,1037.479538
-1.024435,50,1037.732871
-1.391709,50,1037.990883
-0.92686,50,1038.24661
-0.851494,50,1038.518409
-0.695443,50,1038.794058
-2.088168,50,1039.048712
-0.761458,50,1039.308477
-0.672783,50,1039.571827
-2.378053,50,1039.842905
-0.36385,50,1040.105312
-0.491491,50,1040.370858
-0.478252,50,1040.633789
-0.64311,50,1040.889889
-0.642693,50,1041.145513
-0.66714,50,1041.399173
-0.790136,50,1041.654356
-0.780894,50,1041.909649
-0.500547,50,1042.164333
-2.499778,50,1042.418567
-0.458753,50,1042.677285
-0.34999,50,1042.931059
-0.549574,50,1043.186913
-0.642647,50,1043.444792
-0.778693,50,1043.699451
-3.255641,50,1043.950965
-0.633083,50,1044.203511
-0.611391,50,1044.455385
-0.85268,50,1044.712516
-1.532536,50,1044.9654
-0.837821,50,1045.220481
-0.73638,50,1045.472583
-0.493093,50,1045.732715
-0.806144,50,1045.991892
-0.715327,50,1046.246021
-0.816024,50,1046.503758
-0.971342,50,1046.761434
-0.450054,50,1047.013552
-0.601393,50,1047.266318
-0.649214,50,1047.518396
-0.560237,50,1047.78669
-0.821436,50,1048.04272
-0.75322,50,1048.30048
-0.554841,50,1048.556203
-0.68476,50,1048.813548
-0.382675,50,1049.070421
-0.573643,50,1049.326462
-0.800281,50,1049.582688
-0.530311,50,1049.843843
-0.751688,50,1050.098645
-0.732434,50,1050.353893
-0.603154,50,1050.60762
-0.486789,50,1050.86486
-2.499646,50,1051.11866
-0.59875,50,1051.373084
-0.980529,50,1051.629599
-0.535915,50,1051.885565
-0.576571,50,1052.144942
-0.407956,50,1052.398964
-0.655115,50,1052.653022
-0.747321,50,1052.909516
-0.94816,50,1053.162945
-2.425409,50,1053.420618
-0.338511,50,1053.676622
-0.548151,50,1053.935149
-0.54278,50,1054.191508
-0.722947,50,1054.447411
-1.048945,50,1054.706505
-0.969421,50,1054.962105
-1.152572,50,1055.216504
-0.981975,50,1055.468138
-1.27714,50,1055.72091
-0.713356,50,1055.9748
-0.532525,50,1056.228062
-0.613666,50,1056.479252
-2.950206,50,1056.73311
-0.64118,50,1056.994617
-0.642933,50,1057.249477
-0.932732,50,1057.503597
-1.488194,50,1057.758661
-0.996301,50,1058.014803
-0.561686,50,1058.268575
-0.439157,50,1058.5238
-1.750167,50,1058.778765
-1.704601,50,1059.035874
-0.681169,50,1059.286231
-0.667727,50,1059.539902
-0.699318,50,1059.797104
-0.725112,50,1060.067812
-0.684394,50,1060.334747
-1.112695,50,1060.591227
-1.057128,50,1060.858858
-0.738934,50,1061.161602
-0.53918,50,1061.425465
-0.667532,50,1061.689031
-0.616793,50,1061.960303
-0.8379,50,1062.237107
-0.785231,50,1062.498614
-1.293497,50,1062.753229
-0.763872,50,1063.005554
-2.685745,50,1063.259529
-0.942062,50,1063.512457
-0.937369,50,1063.767994
-0.753982,50,1064.022889
-3.421291,50,1064.278427
-0.425953,50,1064.531544
-0.402311,50,1064.787518
-0.350665,50,1065.039489
-0.39923,50,1065.293963
-0.635189,50,1065.547366
-3.117859,50,1065.799232
-0.513079,50,1066.054373
-0.604146,50,1066.307186
-0.586417,50,1066.558305
-0.620505,50,1066.810114
-0.455249,50,1067.060679
-2.634493,50,1067.314258
-0.633077,50,1067.566127
-0.83899,50,1067.818293
-0.78587,50,1068.073178
-0.658625,50,1068.332148
-0.3132,50,1068.587071
-0.696066,50,1068.845749
-0.814209,50,1069.097834
-0.80826,50,1069.352849
-3.0983,50,1069.605293
-0.591755,50,1069.859746
-1.540655,50,1070.117364
-0.64865,50,1070.372459
-0.351167,50,1070.627225
-0.348033,50,1070.881135
-0.817561,50,1071.131251
-3.450073,50,1071.405227
-0.802078,50,1071.6642
-0.841258,50,1071.916543
-0.536174,50,1072.174278
-0.799353,50,1072.431177
-4.20125,50,1072.686555
-0.552128,50,1072.942411
-0.60574,50,1073.194777
-2.377501,50,1073.449711
-3.481895,50,1073.703361
-0.533689,50,1073.955522
-0.887754,50,1074.212236
-0.719749,50,1074.467715
-0.708862,50,1074.720443
-0.684398,50,1074.974083
-0.804333,50,1075.227314
-0.67909,50,1075.47916
-0.760705,50,1075.731556
-0.487325,50,1075.98595
-0.970582,50,1076.245636
-0.81686,50,1076.496718
-0.805246,50,1076.749474
-1.16451,50,1077.000935
-0.782762,50,1077.251643
-0.729468,50,1077.50562
-1.419787,50,1077.761509
-0.748159,50,1078.015041
-0.585707,50,1078.27033
-3.057977,50,1078.525456
-0.743238,50,1078.780117
-0.894106,50,1079.03398
-1.132787,50,1079.294455
-0.747036,50,1079.557145
-0.826262,50,1079.813454
-0.582913,50,1080.076362
-0.750919,50,1080.347083
-0.497747,50,1080.614977
-0.84788,50,1080.881985
-0.649377,50,1081.146618
-0.706538,50,1081.410002
-0.85486,50,1081.677033
-0.778151,50,1081.941657
-1.113557,50,1082.203656
-1.027163,50,1082.459361
-0.92109,50,1082.719627
-0.773342,50,1082.980397
-1.947676,50,1083.237089
-0.429239,50,1083.495937
-0.445129,50,1083.768599
-0.62716,50,1084.027022
-0.582396,50,1084.283833
-0.714691,50,1084.540633
-0.489767,50,1084.795872
-0.434468,50,1085.051054
-0.820417,50,1085.30673
-0.754007,50,1085.560285
-0.829086,50,1085.81448
-0.679654,50,1086.06472
-0.807537,50,1086.315977
-0.802645,50,1086.570807
-0.617277,50,1086.825324
-0.641693,50,1087.079051
-0.912366,50,1087.332226
-3.902827,50,1087.589322
-0.904359,50,1087.847015
-0.687248,50,1088.106504
-0.64859,50,1088.362209
-0.736927,50,1088.623019
-0.809941,50,1088.880161
-4.587634,50,1089.136076
-0.641188,50,1089.390198
-1.695291,50,1089.648322
-2.490874,50,1089.901281
-0.59498,50,1090.153677
-0.702839,50,1090.412161
-2.452129,50,1090.669588
-0.527611,50,1090.925207
-0.587966,50,1091.182562
-0.748381,50,1091.438872
-0.505899,50,1091.694698
-0.583065,50,1091.968305
-0.748882,50,1092.22521
-0.539938,50,1092.480974
-0.746151,50,1092.736553
-0.487001,50,1092.992942
-1.003709,50,1093.247609
-0.534644,50,1093.503854
-0.592183,50,1093.759571
-0.642289,50,1094.021724
-0.558885,50,1094.28384
-0.513841,50,1094.54004
-0.528534,50,1094.79612
-3.099521,50,1095.054422
-1.577675,50,1095.315278
-0.408006,50,1095.57222
-0.73213,50,1095.824596
-0.669138,50,1096.147528
-0.785533,50,1096.418688
-0.398973,50,1096.672374
-0.707239,50,1096.927464
-0.919551,50,1097.182081
-1.050082,50,1097.44351
-0.685836,50,1097.701206
-0.864282,50,1097.956667
-0.931599,50,1098.213993
-2.277683,50,1098.47003
-0.792688,50,1098.740815
-0.769991,50,1099.006673
-0.770927,50,1099.267957
-0.84649,50,1099.526843
-2.818696,50,1099.784862
-0.779035,50,1100.050654
-0.498682,50,1100.311381
-0.770363,50,1100.578048
-0.635485,50,1100.844632
-3.642154,50,1101.101076
-1.071111,50,1101.362482
-0.874447,50,1101.620062
-0.460562,50,1101.877196
-0.630999,50,1102.136482
-0.614969,50,1102.397957
-0.696357,50,1102.656485
-0.775766,50,1102.919729
-0.527039,50,1103.175807
-0.926643,50,1103.431916
-0.436292,50,1103.694016
-0.602636,50,1103.952507
-0.86109,50,1104.209204
-1.281355,50,1104.468813
-0.942232,50,1104.722375
-0.697619,50,1104.983783
-0.533541,50,1105.240262
-0.366618,50,1105.496398
-0.456129,50,1105.751725
-0.488923,50,1106.009425
-0.715652,50,1106.265896
-0.538667,50,1106.523354
-0.947243,50,1106.779587
-0.509581,50,1107.033406
-0.563508,50,1107.288465
-0.418443,50,1107.546703
-0.627373,50,1107.800811
-0.654447,50,1108.056265
-0.696774,50,1108.314552
-1.009407,50,1108.567071
-0.755335,50,1108.82064
-0.759033,50,1109.073613
-0.65787,50,1109.330332
-0.653751,50,1109.587323
-0.843662,50,1109.841336
-0.898279,50,1110.096371
-0.835475,50,1110.351688
-0.915022,50,1110.616162
-0.602589,50,1110.87883
-0.828774,50,1111.13491
-1.097871,50,1111.394973
-0.642875,50,1111.654827
-0.651998,50,1111.909812
-0.697169,50,1112.166544
-1.220362,50,1112.42295
-1.540765,50,1112.679953
-0.675481,50,1112.937793
-0.65515,50,1113.19492
-0.486191,50,1113.451596
-0.632402,50,1113.710853
-2.459319,50,1113.96956
-4.012408,50,1114.227413
-4.185313,50,1114.489515
-3.752071,50,1114.748533
-1.886207,50,1115.009928
-0.94195,50,1115.270489
-1.085791,50,1115.526307
-0.813329,50,1115.798892
-0.546886,50,1116.054015
-6.485164,50,1116.307199
-0.878745,50,1116.565427
-2.487225,50,1116.838184
-0.651649,50,1117.099805
-0.519581,50,1117.358036
-1.033612,50,1117.619315
-0.927888,50,1117.879299
-0.708762,50,1118.137239
-0.430753,50,1118.394624
-0.418579,50,1118.65177
-0.681349,50,1118.908547
-0.855115,50,1119.169363
-0.754384,50,1119.425931
-0.546634,50,1119.682565
-0.99874,50,1119.939254
-0.66104,50,1120.191054
-1.835554,50,1120.444022
-8.470724,50,1120.701828
-12.093756,50,1120.967396
-12.080219,50,1121.237294
-12.184471,50,1121.507126
-14.918338,50,1121.779276
-14.552301,50,1122.060526
-11.981229,50,1122.342408
-13.888254,50,1122.607129
-8.384585,50,1122.875272
-11.102528,50,1123.213398
-9.465105,50,1123.48328
-12.78341,50,1123.749471
-15.577639,50,1124.007075
-16.550406,50,1124.265391
-13.976308,50,1124.528535
-17.548539,50,1124.788783
-28.682429,50,1125.046165
-25.853959,50,1125.303185
-34.411676,50,1125.559713
-35.844809,50,1125.816709
-31.633516,50,1126.069601
-38.160738,50,1126.32522
-25.543627,50,1126.57807
-34.652838,50,1126.831944
-25.566879,50,1127.086365
-27.494322,50,1127.33932
-17.953393,50,1127.595278
-14.526147,50,1127.85952
-15.572075,50,1128.120445
-13.377957,50,1128.384665
-14.84327,50,1128.649981
-14.852204,50,1128.915544
-19.362237,50,1129.182434
-16.896524,50,1129.65437
-19.347854,50,1129.919949
-34.573591,50,1130.188078
-30.137943,50,1130.458595
-30.068148,50,1130.732469
-31.402183,50,1131.009494
-34.040427,50,1131.289457
-28.37859,50,1131.560583
-24.272745,50,1131.844904
-20.686977,50,1132.1191
-19.82237,50,1132.391823
-13.492592,50,1132.66023
-15.851231,50,1132.920738
-24.252938,50,1133.182239
-22.067147,50,1133.444907
-26.950421,50,1133.70605
-29.562098,50,1133.970742
-25.376103,50,1134.233051
-21.041437,50,1134.493194
-29.45078,50,1134.755177
-19.663606,50,1135.017824
-23.357644,50,1135.278485
-25.617093,50,1135.540189
-29.449446,50,1135.802866
-24.432953,50,1136.142458
-24.799533,50,1136.409784
-22.349156,50,1136.671602
-25.95645,50,1136.93253
-22.981027,50,1137.208019
-18.059804,50,1137.471122
-18.28416,50,1137.73234
-22.853785,50,1137.999598
-24.092718,50,1138.27022
-20.318796,50,1138.536981
-13.208572,50,1138.798791
-15.898268,50,1139.065143
-16.094456,50,1139.333329
-15.686416,50,1139.59891
-25.968498,50,1139.86517
-25.628062,50,1140.128791
-14.184579,50,1140.390662
-22.015716,50,1140.654794
-22.022276,50,1140.920566
-31.363405,50,1141.190147
-28.260212,50,1141.463945
-26.559335,50,1141.740689
-26.310685,50,1142.011376
-23.390905,50,1142.274664
-18.222936,50,1142.538692
-23.808098,50,1142.804035
-22.208094,50,1143.064436
-24.753043,50,1143.325897
-22.671677,50,1143.584539
-25.492148,50,1143.841825
-24.325056,50,1144.101113
-22.397699,50,1144.358316
-23.566801,50,1144.616363
-20.580408,50,1144.878756
-25.218601,50,1145.139629
-21.977949,50,1145.396557
-19.865283,50,1145.65485
-19.411147,50,1145.915611
-22.059026,50,1146.173043
-23.103433,50,1146.430451
-20.843183,50,1146.692564
-22.518322,50,1146.954222
-18.58601,50,1147.21638
-16.495995,50,1147.477497
-17.347104,50,1147.738926
-22.343433,50,1148.001155
-25.161402,50,1148.255351
-17.454123,50,1148.51161
-22.153553,50,1148.772095
-25.421366,50,1149.034051
-23.429876,50,1149.294168
-28.100454,50,1149.556656
-27.23695,50,1149.814667
-25.341736,50,1150.080636
-22.922263,50,1150.342567
-21.951241,50,1150.604938
-20.649575,50,1150.870785
-19.570592,50,1151.136291
-27.844544,50,1151.407806
-28.1645,50,1151.682438
-22.064191,50,1151.957262
-29.479025,50,1152.235728
-23.429394,50,1152.505232
-31.528416,50,1152.776549
-30.348762,50,1153.053976
-29.940549,50,1153.327486
-30.572716,50,1153.601653
-33.399052,50,1153.875451
-30.407644,50,1154.231684
-26.884823,50,1154.509842
-30.369821,50,1154.791832
-25.474748,50,1155.06842
-18.704591,50,1155.343097
-25.386805,50,1155.61728
-15.588916,50,1155.890477
-25.493237,50,1156.157809
-31.195053,50,1156.424445
-33.396925,50,1156.684205
-38.904395,50,1156.944915
-39.625513,50,1157.206129
-37.619246,50,1157.468728
-35.518286,50,1157.728851
-39.871663,50,1157.991744
-38.670848,50,1158.251579
-36.45522,50,1158.514683
-36.538786,50,1158.775627
-42.090291,50,1159.038408
-38.540764,50,1159.299921
-33.623577,50,1159.560995
-32.678969,50,1159.819855
-34.374578,50,1160.075811
-31.100857,50,1160.335367
-32.472828,50,1160.598238
-32.887805,50,1160.855882
-25.343618,50,1161.114417
-30.59628,50,1161.378655
-30.744405,50,1161.654696
-30.481508,50,1161.93242
-28.226489,50,1162.208004
-18.804512,50,1162.481168
-18.423005,50,1162.749184
-17.792844,50,1163.016959
-26.088391,50,1163.280145
-27.964559,50,1163.543741
-24.760553,50,1163.806535
-22.797573,50,1164.065301
-30.00854,50,1164.325564
-22.09889,50,1164.588643
-26.570424,50,1164.853337
-28.279943,50,1165.114654
-29.737249,50,1165.376355
-19.523477,50,1165.638265
-20.214128,50,1165.90345
-24.090789,50,1166.164774
-19.203822,50,1166.429372
-25.180654,50,1166.690272
-27.904303,50,1166.951759
-22.980758,50,1167.211731
-15.038211,50,1167.470299
-29.90381,50,1167.724853
-29.374722,50,1167.983416
-41.872867,50,1168.238824
-33.732059,50,1168.495493
-33.425265,50,1168.74799
-29.15897,50,1169.005768
-42.294722,50,1169.263133
-31.879851,50,1169.517238
-41.563323,50,1169.772028
-35.610278,50,1170.030698
-28.3279,50,1170.28589
-31.892428,50,1170.537185
-33.788693,50,1170.789646
-28.936651,50,1171.048589
-33.162888,50,1171.304627
-24.69922,50,1171.558189
-27.089418,50,1171.817363
-32.66132,50,1172.080321
-21.365149,50,1172.343472
-19.024062,50,1172.603685
-26.292937,50,1172.867001
-31.340489,50,1173.18972
-27.7027,50,1173.460911
-27.845334,50,1173.736739
-27.026901,50,1174.0084
-30.670149,50,1174.281545
-25.022791,50,1174.554217
-26.252035,50,1174.825589
-27.335896,50,1175.10046
-30.997854,50,1175.375081
-29.845109,50,1175.640241
-28.644794,50,1175.916594
-27.439918,50,1176.19137
-27.023162,50,1176.469071
-25.839506,50,1176.744698
-28.542138,50,1177.013154
-23.520004,50,1177.283396
-25.066044,50,1177.55416
-27.857736,50,1177.832061
-27.394906,50,1178.106361
-22.481836,50,1178.376806
-24.418684,50,1178.649831
-27.464347,50,1178.932492
-24.042819,50,1179.199231
-24.368016,50,1179.465917
-24.307485,50,1179.737407
-20.358188,50,1180.011367
-19.609019,50,1180.290775
-21.006293,50,1180.569883
-19.233373,50,1180.847726
-14.282106,50,1181.118227
-14.171371,50,1181.390234
-24.710173,50,1181.655363
-23.413019,50,1181.92005
-23.997221,50,1182.186424
-19.714016,50,1182.454156
-23.097305,50,1182.721154
-25.442427,50,1182.986948
-30.861709,50,1183.248673
-22.874568,50,1183.511215
-20.430564,50,1183.7734
-33.661164,50,1184.033688
-45.123144,50,1184.290684
-38.234451,50,1184.549296
-31.883993,50,1184.811602
-29.02379,50,1185.108201
-40.050812,50,1185.368932
-35.616762,50,1185.624656
-33.23273,50,1185.881779
-44.344865,50,1186.150911
-40.706534,50,1186.407555
-31.89695,50,1186.664412
-36.189237,50,1186.921083
-39.291268,50,1187.174595
-32.320573,50,1187.432198
-39.543742,50,1187.686191
-31.993035,50,1187.941965
-38.349738,50,1188.199495
-33.730073,50,1188.452254
-47.149858,50,1188.708218
-40.700393,50,1188.965331
-41.063261,50,1189.224002
-37.742474,50,1189.478383
-37.78032,50,1189.730867
-37.633176,50,1189.984105
-36.162117,50,1190.238837
-38.09381,50,1190.492197
-47.408266,50,1190.745343
-39.655198,50,1191.001933
-38.506087,50,1191.259755
-37.30533,50,1191.515245
-35.728221,50,1191.774327
-31.528328,50,1192.032333
-38.123452,50,1192.290005
-33.240054,50,1192.54463
-38.638135,50,1192.79985
-37.787531,50,1193.055949
-42.309784,50,1193.312993
-43.646207,50,1193.569352
-44.078267,50,1193.82512
-38.366052,50,1194.080445
-39.960252,50,1194.355562
-34.807347,50,1194.610415
-39.859018,50,1194.868233
-33.772231,50,1195.125388
-36.998311,50,1195.382508
-32.385153,50,1195.638176
-39.532837,50,1195.893027
-37.909968,50,1196.151647
-40.154004,50,1196.427514
-33.889658,50,1196.69385
-36.699313,50,1196.951711
-41.397198,50,1197.205888
-37.270749,50,1197.462878
-37.514063,50,1197.718814
-32.068253,50,1197.972461
-36.295978,50,1198.227457
-35.619126,50,1198.487892
-35.015024,50,1198.748168
-38.168937,50,1199.006179
-36.322636,50,1199.263352
-31.464044,50,1199.519845
-32.912026,50,1199.778703
-41.144495,50,1200.03537
-33.813627,50,1200.291902
-29.35701,50,1200.550141
-42.7809,50,1200.807248
-29.730286,50,1201.0653
-39.783175,50,1201.33258
-40.147209,50,1201.596069
-43.281345,50,1201.85525
-44.205621,50,1202.116951
-39.298882,50,1202.375045
-40.834758,50,1202.630803
-39.520532,50,1202.886545
-39.125264,50,1203.143894
-40.214344,50,1203.400321
-35.859137,50,1203.659494
-32.418323,50,1203.916773
-42.457402,50,1204.173921
-41.756736,50,1204.430109
-35.123101,50,1204.689202
-37.676947,50,1204.945256
-36.493854,50,1205.205336
-40.001622,50,1205.461402
-30.067989,50,1205.717701
-45.116177,50,1205.976324
-37.004032,50,1206.232216
-39.063435,50,1206.489025
-41.480265,50,1206.758489
-33.685929,50,1207.015952
-41.268741,50,1207.271535
-39.367642,50,1207.527013
-36.069611,50,1207.782933
-35.561596,50,1208.038988
-42.968645,50,1208.296008
-34.892878,50,1208.552498
-36.919155,50,1208.810177
-31.578971,50,1209.06757
-38.57688,50,1209.321662
-42.770016,50,1209.578115
-28.77608,50,1209.835732
-32.709636,50,1210.09318
-39.485701,50,1210.349131
-30.080192,50,1210.60705
-42.034393,50,1210.865405
-39.906541,50,1211.122281
-36.409066,50,1211.378164
-40.001883,50,1211.634691
-36.827532,50,1211.894756
-35.758178,50,1212.154015
-35.430082,50,1212.411146
-42.372698,50,1212.671298
-38.412632,50,1212.946929
-36.255982,50,1213.209136
-36.623895,50,1213.471728
-27.819466,50,1213.731683
-35.239298,50,1213.99315
-35.696252,50,1214.25107
-39.287295,50,1214.510774
-42.31441,50,1214.769386
-35.051883,50,1215.029404
-45.192331,50,1215.289216
-30.670246,50,1215.547011
-35.028729,50,1215.805127
-37.334921,50,1216.123319
-43.928764,50,1216.382032
-39.083962,50,1216.638238
-35.30829,50,1216.89534
-34.4029,50,1217.154183
-43.604924,50,1217.409352
-37.120722,50,1217.664942
-40.574122,50,1217.919521
-35.163797,50,1218.187937
-33.771953,50,1218.443923
-30.745721,50,1218.695189
-45.372109,50,1218.948959
-37.878052,50,1219.205055
-47.403465,50,1219.460977
-25.951479,50,1219.715736
-34.814588,50,1219.97167
-40.3442,50,1220.226154
-36.725219,50,1220.481092
-31.023505,50,1220.734195
-39.814125,50,1220.991424
-37.227157,50,1221.249539
-39.186285,50,1221.504802
-46.696334,50,1221.760726
-41.995049,50,1222.021381
-31.875776,50,1222.284475
-34.47491,50,1222.54961
-40.446871,50,1222.819866
-35.62373,50,1223.093731
-41.827665,50,1223.361556
-39.728864,50,1223.625943
-41.506859,50,1223.884948
-36.375609,50,1224.143087
-36.067222,50,1224.401402
-34.780266,50,1224.65968
-40.101173,50,1224.916313
-40.505392,50,1225.171741
-38.571648,50,1225.428073
-40.866803,50,1225.684062
-36.318022,50,1225.941169
-42.322793,50,1226.197569
-37.734251,50,1226.455189
-38.400904,50,1226.710994
-35.799462,50,1226.96684
-38.303575,50,1227.22435
-44.027674,50,1227.482037
-37.795159,50,1227.735861
-35.961169,50,1227.992483
-37.506508,50,1228.247664
-36.634832,50,1228.50343
-45.500804,50,1228.757192
-36.665102,50,1229.015626
-33.178537,50,1229.27165
-35.151147,50,1229.529583
-34.703457,50,1229.785133
-33.615464,50,1230.041077
-44.799491,50,1230.296904
-38.041264,50,1230.555989
-40.954585,50,1230.810398
-45.115194,50,1231.065519
-35.268898,50,1231.323475
-40.83068,50,1231.580604
-34.212567,50,1231.836677
-35.920448,50,1232.090527
-37.796732,50,1232.346461
-41.343635,50,1232.603193
-43.469683,50,1232.857926
-29.806588,50,1233.117215
-39.752728,50,1233.37851
-42.856942,50,1233.652502
-34.618412,50,1233.908805
-41.157698,50,1234.167842
-41.154306,50,1234.424988
-38.906105,50,1234.683083
-42.634409,50,1234.943153
-36.933089,50,1235.201604
-39.407371,50,1235.459315
-33.593382,50,1235.719035
-44.340591,50,1235.978722
-35.319559,50,1236.237594
-38.771056,50,1236.493459
-41.880715,50,1236.754853
-30.173293,50,1237.015098
-39.483264,50,1237.278002
-40.495059,50,1237.553728
-41.514843,50,1237.818486
-35.624535,50,1238.076525
-32.683887,50,1238.3341
-35.604985,50,1238.592935
-44.257366,50,1238.867343
-34.184634,50,1239.124904
-31.868373,50,1239.381914
-35.989274,50,1239.641982
-38.475511,50,1239.899204
-36.910572,50,1240.154805
-31.73078,50,1240.409163
-39.805887,50,1240.663129
-36.553321,50,1240.920542
-37.136338,50,1241.176047
-36.742963,50,1241.430954
-38.169067,50,1241.688997
-33.172231,50,1241.946742
-30.828501,50,1242.204587
-31.165319,50,1242.468692
-31.831382,50,1242.73183
-35.166557,50,1243.012758
-36.006588,50,1243.274355
-41.744062,50,1243.535016
-35.129224,50,1243.793708
-34.063158,50,1244.106905
-35.937769,50,1244.37873
-45.414028,50,1244.636056
-39.549793,50,1244.896311
-34.703541,50,1245.156017
-43.411491,50,1245.414528
-36.842247,50,1245.672078
-39.884954,50,1245.928929
-45.275385,50,1246.186815
-33.69975,50,1246.440185
-33.781997,50,1246.697649
-38.425607,50,1246.953334
-34.551462,50,1247.211333
-42.927072,50,1247.469638
-38.333231,50,1247.726313
-38.581306,50,1247.983481
-33.536545,50,1248.239929
-38.740654,50,1248.493483
-39.435093,50,1248.746663
-40.654017,50,1248.999992
-34.272768,50,1249.255707
-39.430894,50,1249.508236
-40.010586,50,1249.762455
-36.414701,50,1250.015721
-40.69457,50,1250.271922
-37.0413,50,1250.524577
-32.210501,50,1250.776717
-36.514451,50,1251.03035
-39.086116,50,1251.285387
-40.518926,50,1251.53799
-39.79336,50,1251.795483
-41.230931,50,1252.052877
-40.580283,50,1252.310092
-39.366741,50,1252.567718
-33.713211,50,1252.821396
-36.298967,50,1253.073977
-35.280922,50,1253.329139
-31.146075,50,1253.585012
-39.955798,50,1253.84159
-35.112635,50,1254.097576
-36.613946,50,1254.356589
-42.721307,50,1254.611633
-40.375844,50,1254.866706
-39.523684,50,1255.1239
-40.565038,50,1255.378509
-35.801772,50,1255.634175
-34.847834,50,1255.891142
-41.556943,50,1256.145672
-34.074643,50,1256.403043
-36.670455,50,1256.660712
-35.32038,50,1256.917876
-37.004843,50,1257.176292
-34.799595,50,1257.435026
-36.704836,50,1257.692098
-33.356923,50,1257.948276
-39.576395,50,1258.20411
-32.216186,50,1258.460913
-38.131489,50,1258.717221
-42.64066,50,1258.970077
-38.887129,50,1259.227271
-31.150182,50,1259.481397
-34.433079,50,1259.736004
-42.802634,50,1259.988959
-36.663243,50,1260.243972
-36.893188,50,1260.667544
-36.342315,50,1260.925575
-40.392623,50,1261.184202
-37.200365,50,1261.441233
-36.066684,50,1261.699875
-41.065759,50,1261.954786
-29.70672,50,1262.213156
-34.218583,50,1262.472032
-33.305477,50,1262.756529
-29.050194,50,1263.022187
-32.740484,50,1263.286852
-34.332469,50,1263.543834
-37.638772,50,1263.805597
-37.541411,50,1264.065201
-36.296083,50,1264.324337
-39.019178,50,1264.583845
-39.024894,50,1264.844439
-33.498444,50,1265.100977
-34.104553,50,1265.355978
-35.700169,50,1265.612533
-33.760119,50,1265.871273
-28.381636,50,1266.12753
-42.102387,50,1266.384295
-39.902094,50,1266.641803
-37.601617,50,1266.896135
-40.29037,50,1267.154799
-35.192753,50,1267.410611
-40.682286,50,1267.66948
-40.429269,50,1267.927933
-36.522708,50,1268.186207
-33.713375,50,1268.442593
-34.553013,50,1268.697592
-44.654333,50,1268.957122
-35.360618,50,1269.213406
-36.679001,50,1269.46866
-37.671506,50,1269.723652
-40.906883,50,1269.981536
-39.79493,50,1270.240641
-40.637252,50,1270.494629
-38.416223,50,1270.752198
-34.93351,50,1271.010774
-36.52283,50,1271.268272
-39.782133,50,1271.52653
-43.636045,50,1271.773988
-37.738481,50,1271.957161
-32.679385,50,1272.223114
-42.177031,50,1272.482392
-40.692465,50,1272.740843
-41.350294,50,1273.036954
-34.914878,50,1273.295868
-35.248759,50,1273.550471
-40.956909,50,1273.808631
-40.323927,50,1274.070913
-32.565723,50,1274.330492
-39.756602,50,1274.589516
-36.939646,50,1274.847567
-41.879282,50,1275.116532
-42.285015,50,1275.37434
-42.768057,50,1275.632027
-39.068327,50,1275.89326
-38.867855,50,1276.15773
-44.18673,50,1276.415021
-39.931553,50,1276.670387
-38.040575,50,1276.925402
-34.964047,50,1277.182369
-27.810966,50,1277.437259
-43.54271,50,1277.694048
-37.475647,50,1277.949173
-34.114723,50,1278.206762
-33.443674,50,1278.462283
-31.359877,50,1278.718731
-37.162292,50,1278.973164
-38.833607,50,1279.228184
-39.123144,50,1279.483817
-32.687386,50,1279.739678
-31.333715,50,1280.00009
-37.456306,50,1280.25783
-37.947708,50,1280.515214
-35.861472,50,1280.768195
-30.904575,50,1281.027303
-35.89122,50,1281.283174
-29.737419,50,1281.542017
-39.651534,50,1281.799363
-40.489215,50,1282.05685
-38.66002,50,1282.317022
-32.766451,50,1282.580749
-36.295707,50,1282.845304
-35.891851,50,1283.1062
-33.666984,50,1283.367163
-45.070838,50,1283.624329
-36.325862,50,1283.883983
-42.324888,50,1284.143518
-34.159729,50,1284.401402
-37.741264,50,1284.659369
-35.013609,50,1284.916317
-37.222154,50,1285.169016
-34.093324,50,1285.42633
-33.652008,50,1285.681963
-33.557829,50,1285.936335
-35.734126,50,1286.191905
-40.186979,50,1286.449207
-40.158634,50,1286.704828
-36.123878,50,1286.961366
-30.754043,50,1287.217265
-41.07804,50,1287.473174
-37.729204,50,1287.731762
-40.479633,50,1287.989531
-42.654234,50,1288.246048
-38.59862,50,1288.502657
-40.220073,50,1288.758425
-32.701397,50,1289.013633
-33.290463,50,1289.26817
-38.699663,50,1289.524887
-40.860061,50,1289.780114
-37.350263,50,1290.036571
-37.354402,50,1290.28917
-33.502469,50,1290.544529
-42.502091,50,1290.798289
-36.112822,50,1291.052224
-39.358427,50,1291.308368
-34.53884,50,1291.56786
-34.436399,50,1291.823056
-36.922073,50,1292.075873
-30.824045,50,1292.328615
-33.217667,50,1292.585402
-37.427844,50,1292.838307
-38.089009,50,1293.093012
-33.986824,50,1293.351733
-37.00324,50,1293.60991
-41.458554,50,1293.8643
-41.188811,50,1294.121798
-39.877228,50,1294.377672
-32.894219,50,1294.643406
-42.860625,50,1294.900942
-35.497408,50,1295.157883
-39.713096,50,1295.415227
-43.258946,50,1295.675292
-33.435556,50,1295.932538
-33.403565,50,1296.190614
-40.527077,50,1296.449061
-37.479193,50,1296.713469
-40.488799,50,1296.971466
-32.754938,50,1297.228793
-39.272748,50,1297.487496
-43.691721,50,1297.751131
-42.542344,50,1298.030212
-35.148042,50,1298.297198
-42.919455,50,1298.555906
-32.887375,50,1298.815711
-33.406607,50,1299.072316
-33.783798,50,1299.327018
-34.265505,50,1299.584863
-38.547777,50,1299.847223
-33.112985,50,1300.109458
-36.952474,50,1300.368951
-37.433959,50,1300.629106
-33.799681,50,1300.89086
-37.017867,50,1301.150484
-43.947654,50,1301.413032
-30.772729,50,1301.674828
-41.495864,50,1301.931889
-37.222052,50,1302.190326
-38.706946,50,1302.450304
-41.114521,50,1302.715533
-39.463529,50,1302.973696
-37.136131,50,1303.234095
-37.028326,50,1303.502125
-32.194321,50,1303.769626
-36.897077,50,1304.105499
-44.016071,50,1304.381988
-36.907446,50,1304.650436
-41.387054,50,1304.919945
-30.540026,50,1305.184914
-35.744541,50,1305.449679
-44.276056,50,1305.712119
-26.886769,50,1305.968702
-40.278548,50,1306.227915
-42.271166,50,1306.486821
-41.065071,50,1306.744742
-41.029347,50,1307.004209
-43.077243,50,1307.26439
-35.202903,50,1307.52287
-35.312189,50,1307.780477
-36.343698,50,1308.036911
-34.386273,50,1308.297853
-37.638449,50,1308.556711
-39.03968,50,1308.813463
-33.408275,50,1309.070999
-39.659987,50,1309.328543
-39.666765,50,1309.589149
-37.297333,50,1309.849208
-30.760292,50,1310.108266
-39.135433,50,1310.368117
-32.729356,50,1310.630425
-36.529998,50,1310.889941
-31.96348,50,1311.147296
-40.781795,50,1311.406591
-35.216716,50,1311.664123
-39.507225,50,1311.923823
-39.668394,50,1312.180587
-38.291699,50,1312.442513
-36.718326,50,1312.704037
-31.316377,50,1312.96353
-36.61755,50,1313.220839
-37.964184,50,1313.482157
-38.174277,50,1313.739584
-36.016663,50,1313.998401
-40.236442,50,1314.259731
-31.618466,50,1314.520708
-40.604092,50,1314.777989
-33.725887,50,1315.037375
-37.99877,50,1315.296442
-37.310366,50,1315.55666
-45.913656,50,1315.8134
-33.511394,50,1316.07065
-38.837149,50,1316.330125
-39.264468,50,1316.588284
-33.017587,50,1316.847248
-35.853785,50,1317.105778
-38.504666,50,1317.364882
-36.800126,50,1317.625059
-36.463253,50,1317.883217
-35.297474,50,1318.142466
-35.755852,50,1318.40131
-35.679943,50,1318.661245
-33.490764,50,1318.9211
-31.273195,50,1319.177924
-35.843811,50,1319.433976
-34.308583,50,1319.692953
-39.71282,50,1319.953453
-41.47726,50,1320.214008
-37.426326,50,1320.473117
-35.760143,50,1320.735747
-37.256502,50,1320.99604
-36.538385,50,1321.253887
-36.20702,50,1321.514775
-40.137009,50,1321.773474
-37.965209,50,1322.032197
-44.960844,50,1322.287261
-36.547654,50,1322.547361
-40.129818,50,1322.817419
-42.89012,50,1323.078339
-37.451494,50,1323.341622
-41.708342,50,1323.606768
-41.977655,50,1323.873111
-34.822404,50,1324.136167
-38.345569,50,1324.397822
-41.951321,50,1324.662695
-36.538934,50,1324.923048
-39.583284,50,1325.181379
-37.753522,50,1325.44069
-31.091999,50,1325.698034
-34.167772,50,1325.958009
-41.662398,50,1326.217212
-29.344967,50,1326.476056
-40.596376,50,1326.732536
-30.055678,50,1327.050302
-35.694838,50,1327.319856
-29.960355,50,1327.579897
-34.739455,50,1327.841309
-41.755297,50,1328.101781
-37.07882,50,1328.367352
-37.507287,50,1328.645495
-39.200694,50,1328.911048
-42.604715,50,1329.174484
-43.653956,50,1329.433085
-39.069992,50,1329.694785
-35.445693,50,1329.95451
-43.363254,50,1330.218424
-37.008989,50,1330.477714
-38.913777,50,1330.739026
-39.597875,50,1331.000779
-38.371007,50,1331.264167
-43.630081,50,1331.522541
-41.983118,50,1331.779618
-36.019149,50,1332.036409
-40.262753,50,1332.296018
-37.913259,50,1332.55802
-41.148148,50,1332.819118
-35.249636,50,1333.078117
-34.479689,50,1333.338588
-35.803421,50,1333.596557
-43.201643,50,1333.856447
-35.959709,50,1334.118649
-38.806016,50,1334.380963
-43.071502,50,1334.645455
-37.239378,50,1334.906447
-28.897095,50,1335.167857
-39.229732,50,1335.430093
-40.523459,50,1335.689646
-28.879513,50,1335.94962
-42.579477,50,1336.209359
-32.682152,50,1336.470419
-39.943708,50,1336.730922
-32.33019,50,1336.990783
-38.041558,50,1337.249933
-35.372224,50,1337.510506
-36.673393,50,1337.772077
-35.869169,50,1338.03213
-34.819222,50,1338.292846
-40.49291,50,1338.554037
-32.19682,50,1338.814974
-26.665396,50,1339.075148
-30.984134,50,1339.333458
-38.145261,50,1339.594652
-36.028673,50,1339.850493
-39.441833,50,1340.108466
-45.422312,50,1340.36865
-28.724976,50,1340.628425
-36.91623,50,1340.889175
-31.941199,50,1341.149072
-34.591706,50,1341.411539
-30.155248,50,1341.675532
-40.392173,50,1341.937507
-36.700446,50,1342.201961
-38.807331,50,1342.465947
-38.263247,50,1342.730226
-38.805185,50,1342.994373
-27.821131,50,1343.259158
-37.996827,50,1343.524491
-41.650842,50,1343.794135
-38.014632,50,1344.059708
-43.745636,50,1344.326812
-32.37466,50,1344.588657
-32.414802,50,1344.860982
-39.987547,50,1345.122911
-34.578456,50,1345.38574
-35.424579,50,1345.645037
-41.879973,50,1345.90582
-41.374946,50,1346.166262
-34.536439,50,1346.423689
-36.813019,50,1346.680306
-34.798038,50,1346.942258
-33.047436,50,1347.201674
-31.89025,50,1347.457458
-30.597687,50,1347.717223
-36.699773,50,1348.043198
-37.120219,50,1348.321404
-34.009126,50,1348.584303
-30.476753,50,1348.843995
-37.970598,50,1349.105819
-36.487814,50,1349.366562
-36.814145,50,1349.625579
-41.959274,50,1349.884586
-37.771329,50,1350.147298
-30.223453,50,1350.407114
-38.059288,50,1350.668714
-42.160629,50,1350.930041
-38.598342,50,1351.192418
-26.228435,50,1351.453507
-37.150676,50,1351.714528
-34.587732,50,1351.975748
-40.527652,50,1352.235612
-32.470906,50,1352.495686
-36.018891,50,1352.756836
-40.631344,50,1353.016748
-37.636043,50,1353.279707
-29.187026,50,1353.539225
-36.081567,50,1353.802236
-42.501961,50,1354.062501
-31.650482,50,1354.325801
-39.331395,50,1354.586238
-32.773272,50,1354.848652
-31.285076,50,1355.109138
-40.152202,50,1355.370841
-39.625414,50,1355.631365
-34.034293,50,1355.889525
-34.124272,50,1356.150335
-40.997555,50,1356.428139
-43.185989,50,1356.689142
-26.984813,50,1356.948959
-36.113036,50,1357.210227
-40.547813,50,1357.467497
-34.990517,50,1357.727526
-37.233085,50,1357.988662
-43.945463,50,1358.246746
-28.968782,50,1358.510879
-38.186786,50,1358.771132
-41.261175,50,1359.031061
-34.474352,50,1359.292192
-42.759701,50,1359.553422
-40.93491,50,1359.816811
-35.506847,50,1360.074027
-32.9073,50,1360.332239
-37.128684,50,1360.592885
-32.240344,50,1360.855695
-38.998552,50,1361.115876
-38.936141,50,1361.378191
-38.013853,50,1361.640492
-30.386795,50,1361.900395
-36.883283,50,1362.161783
-33.618663,50,1362.423921
-44.298812,50,1362.688432
-31.901435,50,1362.951512
-38.238541,50,1363.21222
-32.967561,50,1363.473593
-43.399621,50,1363.740342
-39.817618,50,1364.003896
-37.03229,50,1364.267048
-33.108159,50,1364.530881
-33.970181,50,1364.810288
-35.939495,50,1365.075836
-33.819741,50,1365.336194
-33.471586,50,1365.598489
-38.335807,50,1365.871929
-40.264365,50,1366.132216
-39.151936,50,1366.394626
-31.727802,50,1366.654979
-39.987583,50,1366.919113
-42.888943,50,1367.180721
-42.367273,50,1367.44155
-38.288094,50,1367.702269
-37.047015,50,1367.964274
-39.019248,50,1368.225117
-30.344145,50,1368.484173
-41.644184,50,1368.744878
-44.202692,50,1369.009144
-37.563039,50,1369.270523
-30.394106,50,1369.529032
-33.857604,50,1369.791477
-30.925889,50,1370.114904
-40.106845,50,1370.373717
-33.163716,50,1370.631427
-32.059703,50,1370.890778
-40.396658,50,1371.152104
-35.443091,50,1371.412212
-34.453729,50,1371.670793
-29.098549,50,1371.931931
-38.815186,50,1372.194068
-33.969273,50,1372.453563
-39.685828,50,1372.710136
-32.27755,50,1372.971373
-34.412908,50,1373.231382
-35.539249,50,1373.489092
-36.357819,50,1373.749406
-37.511263,50,1374.007237
-38.622646,50,1374.265493
-41.962893,50,1374.525708
-38.9771,50,1374.786284
-43.770963,50,1375.046321
-41.358639,50,1375.309061
-41.360682,50,1375.571368
-41.825061,50,1375.832188
-30.963546,50,1376.0919
-34.349186,50,1376.355905
-38.859752,50,1376.616959
-37.390677,50,1376.875866
-40.579758,50,1377.13761
-35.183615,50,1377.400921
-27.822882,50,1377.661427
-30.838131,50,1377.92536
-33.632539,50,1378.18737
-28.856268,50,1378.463812
-35.388989,50,1378.724178
-28.448936,50,1378.98117
-43.917103,50,1379.23971
-30.446602,50,1379.500939
-45.86691,50,1379.762765
-38.886077,50,1380.022246
-36.390762,50,1380.280739
-28.419691,50,1380.541831
-36.809203,50,1380.806431
-38.409045,50,1381.068135
-38.365372,50,1381.329389
-41.5376,50,1381.590012
-30.654258,50,1381.849665
-37.180156,50,1382.109079
-37.17339,50,1382.371676
-37.081483,50,1382.630847
-40.352427,50,1382.893506
-27.9858,50,1383.156206
-35.233464,50,1383.418995
-43.459507,50,1383.687456
-33.830988,50,1383.950612
-40.471275,50,1384.216293
-29.17219,50,1384.482207
-35.743144,50,1384.751661
-35.587798,50,1385.015258
-34.417145,50,1385.277345
-40.356387,50,1385.540101
-38.746967,50,1385.802186
-36.029242,50,1386.064975
-42.94118,50,1386.324487
-32.861175,50,1386.584601
-30.091768,50,1386.862704
-31.427739,50,1387.119924
-33.451505,50,1387.379029
-33.75724,50,1387.638034
-35.244507,50,1387.911334
-40.39516,50,1388.172894
-33.30323,50,1388.432349
-31.365396,50,1388.697866
-27.960875,50,1388.974103
-38.143704,50,1389.23801
-37.12187,50,1389.500323
-41.20024,50,1389.759575
-43.93763,50,1390.045722
-28.628383,50,1390.318435
-34.104997,50,1390.578588
-42.412285,50,1390.835959
-36.233475,50,1391.264683
-44.750728,50,1391.526342
-42.230064,50,1391.788362
-29.112081,50,1392.050607
-43.571062,50,1392.312093
-36.232241,50,1392.57692
-33.517036,50,1392.839478
-43.603841,50,1393.100718
-37.212679,50,1393.364443
-38.167969,50,1393.624902
-41.459507,50,1393.885712
-33.997239,50,1394.147578
-43.562704,50,1394.410309
-35.060268,50,1394.671106
-29.138456,50,1394.931301
-33.25871,50,1395.190209
-34.620286,50,1395.453978
-39.669461,50,1395.714374
-36.623411,50,1395.977889
-38.446211,50,1396.235956
-33.150896,50,1396.496913
-29.611103,50,1396.757894
-31.059284,50,1397.016763
-37.345767,50,1397.274553
-39.329332,50,1397.534408
-41.909416,50,1397.793716
-33.818591,50,1398.056429
-39.989997,50,1398.317261
-40.697656,50,1398.577726
-46.442999,50,1398.83862
-35.655399,50,1399.097445
-36.941151,50,1399.35845
-35.745805,50,1399.618511
-35.901856,50,1399.878916
-42.302513,50,1400.139339
-30.923391,50,1400.399616
-32.37031,50,1400.657772
-28.184556,50,1400.915403
-40.599742,50,1401.172018
-33.04721,50,1401.433644
-40.418164,50,1401.693613
-38.918896,50,1401.95417
-37.326336,50,1402.214951
-42.196709,50,1402.478075
-38.717907,50,1402.73984
-44.01766,50,1403.004058
-30.396069,50,1403.261519
-42.197996,50,1403.5213
-36.638174,50,1403.784201
-40.30797,50,1404.045356
-41.604101,50,1404.306422
-30.227261,50,1404.571251
-38.853553,50,1404.838323
-32.966698,50,1405.102985
-28.466574,50,1405.367742
-32.398683,50,1405.634004
-28.979259,50,1405.910239
-32.88855,50,1406.172228
-37.035377,50,1406.43187
-33.088292,50,1406.694497
-33.553033,50,1406.959818
-42.144359,50,1407.219654
-37.770396,50,1407.482124
-36.20262,50,1407.74418
-41.525025,50,1408.018246
-41.557582,50,1408.280261
-44.156801,50,1408.537855
-41.913239,50,1408.797831
-42.910701,50,1409.127703
-41.255851,50,1409.399797
-37.924885,50,1409.659967
-42.449376,50,1409.920304
-43.605359,50,1410.181053
-39.431984,50,1410.440579
-40.505616,50,1410.697901
-31.309322,50,1410.956361
-31.856536,50,1411.218211
-28.770561,50,1411.4782
-35.734634,50,1411.73785
-44.748364,50,1411.998195
-38.501562,50,1412.262118
-27.645888,50,1412.523171
-39.45314,50,1412.782262
-34.288125,50,1413.046119
-41.706402,50,1413.307826
-36.293337,50,1413.569413
-32.25805,50,1413.831144
-31.158982,50,1414.092399
-36.997828,50,1414.356423
-35.876303,50,1414.623193
-33.176076,50,1414.886965
-38.507373,50,1415.148506
-37.526657,50,1415.412723
-39.363136,50,1415.676846
-33.454975,50,1415.942869
-37.318586,50,1416.205594
-35.433919,50,1416.470886
-40.108738,50,1416.750399
-35.881868,50,1417.020736
-40.231069,50,1417.283231
-44.296055,50,1417.548853
-29.161645,50,1417.815896
-42.876308,50,1418.080515
-36.054485,50,1418.342705
-37.644441,50,1418.604339
-38.304295,50,1418.864639
-28.865122,50,1419.12563
-36.99585,50,1419.386744
-39.573821,50,1419.647979
-38.86989,50,1419.912074
-27.475533,50,1420.16733
-31.5814,50,1420.42696
-37.125083,50,1420.688247
-34.10826,50,1420.947556
-39.811507,50,1421.207685
-35.140256,50,1421.469433
-35.641502,50,1421.734086
-31.540519,50,1421.99465
-41.517624,50,1422.253926
-34.979452,50,1422.516342
-41.433666,50,1422.777196
-40.968715,50,1423.037907
-30.444339,50,1423.298772
-33.181655,50,1423.5584
-35.393397,50,1423.822085
-34.391423,50,1424.084826
-38.760006,50,1424.344827
-35.733939,50,1424.606222
-27.566905,50,1424.869785
-34.187307,50,1425.148759
-31.857724,50,1425.427584
-40.392825,50,1425.694219
-37.692215,50,1425.969085
-32.890563,50,1426.232946
-33.145944,50,1426.496707
-36.445863,50,1426.758109
-29.85412,50,1427.072193
-41.364758,50,1427.336405
-34.948592,50,1427.607549
-28.04424,50,1427.868786
-33.030909,50,1428.134492
-36.281798,50,1428.398364
-30.31791,50,1428.660638
-40.677801,50,1428.921039
-39.542036,50,1429.183972
-32.28712,50,1429.445094
-38.685397,50,1429.707093
-42.344666,50,1429.967028
-32.424136,50,1430.230485
-43.666406,50,1430.492277
-34.773303,50,1430.75264
-35.477853,50,1431.014938
-41.274243,50,1431.277721
-31.577204,50,1431.53923
-42.058941,50,1431.805162
-40.202027,50,1432.067785
-37.605763,50,1432.330561
-38.644162,50,1432.595431
-34.55264,50,1432.857982
-34.416184,50,1433.121901
-38.670323,50,1433.386212
-33.722596,50,1433.648411
-33.908527,50,1433.914154
-37.598795,50,1434.175177
-29.17515,50,1434.436206
-36.098533,50,1434.701319
-35.584238,50,1434.963777
-43.642682,50,1435.225562
-36.291489,50,1435.49101
-32.564211,50,1435.752595
-39.966324,50,1436.017707
-45.947357,50,1436.279618
-39.583393,50,1436.545506
-32.543951,50,1436.809315
-40.144724,50,1437.073015
-34.554384,50,1437.337331
-35.530562,50,1437.603202
-39.41166,50,1437.870491
-44.903029,50,1438.135829
-29.728584,50,1438.402313
-36.207033,50,1438.664911
-38.001831,50,1438.927189
-45.929213,50,1439.189203
-40.731516,50,1439.452558
-35.56836,50,1439.715355
-40.058534,50,1439.977168
-36.283355,50,1440.240162
-37.884099,50,1440.498902
-36.697084,50,1440.764109
-30.814058,50,1441.026386
-37.595762,50,1441.288226
-29.08795,50,1441.549105
-39.4835,50,1441.813209
-40.176644,50,1442.077598
-38.890145,50,1442.343447
-31.948287,50,1442.606681
-31.946749,50,1442.86874
-40.953025,50,1443.133501
-32.324297,50,1443.397407
-41.371285,50,1443.660747
-40.85261,50,1443.934717
-37.364628,50,1444.19555
-39.54768,50,1444.455719
-26.667971,50,1444.722534
-27.748532,50,1444.988495
-40.612035,50,1445.252914
-33.89516,50,1445.515726
-34.331729,50,1445.776467
-38.216744,50,1446.104448
-40.194568,50,1446.379845
-42.839344,50,1446.644112
-32.059302,50,1446.907623
-40.095554,50,1447.167783
-43.605277,50,1447.429229
-31.934443,50,1447.688542
-32.479225,50,1447.949649
-44.802632,50,1448.212551
-36.504675,50,1448.472712
-40.814012,50,1448.731606
-37.779223,50,1448.991569
-31.075472,50,1449.254453
-35.611134,50,1449.516271
-34.197653,50,1449.776228
-36.218252,50,1450.036364
-32.598472,50,1450.297987
-42.060365,50,1450.558101
-44.669588,50,1450.818234
-42.058083,50,1451.079435
-37.068098,50,1451.343057
-39.987678,50,1451.604427
-34.27888,50,1451.867108
-41.682825,50,1452.128136
-36.616667,50,1452.390134
-29.398443,50,1452.650787
-38.59785,50,1452.911239
-35.354953,50,1453.171906
-28.618672,50,1453.434385
-37.848087,50,1453.694518
-39.240096,50,1453.955287
-30.133434,50,1454.216462
-35.185093,50,1454.479143
-41.91303,50,1454.737709
-40.899191,50,1455.001393
-40.023644,50,1455.263017
-40.28821,50,1455.526583
-42.436913,50,1455.787552
-36.002242,50,1456.048297
-42.717792,50,1456.308739
-37.195372,50,1456.571901
-44.630942,50,1456.836556
-36.187069,50,1457.098991
-41.125015,50,1457.363034
-40.3289,50,1457.626868
-33.638083,50,1457.88798
-39.957165,50,1458.154595
-35.685647,50,1458.418863
-36.665788,50,1458.679546
-42.896988,50,1458.938513
-35.965439,50,1459.198403
-33.301703,50,1459.457916
-31.679445,50,1459.717494
-34.832856,50,1459.977112
-35.423259,50,1460.238555
-39.927703,50,1460.497202
-44.243481,50,1460.757376
-39.186362,50,1461.018867
-44.539003,50,1461.275589
-45.495114,50,1461.536158
-32.469212,50,1461.794232
-36.24694,50,1462.055901
-34.504834,50,1462.322561
-35.876884,50,1462.586348
-36.421601,50,1462.859481
-31.122863,50,1463.124979
-32.694282,50,1463.3881
-36.758827,50,1463.651141
-30.35525,50,1463.914243
-37.181997,50,1464.177643
-34.653082,50,1464.438005
-44.868165,50,1464.700755
-41.024767,50,1464.968672
-41.476988,50,1465.234984
-38.815849,50,1465.500488
-37.148212,50,1465.764799
-28.75807,50,1466.083046
-44.532547,50,1466.357956
-44.324266,50,1466.621103
-41.339654,50,1466.885908
-33.255069,50,1467.150916
-42.226001,50,1467.415175
-39.145351,50,1467.679401
-32.8371,50,1467.944256
-40.362163,50,1468.209199
-30.375177,50,1468.46928
-35.057955,50,1468.729688
-39.510822,50,1468.992692
-34.324439,50,1469.255246
-36.467848,50,1469.515806
-37.801896,50,1469.776633
-33.458908,50,1470.036584
-35.358988,50,1470.300106
-33.443707,50,1470.56175
-31.571703,50,1470.825246
-34.408907,50,1471.086656
-33.165416,50,1471.349834
-34.246611,50,1471.613116
-28.915735,50,1471.873402
-38.744025,50,1472.138266
-30.528025,50,1472.400922
-43.544401,50,1472.664942
-39.064794,50,1472.929494
-39.146203,50,1473.192454
-41.340197,50,1473.459105
-36.779959,50,1473.722001
-32.354304,50,1473.983225
-30.213176,50,1474.248169
-39.64962,50,1474.511246
-28.232358,50,1474.772648
-38.200181,50,1475.036055
-37.658335,50,1475.295382
-35.43049,50,1475.561747
-33.097838,50,1475.823526
-30.923644,50,1476.088385
-40.433664,50,1476.350065
-36.247303,50,1476.614149
-31.480709,50,1476.876815
-29.088435,50,1477.138973
-36.4172,50,1477.40143
-39.134133,50,1477.664263
-30.932112,50,1477.927305
-45.669666,50,1478.190393
-41.216637,50,1478.45473
-40.64774,50,1478.715096
-36.112704,50,1478.976478
-44.689824,50,1479.239079
-31.886743,50,1479.500025
-31.14384,50,1479.761908
-46.440569,50,1480.023836
-34.255663,50,1480.285948
-43.465525,50,1480.5474
-38.805511,50,1480.810182
-35.66636,50,1481.071567
-40.099244,50,1481.334993
-30.376707,50,1481.598505
-39.129876,50,1481.861622
-32.538009,50,1482.121037
-38.140593,50,1482.379939
-34.935276,50,1482.644388
-27.556616,50,1482.923438
-39.048605,50,1483.188719
-35.139016,50,1483.452267
-30.00257,50,1483.712312
-39.418796,50,1483.975994
-30.226332,50,1484.238243
-30.725838,50,1484.500554
-34.534731,50,1484.761
-38.880083,50,1485.091276
-32.815783,50,1485.366745
-34.77435,50,1485.649133
-32.183485,50,1485.926371
-39.831104,50,1486.195401
-39.453551,50,1486.460651
-40.670806,50,1486.723816
-40.077545,50,1486.992345
-36.234605,50,1487.257274
-36.741755,50,1487.520345
-41.550899,50,1487.784758
-35.571434,50,1488.04647
-43.038,50,1488.312612
-38.086563,50,1488.577934
-38.273863,50,1488.84247
-31.653049,50,1489.105772
-44.04569,50,1489.370356
-36.20651,50,1489.631619
-37.623566,50,1489.89118
-39.206723,50,1490.151617
-43.963315,50,1490.413938
-39.303534,50,1490.674182
-44.330812,50,1490.935234
-40.822824,50,1491.196009
-34.99365,50,1491.459028
-33.617857,50,1491.719524
-42.752397,50,1491.984627
-43.183532,50,1492.244163
-42.887576,50,1492.505744
-36.783787,50,1492.769968
-39.83245,50,1493.033494
-40.526365,50,1493.29744
-38.161359,50,1493.564077
-37.208507,50,1493.82259
-39.789223,50,1494.084304
-37.960836,50,1494.34685
-43.959796,50,1494.610553
-34.004459,50,1494.871953
-45.021141,50,1495.132076
-36.401262,50,1495.393399
-38.962725,50,1495.658112
-35.726977,50,1495.922564
-39.158401,50,1496.18247
-41.483787,50,1496.445668
-32.551337,50,1496.708036
-44.003553,50,1496.971675
-32.306375,50,1497.235612
-43.998787,50,1497.499786
-34.06281,50,1497.766113
-33.020112,50,1498.026117
-31.716888,50,1498.289365
-43.388143,50,1498.551459
-40.366577,50,1498.812244
-33.6955,50,1499.073816
-37.306431,50,1499.33501
-32.913713,50,1499.5981
-35.495663,50,1499.858641
-35.96903,50,1500.118772
-35.319361,50,1500.381081
-41.977945,50,1500.646034
-33.700116,50,1500.910165
-39.087827,50,1501.171328
-39.056444,50,1501.433383
-37.214785,50,1501.696327
-43.597961,50,1501.957597
-35.291246,50,1502.219862
-36.141703,50,1502.481659
-38.040591,50,1502.7426
-38.587647,50,1503.019431
-32.154714,50,1503.284046
-43.532225,50,1503.546398
-35.252381,50,1503.811533
-39.659275,50,1504.133027
-40.150773,50,1504.403501
-36.233632,50,1504.66518
-30.709807,50,1504.925473
-35.783617,50,1505.19448
-39.127884,50,1505.460341
-40.556719,50,1505.728906
-39.933563,50,1505.995933
-39.960135,50,1506.287455
-37.62815,50,1506.571619
-32.05399,50,1506.838273
-43.307479,50,1507.103231
-26.499104,50,1507.368237
-36.026534,50,1507.630437
-34.415846,50,1507.894268
-34.512327,50,1508.156621
-32.343316,50,1508.421236
-36.977284,50,1508.684661
-37.212957,50,1508.948278
-30.57684,50,1509.212337
-37.521827,50,1509.476561
-35.382188,50,1509.73967
-41.629829,50,1510.003222
-37.637191,50,1510.266617
-33.204521,50,1510.529461
-32.517603,50,1510.793372
-39.614664,50,1511.056886
-35.654676,50,1511.318828
-36.022567,50,1511.584283
-38.026575,50,1511.846323
-36.994213,50,1512.107075
-44.595061,50,1512.369334
-39.968779,50,1512.630907
-37.090706,50,1512.894817
-34.990878,50,1513.160465
-34.363659,50,1513.423878
-33.208331,50,1513.690082
-40.801259,50,1513.953786
-31.159,50,1514.214243
-35.49243,50,1514.478396
-39.97366,50,1514.74197
-37.604747,50,1515.005711
-41.769413,50,1515.267947
-39.667617,50,1515.530329
-39.334604,50,1515.794926
-36.415172,50,1516.057558
-38.995882,50,1516.319363
-43.652053,50,1516.581781
-37.485166,50,1516.847024
-43.680492,50,1517.110636
-31.147724,50,1517.376646
-40.130379,50,1517.641907
-32.248869,50,1517.905847
-34.926393,50,1518.173914
-38.933226,50,1518.438704
-32.690573,50,1518.699534
-40.818247,50,1518.96186
-41.601244,50,1519.22346
-39.828076,50,1519.488217
-29.082597,50,1519.749688
-36.456257,50,1520.085143
-34.027786,50,1520.347222
-36.142132,50,1520.608185
-41.358711,50,1520.867749
-36.676945,50,1521.136577
-35.007421,50,1521.398374
-42.92986,50,1521.658253
-36.765472,50,1521.921329
-43.697799,50,1522.185668
-37.39904,50,1522.44923
-33.050811,50,1522.70935
-28.535765,50,1522.972441
