#{"t_start": 1769181951.8900201, "env_id": "FetchReach-v4"}
r,l,t
-49.0,50,0.370914
-50.0,50,0.399596
-50.0,50,0.428047
-50.0,50,0.45543
-50.0,50,0.490358
-50.0,50,0.518808
-45.0,50,0.548563
-50.0,50,0.577081
-45.0,50,0.606185
-50.0,50,0.633103
-50.0,50,0.660713
-50.0,50,0.687613
-50.0,50,0.715529
-50.0,50,0.742944
-50.0,50,0.774442
-50.0,50,0.801737
-50.0,50,0.829345
-50.0,50,0.856477
-38.0,50,0.884249
-50.0,50,0.911524
-50.0,50,0.938392
-48.0,50,0.967162
-49.0,50,0.996256
-50.0,50,1.023902
-50.0,50,1.051724
-49.0,50,1.081528
-50.0,50,1.110362
-50.0,50,1.137504
-50.0,50,1.165407
-48.0,50,1.19393
-50.0,50,1.222649
-50.0,50,1.252053
-50.0,50,1.28397
-50.0,50,1.314177
-50.0,50,1.343259
-50.0,50,1.370156
-46.0,50,1.396742
-50.0,50,1.426771
-46.0,50,1.454414
-48.0,50,1.481672
-50.0,50,1.509826
-50.0,50,1.536998
-50.0,50,1.56399
-50.0,50,1.591334
-50.0,50,1.619243
-50.0,50,1.646209
-50.0,50,1.673612
-50.0,50,1.700974
-50.0,50,1.728489
-50.0,50,1.756013
-50.0,50,1.783455
-50.0,50,1.809675
-50.0,50,1.838825
-50.0,50,1.870222
-50.0,50,1.897926
-50.0,50,1.926264
-50.0,50,1.954135
-50.0,50,1.982221
-50.0,50,2.009151
-50.0,50,2.037392
-50.0,50,2.067021
-48.0,50,2.094737
-50.0,50,2.124186
-50.0,50,2.15471
-50.0,50,2.184142
-50.0,50,2.213333
-50.0,50,2.241796
-50.0,50,2.268959
-50.0,50,2.298174
-49.0,50,2.326371
-50.0,50,2.354803
-46.0,50,2.382245
-50.0,50,2.409389
-50.0,50,2.436693
-49.0,50,2.465693
-50.0,50,2.494365
-39.0,50,2.522553
-50.0,50,2.550343
-48.0,50,2.578828
-50.0,50,2.605631
-50.0,50,2.634417
-50.0,50,2.662076
-43.0,50,2.689117
-50.0,50,2.722067
-50.0,50,2.750765
-50.0,50,2.778702
-50.0,50,2.806135
-50.0,50,2.835203
-48.0,50,2.86358
-50.0,50,2.890721
-50.0,50,2.921359
-50.0,50,2.948503
-50.0,50,2.97961
-50.0,50,3.006721
-50.0,50,3.033449
-50.0,50,3.062196
-50.0,50,3.089611
-48.0,50,3.118003
-40.0,50,3.145869
-50.0,50,3.173958
-50.0,50,3.406817
-50.0,50,3.618085
-50.0,50,3.830319
-49.0,50,4.046372
-50.0,50,4.259214
-50.0,50,4.471477
-50.0,50,4.68282
-50.0,50,4.895084
-50.0,50,5.108875
-50.0,50,5.324525
-50.0,50,5.539929
-50.0,50,5.768551
-50.0,50,5.992138
-50.0,50,6.216374
-49.0,50,6.432988
-50.0,50,6.650229
-50.0,50,6.876323
-50.0,50,7.105409
-50.0,50,7.334029
-50.0,50,7.55552
-50.0,50,7.779177
-50.0,50,7.997545
-50.0,50,8.214168
-50.0,50,8.431438
-50.0,50,8.650487
-50.0,50,8.870942
-50.0,50,9.086941
-50.0,50,9.303626
-50.0,50,9.522902
-35.0,50,9.738977
-50.0,50,9.955898
-50.0,50,10.172717
-50.0,50,10.389549
-50.0,50,10.607165
-50.0,50,10.825318
-50.0,50,11.038705
-50.0,50,11.25365
-50.0,50,11.469104
-50.0,50,11.684797
-50.0,50,11.899641
-50.0,50,12.119006
-50.0,50,12.334647
-50.0,50,12.550878
-50.0,50,12.768194
-50.0,50,12.987171
-50.0,50,13.203867
-50.0,50,13.42318
-50.0,50,13.638767
-50.0,50,13.852912
-50.0,50,14.066376
-50.0,50,14.281009
-50.0,50,14.495209
-50.0,50,14.714818
-50.0,50,14.932433
-50.0,50,15.146743
-50.0,50,15.359368
-50.0,50,15.575036
-50.0,50,15.790147
-50.0,50,16.003229
-48.0,50,16.222191
-50.0,50,16.438392
-50.0,50,16.656691
-50.0,50,16.871805
-50.0,50,17.085281
-50.0,50,17.300954
-50.0,50,17.517235
-50.0,50,17.731874
-49.0,50,17.95217
-50.0,50,18.171841
-50.0,50,18.390326
-49.0,50,18.614233
-50.0,50,18.831448
-50.0,50,19.0568
-50.0,50,19.275754
-50.0,50,19.493257
-50.0,50,19.710504
-49.0,50,19.933432
-50.0,50,20.15072
-50.0,50,20.368243
-50.0,50,20.585835
-50.0,50,20.804252
-50.0,50,21.021662
-50.0,50,21.238918
-50.0,50,21.457598
-50.0,50,21.677564
-50.0,50,21.895217
-50.0,50,22.113768
-50.0,50,22.332551
-50.0,50,22.554061
-50.0,50,22.772432
-50.0,50,22.990295
-50.0,50,23.20782
-50.0,50,23.43285
-50.0,50,23.64801
-50.0,50,23.860987
-50.0,50,24.078916
-50.0,50,24.29201
-50.0,50,24.503949
-50.0,50,24.716406
-50.0,50,24.931818
-50.0,50,25.151785
-50.0,50,25.367986
-50.0,50,25.584756
-50.0,50,25.802269
-50.0,50,26.020703
-50.0,50,26.237221
-50.0,50,26.453703
-50.0,50,26.668446
-50.0,50,26.887822
-50.0,50,27.106165
-50.0,50,27.323124
-50.0,50,27.540508
-50.0,50,27.76434
-50.0,50,27.982751
-50.0,50,28.199641
-50.0,50,28.418508
-50.0,50,28.638881
-50.0,50,28.857198
-50.0,50,29.074501
-50.0,50,29.292674
-50.0,50,29.511696
-50.0,50,29.728999
-50.0,50,29.947013
-50.0,50,30.163868
-50.0,50,30.382477
-50.0,50,30.599266
-50.0,50,30.817828
-50.0,50,31.035064
-50.0,50,31.254605
-48.0,50,31.473781
-50.0,50,31.691722
-50.0,50,31.90922
-50.0,50,32.127055
-50.0,50,32.345384
-50.0,50,32.562607
-26.0,50,32.780239
-50.0,50,32.998264
-50.0,50,33.214938
-50.0,50,33.431519
-50.0,50,33.648118
-50.0,50,33.867555
-48.0,50,34.08495
-50.0,50,34.302179
-45.0,50,34.520182
-50.0,50,34.740341
-50.0,50,34.956888
-50.0,50,35.174401
-50.0,50,35.393189
-50.0,50,35.615421
-18.0,50,35.833886
-50.0,50,36.05193
-20.0,50,36.270106
-23.0,50,36.489175
-50.0,50,36.706478
-50.0,50,36.923994
-50.0,50,37.141134
-50.0,50,37.359103
-50.0,50,37.576675
-50.0,50,37.793415
-50.0,50,38.010844
-50.0,50,38.229117
-50.0,50,38.447013
-50.0,50,38.663895
-50.0,50,38.88099
-50.0,50,39.116514
-50.0,50,39.333394
-50.0,50,39.549707
-50.0,50,39.764716
-50.0,50,39.982709
-50.0,50,40.198371
-50.0,50,40.414669
-50.0,50,40.631568
-50.0,50,40.850311
-50.0,50,41.067577
-50.0,50,41.284904
-50.0,50,41.50177
-50.0,50,41.720221
-47.0,50,41.937163
-50.0,50,42.15346
-50.0,50,42.369558
-50.0,50,42.58996
-50.0,50,42.807376
-49.0,50,43.023425
-50.0,50,43.238377
-50.0,50,43.460253
-50.0,50,43.675199
-50.0,50,43.886651
-50.0,50,44.09911
-50.0,50,44.317402
-49.0,50,44.533335
-48.0,50,44.748613
-45.0,50,44.962826
-50.0,50,45.176309
-50.0,50,45.393197
-50.0,50,45.604067
-50.0,50,45.815056
-41.0,50,46.032337
-50.0,50,46.251175
-50.0,50,46.468297
-50.0,50,46.681912
-50.0,50,46.894914
-50.0,50,47.105076
-50.0,50,47.3193
-50.0,50,47.529635
-36.0,50,47.751838
-46.0,50,47.969233
-50.0,50,48.186511
-50.0,50,48.404071
-23.0,50,48.619924
-26.0,50,48.835165
-50.0,50,49.049552
-50.0,50,49.264667
-48.0,50,49.485883
-50.0,50,49.703705
-50.0,50,49.920623
-50.0,50,50.132122
-50.0,50,50.344411
-48.0,50,50.560082
-50.0,50,50.77671
-50.0,50,50.994114
-50.0,50,51.211351
-38.0,50,51.422656
-47.0,50,51.637655
-48.0,50,51.853139
-50.0,50,52.069344
-50.0,50,52.286847
-31.0,50,52.499348
-50.0,50,52.716918
-50.0,50,52.931853
-50.0,50,53.149099
-7.0,50,53.360613
-50.0,50,53.574879
-32.0,50,53.791228
-50.0,50,54.003861
-47.0,50,54.217328
-41.0,50,54.434554
-50.0,50,54.654382
-42.0,50,54.872399
-34.0,50,55.0828
-50.0,50,55.29615
-50.0,50,55.511233
-50.0,50,55.72783
-50.0,50,55.942625
-30.0,50,56.157113
-50.0,50,56.373584
-50.0,50,56.588912
-50.0,50,56.798934
-29.0,50,57.008706
-34.0,50,57.22714
-39.0,50,57.437518
-39.0,50,57.648781
-26.0,50,57.860757
-8.0,50,58.072874
-37.0,50,58.287021
0.0,50,58.49891
-23.0,50,58.711564
-33.0,50,58.928044
-24.0,50,59.14091
-24.0,50,59.353441
-11.0,50,59.565308
-28.0,50,59.778264
-40.0,50,60.004182
-28.0,50,60.218613
-50.0,50,60.431399
-34.0,50,60.646266
-43.0,50,60.857998
-50.0,50,61.070292
-50.0,50,61.283892
-50.0,50,61.496601
-50.0,50,61.710289
-50.0,50,61.920577
-50.0,50,62.133894
-50.0,50,62.345496
-50.0,50,62.557924
-45.0,50,62.769633
-41.0,50,62.98138
-50.0,50,63.197576
-50.0,50,63.407802
-45.0,50,63.617378
-50.0,50,63.82688
-50.0,50,64.04298
-50.0,50,64.253448
-50.0,50,64.463915
-48.0,50,64.674753
-50.0,50,64.887604
-45.0,50,65.100095
-40.0,50,65.314808
-50.0,50,65.525572
-50.0,50,65.737307
-50.0,50,65.950564
-50.0,50,66.165081
-50.0,50,66.375487
-21.0,50,66.591181
-33.0,50,66.802204
-38.0,50,67.013973
-50.0,50,67.225602
-50.0,50,67.441172
-45.0,50,67.651915
-50.0,50,67.864583
-50.0,50,68.076618
-18.0,50,68.291207
-50.0,50,68.503107
-13.0,50,68.717652
-46.0,50,68.927973
-50.0,50,69.142831
-22.0,50,69.35754
-37.0,50,69.568801
-50.0,50,69.779524
-7.0,50,69.996461
-40.0,50,70.207023
-50.0,50,70.420578
-49.0,50,70.631532
-50.0,50,70.842285
-50.0,50,71.051943
-50.0,50,71.262015
-50.0,50,71.472077
-44.0,50,71.687574
-50.0,50,71.897996
-24.0,50,72.108857
-7.0,50,72.324836
-16.0,50,72.537338
-17.0,50,72.748246
-9.0,50,72.958841
-26.0,50,73.168627
-50.0,50,73.381588
-16.0,50,73.593461
-5.0,50,73.810224
-42.0,50,74.019291
-1.0,50,74.235327
-42.0,50,74.446488
-13.0,50,74.657895
-50.0,50,74.869817
-50.0,50,75.082228
-31.0,50,75.293359
-4.0,50,75.50554
-50.0,50,75.715667
-2.0,50,75.927564
-50.0,50,76.138178
-44.0,50,76.356516
-10.0,50,76.569322
-50.0,50,76.782746
-50.0,50,76.994378
-35.0,50,77.211612
-50.0,50,77.423605
-50.0,50,77.635866
-17.0,50,77.847547
-50.0,50,78.059129
-19.0,50,78.269993
-22.0,50,78.489206
-25.0,50,78.703001
0.0,50,78.914623
-50.0,50,79.125618
-34.0,50,79.340837
-33.0,50,79.552461
-32.0,50,79.763967
-50.0,50,79.976862
-50.0,50,80.195374
-39.0,50,80.407762
-50.0,50,80.620052
-50.0,50,80.830949
-40.0,50,81.044819
-50.0,50,81.256304
-17.0,50,81.483931
-35.0,50,81.695868
-16.0,50,81.91159
-50.0,50,82.124747
-14.0,50,82.335747
-27.0,50,82.547582
-50.0,50,82.766835
-42.0,50,82.978004
-16.0,50,83.190416
-28.0,50,83.402073
-50.0,50,83.621465
-27.0,50,83.834242
-36.0,50,84.045911
-50.0,50,84.257695
-50.0,50,84.470941
-50.0,50,84.6829
-50.0,50,84.894333
-27.0,50,85.107817
-31.0,50,85.326255
-50.0,50,85.544044
-50.0,50,85.75591
-41.0,50,85.96771
-50.0,50,86.18074
-24.0,50,86.396793
-29.0,50,86.610142
-3.0,50,86.820425
-12.0,50,87.03421
-37.0,50,87.245302
-21.0,50,87.45708
-46.0,50,87.669138
-14.0,50,87.882068
-32.0,50,88.093353
-50.0,50,88.308855
0.0,50,88.520946
-1.0,50,88.734689
-9.0,50,88.950726
-50.0,50,89.162078
-12.0,50,89.373339
-17.0,50,89.775241
-32.0,50,89.988709
-40.0,50,90.199736
-50.0,50,90.41021
-36.0,50,90.626968
-29.0,50,90.844364
-50.0,50,91.059119
-50.0,50,91.271925
-32.0,50,91.487081
-11.0,50,91.699989
-42.0,50,91.911609
-11.0,50,92.127805
-35.0,50,92.34178
-50.0,50,92.55482
-50.0,50,92.76768
-44.0,50,92.97873
-50.0,50,93.198662
-50.0,50,93.415818
-14.0,50,93.629973
-37.0,50,93.843323
-3.0,50,94.065919
-4.0,50,94.283713
-28.0,50,94.496038
-27.0,50,94.708022
-9.0,50,94.922591
-50.0,50,95.141245
-8.0,50,95.353425
-11.0,50,95.564889
-36.0,50,95.783949
-8.0,50,95.995908
-42.0,50,96.210156
-40.0,50,96.422352
-50.0,50,96.644069
-41.0,50,96.859197
-18.0,50,97.070744
-5.0,50,97.284533
-50.0,50,97.501222
-19.0,50,97.713152
-6.0,50,97.930654
-50.0,50,98.142535
-48.0,50,98.355821
0.0,50,98.568467
-14.0,50,98.782527
-33.0,50,98.99377
-24.0,50,99.215176
-18.0,50,99.428195
-11.0,50,99.641835
-5.0,50,99.853354
-8.0,50,100.068258
-23.0,50,100.284359
-31.0,50,100.49775
-36.0,50,100.71497
-21.0,50,100.930794
-36.0,50,101.144001
-3.0,50,101.358038
-28.0,50,101.574268
-50.0,50,101.80369
-8.0,50,102.016881
-31.0,50,102.228188
-14.0,50,102.443866
-2.0,50,102.658339
-36.0,50,102.870881
-1.0,50,103.081718
-24.0,50,103.294057
-2.0,50,103.507679
-20.0,50,103.719776
-7.0,50,103.932264
-21.0,50,104.144637
-35.0,50,104.361322
0.0,50,104.574486
-3.0,50,104.787171
-28.0,50,105.003689
-1.0,50,105.21902
-14.0,50,105.44272
-3.0,50,105.665263
-11.0,50,105.885577
-12.0,50,106.11304
-14.0,50,106.327359
-8.0,50,106.546608
-18.0,50,106.761677
0.0,50,106.982551
-16.0,50,107.199312
-4.0,50,107.423888
-18.0,50,107.644748
-25.0,50,107.865277
-3.0,50,108.093038
-50.0,50,108.31474
-7.0,50,108.540946
-50.0,50,108.759111
-38.0,50,108.979888
-28.0,50,109.215454
-22.0,50,109.443132
-6.0,50,109.663451
-31.0,50,109.879152
-24.0,50,110.092018
-33.0,50,110.304519
-19.0,50,110.52672
-24.0,50,110.739698
-31.0,50,110.95151
-50.0,50,111.163285
-15.0,50,111.378599
-36.0,50,111.590459
-12.0,50,111.803858
-21.0,50,112.015135
-28.0,50,112.232489
-8.0,50,112.446115
-30.0,50,112.660134
-20.0,50,112.869949
-31.0,50,113.088679
-12.0,50,113.301299
-11.0,50,113.515647
-5.0,50,113.732424
-2.0,50,113.945482
0.0,50,114.158978
-5.0,50,114.371106
-1.0,50,114.583171
-3.0,50,114.795864
-26.0,50,115.010087
-2.0,50,115.223466
-10.0,50,115.435144
-22.0,50,115.649674
-1.0,50,115.862698
-21.0,50,116.079088
-4.0,50,116.290339
0.0,50,116.50438
-28.0,50,116.716126
-17.0,50,116.92858
-4.0,50,117.139963
-25.0,50,117.354088
-28.0,50,117.568333
-3.0,50,117.781806
-2.0,50,117.994375
-2.0,50,118.212357
-2.0,50,118.426792
-3.0,50,118.644041
-2.0,50,118.857214
-1.0,50,119.07094
-4.0,50,119.283954
-4.0,50,119.495652
-3.0,50,119.707413
-1.0,50,119.921086
-2.0,50,120.133292
-5.0,50,120.345606
-3.0,50,120.562278
0.0,50,120.775313
-3.0,50,120.987334
-1.0,50,121.199027
-2.0,50,121.4114
-3.0,50,121.625412
-3.0,50,121.83724
-7.0,50,122.049266
-7.0,50,122.261344
-3.0,50,122.477265
-1.0,50,122.69017
-2.0,50,122.903427
-17.0,50,123.117946
-3.0,50,123.337698
-2.0,50,123.550536
-4.0,50,123.767309
-4.0,50,123.978812
-2.0,50,124.192694
-4.0,50,124.407592
-2.0,50,124.620104
-3.0,50,124.832501
-2.0,50,125.045113
-3.0,50,125.26022
-2.0,50,125.472127
-1.0,50,125.684996
-3.0,50,125.902375
-1.0,50,126.114594
-1.0,50,126.324728
-3.0,50,126.557688
-1.0,50,126.778128
-3.0,50,127.001178
-2.0,50,127.218671
-2.0,50,127.435293
-3.0,50,127.653223
-2.0,50,127.86724
-2.0,50,128.081729
-2.0,50,128.294595
-2.0,50,128.517197
-2.0,50,128.731507
-1.0,50,128.944696
-2.0,50,129.163132
-2.0,50,129.378688
-3.0,50,129.598771
-2.0,50,129.811845
-3.0,50,130.026852
0.0,50,130.243441
-3.0,50,130.463329
0.0,50,130.676995
-2.0,50,130.889704
-1.0,50,131.111748
-1.0,50,131.328168
-3.0,50,131.540935
-2.0,50,131.753243
-3.0,50,131.965469
-1.0,50,132.180301
-2.0,50,132.396336
-2.0,50,132.608219
-3.0,50,132.827368
-1.0,50,133.038795
-2.0,50,133.251476
-2.0,50,133.463368
-3.0,50,133.680444
-1.0,50,133.893161
-3.0,50,134.102859
-2.0,50,134.31634
-1.0,50,134.528361
-2.0,50,134.740032
0.0,50,134.952854
-3.0,50,135.17001
-1.0,50,135.383385
-3.0,50,135.596357
-2.0,50,135.807833
-2.0,50,136.01978
-2.0,50,136.23442
-2.0,50,136.445288
-3.0,50,136.655457
-2.0,50,136.866145
-1.0,50,137.079267
-1.0,50,137.290789
-2.0,50,137.503007
-2.0,50,137.714126
-2.0,50,137.92692
-2.0,50,138.137514
-2.0,50,138.353661
-1.0,50,138.567223
-2.0,50,138.781555
-1.0,50,138.994247
-2.0,50,139.206198
-1.0,50,139.417153
-3.0,50,139.632457
-2.0,50,139.844211
-2.0,50,140.060796
-2.0,50,140.271504
-2.0,50,140.488336
-3.0,50,140.707366
0.0,50,140.918683
-3.0,50,141.133738
-2.0,50,141.354693
-1.0,50,141.566756
-2.0,50,141.777857
-2.0,50,141.990586
-1.0,50,142.203859
0.0,50,142.414567
0.0,50,142.625236
-1.0,50,142.836366
-2.0,50,143.047666
0.0,50,143.260272
-1.0,50,143.471835
-1.0,50,143.682785
-2.0,50,143.896686
-1.0,50,144.108885
-1.0,50,144.31974
-3.0,50,144.532353
-2.0,50,144.745382
-1.0,50,144.956468
-2.0,50,145.168125
-3.0,50,145.378189
-2.0,50,145.591039
-2.0,50,145.80271
-1.0,50,146.014337
-3.0,50,146.228939
-3.0,50,146.44277
0.0,50,146.654607
-2.0,50,146.866413
-2.0,50,147.078926
-2.0,50,147.2969
-3.0,50,147.523466
-1.0,50,147.739758
-2.0,50,147.952141
-2.0,50,148.166588
-3.0,50,148.37892
-3.0,50,148.598085
0.0,50,148.811349
-1.0,50,149.028388
0.0,50,149.240544
-3.0,50,149.455461
-1.0,50,149.668804
-3.0,50,149.887168
-3.0,50,150.100456
-3.0,50,150.319332
-2.0,50,150.534637
-2.0,50,150.748143
-2.0,50,150.960931
0.0,50,151.172695
-3.0,50,151.386277
-2.0,50,151.602415
-1.0,50,151.81561
-2.0,50,152.028299
-2.0,50,152.24752
0.0,50,152.46126
-2.0,50,152.673322
-2.0,50,152.88572
-2.0,50,153.09823
-2.0,50,153.313101
-1.0,50,153.525403
-2.0,50,153.74552
-2.0,50,153.958224
-3.0,50,154.179287
-2.0,50,154.393431
-1.0,50,154.605529
0.0,50,154.819162
-1.0,50,155.032669
-2.0,50,155.246754
-1.0,50,155.459372
-3.0,50,155.67599
-2.0,50,155.888431
0.0,50,156.100827
-1.0,50,156.313136
-3.0,50,156.526286
-2.0,50,156.74896
-1.0,50,156.960928
-1.0,50,157.172737
-2.0,50,157.384578
-2.0,50,157.598745
-3.0,50,157.815138
-1.0,50,158.027453
-2.0,50,158.239108
-2.0,50,158.460047
-2.0,50,158.678574
-3.0,50,158.893215
-2.0,50,159.106671
-1.0,50,159.320205
-2.0,50,159.532936
-1.0,50,159.745719
-2.0,50,159.957497
-2.0,50,160.172868
-2.0,50,160.386035
0.0,50,160.599485
-2.0,50,160.817599
-2.0,50,161.033122
-2.0,50,161.244686
0.0,50,161.455561
-2.0,50,161.668455
-2.0,50,161.882912
-2.0,50,162.095706
-1.0,50,162.309023
-2.0,50,162.521341
-2.0,50,162.736718
-2.0,50,162.94939
0.0,50,163.160135
-3.0,50,163.371714
-2.0,50,163.58594
0.0,50,163.799065
-2.0,50,164.011597
-2.0,50,164.227088
-3.0,50,164.451667
-2.0,50,164.668163
-3.0,50,164.885067
-1.0,50,165.102211
0.0,50,165.31627
-3.0,50,165.537726
0.0,50,165.748821
-3.0,50,165.968607
0.0,50,166.183489
-2.0,50,166.398017
-3.0,50,166.612482
-1.0,50,166.825616
-2.0,50,167.041313
-2.0,50,167.259824
-1.0,50,167.472169
-1.0,50,167.685662
-1.0,50,167.899473
-2.0,50,168.125256
-2.0,50,168.339572
-1.0,50,168.553043
-2.0,50,168.767897
-2.0,50,168.982331
-2.0,50,169.196602
-2.0,50,169.409989
0.0,50,169.62564
0.0,50,169.839731
-2.0,50,170.056327
-3.0,50,170.268721
-2.0,50,170.484243
-2.0,50,170.698881
0.0,50,170.912129
-1.0,50,171.126302
-2.0,50,171.344559
-2.0,50,171.557828
-1.0,50,171.770936
-2.0,50,171.985395
-1.0,50,172.20417
-2.0,50,172.421944
-3.0,50,172.64381
-2.0,50,172.858052
-2.0,50,173.072299
-2.0,50,173.284755
-2.0,50,173.498006
-1.0,50,173.71143
-2.0,50,173.935036
-2.0,50,174.148108
-2.0,50,174.366302
-3.0,50,174.577976
-2.0,50,174.799881
-2.0,50,175.016169
-2.0,50,175.231927
-1.0,50,175.449804
-1.0,50,175.664709
-2.0,50,175.87816
-2.0,50,176.090852
-2.0,50,176.309929
-1.0,50,176.524976
-1.0,50,176.739679
0.0,50,176.9545
-2.0,50,177.170259
-2.0,50,177.388389
-2.0,50,177.601467
-3.0,50,177.81428
-2.0,50,178.027014
-1.0,50,178.241419
-2.0,50,178.460399
0.0,50,178.674333
-2.0,50,178.889649
-2.0,50,179.104207
0.0,50,179.317252
-3.0,50,179.537641
0.0,50,179.750747
0.0,50,179.967666
-2.0,50,180.181677
-3.0,50,180.394653
-2.0,50,180.60538
-2.0,50,180.819721
0.0,50,181.031978
-1.0,50,181.24317
-3.0,50,181.460524
-3.0,50,181.6738
-2.0,50,181.88583
-3.0,50,182.100814
-1.0,50,182.312294
-1.0,50,182.526125
-1.0,50,182.7386
-1.0,50,182.95106
-1.0,50,183.164119
-2.0,50,183.384205
-1.0,50,183.595934
0.0,50,183.807711
-3.0,50,184.020395
-3.0,50,184.236587
-3.0,50,184.449793
-1.0,50,184.663948
-1.0,50,184.876594
-1.0,50,185.092224
0.0,50,185.306322
-3.0,50,185.524916
-1.0,50,185.737985
-2.0,50,185.959296
-2.0,50,186.173433
0.0,50,186.386531
-2.0,50,186.604251
-1.0,50,186.819137
-2.0,50,187.040744
-3.0,50,187.260576
-2.0,50,187.473725
-2.0,50,187.693517
-2.0,50,187.907895
-3.0,50,188.123913
-1.0,50,188.337345
-2.0,50,188.560722
-1.0,50,188.774768
-1.0,50,188.98911
-2.0,50,189.210318
0.0,50,189.438775
-2.0,50,189.655892
-3.0,50,189.872153
-1.0,50,190.087571
-1.0,50,190.304875
-3.0,50,190.519012
-1.0,50,190.735596
0.0,50,190.949833
-3.0,50,191.170242
-2.0,50,191.392468
-1.0,50,191.605785
-1.0,50,191.82031
-2.0,50,192.035728
-2.0,50,192.249083
-1.0,50,192.462635
-2.0,50,192.676146
0.0,50,192.891237
0.0,50,193.103603
-2.0,50,193.316235
0.0,50,193.528975
-3.0,50,193.75086
0.0,50,193.964533
-1.0,50,194.179807
-1.0,50,194.394153
-2.0,50,194.608915
-2.0,50,194.822597
-1.0,50,195.036031
-2.0,50,195.250815
-2.0,50,195.470979
-2.0,50,195.683711
-3.0,50,195.897701
-1.0,50,196.112323
-2.0,50,196.329811
-2.0,50,196.547046
-3.0,50,196.763447
-1.0,50,196.977304
-3.0,50,197.402188
-3.0,50,197.61669
-1.0,50,197.83154
-2.0,50,198.047776
-1.0,50,198.262518
-3.0,50,198.488195
-2.0,50,198.705289
-2.0,50,198.918963
-2.0,50,199.132751
-2.0,50,199.345307
-2.0,50,199.559726
-1.0,50,199.774263
0.0,50,199.988175
-2.0,50,200.201512
0.0,50,200.415503
-1.0,50,200.628864
-2.0,50,200.84554
-1.0,50,201.057817
-2.0,50,201.273454
-2.0,50,201.48691
-2.0,50,201.702758
-2.0,50,201.920604
-2.0,50,202.137298
-2.0,50,202.350695
-2.0,50,202.567199
-2.0,50,202.781661
-1.0,50,202.99462
-2.0,50,203.207958
-2.0,50,203.426663
-2.0,50,203.647166
-1.0,50,203.860004
0.0,50,204.073787
-2.0,50,204.290624
-2.0,50,204.507461
-2.0,50,204.720934
-2.0,50,204.934945
-2.0,50,205.149228
-3.0,50,205.361597
-2.0,50,205.575383
-1.0,50,205.789025
-2.0,50,206.008545
-3.0,50,206.229216
-1.0,50,206.443948
-1.0,50,206.657139
0.0,50,206.872585
-1.0,50,207.086472
-2.0,50,207.307179
-2.0,50,207.522852
-1.0,50,207.737206
-2.0,50,207.950278
-3.0,50,208.168951
-1.0,50,208.383529
-3.0,50,208.599554
-1.0,50,208.813147
-2.0,50,209.031917
-1.0,50,209.24742
-1.0,50,209.463375
-1.0,50,209.678398
-2.0,50,209.897798
-2.0,50,210.119084
-2.0,50,210.334242
-1.0,50,210.547194
-1.0,50,210.760891
-2.0,50,210.97292
-3.0,50,211.196758
0.0,50,211.409921
-3.0,50,211.625996
-3.0,50,211.844763
-2.0,50,212.061792
0.0,50,212.275178
-3.0,50,212.489918
-2.0,50,212.705836
-2.0,50,212.919977
-2.0,50,213.133329
-3.0,50,213.350937
-3.0,50,213.563479
-1.0,50,213.780724
-2.0,50,213.995587
-1.0,50,214.209277
-2.0,50,214.422367
-1.0,50,214.638166
-2.0,50,214.852678
-2.0,50,215.069284
-1.0,50,215.282988
0.0,50,215.498685
-2.0,50,215.716373
-1.0,50,215.929556
0.0,50,216.144559
-1.0,50,216.359417
-3.0,50,216.573583
-2.0,50,216.786513
-2.0,50,217.007251
-3.0,50,217.226218
0.0,50,217.440366
0.0,50,217.670492
-2.0,50,217.883926
-2.0,50,218.102428
-1.0,50,218.315686
-3.0,50,218.529759
-2.0,50,218.74486
-2.0,50,218.961813
-2.0,50,219.175142
-1.0,50,219.390151
0.0,50,219.603079
-1.0,50,219.819067
-3.0,50,220.033122
-2.0,50,220.250036
0.0,50,220.464646
-2.0,50,220.686868
0.0,50,220.899788
-2.0,50,221.114528
-2.0,50,221.329098
-1.0,50,221.546244
-2.0,50,221.760339
-2.0,50,221.976263
-1.0,50,222.191422
-3.0,50,222.408501
-3.0,50,222.622953
-2.0,50,222.836193
-2.0,50,223.051382
-2.0,50,223.270453
-2.0,50,223.483631
-1.0,50,223.697422
-2.0,50,223.911706
-1.0,50,224.127124
-3.0,50,224.348638
-3.0,50,224.563482
-2.0,50,224.779753
-2.0,50,224.998085
-3.0,50,225.212895
-2.0,50,225.428118
-2.0,50,225.64283
-3.0,50,225.858735
-2.0,50,226.074713
-1.0,50,226.289109
-2.0,50,226.50644
0.0,50,226.725056
-2.0,50,226.944003
-1.0,50,227.158157
-3.0,50,227.378527
-2.0,50,227.598138
-2.0,50,227.813462
-2.0,50,228.029086
-2.0,50,228.243599
-3.0,50,228.459786
-2.0,50,228.681453
-1.0,50,228.900858
-3.0,50,229.119069
-3.0,50,229.336149
-1.0,50,229.551386
-1.0,50,229.766633
-2.0,50,229.98267
-2.0,50,230.201561
-2.0,50,230.415226
-2.0,50,230.632905
-2.0,50,230.85
-2.0,50,231.066012
-2.0,50,231.280242
-3.0,50,231.497969
-2.0,50,231.712757
-2.0,50,231.93252
0.0,50,232.148058
0.0,50,232.362559
-1.0,50,232.577646
0.0,50,232.794915
-2.0,50,233.010637
-3.0,50,233.224713
-2.0,50,233.439992
-3.0,50,233.664018
-2.0,50,233.882039
-3.0,50,234.098187
-1.0,50,234.311728
-2.0,50,234.531808
0.0,50,234.746643
-2.0,50,234.962855
-1.0,50,235.177779
-2.0,50,235.394782
-2.0,50,235.612255
-3.0,50,235.83352
-2.0,50,236.049445
0.0,50,236.264943
-1.0,50,236.480123
-2.0,50,236.695581
-3.0,50,236.915411
-3.0,50,237.138654
0.0,50,237.352654
0.0,50,237.566275
-1.0,50,237.780714
-1.0,50,238.012264
0.0,50,238.22833
-1.0,50,238.444608
-2.0,50,238.66581
-2.0,50,238.884712
0.0,50,239.101643
-2.0,50,239.324028
-1.0,50,239.544374
-2.0,50,239.763019
-2.0,50,239.980487
-1.0,50,240.197425
-2.0,50,240.419757
-1.0,50,240.637654
-3.0,50,240.852482
-2.0,50,241.068293
-2.0,50,241.283482
0.0,50,241.50061
-1.0,50,241.716635
-2.0,50,241.932705
-2.0,50,242.156139
-1.0,50,242.37655
0.0,50,242.593668
-1.0,50,242.808923
-3.0,50,243.024712
-3.0,50,243.246324
-2.0,50,243.46205
0.0,50,243.677491
-2.0,50,243.899176
-1.0,50,244.116812
0.0,50,244.332408
-2.0,50,244.547207
-2.0,50,244.768202
-2.0,50,244.989745
0.0,50,245.210411
-1.0,50,245.426528
-2.0,50,245.643595
-1.0,50,245.860518
-1.0,50,246.077309
-2.0,50,246.292925
-1.0,50,246.508501
-3.0,50,246.732985
-3.0,50,246.953745
0.0,50,247.168412
-2.0,50,247.387074
-1.0,50,247.605973
-1.0,50,247.821238
-3.0,50,248.035872
-2.0,50,248.25508
-1.0,50,248.473548
-2.0,50,248.690964
-2.0,50,248.913867
-3.0,50,249.129473
-2.0,50,249.348146
-2.0,50,249.562845
-1.0,50,249.779082
-1.0,50,249.996321
-2.0,50,250.223636
-1.0,50,250.438008
-2.0,50,250.653456
-3.0,50,250.876385
0.0,50,251.092735
-2.0,50,251.309914
-1.0,50,251.530461
-3.0,50,251.751704
-2.0,50,251.968944
-1.0,50,252.185843
-3.0,50,252.404121
-2.0,50,252.620539
-2.0,50,252.838098
-1.0,50,253.054889
-3.0,50,253.276182
-3.0,50,253.493999
-2.0,50,253.712097
-2.0,50,253.930053
-1.0,50,254.147892
-3.0,50,254.366077
-2.0,50,254.584089
-2.0,50,254.800049
0.0,50,255.015293
-2.0,50,255.23667
-1.0,50,255.455244
0.0,50,255.672518
-2.0,50,255.889509
-3.0,50,256.103381
-2.0,50,256.324831
0.0,50,256.541443
-2.0,50,256.759733
0.0,50,256.973053
0.0,50,257.189202
-1.0,50,257.405371
-2.0,50,257.621007
-2.0,50,257.835497
-2.0,50,258.055592
0.0,50,258.271551
-2.0,50,258.488141
-1.0,50,258.709045
-3.0,50,258.94718
-2.0,50,259.163066
-2.0,50,259.377081
-2.0,50,259.597728
-2.0,50,259.81437
-2.0,50,260.029537
-1.0,50,260.243559
-2.0,50,260.46409
0.0,50,260.681078
-2.0,50,260.894498
-1.0,50,261.110152
-1.0,50,261.322835
-2.0,50,261.537419
-1.0,50,261.752799
-1.0,50,261.967189
-2.0,50,262.185377
0.0,50,262.400783
-2.0,50,262.61615
-2.0,50,262.832965
0.0,50,263.045104
-2.0,50,263.262121
-2.0,50,263.475388
-2.0,50,263.69281
-1.0,50,263.904978
-2.0,50,264.119827
-3.0,50,264.335012
-2.0,50,264.549261
-3.0,50,264.767501
-1.0,50,264.983825
0.0,50,265.198741
-2.0,50,265.413799
-2.0,50,265.628801
-2.0,50,265.853509
-2.0,50,266.065303
0.0,50,266.279508
-2.0,50,266.499231
-3.0,50,266.716879
-2.0,50,266.932651
-2.0,50,267.148416
0.0,50,267.363716
-1.0,50,267.58226
-2.0,50,267.797286
-2.0,50,268.013249
-3.0,50,268.226673
-2.0,50,268.446451
-2.0,50,268.661064
-2.0,50,268.883488
-1.0,50,269.098023
-2.0,50,269.313905
0.0,50,269.527653
-3.0,50,269.742329
-1.0,50,269.956772
-1.0,50,270.173892
-3.0,50,270.39518
-2.0,50,270.616979
-2.0,50,270.831001
-3.0,50,271.048119
0.0,50,271.263347
-2.0,50,271.47957
-1.0,50,271.693996
-3.0,50,271.910283
-1.0,50,272.126594
-2.0,50,272.341132
-2.0,50,272.555538
-3.0,50,272.779773
-3.0,50,272.992858
-2.0,50,273.209849
-3.0,50,273.430685
-2.0,50,273.650276
-2.0,50,273.865583
-2.0,50,274.0801
-2.0,50,274.295031
-2.0,50,274.517523
-3.0,50,274.732851
-2.0,50,274.955232
-2.0,50,275.172304
-1.0,50,275.388815
-2.0,50,275.602918
-3.0,50,275.824972
-2.0,50,276.045444
-1.0,50,276.261773
-1.0,50,276.476484
0.0,50,276.693461
-3.0,50,276.90936
-1.0,50,277.127114
-2.0,50,277.343581
0.0,50,277.557769
-1.0,50,277.774152
-1.0,50,277.99213
0.0,50,278.205896
-2.0,50,278.422575
-2.0,50,278.639985
-1.0,50,278.871539
-3.0,50,279.088124
0.0,50,279.303008
-2.0,50,279.518529
-1.0,50,279.734842
-2.0,50,279.948824
-3.0,50,280.169904
-1.0,50,280.384615
-1.0,50,280.601555
-3.0,50,280.816326
-2.0,50,281.030247
-2.0,50,281.247
-2.0,50,281.467136
-2.0,50,281.682588
-1.0,50,281.897314
-1.0,50,282.111637
-1.0,50,282.328024
-1.0,50,282.543349
-3.0,50,282.758392
-1.0,50,282.973171
-2.0,50,283.188686
-3.0,50,283.407699
-4.0,50,283.623611
-2.0,50,283.846814
-2.0,50,284.061913
-1.0,50,284.277066
-2.0,50,284.492962
-2.0,50,284.715269
-2.0,50,284.933244
-1.0,50,285.147635
-2.0,50,285.366689
-2.0,50,285.582855
-3.0,50,285.800916
-2.0,50,286.020193
0.0,50,286.233049
-1.0,50,286.447591
-3.0,50,286.671218
-1.0,50,286.886088
0.0,50,287.101641
-1.0,50,287.318914
-3.0,50,287.540392
-2.0,50,287.755675
-3.0,50,287.971169
-2.0,50,288.185942
-1.0,50,288.406147
-1.0,50,288.62711
-2.0,50,288.852149
-2.0,50,289.068009
-1.0,50,289.286826
0.0,50,289.501162
-3.0,50,289.72403
0.0,50,289.942511
-2.0,50,290.161858
-3.0,50,290.377914
-1.0,50,290.592514
-2.0,50,290.810873
-2.0,50,291.034284
-2.0,50,291.249578
-1.0,50,291.463988
-1.0,50,291.677984
-1.0,50,291.895383
-3.0,50,292.113479
-3.0,50,292.329193
-2.0,50,292.543675
-2.0,50,292.759359
-2.0,50,292.980448
-2.0,50,293.199973
-2.0,50,293.415064
-1.0,50,293.632396
0.0,50,293.84701
-2.0,50,294.069371
-3.0,50,294.282476
-2.0,50,294.498565
-2.0,50,294.720506
-1.0,50,294.933486
-3.0,50,295.153596
-2.0,50,295.385993
-1.0,50,295.60051
-3.0,50,295.822875
-2.0,50,296.038744
-2.0,50,296.258883
0.0,50,296.4746
-2.0,50,296.68873
-1.0,50,296.903035
-2.0,50,297.131953
-2.0,50,297.347807
-2.0,50,297.564031
0.0,50,297.779491
-2.0,50,298.002533
-2.0,50,298.219232
-2.0,50,298.43725
-2.0,50,298.651618
-2.0,50,298.869296
-2.0,50,299.08346
-2.0,50,299.297281
-2.0,50,299.511674
-2.0,50,299.729602
-2.0,50,299.943946
-1.0,50,300.159226
-2.0,50,300.37448
-1.0,50,300.591541
-3.0,50,300.807945
-2.0,50,301.023325
0.0,50,301.242296
-1.0,50,301.467325
0.0,50,301.684097
-3.0,50,301.900305
-3.0,50,302.120782
-2.0,50,302.338021
-2.0,50,302.552384
-1.0,50,302.769007
-3.0,50,302.990917
-3.0,50,303.216171
-2.0,50,303.43369
-2.0,50,303.651743
0.0,50,303.866381
-1.0,50,304.084348
-2.0,50,304.299809
-2.0,50,304.515313
-2.0,50,304.733772
-2.0,50,304.954579
-1.0,50,305.170577
0.0,50,305.384357
-2.0,50,305.60507
-2.0,50,306.035706
-2.0,50,306.251704
-3.0,50,306.470758
0.0,50,306.685772
-2.0,50,306.901998
-2.0,50,307.122765
-3.0,50,307.338326
-3.0,50,307.552637
-1.0,50,307.770702
-2.0,50,307.983693
-3.0,50,308.201101
-3.0,50,308.418212
-2.0,50,308.633724
-2.0,50,308.850071
-1.0,50,309.065274
-3.0,50,309.287013
0.0,50,309.502577
-2.0,50,309.718462
-2.0,50,309.933874
0.0,50,310.150027
-2.0,50,310.366956
-2.0,50,310.580365
-2.0,50,310.795714
-2.0,50,311.011366
0.0,50,311.22828
-1.0,50,311.443401
-2.0,50,311.662153
-2.0,50,311.877697
-3.0,50,312.095394
0.0,50,312.309821
-2.0,50,312.524704
-2.0,50,312.743167
-2.0,50,312.960741
-2.0,50,313.175317
-2.0,50,313.390461
-3.0,50,313.603856
-2.0,50,313.824056
-2.0,50,314.043868
-2.0,50,314.262414
-1.0,50,314.477893
-2.0,50,314.694997
-2.0,50,314.909434
-2.0,50,315.124691
-1.0,50,315.338718
-2.0,50,315.553504
-2.0,50,315.768964
-1.0,50,315.984031
-1.0,50,316.19861
-2.0,50,316.421803
-1.0,50,316.636268
-3.0,50,316.849565
-1.0,50,317.063557
-1.0,50,317.280031
-2.0,50,317.49941
0.0,50,317.713978
-2.0,50,317.928888
-2.0,50,318.147764
-1.0,50,318.362387
-2.0,50,318.575303
-2.0,50,318.79548
-2.0,50,319.011911
-2.0,50,319.230636
-2.0,50,319.444797
-2.0,50,319.659224
-3.0,50,319.882159
-2.0,50,320.099512
0.0,50,320.31278
-2.0,50,320.528833
-3.0,50,320.747995
-1.0,50,320.963102
-2.0,50,321.177025
-3.0,50,321.391739
-1.0,50,321.607314
0.0,50,321.821266
0.0,50,322.037089
-2.0,50,322.252104
-2.0,50,322.48574
-1.0,50,322.701767
-2.0,50,322.919658
-2.0,50,323.136219
-2.0,50,323.352484
-1.0,50,323.56804
-2.0,50,323.784671
-2.0,50,323.998693
-2.0,50,324.21531
-2.0,50,324.42947
-2.0,50,324.649395
-2.0,50,324.866126
-3.0,50,325.086501
0.0,50,325.301008
-1.0,50,325.514689
-1.0,50,325.728885
-2.0,50,325.947986
-2.0,50,326.161185
-2.0,50,326.377794
-1.0,50,326.591555
-1.0,50,326.807755
-2.0,50,327.020869
-2.0,50,327.234885
0.0,50,327.448419
-2.0,50,327.668987
-1.0,50,327.882646
-2.0,50,328.096979
-2.0,50,328.311823
-1.0,50,328.526486
-1.0,50,328.739685
-1.0,50,328.953805
-2.0,50,329.16991
-2.0,50,329.387022
-2.0,50,329.608782
-1.0,50,329.823277
-2.0,50,330.03676
-2.0,50,330.253327
-3.0,50,330.466592
-1.0,50,330.679286
-2.0,50,330.893238
-2.0,50,331.113525
0.0,50,331.328108
-2.0,50,331.548063
-1.0,50,331.761461
-1.0,50,331.977073
0.0,50,332.191022
-1.0,50,332.405222
-3.0,50,332.624089
-2.0,50,332.84106
-2.0,50,333.054518
-2.0,50,333.267977
-1.0,50,333.481291
0.0,50,333.7005
-1.0,50,333.914435
-2.0,50,334.128338
-2.0,50,334.342039
0.0,50,334.556759
-3.0,50,334.772185
-2.0,50,334.991326
-2.0,50,335.205414
-1.0,50,335.41887
-2.0,50,335.634558
-1.0,50,335.848704
-2.0,50,336.06466
-3.0,50,336.281074
-2.0,50,336.4996
-2.0,50,336.720848
-2.0,50,336.937847
-2.0,50,337.155948
-1.0,50,337.370809
-2.0,50,337.590371
-2.0,50,337.808684
-2.0,50,338.028309
-1.0,50,338.241242
-2.0,50,338.454543
-1.0,50,338.666911
-1.0,50,338.898032
-1.0,50,339.112919
-1.0,50,339.32715
-2.0,50,339.541907
-2.0,50,339.76341
-2.0,50,339.977093
-1.0,50,340.191086
-3.0,50,340.410708
-2.0,50,340.627308
-2.0,50,340.847578
-3.0,50,341.062483
-1.0,50,341.277856
-2.0,50,341.493007
-2.0,50,341.710161
-3.0,50,341.925907
-2.0,50,342.140077
-2.0,50,342.355784
-1.0,50,342.569397
0.0,50,342.783505
0.0,50,342.99638
-2.0,50,343.21445
-3.0,50,343.429052
-2.0,50,343.643305
-2.0,50,343.861723
-3.0,50,344.08159
0.0,50,344.296632
-2.0,50,344.517328
-2.0,50,344.731493
-2.0,50,344.94632
-2.0,50,345.163388
-3.0,50,345.377115
-1.0,50,345.59109
-1.0,50,345.808277
0.0,50,346.020054
-3.0,50,346.242046
-2.0,50,346.460736
-1.0,50,346.680498
-1.0,50,346.895046
-2.0,50,347.107753
-3.0,50,347.323901
-2.0,50,347.540406
-2.0,50,347.756843
-1.0,50,347.970268
-2.0,50,348.182838
0.0,50,348.399472
-1.0,50,348.614017
-2.0,50,348.829147
-2.0,50,349.046049
-3.0,50,349.264887
-1.0,50,349.478258
-2.0,50,349.691545
-1.0,50,349.905925
-3.0,50,350.12068
-2.0,50,350.339468
-2.0,50,350.553895
-3.0,50,350.772764
-2.0,50,350.988646
-1.0,50,351.202412
-2.0,50,351.422926
-3.0,50,351.637028
-1.0,50,351.859021
-2.0,50,352.072338
-3.0,50,352.286209
-3.0,50,352.50191
-3.0,50,352.716865
0.0,50,352.929231
-1.0,50,353.14433
-3.0,50,353.361327
-3.0,50,353.583323
-2.0,50,353.804819
-2.0,50,354.018652
-2.0,50,354.23265
-1.0,50,354.447583
-3.0,50,354.661355
-1.0,50,354.877619
-2.0,50,355.089572
-1.0,50,355.319792
-1.0,50,355.537763
-2.0,50,355.751017
-2.0,50,355.963475
-1.0,50,356.179265
0.0,50,356.392011
-1.0,50,356.608087
-3.0,50,356.821996
-1.0,50,357.037022
-2.0,50,357.248918
-3.0,50,357.466517
-2.0,50,357.686474
-3.0,50,357.907562
-2.0,50,358.121025
-2.0,50,358.342363
-1.0,50,358.555597
-2.0,50,358.768567
-3.0,50,358.984225
-2.0,50,359.198109
-2.0,50,359.414057
0.0,50,359.631729
-1.0,50,359.847687
-2.0,50,360.064974
0.0,50,360.278768
-1.0,50,360.495083
-3.0,50,360.714331
-1.0,50,360.92832
-2.0,50,361.149339
-4.0,50,361.364063
-2.0,50,361.577994
-2.0,50,361.793841
-1.0,50,362.007562
-3.0,50,362.230944
-3.0,50,362.446329
-2.0,50,362.660046
-2.0,50,362.877177
-3.0,50,363.100074
-2.0,50,363.313706
-1.0,50,363.526327
-2.0,50,363.739967
-2.0,50,363.95594
0.0,50,364.170669
-2.0,50,364.383927
-2.0,50,364.601203
-3.0,50,364.817679
-2.0,50,365.038057
0.0,50,365.254354
-3.0,50,365.471914
-2.0,50,365.692203
0.0,50,365.905631
-2.0,50,366.124727
0.0,50,366.338597
-2.0,50,366.557106
-2.0,50,366.77163
-2.0,50,366.992917
-3.0,50,367.207063
-2.0,50,367.42253
-1.0,50,367.635735
-2.0,50,367.850021
-2.0,50,368.065813
-2.0,50,368.28087
-3.0,50,368.497638
-1.0,50,368.712151
-1.0,50,368.925191
-1.0,50,369.140459
-2.0,50,369.353921
-2.0,50,369.567463
-2.0,50,369.784041
0.0,50,369.999305
-1.0,50,370.215538
-2.0,50,370.428891
-2.0,50,370.642285
-2.0,50,370.871644
-2.0,50,371.090596
-2.0,50,371.302258
-2.0,50,371.518776
-2.0,50,371.733237
-2.0,50,371.946243
-2.0,50,372.16003
-2.0,50,372.372474
0.0,50,372.588106
-2.0,50,372.79926
-2.0,50,373.014772
-2.0,50,373.226621
-1.0,50,373.441497
0.0,50,373.652739
-2.0,50,373.865647
-2.0,50,374.076135
-2.0,50,374.292446
-1.0,50,374.506879
-1.0,50,374.720167
-2.0,50,374.932814
-2.0,50,375.148948
-3.0,50,375.361506
0.0,50,375.5735
-3.0,50,375.793712
0.0,50,376.0082
-2.0,50,376.220404
-1.0,50,376.436848
-2.0,50,376.649051
-1.0,50,376.863033
0.0,50,377.075174
-2.0,50,377.287258
-1.0,50,377.49961
-1.0,50,377.71303
-1.0,50,377.928528
-2.0,50,378.140506
-2.0,50,378.352195
-3.0,50,378.568138
-2.0,50,378.781991
-1.0,50,378.995074
-2.0,50,379.208045
-2.0,50,379.421943
-2.0,50,379.634098
-2.0,50,379.845867
0.0,50,380.056637
-2.0,50,380.271249
-1.0,50,380.48413
-2.0,50,380.69615
-2.0,50,380.910163
-1.0,50,381.124388
-1.0,50,381.338013
-2.0,50,381.550588
-2.0,50,381.765628
-2.0,50,381.985057
-1.0,50,382.197501
-1.0,50,382.410079
0.0,50,382.622985
-3.0,50,382.836437
-3.0,50,383.048646
-2.0,50,383.264865
-2.0,50,383.480553
-1.0,50,383.694227
-1.0,50,383.908104
-2.0,50,384.120388
-1.0,50,384.332447
-1.0,50,384.547485
-3.0,50,384.76569
-2.0,50,384.980022
-1.0,50,385.194179
0.0,50,385.406738
-3.0,50,385.618097
-2.0,50,385.832401
-1.0,50,386.044777
-3.0,50,386.274817
-2.0,50,386.496769
-2.0,50,386.713573
-2.0,50,386.929744
0.0,50,387.144687
-1.0,50,387.358114
-3.0,50,387.570709
-2.0,50,387.79108
-2.0,50,388.007751
-2.0,50,388.227787
-2.0,50,388.447981
-3.0,50,388.662803
0.0,50,388.879529
-1.0,50,389.095028
-1.0,50,389.311299
-3.0,50,389.524993
-2.0,50,389.743141
-1.0,50,389.957366
-3.0,50,390.171613
-2.0,50,390.384854
-1.0,50,390.603036
-1.0,50,390.81644
-2.0,50,391.035749
-3.0,50,391.255699
-2.0,50,391.474565
0.0,50,391.688164
-1.0,50,391.901767
-1.0,50,392.118061
-1.0,50,392.331793
-2.0,50,392.546339
-3.0,50,392.764828
-1.0,50,392.978028
-1.0,50,393.193266
-2.0,50,393.406408
-2.0,50,393.619022
-3.0,50,393.83931
-3.0,50,394.054993
-1.0,50,394.269966
-2.0,50,394.486546
-2.0,50,394.699157
-3.0,50,394.921444
0.0,50,395.133256
-1.0,50,395.350541
-3.0,50,395.563432
-2.0,50,395.779574
-2.0,50,395.994899
-3.0,50,396.212385
-3.0,50,396.42492
-3.0,50,396.64253
-1.0,50,396.857876
-1.0,50,397.07114
-2.0,50,397.28388
-3.0,50,397.501816
0.0,50,397.714779
-2.0,50,397.93005
-2.0,50,398.149146
-1.0,50,398.363444
-2.0,50,398.583273
-3.0,50,398.797199
-1.0,50,399.011787
-2.0,50,399.227417
-1.0,50,399.440949
-1.0,50,399.655559
-2.0,50,399.869525
-3.0,50,400.085485
0.0,50,400.299538
-1.0,50,400.512255
-1.0,50,400.727678
-1.0,50,400.94409
-1.0,50,401.157473
-2.0,50,401.372064
-1.0,50,401.584953
-1.0,50,401.799324
-1.0,50,402.028086
-2.0,50,402.24152
-2.0,50,402.455166
0.0,50,402.673743
-2.0,50,402.889804
-3.0,50,403.107917
-1.0,50,403.322223
-2.0,50,403.537896
-2.0,50,403.753552
-2.0,50,403.970911
-2.0,50,404.185529
-2.0,50,404.403618
-3.0,50,404.618664
-1.0,50,404.832172
0.0,50,405.046208
-2.0,50,405.262366
-1.0,50,405.477387
-2.0,50,405.691708
-2.0,50,405.906683
-2.0,50,406.123998
-3.0,50,406.339755
-2.0,50,406.555439
-2.0,50,406.770282
0.0,50,406.987146
-2.0,50,407.20216
-2.0,50,407.419304
-8.0,50,407.642186
0.0,50,407.858348
-3.0,50,408.074946
-2.0,50,408.290789
-3.0,50,408.505472
-1.0,50,408.724143
-1.0,50,408.939997
-1.0,50,409.154835
0.0,50,409.368587
-1.0,50,409.585189
-1.0,50,409.800385
-1.0,50,410.014607
-1.0,50,410.228998
-3.0,50,410.44578
-2.0,50,410.65904
-1.0,50,410.873664
-1.0,50,411.088394
0.0,50,411.303869
-2.0,50,411.518826
-2.0,50,411.732862
0.0,50,411.947571
-2.0,50,412.163416
0.0,50,412.377606
-2.0,50,412.597937
-2.0,50,412.815193
0.0,50,413.031819
-2.0,50,413.247204
-2.0,50,413.461468
-1.0,50,413.675732
-2.0,50,414.079258
0.0,50,414.294467
-2.0,50,414.52574
-1.0,50,414.740804
-1.0,50,414.959515
-3.0,50,415.176839
-2.0,50,415.399012
0.0,50,415.612066
-1.0,50,415.826993
-3.0,50,416.039775
-2.0,50,416.256393
-2.0,50,416.469003
-3.0,50,416.682429
-3.0,50,416.895013
-3.0,50,417.111787
-2.0,50,417.32687
-1.0,50,417.543693
-1.0,50,417.760007
-2.0,50,417.975246
-2.0,50,418.187297
-2.0,50,418.405713
-2.0,50,418.620059
0.0,50,418.833161
0.0,50,419.045964
0.0,50,419.260888
-1.0,50,419.473581
-2.0,50,419.687037
0.0,50,419.899669
-1.0,50,420.114435
0.0,50,420.328508
-3.0,50,420.53973
-3.0,50,420.760755
-2.0,50,420.980077
0.0,50,421.1935
-1.0,50,421.407547
-1.0,50,421.623312
-1.0,50,421.839488
-2.0,50,422.053627
-2.0,50,422.266338
0.0,50,422.47947
-2.0,50,422.696836
-2.0,50,422.911937
-1.0,50,423.123365
-2.0,50,423.33784
-2.0,50,423.552878
0.0,50,423.765803
-1.0,50,423.980949
-2.0,50,424.193702
-2.0,50,424.412
-2.0,50,424.625405
-2.0,50,424.839193
-1.0,50,425.051686
-1.0,50,425.268497
-2.0,50,425.486405
-2.0,50,425.700015
-3.0,50,425.9164
-3.0,50,426.130048
-1.0,50,426.343336
-2.0,50,426.557334
-2.0,50,426.772063
-1.0,50,426.990252
-2.0,50,427.218322
-1.0,50,427.433453
-3.0,50,427.651921
-1.0,50,427.869908
-1.0,50,428.084068
-2.0,50,428.297157
0.0,50,428.511337
-1.0,50,428.726654
-2.0,50,428.94752
-2.0,50,429.163842
-2.0,50,429.376358
-1.0,50,429.59202
-2.0,50,429.807746
-1.0,50,430.019916
-2.0,50,430.233753
-2.0,50,430.449561
-2.0,50,430.666141
-2.0,50,430.881213
-2.0,50,431.096056
-3.0,50,431.311718
-3.0,50,431.527154
-2.0,50,431.739754
-2.0,50,431.953789
-3.0,50,432.172227
-2.0,50,432.386048
-2.0,50,432.600152
-3.0,50,432.819133
-1.0,50,433.03728
-3.0,50,433.251397
-2.0,50,433.463868
-2.0,50,433.682427
-2.0,50,433.898707
-2.0,50,434.112181
-1.0,50,434.325371
-2.0,50,434.53887
-2.0,50,434.753158
-2.0,50,434.966597
-1.0,50,435.17957
-3.0,50,435.39849
-2.0,50,435.616553
-1.0,50,435.83341
-1.0,50,436.048673
-2.0,50,436.26263
-1.0,50,436.483064
-2.0,50,436.696795
-1.0,50,436.911231
-1.0,50,437.127644
-2.0,50,437.345335
-1.0,50,437.557966
-2.0,50,437.770714
-2.0,50,437.983541
-2.0,50,438.202762
-2.0,50,438.416012
-3.0,50,438.629108
-3.0,50,438.848941
-1.0,50,439.06921
-1.0,50,439.283037
-1.0,50,439.497446
-2.0,50,439.711978
-3.0,50,439.93016
-2.0,50,440.145314
-2.0,50,440.359335
-2.0,50,440.573721
-2.0,50,440.80725
-1.0,50,441.021669
0.0,50,441.234751
-1.0,50,441.4473
0.0,50,441.660925
-3.0,50,441.876592
-3.0,50,442.095884
-2.0,50,442.308425
-2.0,50,442.523038
-3.0,50,442.743015
0.0,50,442.954957
-2.0,50,443.172907
-1.0,50,443.389126
-3.0,50,443.606082
-2.0,50,443.818698
-2.0,50,444.03154
-1.0,50,444.246087
-1.0,50,444.459248
-1.0,50,444.671152
-1.0,50,444.882668
-2.0,50,445.100092
-3.0,50,445.317154
-2.0,50,445.528233
-2.0,50,445.741088
-3.0,50,445.955155
-1.0,50,446.167507
-1.0,50,446.380434
-1.0,50,446.594027
-1.0,50,446.808027
-1.0,50,447.021883
-2.0,50,447.233618
-2.0,50,447.44555
-2.0,50,447.663086
-1.0,50,447.878905
-3.0,50,448.096045
-1.0,50,448.309195
-3.0,50,448.528821
-2.0,50,448.740709
0.0,50,448.95331
-1.0,50,449.167825
-2.0,50,449.385206
0.0,50,449.597953
-2.0,50,449.810013
0.0,50,450.021455
-2.0,50,450.238348
0.0,50,450.452113
-2.0,50,450.670159
-2.0,50,450.885371
-2.0,50,451.102083
-2.0,50,451.31536
-1.0,50,451.52782
-1.0,50,451.740003
-2.0,50,451.95458
-3.0,50,452.171341
-2.0,50,452.384919
-2.0,50,452.597518
0.0,50,452.810566
-2.0,50,453.022532
-3.0,50,453.234729
-3.0,50,453.447649
-2.0,50,453.681515
-2.0,50,453.895826
-1.0,50,454.109827
-2.0,50,454.329299
-1.0,50,454.544186
0.0,50,454.757477
-2.0,50,454.969736
-3.0,50,455.182684
0.0,50,455.399324
-2.0,50,455.611788
-1.0,50,455.824352
-2.0,50,456.041816
0.0,50,456.255455
-1.0,50,456.469851
-2.0,50,456.682318
-1.0,50,456.896867
-2.0,50,457.111073
-1.0,50,457.32429
-2.0,50,457.542706
-2.0,50,457.763459
-2.0,50,457.978109
-2.0,50,458.191101
-2.0,50,458.403674
-1.0,50,458.61608
-1.0,50,458.828697
-1.0,50,459.041904
-1.0,50,459.255261
-2.0,50,459.471284
-2.0,50,459.689477
0.0,50,459.902391
-3.0,50,460.123375
-2.0,50,460.341786
-3.0,50,460.560067
-3.0,50,460.772643
-1.0,50,460.985522
-1.0,50,461.197889
-1.0,50,461.413253
-2.0,50,461.625476
-2.0,50,461.844871
-1.0,50,462.059802
-3.0,50,462.274779
-2.0,50,462.490216
0.0,50,462.703246
-3.0,50,462.913796
-2.0,50,463.127723
-3.0,50,463.345603
-1.0,50,463.557452
-2.0,50,463.768621
-1.0,50,463.986565
-2.0,50,464.201161
-3.0,50,464.41356
-2.0,50,464.626192
-1.0,50,464.839387
-2.0,50,465.05443
-2.0,50,465.269447
-1.0,50,465.483126
-2.0,50,465.702012
-2.0,50,465.916424
-2.0,50,466.127609
-3.0,50,466.340218
-1.0,50,466.569546
0.0,50,466.782659
-1.0,50,466.995454
-1.0,50,467.207
0.0,50,467.421101
-2.0,50,467.633915
-1.0,50,467.845322
-2.0,50,468.058673
-1.0,50,468.273329
-1.0,50,468.487066
-3.0,50,468.707376
-2.0,50,468.923657
-3.0,50,469.149486
-1.0,50,469.361878
-1.0,50,469.574236
-2.0,50,469.789079
-2.0,50,470.002775
-1.0,50,470.22045
-3.0,50,470.433828
-3.0,50,470.651461
-2.0,50,470.869955
-1.0,50,471.084241
-2.0,50,471.296982
-2.0,50,471.510727
-2.0,50,471.723776
-2.0,50,471.939613
-1.0,50,472.15372
-1.0,50,472.366759
-2.0,50,472.583207
-1.0,50,472.796722
-2.0,50,473.011444
-1.0,50,473.224742
-2.0,50,473.444299
-3.0,50,473.661542
-1.0,50,473.875862
-2.0,50,474.08919
-1.0,50,474.303299
-2.0,50,474.519666
-2.0,50,474.732345
-3.0,50,474.945983
-2.0,50,475.173894
-2.0,50,475.38734
-1.0,50,475.600841
0.0,50,475.813095
-3.0,50,476.03944
-1.0,50,476.254128
0.0,50,476.46761
-1.0,50,476.679995
-2.0,50,476.894634
0.0,50,477.107859
-3.0,50,477.3211
-3.0,50,477.537485
-2.0,50,477.751404
-2.0,50,477.964398
-1.0,50,478.176665
-2.0,50,478.391335
-2.0,50,478.610429
-3.0,50,478.824922
-2.0,50,479.043214
-3.0,50,479.254227
0.0,50,479.46804
0.0,50,479.681156
0.0,50,479.89605
-2.0,50,480.109503
-2.0,50,480.324774
0.0,50,480.538678
-1.0,50,480.751727
-1.0,50,480.965944
-2.0,50,481.183815
-2.0,50,481.397277
-2.0,50,481.617113
-1.0,50,481.830642
-1.0,50,482.049048
-1.0,50,482.262474
-2.0,50,482.476026
-7.0,50,482.691975
-2.0,50,482.909513
-2.0,50,483.122151
-2.0,50,483.337807
-1.0,50,483.552622
-2.0,50,483.774466
-2.0,50,483.989177
-2.0,50,484.207319
-2.0,50,484.419659
-3.0,50,484.633745
-3.0,50,484.854631
-2.0,50,485.069178
0.0,50,485.283388
-1.0,50,485.498294
-1.0,50,485.711424
0.0,50,485.925491
-2.0,50,486.141383
-2.0,50,486.362076
-1.0,50,486.578681
-2.0,50,486.792737
-2.0,50,487.006785
-2.0,50,487.221567
-3.0,50,487.44116
-2.0,50,487.656211
-2.0,50,487.868134
-2.0,50,488.101023
-2.0,50,488.314288
-2.0,50,488.529139
-2.0,50,488.74518
-2.0,50,488.96042
-1.0,50,489.175032
-1.0,50,489.388449
-2.0,50,489.602093
-2.0,50,489.819523
-3.0,50,490.032475
-2.0,50,490.244789
-2.0,50,490.457341
-2.0,50,490.67197
-2.0,50,490.885631
-1.0,50,491.099438
-3.0,50,491.312358
-2.0,50,491.534303
-1.0,50,491.747833
-2.0,50,491.969351
-2.0,50,492.182826
-1.0,50,492.397255
-2.0,50,492.619322
-3.0,50,492.837824
0.0,50,493.057378
-2.0,50,493.275152
-2.0,50,493.490643
0.0,50,493.704279
-2.0,50,493.917939
-1.0,50,494.133247
-3.0,50,494.348209
-2.0,50,494.564717
-3.0,50,494.785246
-2.0,50,495.006674
-1.0,50,495.219876
-2.0,50,495.434268
-2.0,50,495.64987
-2.0,50,495.864643
-2.0,50,496.078695
0.0,50,496.291095
-2.0,50,496.506011
-1.0,50,496.722115
-1.0,50,496.935696
-3.0,50,497.150058
-3.0,50,497.366339
-2.0,50,497.579527
-1.0,50,497.794426
-3.0,50,498.007155
-2.0,50,498.219727
-1.0,50,498.434752
-1.0,50,498.649106
-3.0,50,498.863207
-3.0,50,499.076269
-2.0,50,499.289615
-1.0,50,499.503177
0.0,50,499.71664
-1.0,50,499.928595
-2.0,50,500.159045
-1.0,50,500.372524
-1.0,50,500.585787
0.0,50,500.798405
-1.0,50,501.014604
-1.0,50,501.228719
-1.0,50,501.442922
-2.0,50,501.662474
-1.0,50,501.880086
-3.0,50,502.093008
-2.0,50,502.305766
-2.0,50,502.518765
-5.0,50,502.733115
-2.0,50,502.954666
-1.0,50,503.167002
-3.0,50,503.380391
0.0,50,503.594464
-2.0,50,503.808202
-1.0,50,504.022541
-1.0,50,504.238303
-1.0,50,504.453661
-2.0,50,504.674025
-1.0,50,504.888417
-1.0,50,505.102513
0.0,50,505.318901
-3.0,50,505.533492
-1.0,50,505.745664
-2.0,50,505.961677
-2.0,50,506.176961
-1.0,50,506.390301
-3.0,50,506.606038
-2.0,50,506.81964
-2.0,50,507.03855
-2.0,50,507.25221
-2.0,50,507.464517
-2.0,50,507.680954
-3.0,50,507.898421
-1.0,50,508.112302
-1.0,50,508.325528
-3.0,50,508.540874
0.0,50,508.755734
-2.0,50,508.969635
-1.0,50,509.183537
-2.0,50,509.40206
-2.0,50,509.622602
-1.0,50,509.836753
0.0,50,510.050813
-2.0,50,510.267312
-2.0,50,510.483966
-2.0,50,510.697279
-2.0,50,510.911234
-2.0,50,511.125806
-1.0,50,511.341207
-3.0,50,511.55528
-2.0,50,511.768845
0.0,50,511.982238
-3.0,50,512.220177
-1.0,50,512.432559
-3.0,50,512.643986
-2.0,50,512.863429
-2.0,50,513.078953
0.0,50,513.292645
-2.0,50,513.505481
-2.0,50,513.717714
-3.0,50,513.931909
0.0,50,514.144824
-3.0,50,514.359524
0.0,50,514.57034
-3.0,50,514.783757
-1.0,50,514.996824
-1.0,50,515.207953
-3.0,50,515.421394
-2.0,50,515.63562
-1.0,50,515.848888
-2.0,50,516.061401
-1.0,50,516.273679
0.0,50,516.486788
-2.0,50,516.699846
-2.0,50,516.912775
-3.0,50,517.127157
-2.0,50,517.344982
-1.0,50,517.558208
-4.0,50,517.77097
-3.0,50,517.984136
-3.0,50,518.205188
-2.0,50,518.417814
-2.0,50,518.631923
-4.0,50,518.8478
-3.0,50,519.061477
-3.0,50,519.276611
-2.0,50,519.489741
-1.0,50,519.702135
0.0,50,519.916539
-1.0,50,520.130229
-2.0,50,520.342194
-1.0,50,520.554349
0.0,50,520.769142
-1.0,50,520.98044
-1.0,50,521.192441
-3.0,50,521.410327
-2.0,50,521.79377
-1.0,50,522.007343
-1.0,50,522.22148
-2.0,50,522.433057
0.0,50,522.650418
-2.0,50,522.868186
-2.0,50,523.084067
-2.0,50,523.296781
0.0,50,523.527455
-1.0,50,523.740663
-1.0,50,523.95483
-1.0,50,524.169479
-1.0,50,524.3861
-1.0,50,524.600646
0.0,50,524.815632
-1.0,50,525.028937
-2.0,50,525.243903
-1.0,50,525.459016
-6.0,50,525.672112
-2.0,50,525.887576
-2.0,50,526.105144
-1.0,50,526.31912
-3.0,50,526.532398
-2.0,50,526.745828
-2.0,50,526.962673
-16.0,50,527.180002
-5.0,50,527.393945
-2.0,50,527.608512
-2.0,50,527.826518
-1.0,50,528.040308
-2.0,50,528.260808
-2.0,50,528.474542
-2.0,50,528.689406
-2.0,50,528.916254
-2.0,50,529.133823
-3.0,50,529.348667
-1.0,50,529.565588
-2.0,50,529.780215
-1.0,50,529.996897
-1.0,50,530.211665
-1.0,50,530.427809
-2.0,50,530.641484
-1.0,50,530.856109
-5.0,50,531.071647
-3.0,50,531.287251
-1.0,50,531.500695
-2.0,50,531.716634
-3.0,50,531.937603
-3.0,50,532.154342
-1.0,50,532.370057
-2.0,50,532.584469
-3.0,50,532.79922
-2.0,50,533.017885
-2.0,50,533.233322
-3.0,50,533.452862
-3.0,50,533.671797
-2.0,50,533.908799
-3.0,50,534.129664
0.0,50,534.342926
-2.0,50,534.560119
-1.0,50,534.774594
-5.0,50,534.987338
-3.0,50,535.202032
-10.0,50,535.415323
-1.0,50,535.63021
-2.0,50,535.844938
-1.0,50,536.059169
-3.0,50,536.271343
-1.0,50,536.485611
-5.0,50,536.701916
-6.0,50,536.91506
-1.0,50,537.129996
0.0,50,537.345401
-2.0,50,537.558146
0.0,50,537.770278
-3.0,50,537.984256
-1.0,50,538.202133
-2.0,50,538.419543
-2.0,50,538.631741
-2.0,50,538.849753
-3.0,50,539.069657
-1.0,50,539.28298
-1.0,50,539.494927
-1.0,50,539.708399
-2.0,50,539.923281
-2.0,50,540.143593
-2.0,50,540.35659
-2.0,50,540.569606
-2.0,50,540.789289
-1.0,50,541.006504
-1.0,50,541.220249
-2.0,50,541.433363
-2.0,50,541.648194
-2.0,50,541.85985
-1.0,50,542.073986
0.0,50,542.287391
-1.0,50,542.506383
-2.0,50,542.724459
-1.0,50,542.937536
-1.0,50,543.154512
0.0,50,543.369022
0.0,50,543.579812
0.0,50,543.791449
-2.0,50,544.004651
-2.0,50,544.219992
-2.0,50,544.439501
-2.0,50,544.65354
-2.0,50,544.866779
-3.0,50,545.083247
-2.0,50,545.297708
0.0,50,545.510817
0.0,50,545.723216
-4.0,50,545.951598
0.0,50,546.166622
-1.0,50,546.380956
-1.0,50,546.594209
-2.0,50,546.813125
-1.0,50,547.0274
-3.0,50,547.2421
0.0,50,547.455617
-1.0,50,547.66972
-2.0,50,547.882269
-1.0,50,548.095796
0.0,50,548.309464
-1.0,50,548.525565
-2.0,50,548.737764
-2.0,50,548.958356
-2.0,50,549.171859
-2.0,50,549.386055
-3.0,50,549.600374
-2.0,50,549.818427
-2.0,50,550.031828
-2.0,50,550.247873
-3.0,50,550.464731
-3.0,50,550.678188
-3.0,50,550.892014
-1.0,50,551.110445
-1.0,50,551.326248
-2.0,50,551.547865
0.0,50,551.762915
-3.0,50,551.984501
-2.0,50,552.200913
-3.0,50,552.423981
-3.0,50,552.645892
-2.0,50,552.866407
-1.0,50,553.082187
0.0,50,553.295645
-1.0,50,553.51017
0.0,50,553.726165
-1.0,50,553.940894
-1.0,50,554.15465
-1.0,50,554.368539
-1.0,50,554.587076
-1.0,50,554.802338
-3.0,50,555.017916
-2.0,50,555.237463
-1.0,50,555.455813
-2.0,50,555.678104
0.0,50,555.892973
-3.0,50,556.115472
-1.0,50,556.332979
-1.0,50,556.549932
-3.0,50,556.763445
-1.0,50,556.98041
-2.0,50,557.21345
-2.0,50,557.429191
-1.0,50,557.642826
-2.0,50,557.859475
-1.0,50,558.07622
0.0,50,558.29017
-3.0,50,558.508155
-2.0,50,558.722686
-2.0,50,558.938022
-1.0,50,559.152184
-2.0,50,559.372482
0.0,50,559.586092
-3.0,50,559.806772
-2.0,50,560.021217
-1.0,50,560.235982
-2.0,50,560.451278
-4.0,50,560.66532
-2.0,50,560.884144
-1.0,50,561.096508
-2.0,50,561.309912
-2.0,50,561.528246
-1.0,50,561.741796
-1.0,50,561.954774
-2.0,50,562.16915
0.0,50,562.384094
-2.0,50,562.596184
-2.0,50,562.809311
-2.0,50,563.028132
-2.0,50,563.248947
0.0,50,563.462685
-2.0,50,563.682079
-3.0,50,563.897412
-1.0,50,564.116558
-2.0,50,564.333173
-1.0,50,564.548081
0.0,50,564.76152
-1.0,50,564.977091
-2.0,50,565.193819
-2.0,50,565.40757
-3.0,50,565.621962
-2.0,50,565.8385
-3.0,50,566.050931
-3.0,50,566.262784
-2.0,50,566.477273
-3.0,50,566.692732
-2.0,50,566.909065
-2.0,50,567.123593
-3.0,50,567.337133
0.0,50,567.568139
-2.0,50,567.782123
0.0,50,567.995198
-2.0,50,568.21213
-1.0,50,568.430039
-2.0,50,568.648417
-3.0,50,568.865169
-3.0,50,569.078833
-2.0,50,569.292855
-2.0,50,569.50966
-1.0,50,569.722604
-2.0,50,569.936627
-1.0,50,570.152033
-1.0,50,570.365773
-1.0,50,570.57986
-2.0,50,570.793588
-3.0,50,571.008977
-3.0,50,571.22467
0.0,50,571.436705
-2.0,50,571.654066
-2.0,50,571.868448
-1.0,50,572.082461
-1.0,50,572.297004
0.0,50,572.510358
-2.0,50,572.736063
-10.0,50,572.957155
-3.0,50,573.170289
-2.0,50,573.390105
-2.0,50,573.607859
-1.0,50,573.824748
-2.0,50,574.038505
-2.0,50,574.252427
-3.0,50,574.471925
-2.0,50,574.684915
0.0,50,574.898799
-2.0,50,575.111564
0.0,50,575.326634
-2.0,50,575.54087
0.0,50,575.754452
-1.0,50,575.965879
-2.0,50,576.18182
-1.0,50,576.393873
0.0,50,576.606187
0.0,50,576.819015
-2.0,50,577.041894
-2.0,50,577.256466
-2.0,50,577.471885
-1.0,50,577.683585
-1.0,50,577.89815
-2.0,50,578.115224
0.0,50,578.327033
-1.0,50,578.540307
-1.0,50,578.77149
-2.0,50,578.988685
0.0,50,579.200619
-2.0,50,579.416897
-2.0,50,579.634245
-3.0,50,579.844931
-2.0,50,580.055678
-2.0,50,580.268486
-1.0,50,580.481669
-2.0,50,580.695034
-3.0,50,580.907974
-3.0,50,581.126822
-2.0,50,581.344883
-2.0,50,581.560992
0.0,50,581.774906
-2.0,50,581.986169
-2.0,50,582.204213
-3.0,50,582.419798
-1.0,50,582.631856
-2.0,50,582.84313
-2.0,50,583.055748
-1.0,50,583.270068
-3.0,50,583.482399
-2.0,50,583.692912
-2.0,50,583.91311
-2.0,50,584.126145
-1.0,50,584.337712
-2.0,50,584.549959
-3.0,50,584.768316
-1.0,50,584.980109
-3.0,50,585.197786
-2.0,50,585.410291
-1.0,50,585.625822
-1.0,50,585.837731
0.0,50,586.04899
-2.0,50,586.264356
0.0,50,586.477898
-1.0,50,586.690229
0.0,50,586.902263
-3.0,50,587.113961
-1.0,50,587.327543
-1.0,50,587.539127
-1.0,50,587.751513
-1.0,50,587.963774
-2.0,50,588.18069
-2.0,50,588.398629
-1.0,50,588.614248
-2.0,50,588.825524
-1.0,50,589.049209
-2.0,50,589.253713
-2.0,50,589.457086
0.0,50,589.661683
-2.0,50,589.870153
-2.0,50,590.074526
-2.0,50,590.278719
-4.0,50,590.481806
-2.0,50,590.687205
-3.0,50,590.890957
-2.0,50,591.09592
-1.0,50,591.299322
-2.0,50,591.50459
0.0,50,591.71213
-3.0,50,591.915583
-2.0,50,592.118794
-2.0,50,592.323641
-2.0,50,592.525859
-2.0,50,592.729365
-2.0,50,592.93293
0.0,50,593.139094
-1.0,50,593.342623
-1.0,50,593.546692
-3.0,50,593.751079
-3.0,50,593.967154
0.0,50,594.170631
0.0,50,594.375427
-2.0,50,594.582572
-2.0,50,594.792383
-2.0,50,594.994532
-1.0,50,595.198032
-1.0,50,595.401687
-2.0,50,595.613224
-1.0,50,595.815776
-1.0,50,596.020021
-2.0,50,596.226704
-2.0,50,596.437165
-2.0,50,596.641852
-1.0,50,596.845886
-2.0,50,597.054889
-2.0,50,597.262151
0.0,50,597.465804
-2.0,50,597.670419
-1.0,50,597.874442
-1.0,50,598.081701
-2.0,50,598.284462
-3.0,50,598.487398
-2.0,50,598.697086
-2.0,50,598.926276
-1.0,50,599.132447
-3.0,50,599.341193
-1.0,50,599.544858
-2.0,50,599.750667
-3.0,50,599.956038
-1.0,50,600.16021
-2.0,50,600.364446
0.0,50,600.56932
-3.0,50,600.778995
-2.0,50,600.986915
-2.0,50,601.195312
-2.0,50,601.40768
-2.0,50,601.616347
-2.0,50,601.820516
-3.0,50,602.023633
-2.0,50,602.232247
0.0,50,602.437123
0.0,50,602.639129
-3.0,50,602.841434
-1.0,50,603.049752
-3.0,50,603.253942
-2.0,50,603.458191
-1.0,50,603.662034
-3.0,50,603.866286
-3.0,50,604.069892
0.0,50,604.274467
0.0,50,604.477004
-2.0,50,604.683082
-2.0,50,604.888036
-3.0,50,605.090857
-2.0,50,605.295714
-3.0,50,605.508056
-2.0,50,605.718236
-3.0,50,605.920987
-2.0,50,606.131053
-2.0,50,606.338001
-1.0,50,606.540659
-1.0,50,606.74358
0.0,50,606.946123
-2.0,50,607.150532
0.0,50,607.354217
-2.0,50,607.556909
-1.0,50,607.762378
-2.0,50,607.969437
-1.0,50,608.174616
-2.0,50,608.377398
-3.0,50,608.585747
-2.0,50,608.816844
-2.0,50,609.02102
-2.0,50,609.22725
-1.0,50,609.430645
-3.0,50,609.642338
-1.0,50,609.847708
-3.0,50,610.051472
-2.0,50,610.255846
-2.0,50,610.466675
0.0,50,610.669676
-2.0,50,610.872816
-3.0,50,611.07745
-1.0,50,611.285345
-3.0,50,611.489033
-1.0,50,611.693808
0.0,50,611.896488
-2.0,50,612.102928
-1.0,50,612.307086
-1.0,50,612.510616
-1.0,50,612.713673
-3.0,50,612.924042
-3.0,50,613.129741
-2.0,50,613.337575
-1.0,50,613.540279
-1.0,50,613.746189
-2.0,50,613.9509
-1.0,50,614.154519
-2.0,50,614.360367
-1.0,50,614.568457
-2.0,50,614.778098
-1.0,50,614.982018
0.0,50,615.186103
0.0,50,615.392655
-2.0,50,615.597231
0.0,50,615.801721
-1.0,50,616.004831
-2.0,50,616.21012
0.0,50,616.412135
-2.0,50,616.62192
-1.0,50,616.824582
-2.0,50,617.03012
0.0,50,617.234042
-2.0,50,617.437625
0.0,50,617.640766
-2.0,50,617.851056
-2.0,50,618.058132
-3.0,50,618.263622
-1.0,50,618.465628
-3.0,50,618.690718
-2.0,50,618.894989
0.0,50,619.098888
-2.0,50,619.304752
-3.0,50,619.513725
-3.0,50,619.715561
0.0,50,619.920102
-2.0,50,620.128671
-2.0,50,620.334267
-1.0,50,620.53811
-3.0,50,620.741486
-2.0,50,620.948038
-2.0,50,621.155954
-2.0,50,621.361932
-3.0,50,621.56627
-2.0,50,621.769344
-2.0,50,621.975239
0.0,50,622.180586
0.0,50,622.38392
-1.0,50,622.587257
-2.0,50,622.798938
-1.0,50,623.002176
-3.0,50,623.205635
-2.0,50,623.412975
-2.0,50,623.623415
-2.0,50,623.827171
-2.0,50,624.031373
-1.0,50,624.237946
-1.0,50,624.445106
-2.0,50,624.648722
-2.0,50,624.85169
-2.0,50,625.056542
-1.0,50,625.262912
0.0,50,625.465225
-2.0,50,625.671451
-1.0,50,625.875589
-2.0,50,626.081448
-1.0,50,626.285961
-1.0,50,626.489866
-2.0,50,626.693556
0.0,50,626.901347
-1.0,50,627.105433
-3.0,50,627.315975
-2.0,50,627.518378
0.0,50,627.901997
-3.0,50,628.114498
-2.0,50,628.329554
-1.0,50,628.542413
-3.0,50,628.779264
-2.0,50,628.998244
-2.0,50,629.214863
-2.0,50,629.429375
-3.0,50,629.647129
-2.0,50,629.863884
-2.0,50,630.079105
-1.0,50,630.293254
-1.0,50,630.511665
-2.0,50,630.727366
0.0,50,630.941349
-2.0,50,631.155903
-3.0,50,631.374713
-1.0,50,631.589991
0.0,50,631.803984
-1.0,50,632.023371
-1.0,50,632.242402
-2.0,50,632.455736
-2.0,50,632.670299
0.0,50,632.883622
-1.0,50,633.099666
-1.0,50,633.315279
-2.0,50,633.529658
-1.0,50,633.743227
-1.0,50,633.960036
-2.0,50,634.178149
-3.0,50,634.393086
-3.0,50,634.606625
-1.0,50,634.822366
-3.0,50,635.037577
-1.0,50,635.255859
-2.0,50,635.470657
-1.0,50,635.690508
-2.0,50,635.905903
-2.0,50,636.122502
0.0,50,636.336143
-2.0,50,636.552626
-1.0,50,636.76721
-2.0,50,636.981637
-2.0,50,637.201543
-3.0,50,637.431633
-2.0,50,637.646342
-2.0,50,637.86202
-2.0,50,638.07647
-1.0,50,638.291379
-3.0,50,638.510915
-1.0,50,638.724812
0.0,50,638.936788
-1.0,50,639.151218
-2.0,50,639.365176
-2.0,50,639.580504
0.0,50,639.792774
-2.0,50,640.010023
0.0,50,640.22375
-1.0,50,640.436764
-2.0,50,640.648974
-2.0,50,640.863579
-1.0,50,641.079462
-2.0,50,641.29316
-1.0,50,641.506752
-1.0,50,641.721644
-2.0,50,641.940105
-3.0,50,642.159776
-2.0,50,642.38148
-2.0,50,642.595493
0.0,50,642.80853
0.0,50,643.021447
-1.0,50,643.238506
0.0,50,643.453568
-2.0,50,643.665213
-2.0,50,643.878043
-3.0,50,644.097911
-2.0,50,644.320424
0.0,50,644.533001
-2.0,50,644.750277
-2.0,50,644.96582
-1.0,50,645.18056
-3.0,50,645.399965
0.0,50,645.612758
-2.0,50,645.824941
-1.0,50,646.039247
-2.0,50,646.253879
-2.0,50,646.467397
-2.0,50,646.6863
-2.0,50,646.90742
0.0,50,647.119067
-2.0,50,647.333257
0.0,50,647.545472
0.0,50,647.776426
0.0,50,647.988624
-2.0,50,648.201224
-3.0,50,648.417253
-3.0,50,648.637998
-3.0,50,648.850443
-2.0,50,649.068303
-3.0,50,649.283536
-1.0,50,649.503049
-3.0,50,649.715279
-3.0,50,649.927889
-1.0,50,650.136813
-1.0,50,650.350257
-2.0,50,650.565872
-2.0,50,650.777057
-2.0,50,650.989689
-1.0,50,651.203568
-2.0,50,651.413701
-1.0,50,651.626022
-1.0,50,651.836399
-1.0,50,652.04996
-1.0,50,652.261939
-1.0,50,652.473081
-2.0,50,652.687167
-2.0,50,652.90449
-2.0,50,653.116591
-1.0,50,653.330844
-3.0,50,653.545283
-2.0,50,653.766061
-2.0,50,653.9864
-1.0,50,654.199633
-2.0,50,654.411713
0.0,50,654.625701
-1.0,50,654.839012
0.0,50,655.051776
-1.0,50,655.267918
-1.0,50,655.499929
-2.0,50,655.713683
-3.0,50,655.924904
-2.0,50,656.136107
-1.0,50,656.353986
-3.0,50,656.566667
-3.0,50,656.777596
-2.0,50,656.98911
-2.0,50,657.206189
-3.0,50,657.420083
-3.0,50,657.631868
-3.0,50,657.848811
-2.0,50,658.0661
-1.0,50,658.282572
-2.0,50,658.495421
-2.0,50,658.710637
0.0,50,658.924669
-2.0,50,659.136682
-1.0,50,659.350957
-2.0,50,659.5627
-2.0,50,659.778358
-2.0,50,659.990736
-1.0,50,660.20479
-2.0,50,660.416948
0.0,50,660.630675
0.0,50,660.841527
-1.0,50,661.054411
0.0,50,661.26788
-1.0,50,661.486178
-2.0,50,661.698522
-2.0,50,661.911115
-2.0,50,662.131065
-3.0,50,662.345105
0.0,50,662.556086
-2.0,50,662.767802
0.0,50,662.981082
-1.0,50,663.195641
-2.0,50,663.409501
-1.0,50,663.621499
-2.0,50,663.834138
-2.0,50,664.047739
0.0,50,664.260723
-1.0,50,664.476407
-2.0,50,664.695489
-2.0,50,664.932063
-1.0,50,665.14753
-1.0,50,665.361335
-3.0,50,665.582484
-2.0,50,665.806949
-2.0,50,666.024146
-1.0,50,666.2417
-2.0,50,666.455854
-3.0,50,666.67327
-3.0,50,666.887014
-2.0,50,667.102274
-1.0,50,667.318864
-8.0,50,667.536202
-1.0,50,667.75044
-2.0,50,667.972196
-1.0,50,668.18517
-2.0,50,668.402136
-3.0,50,668.621834
-2.0,50,668.838019
-2.0,50,669.05742
-2.0,50,669.273989
0.0,50,669.488993
-1.0,50,669.704059
-3.0,50,669.917982
-1.0,50,670.135777
-1.0,50,670.349931
-1.0,50,670.563427
-1.0,50,670.77884
-3.0,50,670.997865
-1.0,50,671.211809
-2.0,50,671.428298
-3.0,50,671.642654
0.0,50,671.857778
-2.0,50,672.070344
-1.0,50,672.285024
-3.0,50,672.500819
0.0,50,672.716616
0.0,50,672.930083
0.0,50,673.142546
-2.0,50,673.358531
-2.0,50,673.579091
-2.0,50,673.798363
-2.0,50,674.012135
-2.0,50,674.226938
-2.0,50,674.4619
-1.0,50,674.675045
0.0,50,674.888708
-2.0,50,675.101535
-3.0,50,675.316528
-1.0,50,675.529708
-3.0,50,675.747098
-2.0,50,675.95964
-1.0,50,676.176316
0.0,50,676.388655
-1.0,50,676.605952
-2.0,50,676.816403
-3.0,50,677.029499
-2.0,50,677.24583
-2.0,50,677.465031
-1.0,50,677.678083
-1.0,50,677.893843
-2.0,50,678.109998
-3.0,50,678.329269
-3.0,50,678.543873
-2.0,50,678.767055
0.0,50,678.979419
-8.0,50,679.195172
-2.0,50,679.408864
-2.0,50,679.624052
-1.0,50,679.836429
0.0,50,680.049474
-2.0,50,680.263003
-8.0,50,680.478328
-2.0,50,680.693261
-3.0,50,680.906951
-2.0,50,681.119027
-1.0,50,681.334767
-1.0,50,681.547001
-1.0,50,681.76157
-1.0,50,681.973309
-2.0,50,682.195427
0.0,50,682.409388
-2.0,50,682.622579
0.0,50,682.835828
-2.0,50,683.049681
-1.0,50,683.263889
-2.0,50,683.4779
0.0,50,683.692793
-2.0,50,683.922134
-2.0,50,684.142883
0.0,50,684.3569
0.0,50,684.569875
-1.0,50,684.78688
-3.0,50,685.003681
-2.0,50,685.217978
-2.0,50,685.440286
-1.0,50,685.658023
-2.0,50,685.87967
-3.0,50,686.098682
-1.0,50,686.314473
-3.0,50,686.530537
-2.0,50,686.745056
-1.0,50,686.958917
-2.0,50,687.173087
-6.0,50,687.389632
0.0,50,687.602816
0.0,50,687.817733
-3.0,50,688.031017
-2.0,50,688.253178
-2.0,50,688.467166
0.0,50,688.680965
-2.0,50,688.895173
0.0,50,689.113824
-2.0,50,689.328536
-2.0,50,689.542812
-2.0,50,689.757604
-1.0,50,689.974081
-3.0,50,690.195247
-2.0,50,690.410984
-2.0,50,690.631711
-3.0,50,690.854496
-1.0,50,691.067607
-3.0,50,691.281522
-3.0,50,691.495307
-2.0,50,691.71045
-2.0,50,691.925952
-2.0,50,692.142401
-2.0,50,692.363107
-2.0,50,692.582525
-2.0,50,692.79859
-6.0,50,693.013142
-2.0,50,693.2287
-3.0,50,693.457918
-2.0,50,693.672595
-2.0,50,693.88755
-1.0,50,694.101941
-2.0,50,694.317678
-2.0,50,694.530421
-2.0,50,694.743505
-11.0,50,694.963426
-2.0,50,695.183815
-3.0,50,695.39958
-2.0,50,695.614919
-2.0,50,695.831204
-2.0,50,696.050982
-1.0,50,696.264938
-1.0,50,696.478197
-2.0,50,696.691282
-2.0,50,696.906816
-2.0,50,697.121615
-8.0,50,697.338564
-2.0,50,697.553564
-1.0,50,697.769215
-1.0,50,697.982947
-2.0,50,698.197601
-14.0,50,698.418279
-1.0,50,698.634716
-2.0,50,698.849062
-2.0,50,699.066382
-3.0,50,699.278985
-2.0,50,699.497699
0.0,50,699.711619
-1.0,50,699.925924
-1.0,50,700.140037
-3.0,50,700.362259
-3.0,50,700.575948
0.0,50,700.789059
0.0,50,701.002699
-2.0,50,701.218498
-2.0,50,701.43647
-2.0,50,701.649725
0.0,50,701.863148
-2.0,50,702.095791
-1.0,50,702.310025
-1.0,50,702.523042
-2.0,50,702.736496
-3.0,50,702.959118
-2.0,50,703.173818
-3.0,50,703.386847
-1.0,50,703.600071
-1.0,50,703.811595
-2.0,50,704.031517
0.0,50,704.243503
-2.0,50,704.456298
-1.0,50,704.671743
-3.0,50,704.889293
-2.0,50,705.1035
-2.0,50,705.318877
-2.0,50,705.539869
-2.0,50,705.752387
0.0,50,705.963222
-2.0,50,706.17461
-2.0,50,706.392817
-1.0,50,706.605111
-1.0,50,706.818138
-2.0,50,707.031143
-2.0,50,707.244425
-2.0,50,707.459816
-1.0,50,707.677483
-2.0,50,707.889701
-2.0,50,708.109864
-2.0,50,708.323444
-2.0,50,708.537936
-2.0,50,708.750977
-2.0,50,708.966518
-2.0,50,709.180593
-2.0,50,709.391934
-3.0,50,709.602943
-2.0,50,709.822644
-2.0,50,710.038389
-1.0,50,710.252262
-2.0,50,710.463832
-2.0,50,710.692495
-2.0,50,710.906994
-3.0,50,711.118345
-1.0,50,711.329002
-2.0,50,711.54398
-1.0,50,711.761973
-2.0,50,711.975417
0.0,50,712.188103
-2.0,50,712.409237
-2.0,50,712.621141
-2.0,50,712.836118
-2.0,50,713.047729
-2.0,50,713.266251
-2.0,50,713.479771
-3.0,50,713.692148
-2.0,50,713.903351
-3.0,50,714.116093
0.0,50,714.328259
0.0,50,714.539671
-3.0,50,714.75048
-1.0,50,714.962206
-1.0,50,715.17293
-3.0,50,715.383875
0.0,50,715.594998
-2.0,50,715.809274
-1.0,50,716.019453
-2.0,50,716.230837
0.0,50,716.442133
0.0,50,716.65958
-2.0,50,716.871424
0.0,50,717.083825
-2.0,50,717.295916
-2.0,50,717.514343
-1.0,50,717.727002
0.0,50,717.938292
-2.0,50,718.151122
-2.0,50,718.365692
-3.0,50,718.579522
-2.0,50,718.790742
-2.0,50,719.002447
-1.0,50,719.230386
-1.0,50,719.443856
-1.0,50,719.657959
-2.0,50,719.871525
-2.0,50,720.093573
-1.0,50,720.307444
-1.0,50,720.520023
-1.0,50,720.733257
0.0,50,720.948409
-1.0,50,721.160963
-1.0,50,721.373885
-2.0,50,721.587682
-1.0,50,721.803255
-2.0,50,722.017348
-1.0,50,722.23001
-2.0,50,722.443454
-1.0,50,722.657457
-1.0,50,722.869273
-2.0,50,723.085966
0.0,50,723.298525
-1.0,50,723.518261
-2.0,50,723.731804
-2.0,50,723.945855
-1.0,50,724.159976
-2.0,50,724.374322
-1.0,50,724.587665
-2.0,50,724.804272
-1.0,50,725.01829
-2.0,50,725.234306
-2.0,50,725.448303
-2.0,50,725.662442
0.0,50,725.875921
-18.0,50,726.091204
-2.0,50,726.305426
-2.0,50,726.524634
-1.0,50,726.73941
-1.0,50,726.957173
-3.0,50,727.169912
-2.0,50,727.383517
0.0,50,727.59512
-2.0,50,727.825079
-2.0,50,728.043819
0.0,50,728.256744
-3.0,50,728.474027
-2.0,50,728.689756
-1.0,50,728.902886
-2.0,50,729.115424
-2.0,50,729.328151
-2.0,50,729.543455
-2.0,50,729.756906
-1.0,50,729.969685
-1.0,50,730.181187
0.0,50,730.398852
-2.0,50,730.61105
-1.0,50,730.824113
-2.0,50,731.035347
-2.0,50,731.249098
-3.0,50,731.463417
-2.0,50,731.676091
-1.0,50,731.888665
-1.0,50,732.10311
0.0,50,732.315005
-3.0,50,732.535735
-2.0,50,732.754116
-3.0,50,732.975817
-2.0,50,733.188362
-2.0,50,733.402106
-1.0,50,733.614736
-1.0,50,733.8335
-2.0,50,734.05281
-2.0,50,734.272259
-3.0,50,734.485936
-1.0,50,734.700646
-1.0,50,734.91252
0.0,50,735.125422
-6.0,50,735.342686
-3.0,50,735.787608
-2.0,50,736.002812
-2.0,50,736.219152
0.0,50,736.432112
0.0,50,736.646645
-2.0,50,736.86813
-2.0,50,737.080346
0.0,50,737.292256
-1.0,50,737.509819
-2.0,50,737.72147
-2.0,50,737.932978
-3.0,50,738.145531
-1.0,50,738.359816
-1.0,50,738.571398
-3.0,50,738.789433
0.0,50,739.000115
-2.0,50,739.213821
-8.0,50,739.425569
-1.0,50,739.643643
-3.0,50,739.858273
-2.0,50,740.071093
-2.0,50,740.282082
-1.0,50,740.494554
-3.0,50,740.712537
-1.0,50,740.928282
-2.0,50,741.139461
-3.0,50,741.349958
-4.0,50,741.566894
-2.0,50,741.786557
-1.0,50,741.998012
-2.0,50,742.209965
-1.0,50,742.422934
-2.0,50,742.641641
-2.0,50,742.857377
-2.0,50,743.075997
-3.0,50,743.286489
-3.0,50,743.516011
-7.0,50,743.729771
-1.0,50,743.944461
-2.0,50,744.166363
-2.0,50,744.384374
-1.0,50,744.601922
-2.0,50,744.820759
-2.0,50,745.034118
-1.0,50,745.250165
-6.0,50,745.463897
-2.0,50,745.684087
-1.0,50,745.8975
-3.0,50,746.120261
-3.0,50,746.337073
-12.0,50,746.553585
-2.0,50,746.766257
-6.0,50,746.981717
-1.0,50,747.195587
-3.0,50,747.412316
0.0,50,747.626991
-2.0,50,747.852113
-1.0,50,748.065261
-2.0,50,748.284346
-2.0,50,748.498303
-2.0,50,748.713484
-2.0,50,748.927047
-2.0,50,749.149814
-2.0,50,749.362622
-2.0,50,749.578906
-2.0,50,749.792357
-2.0,50,750.012902
-2.0,50,750.226496
-1.0,50,750.442035
-2.0,50,750.655444
-3.0,50,750.874917
-1.0,50,751.088621
-1.0,50,751.308151
-2.0,50,751.521066
-1.0,50,751.740453
-1.0,50,751.952999
0.0,50,752.18322
-2.0,50,752.398095
-1.0,50,752.610231
-1.0,50,752.821829
-2.0,50,753.034081
-2.0,50,753.252615
-1.0,50,753.46696
-1.0,50,753.680801
-1.0,50,753.896564
-2.0,50,754.109593
-2.0,50,754.330318
-2.0,50,754.54375
-2.0,50,754.768445
-2.0,50,754.981596
-12.0,50,755.193831
-1.0,50,755.408057
-2.0,50,755.623174
-3.0,50,755.843638
-2.0,50,756.06329
-2.0,50,756.276475
0.0,50,756.491549
-1.0,50,756.710028
-2.0,50,756.923249
-1.0,50,757.143555
-1.0,50,757.357775
-3.0,50,757.570401
0.0,50,757.78351
-2.0,50,758.00332
-2.0,50,758.227667
-2.0,50,758.442024
-3.0,50,758.654772
-1.0,50,758.87416
-2.0,50,759.089133
0.0,50,759.301271
-3.0,50,759.521433
0.0,50,759.734192
-2.0,50,759.94941
-1.0,50,760.163117
-1.0,50,760.375355
-1.0,50,760.587227
-1.0,50,760.816162
-2.0,50,761.033183
-2.0,50,761.250281
-1.0,50,761.468229
-3.0,50,761.686565
-3.0,50,761.900022
-2.0,50,762.11189
-3.0,50,762.325477
-2.0,50,762.544812
-2.0,50,762.76401
-1.0,50,762.983757
-2.0,50,763.19794
-1.0,50,763.419169
-7.0,50,763.638832
-2.0,50,763.858877
-3.0,50,764.07902
0.0,50,764.292657
0.0,50,764.506425
-2.0,50,764.726356
-2.0,50,764.939862
-2.0,50,765.16019
-2.0,50,765.380783
0.0,50,765.593285
-2.0,50,765.812053
-2.0,50,766.033083
-2.0,50,766.245281
-3.0,50,766.459028
-1.0,50,766.677552
0.0,50,766.892666
-3.0,50,767.110962
-2.0,50,767.326572
-2.0,50,767.543494
-1.0,50,767.758599
-2.0,50,767.977184
-1.0,50,768.190686
-1.0,50,768.403954
-2.0,50,768.621471
-2.0,50,768.835954
-3.0,50,769.056606
-3.0,50,769.26966
-7.0,50,769.498337
-2.0,50,769.713982
-2.0,50,769.926498
-2.0,50,770.146014
-2.0,50,770.367405
-2.0,50,770.58612
-2.0,50,770.796767
-1.0,50,771.00728
-1.0,50,771.224267
0.0,50,771.435514
-2.0,50,771.652367
-7.0,50,771.868093
-3.0,50,772.083788
-1.0,50,772.296171
-2.0,50,772.512088
-3.0,50,772.724594
-1.0,50,772.939317
-3.0,50,773.154128
-2.0,50,773.371879
-3.0,50,773.589247
-2.0,50,773.810267
0.0,50,774.023464
-2.0,50,774.238024
-2.0,50,774.456314
0.0,50,774.670152
-3.0,50,774.881718
-1.0,50,775.09324
-1.0,50,775.305074
-2.0,50,775.520502
-1.0,50,775.734415
-2.0,50,775.949204
-1.0,50,776.16149
-2.0,50,776.382396
-2.0,50,776.593937
-1.0,50,776.804846
-1.0,50,777.020875
-1.0,50,777.234727
-4.0,50,777.445875
-1.0,50,777.658831
-2.0,50,777.869449
-1.0,50,778.09761
-3.0,50,778.317518
-1.0,50,778.536562
-3.0,50,778.75137
-1.0,50,778.968842
-1.0,50,779.18196
-2.0,50,779.395173
-1.0,50,779.609128
0.0,50,779.82276
-2.0,50,780.036743
-1.0,50,780.249357
-1.0,50,780.462253
-2.0,50,780.684245
-3.0,50,780.896075
-3.0,50,781.109658
-6.0,50,781.322101
0.0,50,781.537163
0.0,50,781.750868
-2.0,50,781.962363
0.0,50,782.173478
-2.0,50,782.39267
-1.0,50,782.605828
0.0,50,782.818423
0.0,50,783.031379
-1.0,50,783.246502
-2.0,50,783.46598
-8.0,50,783.67985
-2.0,50,783.892126
-1.0,50,784.113475
0.0,50,784.326523
-2.0,50,784.54653
0.0,50,784.761379
0.0,50,784.975507
-2.0,50,785.196358
-2.0,50,785.41383
-2.0,50,785.627266
-2.0,50,785.844474
-2.0,50,786.065365
-1.0,50,786.279098
-2.0,50,786.496963
-2.0,50,786.710175
0.0,50,786.937383
-2.0,50,787.150145
-2.0,50,787.3697
-2.0,50,787.58973
0.0,50,787.80184
-2.0,50,788.012534
-3.0,50,788.224667
0.0,50,788.438579
0.0,50,788.65098
-9.0,50,788.865201
-2.0,50,789.078487
-1.0,50,789.294327
-3.0,50,789.507905
-2.0,50,789.721938
-1.0,50,789.934059
0.0,50,790.149535
-2.0,50,790.363404
-1.0,50,790.581845
-2.0,50,790.795644
-2.0,50,791.016993
-2.0,50,791.235484
-2.0,50,791.454048
-3.0,50,791.673591
-3.0,50,791.88989
-2.0,50,792.108897
-1.0,50,792.321139
0.0,50,792.533427
0.0,50,792.749139
-3.0,50,792.968186
-1.0,50,793.181627
-2.0,50,793.401809
-3.0,50,793.617702
-3.0,50,793.830417
-1.0,50,794.043555
-16.0,50,794.269616
-3.0,50,794.490878
-3.0,50,794.703371
-2.0,50,794.917617
-3.0,50,795.137583
-1.0,50,795.368179
-3.0,50,795.586525
-2.0,50,795.805964
-2.0,50,796.020817
-2.0,50,796.237463
-1.0,50,796.449644
-1.0,50,796.663926
-2.0,50,796.877332
-2.0,50,797.098309
-1.0,50,797.319762
-1.0,50,797.530892
-3.0,50,797.744077
-2.0,50,797.95753
0.0,50,798.168812
0.0,50,798.382202
-2.0,50,798.595008
-2.0,50,798.812584
-2.0,50,799.026247
0.0,50,799.237537
0.0,50,799.450396
-1.0,50,799.66746
-2.0,50,799.885578
-1.0,50,800.096964
-2.0,50,800.309865
-2.0,50,800.52369
0.0,50,800.733708
0.0,50,800.94405
-2.0,50,801.155183
-2.0,50,801.369859
-2.0,50,801.583652
-2.0,50,801.801161
-3.0,50,802.011948
-1.0,50,802.23265
-3.0,50,802.45211
-1.0,50,802.671349
-2.0,50,802.890095
-2.0,50,803.105786
0.0,50,803.317981
-1.0,50,803.530781
0.0,50,803.742733
-2.0,50,803.976533
-1.0,50,804.193237
-2.0,50,804.40763
-1.0,50,804.620278
-1.0,50,804.835063
0.0,50,805.048439
-2.0,50,805.266831
-1.0,50,805.478942
-1.0,50,805.699362
0.0,50,805.910289
-2.0,50,806.122508
-2.0,50,806.337042
-2.0,50,806.556756
-1.0,50,806.769398
-3.0,50,806.981725
-1.0,50,807.195065
-2.0,50,807.416669
0.0,50,807.629529
0.0,50,807.841452
-2.0,50,808.058023
-1.0,50,808.273687
-2.0,50,808.488292
-2.0,50,808.702354
-1.0,50,808.922351
-1.0,50,809.143643
-2.0,50,809.358495
-1.0,50,809.5701
-2.0,50,809.782296
-3.0,50,810.001579
-2.0,50,810.214574
-2.0,50,810.434813
-2.0,50,810.645389
-1.0,50,810.85946
-1.0,50,811.072573
-2.0,50,811.286182
0.0,50,811.498897
-1.0,50,811.728101
-1.0,50,811.941071
-2.0,50,812.158655
-3.0,50,812.371944
-2.0,50,812.587645
-2.0,50,812.804047
-2.0,50,813.017803
-4.0,50,813.23107
-2.0,50,813.450855
-2.0,50,813.66494
-1.0,50,813.87828
-2.0,50,814.098981
-2.0,50,814.313873
-3.0,50,814.530273
0.0,50,814.743052
-1.0,50,814.955976
-1.0,50,815.17026
-2.0,50,815.384216
-2.0,50,815.596982
-1.0,50,815.810876
-1.0,50,816.026963
-2.0,50,816.239728
-3.0,50,816.452872
-3.0,50,816.669024
-3.0,50,816.893396
-1.0,50,817.108881
-2.0,50,817.32795
-2.0,50,817.540727
-2.0,50,817.75788
-1.0,50,817.970857
0.0,50,818.186011
-3.0,50,818.400354
-2.0,50,818.617046
-2.0,50,818.832521
-2.0,50,819.050471
0.0,50,819.26348
-2.0,50,819.494474
-1.0,50,819.707973
-3.0,50,819.92438
-3.0,50,820.136039
-1.0,50,820.352226
-2.0,50,820.568538
-2.0,50,820.78633
-2.0,50,820.999053
-2.0,50,821.211767
-1.0,50,821.424721
-2.0,50,821.638484
-3.0,50,821.850125
-1.0,50,822.069178
-3.0,50,822.28647
-2.0,50,822.497025
-3.0,50,822.710265
-2.0,50,822.930095
-2.0,50,823.142307
-1.0,50,823.353177
-2.0,50,823.565271
-2.0,50,823.783142
-2.0,50,823.994213
-1.0,50,824.207019
-2.0,50,824.423663
-1.0,50,824.642356
-2.0,50,824.859495
-1.0,50,825.070051
-3.0,50,825.284451
-1.0,50,825.503591
-2.0,50,825.714787
-2.0,50,825.928189
-2.0,50,826.140707
-2.0,50,826.354561
0.0,50,826.565782
-1.0,50,826.777585
-1.0,50,826.989732
-2.0,50,827.22288
-2.0,50,827.436636
0.0,50,827.649254
-1.0,50,827.862591
-2.0,50,828.080347
-2.0,50,828.294342
-1.0,50,828.508097
-2.0,50,828.724405
-2.0,50,828.944444
-1.0,50,829.166375
-2.0,50,829.384212
-2.0,50,829.607917
-3.0,50,829.844752
-2.0,50,830.064146
0.0,50,830.277284
-2.0,50,830.49079
-2.0,50,830.709104
0.0,50,830.9267
-3.0,50,831.147542
-2.0,50,831.360016
-2.0,50,831.58061
-2.0,50,831.797432
-1.0,50,832.012093
-1.0,50,832.230588
-2.0,50,832.460828
-2.0,50,832.676797
-2.0,50,832.890976
-1.0,50,833.103151
-2.0,50,833.316656
-2.0,50,833.529865
-12.0,50,833.74139
-1.0,50,833.954475
-2.0,50,834.177934
-1.0,50,834.390134
-2.0,50,834.602137
-2.0,50,834.814336
-1.0,50,835.034692
-2.0,50,835.247874
-9.0,50,835.4626
-2.0,50,835.675676
-2.0,50,835.890277
-2.0,50,836.102821
-2.0,50,836.321419
-2.0,50,836.534952
-1.0,50,836.749873
-1.0,50,836.96247
-1.0,50,837.174793
-2.0,50,837.393053
-2.0,50,837.617336
-2.0,50,837.835046
-2.0,50,838.046908
-1.0,50,838.259556
-2.0,50,838.474332
-2.0,50,838.686782
-3.0,50,838.897985
-3.0,50,839.111082
-2.0,50,839.324769
-1.0,50,839.536686
0.0,50,839.749952
-2.0,50,839.960925
-3.0,50,840.197114
-2.0,50,840.410648
0.0,50,840.622393
0.0,50,840.833942
-3.0,50,841.050351
-2.0,50,841.26157
-2.0,50,841.473082
-3.0,50,841.693251
-2.0,50,841.912085
-6.0,50,842.127465
0.0,50,842.33865
-2.0,50,842.553211
-2.0,50,842.773717
-4.0,50,842.990527
-3.0,50,843.202125
-2.0,50,843.421203
-2.0,50,843.85555
-2.0,50,844.070293
-2.0,50,844.285037
-2.0,50,844.506428
-2.0,50,844.72439
-2.0,50,844.940896
-2.0,50,845.157171
-3.0,50,845.376962
-2.0,50,845.594963
0.0,50,845.80963
0.0,50,846.024571
-1.0,50,846.245084
-3.0,50,846.466518
-1.0,50,846.683874
0.0,50,846.896193
-2.0,50,847.110642
-1.0,50,847.327237
-3.0,50,847.542354
-1.0,50,847.758503
-3.0,50,847.974199
-1.0,50,848.195682
-2.0,50,848.416215
-1.0,50,848.632605
-2.0,50,848.847394
-1.0,50,849.063301
-2.0,50,849.278323
-1.0,50,849.494163
-1.0,50,849.70943
-3.0,50,849.924591
-1.0,50,850.140252
-2.0,50,850.356161
-1.0,50,850.572544
-1.0,50,850.789166
-2.0,50,851.005939
-5.0,50,851.22001
-3.0,50,851.441786
-1.0,50,851.675492
-4.0,50,851.889263
-2.0,50,852.103697
-2.0,50,852.317905
-2.0,50,852.532666
-2.0,50,852.752785
0.0,50,852.965244
0.0,50,853.17706
-2.0,50,853.390966
-1.0,50,853.605282
-1.0,50,853.816953
-1.0,50,854.029299
-15.0,50,854.24482
-1.0,50,854.45852
-1.0,50,854.670576
-2.0,50,854.885382
-3.0,50,855.109779
-1.0,50,855.323422
-1.0,50,855.536792
-1.0,50,855.750338
-2.0,50,855.96539
-1.0,50,856.179888
-3.0,50,856.393145
-3.0,50,856.614207
0.0,50,856.829297
-1.0,50,857.042249
-2.0,50,857.259359
-2.0,50,857.472532
-3.0,50,857.693602
-3.0,50,857.913885
-2.0,50,858.130961
-2.0,50,858.343559
-2.0,50,858.562229
-2.0,50,858.774592
-1.0,50,858.986027
-1.0,50,859.198346
0.0,50,859.426947
-1.0,50,859.63995
-1.0,50,859.852651
-2.0,50,860.064721
-1.0,50,860.278881
0.0,50,860.491103
-1.0,50,860.703231
0.0,50,860.914353
-1.0,50,861.128307
-1.0,50,861.341157
0.0,50,861.553399
-2.0,50,861.77066
-4.0,50,861.986926
-2.0,50,862.198866
-3.0,50,862.410478
-18.0,50,862.628549
-2.0,50,862.856621
-1.0,50,863.070443
-2.0,50,863.285336
-1.0,50,863.498537
-3.0,50,863.721493
-3.0,50,863.934128
0.0,50,864.147529
-2.0,50,864.363838
0.0,50,864.586338
-2.0,50,864.803119
-1.0,50,865.018111
-2.0,50,865.232006
-2.0,50,865.452808
-1.0,50,865.66747
-1.0,50,865.882131
-3.0,50,866.100016
-2.0,50,866.316255
-2.0,50,866.531258
-3.0,50,866.751173
-2.0,50,866.969159
-1.0,50,867.200223
0.0,50,867.415287
0.0,50,867.631595
0.0,50,867.845897
-2.0,50,868.069387
-2.0,50,868.289861
-3.0,50,868.509882
-2.0,50,868.73182
0.0,50,868.949042
-1.0,50,869.163021
-2.0,50,869.384621
-2.0,50,869.599024
-3.0,50,869.816768
-2.0,50,870.035172
-1.0,50,870.248117
-1.0,50,870.462907
-2.0,50,870.685878
-1.0,50,870.900821
-1.0,50,871.115177
0.0,50,871.328179
-1.0,50,871.544282
-2.0,50,871.758359
-3.0,50,871.971598
-3.0,50,872.185535
-2.0,50,872.409357
-1.0,50,872.624292
-1.0,50,872.839424
-2.0,50,873.053411
-2.0,50,873.270953
-3.0,50,873.483999
-2.0,50,873.697936
0.0,50,873.912215
-2.0,50,874.127347
-3.0,50,874.339966
-2.0,50,874.557686
-3.0,50,874.770477
-1.0,50,875.002931
-2.0,50,875.223169
-2.0,50,875.436269
-1.0,50,875.651139
-2.0,50,875.873976
-3.0,50,876.093105
-2.0,50,876.30857
-1.0,50,876.522404
-3.0,50,876.744678
-2.0,50,876.957581
-1.0,50,877.170863
-2.0,50,877.383301
-2.0,50,877.600543
-1.0,50,877.813489
-2.0,50,878.027656
-3.0,50,878.240781
-1.0,50,878.461741
-3.0,50,878.679505
-2.0,50,878.893611
-2.0,50,879.106247
-6.0,50,879.329611
-2.0,50,879.543042
-3.0,50,879.754727
0.0,50,879.968511
-2.0,50,880.182475
-1.0,50,880.397582
-2.0,50,880.611347
-3.0,50,880.824897
-1.0,50,881.05271
-1.0,50,881.266154
0.0,50,881.478973
-3.0,50,881.691807
-2.0,50,881.910506
-1.0,50,882.122554
-1.0,50,882.33385
-2.0,50,882.545775
-2.0,50,882.77892
0.0,50,882.992934
-1.0,50,883.206128
-2.0,50,883.421093
-2.0,50,883.636516
-4.0,50,883.850511
-2.0,50,884.062126
-1.0,50,884.274365
-1.0,50,884.489862
-2.0,50,884.703554
0.0,50,884.916129
0.0,50,885.127923
0.0,50,885.343904
-2.0,50,885.557054
-3.0,50,885.772322
-3.0,50,885.985701
-2.0,50,886.204325
-1.0,50,886.417779
0.0,50,886.631566
-1.0,50,886.844125
-1.0,50,887.058305
-1.0,50,887.27466
-1.0,50,887.487711
-2.0,50,887.700853
-2.0,50,887.916075
-2.0,50,888.132119
-3.0,50,888.35102
-2.0,50,888.568816
-3.0,50,888.785466
-2.0,50,888.99806
-6.0,50,889.210998
-3.0,50,889.428537
-1.0,50,889.646477
0.0,50,889.859281
-3.0,50,890.072538
0.0,50,890.284984
-3.0,50,890.516624
-2.0,50,890.736986
-3.0,50,890.951641
-3.0,50,891.165084
-3.0,50,891.380816
-3.0,50,891.597623
-2.0,50,891.812258
-1.0,50,892.026319
-1.0,50,892.241581
-2.0,50,892.457197
-2.0,50,892.669836
-2.0,50,892.882425
-3.0,50,893.108017
-1.0,50,893.320376
-1.0,50,893.534281
-2.0,50,893.74686
-1.0,50,893.961013
0.0,50,894.173974
-2.0,50,894.387712
-2.0,50,894.600807
0.0,50,894.816574
-1.0,50,895.028497
-1.0,50,895.241322
0.0,50,895.452919
-1.0,50,895.668631
-10.0,50,895.88241
-1.0,50,896.09437
-2.0,50,896.307377
-1.0,50,896.525687
0.0,50,896.738726
-2.0,50,896.953547
-1.0,50,897.165836
-8.0,50,897.385968
-3.0,50,897.599611
-2.0,50,897.810653
-2.0,50,898.030256
-1.0,50,898.261075
-1.0,50,898.475613
-2.0,50,898.691283
0.0,50,898.906147
-2.0,50,899.124125
-1.0,50,899.339185
-2.0,50,899.555093
-3.0,50,899.774371
-1.0,50,900.006281
-2.0,50,900.219919
-1.0,50,900.435186
-1.0,50,900.656678
-2.0,50,900.878595
-3.0,50,901.094111
-2.0,50,901.310157
-1.0,50,901.525613
-1.0,50,901.741444
0.0,50,901.954553
-2.0,50,902.168344
-2.0,50,902.382733
-2.0,50,902.6015
-1.0,50,902.816822
0.0,50,903.031694
-2.0,50,903.246139
-1.0,50,903.465516
-2.0,50,903.680707
-2.0,50,903.89527
-2.0,50,904.115352
-3.0,50,904.334043
-2.0,50,904.55706
-4.0,50,904.771048
-2.0,50,904.992233
-3.0,50,905.210521
-2.0,50,905.425689
-1.0,50,905.640312
-3.0,50,905.861517
-2.0,50,906.094491
-3.0,50,906.307872
0.0,50,906.521716
-2.0,50,906.741408
-3.0,50,906.961314
-3.0,50,907.17614
-3.0,50,907.388782
-2.0,50,907.604362
0.0,50,907.819249
-1.0,50,908.040339
-2.0,50,908.261092
-3.0,50,908.48148
-2.0,50,908.701919
-2.0,50,908.92496
-2.0,50,909.144728
-3.0,50,909.364484
-1.0,50,909.581323
-2.0,50,909.799217
-3.0,50,910.014459
-2.0,50,910.228031
-2.0,50,910.448012
-2.0,50,910.661381
-2.0,50,910.881511
-2.0,50,911.094978
-1.0,50,911.311012
0.0,50,911.525855
-6.0,50,911.739923
-6.0,50,911.960548
-2.0,50,912.179554
0.0,50,912.392966
-1.0,50,912.607217
-3.0,50,912.827358
-1.0,50,913.042638
0.0,50,913.256045
-2.0,50,913.477546
-1.0,50,913.693465
-1.0,50,913.925129
-2.0,50,914.139437
-1.0,50,914.352764
-1.0,50,914.568453
-2.0,50,914.78852
-2.0,50,915.002691
-2.0,50,915.220119
-3.0,50,915.433899
-2.0,50,915.651766
-2.0,50,915.865338
-2.0,50,916.079511
-2.0,50,916.292216
-3.0,50,916.510787
-1.0,50,916.725225
-1.0,50,916.937785
-2.0,50,917.158585
-1.0,50,917.386578
-1.0,50,917.601769
-1.0,50,917.817752
-3.0,50,918.039767
-2.0,50,918.257025
-1.0,50,918.471466
0.0,50,918.686253
-1.0,50,918.901346
-1.0,50,919.119025
-1.0,50,919.335602
-2.0,50,919.554252
0.0,50,919.76891
0.0,50,919.98632
-3.0,50,920.201191
-2.0,50,920.423143
-3.0,50,920.641208
-2.0,50,920.876996
-3.0,50,921.096986
-1.0,50,921.315394
-3.0,50,921.534258
-1.0,50,921.747123
-3.0,50,921.964923
0.0,50,922.177398
-3.0,50,922.390235
0.0,50,922.604505
-2.0,50,922.816489
-2.0,50,923.030848
-2.0,50,923.244744
-2.0,50,923.458267
-1.0,50,923.67216
-1.0,50,923.884088
0.0,50,924.096172
-1.0,50,924.313999
-1.0,50,924.526982
-2.0,50,924.746594
-1.0,50,924.956396
0.0,50,925.171329
-2.0,50,925.389998
-2.0,50,925.610127
-2.0,50,925.823525
-3.0,50,926.038641
-2.0,50,926.252315
-1.0,50,926.464533
0.0,50,926.676589
-2.0,50,926.898112
-2.0,50,927.109431
-3.0,50,927.320496
-2.0,50,927.541194
0.0,50,927.774185
0.0,50,927.988099
-2.0,50,928.201287
-2.0,50,928.495794
-2.0,50,928.71257
-2.0,50,928.928616
-2.0,50,929.142759
-1.0,50,929.357747
0.0,50,929.574477
-2.0,50,929.789991
-2.0,50,930.00993
-2.0,50,930.224213
-2.0,50,930.447986
-3.0,50,930.663473
-1.0,50,930.875418
-1.0,50,931.09018
-2.0,50,931.305179
-1.0,50,931.518811
-2.0,50,931.733878
-2.0,50,931.948042
-3.0,50,932.165408
-1.0,50,932.378929
-2.0,50,932.593464
-2.0,50,932.80646
-1.0,50,933.026162
-2.0,50,933.240528
-3.0,50,933.454967
-2.0,50,933.669874
-3.0,50,933.887267
-2.0,50,934.102248
-2.0,50,934.316485
-1.0,50,934.528705
-3.0,50,934.774435
-2.0,50,934.988848
-2.0,50,935.208497
-2.0,50,935.420648
-1.0,50,935.638507
-2.0,50,935.857482
-3.0,50,936.073375
-2.0,50,936.286311
-3.0,50,936.501331
-4.0,50,936.714277
-1.0,50,936.925994
-2.0,50,937.140819
-1.0,50,937.353994
-2.0,50,937.56746
-2.0,50,937.780292
-2.0,50,937.993433
-2.0,50,938.216701
-1.0,50,938.435664
-3.0,50,938.649377
-2.0,50,938.866919
-3.0,50,939.08634
-2.0,50,939.296847
-2.0,50,939.50835
-1.0,50,939.720689
-2.0,50,939.935141
0.0,50,940.146797
-3.0,50,940.365053
-3.0,50,940.583955
-2.0,50,940.801608
-2.0,50,941.012912
-1.0,50,941.224568
-1.0,50,941.437102
-1.0,50,941.668238
-2.0,50,941.882665
-1.0,50,942.097367
-1.0,50,942.311713
-1.0,50,942.527426
-3.0,50,942.741915
-2.0,50,942.954695
0.0,50,943.167064
-1.0,50,943.385776
-2.0,50,943.603456
-2.0,50,943.818398
-1.0,50,944.032526
-1.0,50,944.246816
-4.0,50,944.466704
-1.0,50,944.681825
0.0,50,944.895738
-2.0,50,945.115345
-2.0,50,945.330332
-3.0,50,945.542979
-1.0,50,945.757889
-2.0,50,945.97862
-2.0,50,946.191768
-3.0,50,946.407083
-1.0,50,946.620929
-1.0,50,946.838208
-1.0,50,947.052414
-2.0,50,947.266642
-2.0,50,947.478509
-4.0,50,947.702077
-2.0,50,947.91784
-1.0,50,948.131468
-1.0,50,948.344743
-3.0,50,948.585911
0.0,50,948.811363
-2.0,50,949.024261
-1.0,50,949.241299
0.0,50,949.455944
-1.0,50,949.670135
-1.0,50,949.882281
0.0,50,950.093361
-1.0,50,950.308281
-2.0,50,950.52108
-2.0,50,950.740742
-2.0,50,950.959158
-2.0,50,951.197312
-2.0,50,951.418649
-2.0,50,951.637976
-2.0,50,951.856993
-1.0,50,952.26726
-2.0,50,952.482915
-2.0,50,952.697857
-2.0,50,952.910475
-3.0,50,953.12596
-1.0,50,953.342545
-3.0,50,953.557444
-3.0,50,953.770653
-3.0,50,953.996669
-2.0,50,954.210362
-2.0,50,954.430151
-2.0,50,954.642131
-2.0,50,954.864947
-2.0,50,955.078158
-2.0,50,955.290899
-3.0,50,955.503316
-3.0,50,955.718959
-2.0,50,955.939162
-2.0,50,956.151891
-2.0,50,956.366337
-3.0,50,956.590106
-1.0,50,956.802624
-1.0,50,957.022482
-2.0,50,957.241787
0.0,50,957.457494
-3.0,50,957.679846
-2.0,50,957.892107
-2.0,50,958.111901
-2.0,50,958.32658
-1.0,50,958.539577
-3.0,50,958.753686
-2.0,50,958.973776
-2.0,50,959.207728
-3.0,50,959.426844
-1.0,50,959.64224
-4.0,50,959.855667
-1.0,50,960.072662
-2.0,50,960.286775
-1.0,50,960.503667
-1.0,50,960.718709
-3.0,50,960.939206
-3.0,50,961.158615
-1.0,50,961.371629
-2.0,50,961.591929
0.0,50,961.809867
-2.0,50,962.024111
-1.0,50,962.238843
-2.0,50,962.459416
0.0,50,962.674208
-1.0,50,962.888598
-3.0,50,963.100625
-2.0,50,963.316791
0.0,50,963.532409
-3.0,50,963.754659
-3.0,50,963.974581
-1.0,50,964.193489
-5.0,50,964.417327
-2.0,50,964.631113
0.0,50,964.843868
-2.0,50,965.061299
-1.0,50,965.278142
-2.0,50,965.492846
-2.0,50,965.704909
-2.0,50,965.917788
-2.0,50,966.154673
-1.0,50,966.367404
-2.0,50,966.577706
-1.0,50,966.789892
-2.0,50,967.006025
-3.0,50,967.218377
-2.0,50,967.435584
-1.0,50,967.647621
-1.0,50,967.864313
-7.0,50,968.07697
-1.0,50,968.289235
-7.0,50,968.500242
-2.0,50,968.713234
-3.0,50,968.925369
-3.0,50,969.137671
0.0,50,969.349124
-2.0,50,969.568681
-13.0,50,969.782386
-2.0,50,969.997798
-3.0,50,970.211001
0.0,50,970.425199
-2.0,50,970.643753
0.0,50,970.856766
-2.0,50,971.069741
-1.0,50,971.297884
-3.0,50,971.513707
-2.0,50,971.727666
0.0,50,971.940331
-2.0,50,972.165291
-1.0,50,972.379841
-2.0,50,972.599249
-1.0,50,972.819818
-2.0,50,973.049508
-2.0,50,973.262428
-3.0,50,973.48159
-8.0,50,973.700265
-2.0,50,973.914991
-2.0,50,974.127627
-2.0,50,974.339855
-1.0,50,974.551169
-1.0,50,974.767575
-2.0,50,974.979339
-2.0,50,975.191497
-2.0,50,975.406003
-2.0,50,975.627131
-3.0,50,975.84076
-2.0,50,976.057547
-2.0,50,976.274469
-2.0,50,976.488272
-2.0,50,976.701328
-2.0,50,976.914534
-2.0,50,977.131905
-2.0,50,977.351916
-6.0,50,977.567528
-6.0,50,977.780347
-7.0,50,977.99818
-1.0,50,978.219407
0.0,50,978.431844
-2.0,50,978.642229
-1.0,50,978.854573
0.0,50,979.068331
-2.0,50,979.28116
-2.0,50,979.499781
-2.0,50,979.712189
-3.0,50,979.945653
-3.0,50,980.165817
0.0,50,980.377279
-2.0,50,980.591163
-3.0,50,980.806654
-2.0,50,981.017704
-3.0,50,981.234523
-1.0,50,981.448171
-2.0,50,981.667418
-3.0,50,981.886257
-1.0,50,982.099282
-3.0,50,982.310341
-2.0,50,982.531373
-2.0,50,982.745536
-2.0,50,982.957094
0.0,50,983.167823
-3.0,50,983.382709
-2.0,50,983.597577
-1.0,50,983.81073
-3.0,50,984.026612
-1.0,50,984.240984
-3.0,50,984.45378
-2.0,50,984.672274
0.0,50,984.883934
-1.0,50,985.101022
-2.0,50,985.313012
-2.0,50,985.529882
-2.0,50,985.749685
0.0,50,985.965352
-2.0,50,986.179477
-1.0,50,986.390977
-1.0,50,986.603053
-2.0,50,986.840262
-2.0,50,987.053584
-1.0,50,987.266911
-1.0,50,987.479895
-2.0,50,987.717886
-2.0,50,987.932824
-2.0,50,988.146108
-2.0,50,988.367445
-2.0,50,988.58297
-2.0,50,988.797904
-2.0,50,989.012237
-2.0,50,989.233716
-2.0,50,989.456058
0.0,50,989.670827
-1.0,50,989.888378
-2.0,50,990.109573
-3.0,50,990.328791
-2.0,50,990.545034
-2.0,50,990.759083
-3.0,50,990.97484
-2.0,50,991.191139
-3.0,50,991.410188
-1.0,50,991.625129
-2.0,50,991.844099
-2.0,50,992.060695
-2.0,50,992.273607
-1.0,50,992.494596
-2.0,50,992.710111
-2.0,50,992.935186
-2.0,50,993.152939
-2.0,50,993.36728
-1.0,50,993.582159
-2.0,50,993.812692
-2.0,50,994.031635
-1.0,50,994.246008
-2.0,50,994.461323
-2.0,50,994.683086
-1.0,50,994.899063
-3.0,50,995.113908
0.0,50,995.327543
-1.0,50,995.548392
-2.0,50,995.762218
-2.0,50,995.978482
-3.0,50,996.192829
-2.0,50,996.409564
-2.0,50,996.630868
-1.0,50,996.846797
-3.0,50,997.059928
-3.0,50,997.279636
0.0,50,997.493523
-3.0,50,997.714847
-1.0,50,997.92925
-2.0,50,998.148791
-1.0,50,998.363629
-2.0,50,998.577974
0.0,50,998.792487
0.0,50,999.007855
-2.0,50,999.224848
-3.0,50,999.44025
-1.0,50,999.654321
-1.0,50,999.875686
-2.0,50,1000.094826
-3.0,50,1000.31622
-3.0,50,1000.530436
0.0,50,1000.764488
-2.0,50,1000.980384
-1.0,50,1001.194616
-2.0,50,1001.407954
-2.0,50,1001.62481
-1.0,50,1001.839078
-1.0,50,1002.052947
-4.0,50,1002.267585
-2.0,50,1002.482365
-3.0,50,1002.701661
0.0,50,1002.916192
0.0,50,1003.12946
0.0,50,1003.358167
-2.0,50,1003.570406
-2.0,50,1003.791819
-3.0,50,1004.012678
-2.0,50,1004.228305
-2.0,50,1004.44642
-2.0,50,1004.666011
-3.0,50,1004.887539
-2.0,50,1005.104823
-3.0,50,1005.319306
-1.0,50,1005.532897
0.0,50,1005.746383
-2.0,50,1005.966035
-3.0,50,1006.179891
-2.0,50,1006.393929
-1.0,50,1006.608089
-2.0,50,1006.824483
-2.0,50,1007.045095
-2.0,50,1007.259108
-2.0,50,1007.472654
0.0,50,1007.704571
0.0,50,1007.917911
-2.0,50,1008.138507
-2.0,50,1008.354876
-2.0,50,1008.579008
-1.0,50,1008.792538
-2.0,50,1009.006545
-2.0,50,1009.227721
-3.0,50,1009.450273
-1.0,50,1009.664685
-1.0,50,1009.882668
-3.0,50,1010.106742
-3.0,50,1010.321596
-2.0,50,1010.535381
-1.0,50,1010.750124
-2.0,50,1010.963477
-2.0,50,1011.184385
0.0,50,1011.400516
-2.0,50,1011.615934
-3.0,50,1011.832904
-2.0,50,1012.048483
-2.0,50,1012.265907
-1.0,50,1012.480482
-1.0,50,1012.693127
-2.0,50,1012.924297
-2.0,50,1013.139193
-2.0,50,1013.358064
-3.0,50,1013.573617
-1.0,50,1013.79205
-2.0,50,1014.004182
-2.0,50,1014.222956
-2.0,50,1014.435718
-2.0,50,1014.650156
-2.0,50,1014.862376
-2.0,50,1015.076292
-3.0,50,1015.294579
-1.0,50,1015.508284
-2.0,50,1015.72677
-1.0,50,1015.938119
-2.0,50,1016.157773
-2.0,50,1016.374151
-2.0,50,1016.584182
-2.0,50,1016.796169
-2.0,50,1017.008138
-2.0,50,1017.223385
-1.0,50,1017.43575
-1.0,50,1017.647342
0.0,50,1017.859369
-1.0,50,1018.075725
-3.0,50,1018.288318
-2.0,50,1018.501754
-3.0,50,1018.720249
-2.0,50,1018.938428
-1.0,50,1019.150293
0.0,50,1019.363064
-2.0,50,1019.574698
-2.0,50,1019.805535
-3.0,50,1020.024837
-1.0,50,1020.238131
-2.0,50,1020.448806
0.0,50,1020.663278
-2.0,50,1020.875443
-2.0,50,1021.088126
-3.0,50,1021.308076
-1.0,50,1021.525882
0.0,50,1021.73921
-3.0,50,1021.956047
-3.0,50,1022.174529
-2.0,50,1022.401346
-2.0,50,1022.613908
-2.0,50,1022.826225
-2.0,50,1023.040307
-2.0,50,1023.255655
-1.0,50,1023.46991
-3.0,50,1023.690645
-2.0,50,1023.902075
-2.0,50,1024.126296
-1.0,50,1024.339618
-2.0,50,1024.552471
-2.0,50,1024.76465
-3.0,50,1024.978584
-1.0,50,1025.195437
0.0,50,1025.407821
-6.0,50,1025.621059
-2.0,50,1025.838483
-2.0,50,1026.051157
-1.0,50,1026.264821
-2.0,50,1026.478651
-3.0,50,1026.713575
-2.0,50,1026.92685
-3.0,50,1027.150221
-1.0,50,1027.365675
-2.0,50,1027.58318
-3.0,50,1027.798787
-2.0,50,1028.01233
-2.0,50,1028.23427
-3.0,50,1028.450145
-3.0,50,1028.66725
-3.0,50,1028.881358
-3.0,50,1029.097384
-2.0,50,1029.315691
-2.0,50,1029.530101
-2.0,50,1029.748123
-3.0,50,1029.969305
-1.0,50,1030.185288
-2.0,50,1030.40076
-3.0,50,1030.621494
-4.0,50,1030.836192
-2.0,50,1031.055025
-1.0,50,1031.275183
-3.0,50,1031.493372
0.0,50,1031.707201
-3.0,50,1031.933707
-1.0,50,1032.14855
-1.0,50,1032.36307
-2.0,50,1032.57703
-1.0,50,1032.800761
-1.0,50,1033.015274
-2.0,50,1033.230082
-3.0,50,1033.444764
-2.0,50,1033.674328
-3.0,50,1033.88754
-1.0,50,1034.10215
-2.0,50,1034.315187
0.0,50,1034.533183
-3.0,50,1034.753051
-2.0,50,1034.96575
-1.0,50,1035.179774
-2.0,50,1035.394483
-1.0,50,1035.609989
-1.0,50,1035.825028
-2.0,50,1036.038818
-1.0,50,1036.253079
-3.0,50,1036.467044
-3.0,50,1036.6797
-2.0,50,1036.892299
-2.0,50,1037.117171
-2.0,50,1037.330178
0.0,50,1037.54256
-2.0,50,1037.756039
-1.0,50,1037.981645
-3.0,50,1038.194784
-1.0,50,1038.406428
-11.0,50,1038.618352
-3.0,50,1038.839491
-2.0,50,1039.055638
-2.0,50,1039.26787
-2.0,50,1039.480144
-1.0,50,1039.697975
-2.0,50,1039.910148
-3.0,50,1040.126686
-2.0,50,1040.344902
-3.0,50,1040.590515
-3.0,50,1040.805608
-3.0,50,1041.019022
-3.0,50,1041.232425
-2.0,50,1041.448674
-3.0,50,1041.663826
-1.0,50,1041.883887
0.0,50,1042.097112
-2.0,50,1042.321624
0.0,50,1042.534508
-2.0,50,1042.748597
-2.0,50,1042.962098
-1.0,50,1043.177505
0.0,50,1043.39173
-1.0,50,1043.605672
-3.0,50,1043.819894
0.0,50,1044.035091
0.0,50,1044.249818
-2.0,50,1044.463589
0.0,50,1044.683896
-2.0,50,1044.905763
-3.0,50,1045.120911
0.0,50,1045.333481
-2.0,50,1045.548067
-1.0,50,1045.764827
-1.0,50,1045.979096
-2.0,50,1046.192723
-2.0,50,1046.407026
-2.0,50,1046.623147
0.0,50,1046.83709
-3.0,50,1047.0525
-3.0,50,1047.270077
-2.0,50,1047.501942
-2.0,50,1047.717068
-1.0,50,1047.932684
-1.0,50,1048.146348
-2.0,50,1048.368313
-4.0,50,1048.581128
-1.0,50,1048.795337
-2.0,50,1049.016073
-2.0,50,1049.229994
-1.0,50,1049.448912
-2.0,50,1049.667317
-2.0,50,1049.884993
-2.0,50,1050.103479
0.0,50,1050.316585
-2.0,50,1050.52998
-2.0,50,1050.750321
-2.0,50,1050.970785
-1.0,50,1051.185132
0.0,50,1051.398243
-3.0,50,1051.611471
-2.0,50,1051.830929
-1.0,50,1052.045437
-1.0,50,1052.258871
-2.0,50,1052.474356
0.0,50,1052.692781
-2.0,50,1052.908232
-3.0,50,1053.123977
-1.0,50,1053.337101
-2.0,50,1053.571689
-2.0,50,1053.784844
-1.0,50,1053.999882
-1.0,50,1054.214341
-1.0,50,1054.445031
-3.0,50,1054.658774
-3.0,50,1054.870385
-1.0,50,1055.082643
-1.0,50,1055.300533
0.0,50,1055.514111
-2.0,50,1055.725816
-2.0,50,1055.940835
-2.0,50,1056.160998
0.0,50,1056.374129
0.0,50,1056.585333
-2.0,50,1056.803597
-2.0,50,1057.017981
-1.0,50,1057.231295
-2.0,50,1057.451335
-1.0,50,1057.665598
-1.0,50,1057.883218
-1.0,50,1058.094385
-2.0,50,1058.305748
-3.0,50,1058.517949
-2.0,50,1058.740115
-1.0,50,1058.952298
0.0,50,1059.164183
-2.0,50,1059.375579
-2.0,50,1059.591868
-2.0,50,1059.805353
-3.0,50,1060.020466
0.0,50,1060.233435
-3.0,50,1060.66532
-1.0,50,1060.890011
-2.0,50,1061.115592
-3.0,50,1061.341408
0.0,50,1061.561943
-3.0,50,1061.779781
-2.0,50,1062.0033
0.0,50,1062.222831
-1.0,50,1062.441358
-1.0,50,1062.658498
-3.0,50,1062.878436
-2.0,50,1063.100561
-1.0,50,1063.320462
-3.0,50,1063.543612
0.0,50,1063.760874
-2.0,50,1063.980298
-2.0,50,1064.201629
-2.0,50,1064.422054
-2.0,50,1064.63596
0.0,50,1064.850082
-1.0,50,1065.08122
-6.0,50,1065.301775
-3.0,50,1065.522668
-1.0,50,1065.744916
-3.0,50,1065.962468
-3.0,50,1066.182361
-1.0,50,1066.399198
0.0,50,1066.613698
0.0,50,1066.828132
-3.0,50,1067.051153
-2.0,50,1067.268458
0.0,50,1067.482657
-2.0,50,1067.69983
-1.0,50,1067.912661
-2.0,50,1068.129543
-2.0,50,1068.346829
-2.0,50,1068.571639
-2.0,50,1068.787653
-1.0,50,1069.004065
-2.0,50,1069.216528
-3.0,50,1069.442698
-3.0,50,1069.661429
-1.0,50,1069.875096
-1.0,50,1070.089419
-2.0,50,1070.308625
0.0,50,1070.521516
-2.0,50,1070.735742
-1.0,50,1070.948497
-3.0,50,1071.192524
-2.0,50,1071.414578
-2.0,50,1071.629724
0.0,50,1071.843022
-18.0,50,1072.06623
-1.0,50,1072.279426
-2.0,50,1072.496338
0.0,50,1072.710947
-2.0,50,1072.930149
-2.0,50,1073.143731
-3.0,50,1073.364647
-1.0,50,1073.583467
-2.0,50,1073.808542
-1.0,50,1074.020866
-2.0,50,1074.240271
-3.0,50,1074.46137
-2.0,50,1074.679401
-2.0,50,1074.901259
-2.0,50,1075.114231
-3.0,50,1075.328273
-3.0,50,1075.543349
-3.0,50,1075.759119
-2.0,50,1075.973154
-1.0,50,1076.186606
-2.0,50,1076.416531
-2.0,50,1076.630292
-3.0,50,1076.843974
-2.0,50,1077.061847
-2.0,50,1077.291487
-2.0,50,1077.508723
-3.0,50,1077.729685
0.0,50,1077.943648
-3.0,50,1078.165208
-2.0,50,1078.386369
-1.0,50,1078.602867
0.0,50,1078.816854
-2.0,50,1079.035609
-2.0,50,1079.251802
-1.0,50,1079.46547
-1.0,50,1079.678694
-2.0,50,1079.900199
-1.0,50,1080.113795
-2.0,50,1080.336132
-1.0,50,1080.551761
-1.0,50,1080.770583
-2.0,50,1080.986551
0.0,50,1081.201164
-3.0,50,1081.417172
-2.0,50,1081.63646
-2.0,50,1081.854115
-3.0,50,1082.068287
-1.0,50,1082.283339
-3.0,50,1082.505762
-2.0,50,1082.719764
-2.0,50,1082.939239
-2.0,50,1083.157988
-1.0,50,1083.391535
-2.0,50,1083.60494
0.0,50,1083.81721
-1.0,50,1084.030663
-2.0,50,1084.250589
-3.0,50,1084.462394
-1.0,50,1084.675803
-2.0,50,1084.888218
-3.0,50,1085.10454
0.0,50,1085.319543
-3.0,50,1085.532421
-2.0,50,1085.747945
-3.0,50,1085.963815
-2.0,50,1086.183587
-1.0,50,1086.397747
-2.0,50,1086.618186
-2.0,50,1086.837405
-2.0,50,1087.056563
-3.0,50,1087.276777
-2.0,50,1087.48945
0.0,50,1087.703681
-1.0,50,1087.917966
-1.0,50,1088.130635
-1.0,50,1088.343746
-2.0,50,1088.557737
-2.0,50,1088.773086
-2.0,50,1088.985875
-2.0,50,1089.19807
0.0,50,1089.430886
-1.0,50,1089.644868
-1.0,50,1089.858793
-2.0,50,1090.070648
-2.0,50,1090.294179
-2.0,50,1090.507289
-2.0,50,1090.723125
-2.0,50,1090.936735
-2.0,50,1091.15253
-2.0,50,1091.37189
-2.0,50,1091.591844
-2.0,50,1091.805667
-1.0,50,1092.034591
-1.0,50,1092.246922
-2.0,50,1092.466411
-1.0,50,1092.678866
-2.0,50,1092.894797
-2.0,50,1093.109616
-2.0,50,1093.321664
-1.0,50,1093.533622
-2.0,50,1093.753058
-3.0,50,1093.969669
-1.0,50,1094.183366
-2.0,50,1094.405902
-2.0,50,1094.624488
-1.0,50,1094.838159
-2.0,50,1095.051294
-1.0,50,1095.264653
0.0,50,1095.501718
-2.0,50,1095.722014
-3.0,50,1095.941038
-1.0,50,1096.155575
0.0,50,1096.370484
-1.0,50,1096.585546
-2.0,50,1096.807015
-2.0,50,1097.022565
-2.0,50,1097.245124
-2.0,50,1097.458843
-2.0,50,1097.676271
-2.0,50,1097.892624
-2.0,50,1098.109215
-3.0,50,1098.326945
-2.0,50,1098.547089
-1.0,50,1098.761698
-2.0,50,1098.977441
-2.0,50,1099.192414
0.0,50,1099.407257
-2.0,50,1099.629073
-2.0,50,1099.849799
0.0,50,1100.064835
-1.0,50,1100.279385
-2.0,50,1100.500969
-1.0,50,1100.726578
-1.0,50,1100.943815
-1.0,50,1101.157672
-3.0,50,1101.371171
-2.0,50,1101.602236
-3.0,50,1101.823263
-5.0,50,1102.037398
-2.0,50,1102.252476
-1.0,50,1102.470077
-3.0,50,1102.686646
-2.0,50,1102.906884
-1.0,50,1103.121879
-1.0,50,1103.338883
0.0,50,1103.5554
-1.0,50,1103.772821
-3.0,50,1103.991813
-1.0,50,1104.21077
-1.0,50,1104.426302
-2.0,50,1104.640172
-1.0,50,1104.859317
-1.0,50,1105.083116
-1.0,50,1105.298074
-4.0,50,1105.513005
-2.0,50,1105.727947
-2.0,50,1105.948415
-3.0,50,1106.166675
0.0,50,1106.380378
-2.0,50,1106.600668
-1.0,50,1106.82942
0.0,50,1107.04351
-2.0,50,1107.256233
-1.0,50,1107.46974
0.0,50,1107.701822
-2.0,50,1107.918845
-3.0,50,1108.132662
-1.0,50,1108.345702
-3.0,50,1108.563561
0.0,50,1108.777086
-2.0,50,1108.989065
-2.0,50,1109.21393
-2.0,50,1109.430272
-2.0,50,1109.648336
-1.0,50,1109.862672
0.0,50,1110.076084
-2.0,50,1110.297613
-1.0,50,1110.516452
-2.0,50,1110.737018
-2.0,50,1110.950868
-1.0,50,1111.170965
-1.0,50,1111.38448
-1.0,50,1111.599337
-1.0,50,1111.813521
-2.0,50,1112.029653
0.0,50,1112.245719
-2.0,50,1112.458668
-1.0,50,1112.676247
-2.0,50,1112.897079
-2.0,50,1113.117803
-1.0,50,1113.332624
0.0,50,1113.546578
-3.0,50,1113.776292
-3.0,50,1113.990107
-3.0,50,1114.21163
-2.0,50,1114.428927
-2.0,50,1114.646031
-1.0,50,1114.867722
0.0,50,1115.080558
-4.0,50,1115.295614
-2.0,50,1115.514436
-1.0,50,1115.730211
0.0,50,1115.945834
-2.0,50,1116.159856
-3.0,50,1116.381373
-1.0,50,1116.597281
-2.0,50,1116.815769
-1.0,50,1117.033931
-2.0,50,1117.25635
0.0,50,1117.470644
-3.0,50,1117.685252
-3.0,50,1117.899151
-2.0,50,1118.123229
-1.0,50,1118.337263
-3.0,50,1118.557782
-1.0,50,1118.771544
-1.0,50,1118.989836
-2.0,50,1119.2041
-1.0,50,1119.418647
-2.0,50,1119.634386
-2.0,50,1119.86786
0.0,50,1120.081653
-2.0,50,1120.296705
-9.0,50,1120.513874
-3.0,50,1120.737598
-2.0,50,1120.951931
-1.0,50,1121.163415
-1.0,50,1121.376226
-1.0,50,1121.602821
-2.0,50,1121.824477
-3.0,50,1122.038122
-2.0,50,1122.252023
0.0,50,1122.46824
-2.0,50,1122.681789
-1.0,50,1122.896068
-2.0,50,1123.110364
-1.0,50,1123.330078
-2.0,50,1123.544488
-2.0,50,1123.759224
-1.0,50,1123.97387
-3.0,50,1124.194397
-2.0,50,1124.410737
-2.0,50,1124.625388
-1.0,50,1124.846188
0.0,50,1125.061189
-1.0,50,1125.276875
-2.0,50,1125.492375
-1.0,50,1125.707511
-1.0,50,1125.940743
-2.0,50,1126.155286
-2.0,50,1126.376251
-1.0,50,1126.590645
-2.0,50,1126.806413
-2.0,50,1127.018511
-2.0,50,1127.232478
-1.0,50,1127.446254
-2.0,50,1127.668696
-3.0,50,1127.884012
-2.0,50,1128.09732
-2.0,50,1128.310828
-2.0,50,1128.535133
-1.0,50,1128.749912
-3.0,50,1128.962751
-1.0,50,1129.178147
-3.0,50,1129.408972
-2.0,50,1129.625265
-1.0,50,1129.838713
-1.0,50,1130.053056
-1.0,50,1130.27055
-2.0,50,1130.485441
-2.0,50,1130.700775
-2.0,50,1130.915356
0.0,50,1131.134614
-3.0,50,1131.35056
0.0,50,1131.565418
0.0,50,1131.778971
-2.0,50,1132.015357
-2.0,50,1132.232283
-2.0,50,1132.447534
0.0,50,1132.659234
-2.0,50,1132.875138
-2.0,50,1133.090226
0.0,50,1133.302879
-2.0,50,1133.520723
-3.0,50,1133.74268
-3.0,50,1133.954939
-1.0,50,1134.169783
-2.0,50,1134.389434
-2.0,50,1134.609585
-2.0,50,1134.822256
-2.0,50,1135.034852
-2.0,50,1135.253721
-3.0,50,1135.468549
-2.0,50,1135.68134
-2.0,50,1135.893236
-2.0,50,1136.107496
-2.0,50,1136.342509
-1.0,50,1136.556009
-2.0,50,1136.773018
-1.0,50,1136.989565
-2.0,50,1137.205953
-1.0,50,1137.420527
-3.0,50,1137.636953
-2.0,50,1137.85628
0.0,50,1138.086894
-2.0,50,1138.300833
-1.0,50,1138.514558
-2.0,50,1138.727652
0.0,50,1138.946709
-1.0,50,1139.160126
-4.0,50,1139.372619
0.0,50,1139.586106
-2.0,50,1139.802443
-1.0,50,1140.016532
-2.0,50,1140.23284
-2.0,50,1140.446012
-1.0,50,1140.660748
-1.0,50,1140.879354
-2.0,50,1141.092743
-1.0,50,1141.306726
0.0,50,1141.52566
-3.0,50,1141.74632
-1.0,50,1141.960893
-1.0,50,1142.176324
-2.0,50,1142.397518
-2.0,50,1142.611157
-1.0,50,1142.825119
-2.0,50,1143.045494
-2.0,50,1143.261745
-2.0,50,1143.483468
-3.0,50,1143.699102
-2.0,50,1143.912661
0.0,50,1144.145122
0.0,50,1144.35845
-1.0,50,1144.572599
-2.0,50,1144.792866
-2.0,50,1145.014945
-1.0,50,1145.231915
-2.0,50,1145.445334
-3.0,50,1145.66226
-3.0,50,1145.87908
-3.0,50,1146.098544
-2.0,50,1146.312355
-2.0,50,1146.52567
-3.0,50,1146.742822
0.0,50,1146.957711
0.0,50,1147.170304
-2.0,50,1147.384758
-2.0,50,1147.601007
-1.0,50,1147.816579
-2.0,50,1148.033341
-2.0,50,1148.245799
-2.0,50,1148.467845
-3.0,50,1148.681952
-1.0,50,1148.894272
-1.0,50,1149.10771
-2.0,50,1149.325447
-3.0,50,1149.541543
-2.0,50,1149.759875
-3.0,50,1149.980472
-1.0,50,1150.211637
-3.0,50,1150.424895
-2.0,50,1150.646733
-1.0,50,1150.860553
-2.0,50,1151.087681
0.0,50,1151.302405
-2.0,50,1151.521881
-3.0,50,1151.742304
0.0,50,1151.961456
-2.0,50,1152.175236
-2.0,50,1152.388073
-1.0,50,1152.60142
-1.0,50,1152.8164
-3.0,50,1153.02887
-2.0,50,1153.249078
-2.0,50,1153.466594
-1.0,50,1153.68621
-3.0,50,1153.900301
-3.0,50,1154.112416
-2.0,50,1154.327346
-1.0,50,1154.546083
-2.0,50,1154.76465
0.0,50,1154.976502
-3.0,50,1155.192549
-2.0,50,1155.406764
-2.0,50,1155.624323
-2.0,50,1155.842083
-1.0,50,1156.055798
-2.0,50,1156.286742
-1.0,50,1156.501625
-2.0,50,1156.712993
-2.0,50,1156.926462
-2.0,50,1157.14357
-2.0,50,1157.363346
-2.0,50,1157.574814
-2.0,50,1157.786437
-2.0,50,1158.001942
-2.0,50,1158.218896
-2.0,50,1158.43128
-1.0,50,1158.645003
-3.0,50,1158.862824
-3.0,50,1159.078034
-2.0,50,1159.293598
0.0,50,1159.50646
-2.0,50,1159.72449
-2.0,50,1159.937333
-1.0,50,1160.150643
-2.0,50,1160.37078
-3.0,50,1160.585728
0.0,50,1160.798922
-1.0,50,1161.012246
-3.0,50,1161.23112
-2.0,50,1161.445689
-5.0,50,1161.659056
-2.0,50,1161.871908
-1.0,50,1162.082441
-3.0,50,1162.318065
-2.0,50,1162.531356
-2.0,50,1162.744683
-1.0,50,1162.957492
-2.0,50,1163.178299
-2.0,50,1163.395851
-3.0,50,1163.609376
-3.0,50,1163.826004
-2.0,50,1164.04192
-2.0,50,1164.257065
-2.0,50,1164.470677
0.0,50,1164.684556
0.0,50,1164.914187
-1.0,50,1165.133335
-3.0,50,1165.353199
-2.0,50,1165.574804
0.0,50,1165.792059
-2.0,50,1166.006155
-2.0,50,1166.219963
-2.0,50,1166.435435
-2.0,50,1166.651142
-3.0,50,1166.865294
-3.0,50,1167.086054
0.0,50,1167.299647
-4.0,50,1167.522442
0.0,50,1167.736432
-3.0,50,1167.951919
-2.0,50,1168.164878
-2.0,50,1168.403021
-2.0,50,1168.617017
-2.0,50,1168.829514
-3.0,50,1169.048951
-2.0,50,1169.470649
-6.0,50,1169.689462
-1.0,50,1169.90316
-1.0,50,1170.117333
-2.0,50,1170.336938
0.0,50,1170.554946
-2.0,50,1170.768794
0.0,50,1170.983124
-2.0,50,1171.199138
-3.0,50,1171.414705
-3.0,50,1171.628018
-2.0,50,1171.842873
-6.0,50,1172.058955
-3.0,50,1172.279579
-2.0,50,1172.500328
-1.0,50,1172.721941
-1.0,50,1172.940144
-2.0,50,1173.153734
-1.0,50,1173.37026
-2.0,50,1173.583804
-1.0,50,1173.799045
-2.0,50,1174.014084
-1.0,50,1174.229805
-2.0,50,1174.448019
0.0,50,1174.679295
0.0,50,1174.890848
-5.0,50,1175.10862
-2.0,50,1175.319791
-3.0,50,1175.541854
-2.0,50,1175.752264
-1.0,50,1175.965477
-3.0,50,1176.184977
-27.0,50,1176.402986
-1.0,50,1176.619584
-3.0,50,1176.834233
-2.0,50,1177.053204
0.0,50,1177.266551
-2.0,50,1177.479831
-2.0,50,1177.690735
-1.0,50,1177.900954
0.0,50,1178.118095
-2.0,50,1178.330967
-2.0,50,1178.549669
-2.0,50,1178.763441
-2.0,50,1178.983699
-2.0,50,1179.196782
-2.0,50,1179.409571
-2.0,50,1179.62269
-3.0,50,1179.844895
-2.0,50,1180.056874
-2.0,50,1180.274044
-2.0,50,1180.48601
0.0,50,1180.719159
-1.0,50,1180.933328
-2.0,50,1181.146125
-2.0,50,1181.359833
-1.0,50,1181.574339
-2.0,50,1181.785981
-2.0,50,1181.99976
-1.0,50,1182.212428
-3.0,50,1182.427528
-1.0,50,1182.641412
-3.0,50,1182.855173
-1.0,50,1183.068301
-2.0,50,1183.286636
0.0,50,1183.500533
-2.0,50,1183.719044
-2.0,50,1183.935599
-1.0,50,1184.150227
-1.0,50,1184.364305
-2.0,50,1184.579322
-2.0,50,1184.80372
-3.0,50,1185.025459
-2.0,50,1185.239419
-2.0,50,1185.453481
-2.0,50,1185.671816
-1.0,50,1185.901333
-1.0,50,1186.115359
-1.0,50,1186.334157
-1.0,50,1186.547323
-3.0,50,1186.778242
-1.0,50,1186.994078
-2.0,50,1187.216087
-2.0,50,1187.432801
0.0,50,1187.649218
-3.0,50,1187.870263
-2.0,50,1188.083562
-2.0,50,1188.297095
-3.0,50,1188.523121
0.0,50,1188.734981
-3.0,50,1188.95595
-1.0,50,1189.168275
-2.0,50,1189.391131
-2.0,50,1189.604282
-2.0,50,1189.816514
-2.0,50,1190.030555
-1.0,50,1190.250217
0.0,50,1190.467537
-3.0,50,1190.683669
-1.0,50,1190.90086
-2.0,50,1191.119459
0.0,50,1191.332145
-2.0,50,1191.555605
-2.0,50,1191.777755
-2.0,50,1192.015328
0.0,50,1192.229478
-1.0,50,1192.448422
-2.0,50,1192.667884
-2.0,50,1192.883418
-3.0,50,1193.096404
-2.0,50,1193.309488
-2.0,50,1193.523334
-3.0,50,1193.740981
-2.0,50,1193.955729
0.0,50,1194.168262
-2.0,50,1194.381526
-1.0,50,1194.595338
-2.0,50,1194.811303
-2.0,50,1195.028028
-2.0,50,1195.242496
-3.0,50,1195.464171
-2.0,50,1195.677914
-2.0,50,1195.891677
-2.0,50,1196.104623
0.0,50,1196.322591
-2.0,50,1196.535805
0.0,50,1196.748486
-2.0,50,1196.969069
-2.0,50,1197.184999
-1.0,50,1197.402416
-2.0,50,1197.622821
-1.0,50,1197.842724
-2.0,50,1198.079528
-2.0,50,1198.297506
-1.0,50,1198.517557
-2.0,50,1198.733965
-2.0,50,1198.953706
-2.0,50,1199.166954
-3.0,50,1199.386034
-1.0,50,1199.603298
-1.0,50,1199.818769
-2.0,50,1200.031352
-2.0,50,1200.24955
-2.0,50,1200.465756
-3.0,50,1200.699294
-1.0,50,1200.915175
-2.0,50,1201.129539
-1.0,50,1201.344626
0.0,50,1201.564636
0.0,50,1201.778978
-1.0,50,1201.991804
-1.0,50,1202.20743
-3.0,50,1202.425027
-3.0,50,1202.639831
-2.0,50,1202.852975
-1.0,50,1203.068154
-2.0,50,1203.284462
-1.0,50,1203.498864
-2.0,50,1203.712711
-1.0,50,1203.930303
-2.0,50,1204.164589
-2.0,50,1204.381383
-1.0,50,1204.598261
-1.0,50,1204.813355
-2.0,50,1205.029131
-2.0,50,1205.247002
-1.0,50,1205.460698
-2.0,50,1205.674727
-3.0,50,1205.895467
-1.0,50,1206.108673
-2.0,50,1206.326564
-3.0,50,1206.539192
-2.0,50,1206.762987
-2.0,50,1206.976997
-3.0,50,1207.197954
-1.0,50,1207.417253
-2.0,50,1207.639219
-2.0,50,1207.851957
0.0,50,1208.065917
-2.0,50,1208.28286
0.0,50,1208.498792
-2.0,50,1208.712233
-1.0,50,1208.926844
0.0,50,1209.140171
-2.0,50,1209.358818
-1.0,50,1209.579546
-2.0,50,1209.7959
-1.0,50,1210.010958
-1.0,50,1210.240453
-1.0,50,1210.457055
-3.0,50,1210.674325
-3.0,50,1210.887909
0.0,50,1211.103604
-2.0,50,1211.324927
-2.0,50,1211.539831
-2.0,50,1211.753595
-2.0,50,1211.974044
0.0,50,1212.18832
-2.0,50,1212.401564
-3.0,50,1212.616231
-1.0,50,1212.831916
-2.0,50,1213.046979
-2.0,50,1213.263917
-2.0,50,1213.480343
-1.0,50,1213.707109
-2.0,50,1213.92798
0.0,50,1214.140641
-3.0,50,1214.360909
-1.0,50,1214.579206
0.0,50,1214.794001
0.0,50,1215.008121
-2.0,50,1215.221014
-2.0,50,1215.434154
-1.0,50,1215.65064
-2.0,50,1215.864133
-2.0,50,1216.076621
-2.0,50,1216.313713
-1.0,50,1216.525804
-1.0,50,1216.738369
-2.0,50,1216.956668
-3.0,50,1217.171983
0.0,50,1217.383344
-2.0,50,1217.595886
-2.0,50,1217.809871
0.0,50,1218.023772
-2.0,50,1218.234584
-2.0,50,1218.446179
-3.0,50,1218.656714
-2.0,50,1218.871257
-3.0,50,1219.082949
-2.0,50,1219.297016
-2.0,50,1219.513543
-1.0,50,1219.734738
0.0,50,1219.945833
-3.0,50,1220.160414
-3.0,50,1220.372092
-1.0,50,1220.586506
-3.0,50,1220.799691
-1.0,50,1221.012081
-2.0,50,1221.230413
-1.0,50,1221.445929
-3.0,50,1221.664592
-3.0,50,1221.877226
-2.0,50,1222.096257
-2.0,50,1222.333781
-2.0,50,1222.54886
-3.0,50,1222.765008
0.0,50,1222.97874
-2.0,50,1223.196162
-2.0,50,1223.417888
-2.0,50,1223.631017
-2.0,50,1223.846537
-2.0,50,1224.063785
-1.0,50,1224.277925
-3.0,50,1224.496824
0.0,50,1224.712045
-2.0,50,1224.93926
-2.0,50,1225.159317
-2.0,50,1225.374225
-3.0,50,1225.592104
-1.0,50,1225.809059
-2.0,50,1226.02983
0.0,50,1226.24367
-1.0,50,1226.456392
-1.0,50,1226.682609
-2.0,50,1226.896438
0.0,50,1227.109785
-2.0,50,1227.33031
-2.0,50,1227.547561
-2.0,50,1227.762696
-1.0,50,1227.975515
-1.0,50,1228.191148
-13.0,50,1228.421523
-2.0,50,1228.638635
-2.0,50,1228.851705
-3.0,50,1229.06388
-2.0,50,1229.281744
-3.0,50,1229.49549
-2.0,50,1229.710215
-2.0,50,1229.928984
-2.0,50,1230.154436
-2.0,50,1230.366456
-2.0,50,1230.581835
-2.0,50,1230.795043
-2.0,50,1231.012089
-2.0,50,1231.227112
-2.0,50,1231.44213
0.0,50,1231.654162
-2.0,50,1231.876114
-1.0,50,1232.090276
-1.0,50,1232.302627
0.0,50,1232.515085
-1.0,50,1232.736162
-3.0,50,1232.952935
-2.0,50,1233.167333
-2.0,50,1233.384542
-2.0,50,1233.604818
-3.0,50,1233.828097
-3.0,50,1234.047217
-2.0,50,1234.268277
-1.0,50,1234.484952
0.0,50,1234.700695
-1.0,50,1234.916614
-1.0,50,1235.130267
-3.0,50,1235.352971
-2.0,50,1235.567719
0.0,50,1235.781467
-2.0,50,1235.995908
-2.0,50,1236.213288
-3.0,50,1236.430717
0.0,50,1236.645051
0.0,50,1236.860146
0.0,50,1237.075456
-2.0,50,1237.293305
-1.0,50,1237.507622
-2.0,50,1237.728653
-2.0,50,1237.954855
-9.0,50,1238.177485
0.0,50,1238.390137
-2.0,50,1238.610419
-3.0,50,1238.840034
-1.0,50,1239.052136
-2.0,50,1239.262527
-1.0,50,1239.474782
-2.0,50,1239.704361
-3.0,50,1239.918198
-2.0,50,1240.133018
-1.0,50,1240.345707
-2.0,50,1240.564392
-2.0,50,1240.782157
-2.0,50,1240.994369
-2.0,50,1241.20751
-2.0,50,1241.426373
-1.0,50,1241.643284
-2.0,50,1241.862443
-3.0,50,1242.082941
-2.0,50,1242.305471
-3.0,50,1242.519171
-2.0,50,1242.734828
-2.0,50,1242.952693
0.0,50,1243.17104
0.0,50,1243.383968
-2.0,50,1243.59739
-3.0,50,1243.810691
-3.0,50,1244.042663
-2.0,50,1244.261735
0.0,50,1244.47531
-2.0,50,1244.694743
-2.0,50,1244.915224
-3.0,50,1245.128159
-1.0,50,1245.344361
-1.0,50,1245.558781
-2.0,50,1245.776143
-1.0,50,1245.995761
-2.0,50,1246.215454
0.0,50,1246.429071
-3.0,50,1246.647237
-2.0,50,1246.861219
-2.0,50,1247.074917
0.0,50,1247.286454
-1.0,50,1247.50196
-3.0,50,1247.721563
-3.0,50,1247.934926
-1.0,50,1248.146371
-3.0,50,1248.367876
0.0,50,1248.583391
-3.0,50,1248.800395
-5.0,50,1249.013464
-2.0,50,1249.251544
-2.0,50,1249.465557
0.0,50,1249.680772
0.0,50,1249.894648
-2.0,50,1250.111342
-2.0,50,1250.329033
-2.0,50,1250.545356
-2.0,50,1250.760474
-3.0,50,1250.981509
-3.0,50,1251.203297
-2.0,50,1251.418144
-2.0,50,1251.636439
-2.0,50,1251.861146
-1.0,50,1252.074081
-2.0,50,1252.295666
-3.0,50,1252.515477
-2.0,50,1252.738792
-1.0,50,1252.955105
-2.0,50,1253.174507
0.0,50,1253.387095
0.0,50,1253.605894
-2.0,50,1253.820845
-1.0,50,1254.037293
0.0,50,1254.249592
-2.0,50,1254.480354
-2.0,50,1254.699929
-2.0,50,1254.914398
-3.0,50,1255.131798
-1.0,50,1255.345117
-2.0,50,1255.564058
-2.0,50,1255.782878
-2.0,50,1255.997906
0.0,50,1256.227383
-3.0,50,1256.442244
-2.0,50,1256.654411
-2.0,50,1256.872996
-1.0,50,1257.086387
0.0,50,1257.298503
-3.0,50,1257.516844
-3.0,50,1257.7374
-3.0,50,1257.952361
-2.0,50,1258.166657
-2.0,50,1258.386028
-1.0,50,1258.598192
-1.0,50,1258.81612
-2.0,50,1259.034151
-2.0,50,1259.248462
-2.0,50,1259.461335
0.0,50,1259.691372
-1.0,50,1259.90505
0.0,50,1260.118105
-2.0,50,1260.337123
0.0,50,1260.550447
-2.0,50,1260.761606
-2.0,50,1260.974418
-3.0,50,1261.190963
0.0,50,1261.407241
-2.0,50,1261.625783
0.0,50,1261.837402
-1.0,50,1262.050212
0.0,50,1262.264637
-2.0,50,1262.476793
-2.0,50,1262.687188
-2.0,50,1262.902354
-2.0,50,1263.122185
-2.0,50,1263.333701
-9.0,50,1263.552493
-3.0,50,1263.767932
-1.0,50,1263.98561
-2.0,50,1264.200657
-3.0,50,1264.416511
-1.0,50,1264.627742
-2.0,50,1264.857471
-1.0,50,1265.076033
-1.0,50,1265.290956
-2.0,50,1265.508532
0.0,50,1265.721515
0.0,50,1265.932944
-1.0,50,1266.144802
-1.0,50,1266.357591
-2.0,50,1266.574273
-1.0,50,1266.786801
-2.0,50,1267.001995
-2.0,50,1267.216165
-1.0,50,1267.434648
-4.0,50,1267.649574
-2.0,50,1267.861812
-1.0,50,1268.073695
-2.0,50,1268.292547
-2.0,50,1268.505503
-2.0,50,1268.717246
-7.0,50,1268.935191
0.0,50,1269.151835
-3.0,50,1269.363356
-1.0,50,1269.575999
-3.0,50,1269.789108
-1.0,50,1270.018222
-1.0,50,1270.230956
-1.0,50,1270.444278
0.0,50,1270.656811
-2.0,50,1270.872992
0.0,50,1271.086269
-2.0,50,1271.303017
-2.0,50,1271.517882
-2.0,50,1271.736309
-3.0,50,1271.956634
0.0,50,1272.170848
-2.0,50,1272.386501
-1.0,50,1272.600881
-2.0,50,1272.813454
-2.0,50,1273.027315
-2.0,50,1273.243418
-1.0,50,1273.458224
-1.0,50,1273.67128
-3.0,50,1273.884931
-1.0,50,1274.100272
-1.0,50,1274.318373
0.0,50,1274.531264
-2.0,50,1274.751511
0.0,50,1274.964387
-3.0,50,1275.194086
-2.0,50,1275.408271
-1.0,50,1275.622418
-1.0,50,1275.835832
-3.0,50,1276.050343
-1.0,50,1276.267296
0.0,50,1276.47994
-2.0,50,1276.693507
0.0,50,1276.910878
-2.0,50,1277.123647
-1.0,50,1277.338557
-2.0,50,1277.552611
