#{"t_start": 1769176515.550743, "env_id": "FetchReachDense-v4"}
r,l,t
-14.555918,50,0.364943
-7.548411,50,0.392998
-9.906134,50,0.420665
-9.07399,50,0.448178
-11.193462,50,0.486585
-9.2604,50,0.516749
-4.827862,50,0.544709
-8.421415,50,0.573518
-5.927165,50,0.602233
-13.594772,50,0.63011
-9.644338,50,0.657309
-11.825656,50,0.686834
-6.074355,50,0.717735
-5.991338,50,0.746462
-9.105841,50,0.776322
-10.986974,50,0.803906
-7.187395,50,0.833195
-10.01894,50,0.862188
-12.506472,50,0.891255
-4.378099,50,0.92054
-9.175358,50,0.950208
-13.874345,50,0.983412
-11.897602,50,1.011802
-10.379709,50,1.040793
-14.081016,50,1.069456
-12.738745,50,1.09767
-7.970874,50,1.126712
-14.571499,50,1.157281
-8.672742,50,1.18435
-6.163788,50,1.212328
-10.195264,50,1.24061
-6.873106,50,1.267954
-10.242503,50,1.297081
-9.701534,50,1.327493
-13.781151,50,1.355665
-9.157718,50,1.385455
-15.32619,50,1.415553
-12.377251,50,1.442702
-10.506918,50,1.47077
-9.155916,50,1.498931
-9.224257,50,1.527224
-9.748931,50,1.558291
-12.344609,50,1.585364
-4.63993,50,1.612684
-13.873965,50,1.640083
-13.55863,50,1.670322
-10.026468,50,1.69897
-6.943425,50,1.72766
-7.610667,50,1.755247
-11.40152,50,1.78461
-15.603387,50,1.813907
-9.263979,50,1.841372
-9.425137,50,1.869145
-11.652175,50,1.897395
-9.379741,50,1.926815
-9.367707,50,1.954329
-12.207373,50,1.984065
-14.424695,50,2.01313
-9.299807,50,2.041989
-16.307462,50,2.070433
-9.915083,50,2.10013
-14.36417,50,2.129527
-12.966386,50,2.156884
-9.034051,50,2.184833
-15.679606,50,2.21331
-8.870312,50,2.241114
-7.974204,50,2.269419
-12.494513,50,2.296294
-7.317799,50,2.324676
-7.370461,50,2.354597
-11.912343,50,2.384532
-14.754599,50,2.414819
-4.621305,50,2.442193
-9.729108,50,2.470376
-7.258046,50,2.497745
-5.572857,50,2.525505
-14.242351,50,2.556567
-10.817625,50,2.584796
-15.590031,50,2.613688
-14.92025,50,2.64225
-9.624234,50,2.669669
-10.328684,50,2.696692
-9.848541,50,2.726767
-7.548691,50,2.756777
-6.278861,50,2.787249
-10.993555,50,2.815643
-9.940202,50,2.843741
-13.216523,50,2.870853
-8.864481,50,2.89978
-14.501616,50,2.931879
-6.3668,50,2.95921
-10.446957,50,2.990107
-7.553053,50,3.018052
-4.749939,50,3.045784
-11.067358,50,3.07413
-9.217013,50,3.103547
-9.902411,50,3.132676
-11.607005,50,3.16051
-9.026581,50,3.18951
-11.533195,50,3.218736
-24.924355,50,3.45218
-8.524948,50,3.670427
-9.21266,50,3.886136
-17.105017,50,4.100213
-13.073265,50,4.315944
-15.697619,50,4.528098
-10.157228,50,4.741006
-11.353231,50,4.954229
-9.0304,50,5.170879
-10.699489,50,5.386821
-2.773788,50,5.617625
-3.806674,50,5.846223
-5.071228,50,6.076257
-9.035931,50,6.308522
-8.648255,50,6.528338
-4.558039,50,6.752699
-7.032357,50,6.979006
-1.814341,50,7.233456
-4.69801,50,7.483093
-4.795795,50,7.707787
-2.12443,50,7.937744
-4.052173,50,8.16498
-2.186721,50,8.39025
-1.238365,50,8.608688
-2.033571,50,8.829043
-2.792854,50,9.045209
-1.89563,50,9.261546
-1.753745,50,9.47506
-1.590909,50,9.728251
-1.534338,50,9.94921
-4.466214,50,10.167463
-3.093344,50,10.382312
-2.976306,50,10.603919
-3.904124,50,10.830117
-1.089646,50,11.047415
-3.607456,50,11.264425
-1.705458,50,11.499414
-2.0127,50,11.745405
-2.907908,50,11.988197
-2.24693,50,12.230278
-3.719724,50,12.459299
-2.659609,50,12.687007
-1.484691,50,12.928989
-2.387172,50,13.151114
-1.360278,50,13.379223
-2.322699,50,13.604437
-3.246052,50,13.829344
-1.571932,50,14.05692
-2.34676,50,14.295637
-0.877193,50,14.525938
-2.332144,50,14.747873
-2.874901,50,14.963442
-2.296532,50,15.183886
-2.113042,50,15.421003
-2.488642,50,15.665411
-2.122794,50,15.883606
-2.070089,50,16.103962
-2.263265,50,16.319012
-1.747269,50,16.534885
-2.012152,50,16.74978
-1.877778,50,16.966813
-1.940527,50,17.181358
-1.582805,50,17.401662
-1.180619,50,17.61601
-1.559877,50,17.845362
-1.862469,50,18.070293
-1.596213,50,18.287847
-2.342167,50,18.504928
-1.909851,50,18.720728
-1.106522,50,18.958645
-2.148799,50,19.181934
-1.417313,50,19.444159
-1.199221,50,19.693624
-3.356656,50,19.932872
-1.416686,50,20.191941
-1.081006,50,20.44397
-1.319859,50,20.696817
-2.438014,50,20.948596
-1.331159,50,21.214626
-2.267168,50,21.462905
-1.680181,50,21.72499
-1.386432,50,21.958079
-2.339594,50,22.179582
-2.203603,50,22.393032
-3.085361,50,22.609919
-1.658509,50,22.82166
-2.183532,50,23.042388
-2.622537,50,23.26216
-2.607726,50,23.483847
-2.64017,50,23.703939
-1.307129,50,23.928309
-2.696261,50,24.154228
-3.31649,50,24.398989
-1.455959,50,24.631843
-3.262529,50,24.876739
-1.14022,50,25.111998
-1.350491,50,25.355827
-2.018334,50,25.602819
-1.345403,50,25.846554
-2.999541,50,26.09915
-1.36659,50,26.345223
-1.786761,50,26.588275
-1.324649,50,26.817082
-2.258921,50,27.037997
-1.71559,50,27.272928
-1.795839,50,27.512172
-1.606219,50,27.757745
-1.401408,50,27.991227
-1.663272,50,28.224043
-1.923423,50,28.467957
-1.986396,50,28.706889
-0.895858,50,28.96522
-1.583588,50,29.212203
-1.963476,50,29.459098
-1.587674,50,29.685894
-1.431159,50,29.921454
-1.434753,50,30.15465
-1.476616,50,30.387235
-1.015223,50,30.628399
-1.828944,50,30.853507
-1.180025,50,31.085859
-0.954272,50,31.305011
-1.17796,50,31.530135
-1.514791,50,31.756148
-1.728771,50,31.97951
-1.266093,50,32.202449
-1.519971,50,32.423408
-1.361815,50,32.638247
-1.853084,50,32.856602
-1.906437,50,33.079699
-1.147768,50,33.303239
-1.585208,50,33.528988
-1.351876,50,33.764542
-0.998425,50,33.999673
-1.422337,50,34.226636
-1.920119,50,34.455851
-1.155503,50,34.694166
-1.344413,50,34.934801
-1.929365,50,35.159582
-1.452599,50,35.385362
-1.169441,50,35.610793
-1.888907,50,35.835149
-0.903058,50,36.065114
-1.174351,50,36.291919
-0.995742,50,36.527116
-0.914259,50,36.752282
-1.850622,50,36.978805
-0.756961,50,37.201149
-1.396351,50,37.428539
-1.354493,50,37.660297
-1.779512,50,37.892501
-1.158825,50,38.12252
-1.044265,50,38.356853
-0.937009,50,38.581982
-1.165288,50,38.812824
-1.63813,50,39.053155
-1.226792,50,39.283507
-0.817787,50,39.509429
-1.046772,50,39.740821
-1.297576,50,39.968575
-0.576066,50,40.196861
-0.876566,50,40.428459
-1.217022,50,40.666492
-0.844186,50,40.89371
-1.076343,50,41.125664
-1.568443,50,41.359505
-1.545882,50,41.599059
-1.173479,50,41.830913
-0.980529,50,42.061958
-0.763426,50,42.288764
-1.983826,50,42.520032
-1.472695,50,42.745441
-1.111357,50,42.972355
-0.996841,50,43.198571
-0.810916,50,43.427849
-1.138311,50,43.659483
-0.895866,50,43.886139
-0.716111,50,44.110282
-0.522824,50,44.334339
-0.861354,50,44.559429
-0.771204,50,44.786611
-1.002249,50,45.012958
-1.22817,50,45.235989
-1.190155,50,45.457863
-1.092932,50,45.6834
-1.012021,50,45.908455
-1.3234,50,46.133515
-1.303346,50,46.358149
-0.726281,50,46.583898
-0.808708,50,46.808835
-0.707742,50,47.032897
-0.632796,50,47.258071
-1.424314,50,47.48807
-0.734395,50,47.71369
-0.806907,50,47.938904
-0.6305,50,48.166653
-0.428034,50,48.393253
-1.09496,50,48.620613
-1.83872,50,48.856068
-0.623669,50,49.082562
-1.178332,50,49.311696
-0.828552,50,49.540521
-1.463967,50,49.768197
-0.955675,50,49.998047
-1.088975,50,50.225143
-1.666463,50,50.453986
-1.101793,50,50.681073
-0.995403,50,50.912368
-0.784526,50,51.14082
-0.890011,50,51.374772
-0.653301,50,51.604305
-1.090253,50,51.832126
-0.917638,50,52.063315
-0.807139,50,52.291574
-0.708412,50,52.520525
-0.906339,50,52.746271
-0.986159,50,52.975504
-0.91858,50,53.204903
-1.009562,50,53.42769
-0.811189,50,53.65761
-0.622875,50,53.884418
-0.655657,50,54.110149
-0.694241,50,54.338093
-0.703611,50,54.57038
-1.699075,50,54.807487
-1.112196,50,55.04358
-0.990027,50,55.275714
-1.287643,50,55.500666
-0.907985,50,55.733332
-1.50403,50,55.96461
-0.968455,50,56.190311
-1.030335,50,56.414737
-0.647812,50,56.640398
-1.443584,50,56.87455
-0.963581,50,57.104342
-1.011841,50,57.332602
-1.184268,50,57.558334
-1.358088,50,57.790789
-1.866172,50,58.02308
-0.977968,50,58.249536
-0.710693,50,58.482546
-0.809185,50,58.709296
-0.782225,50,58.938073
-0.949066,50,59.167062
-1.20975,50,59.394184
-0.808467,50,59.620195
-0.973957,50,59.86005
-1.061745,50,60.08882
-1.223141,50,60.318296
-0.937492,50,60.547506
-0.880469,50,60.775974
-0.86051,50,61.005434
-1.247187,50,61.239198
-1.149528,50,61.468079
-0.94478,50,61.696602
-1.370596,50,61.928237
-0.9863,50,62.157832
-0.707688,50,62.387945
-1.238062,50,62.618544
-1.189707,50,62.849028
-1.644616,50,63.08217
-0.917786,50,63.309403
-1.241329,50,63.538373
-1.14178,50,63.763909
-1.03028,50,63.991105
-1.045855,50,64.216246
-0.971989,50,64.440672
-1.115881,50,64.672925
-1.098623,50,64.899915
-1.024256,50,65.12369
-0.944982,50,65.34973
-0.686434,50,65.575463
-0.884337,50,65.800492
-0.733085,50,66.027708
-1.070115,50,66.254898
-1.667697,50,66.489476
-0.776501,50,66.713898
-0.953253,50,66.94162
-0.817109,50,67.16793
-0.967691,50,67.392696
-1.213113,50,67.625267
-1.025079,50,67.851932
-1.107618,50,68.079397
-1.121669,50,68.306742
-0.777676,50,68.534895
-1.276851,50,68.768079
-0.731355,50,68.999047
-0.791381,50,69.227917
-1.115633,50,69.456452
-1.167166,50,69.686718
-0.913542,50,69.915372
-0.754444,50,70.144697
-0.829762,50,70.376036
-0.609814,50,70.610097
-0.861373,50,70.837237
-0.626046,50,71.067873
-1.003331,50,71.298167
-0.88148,50,71.530897
-0.972765,50,71.759604
-0.650719,50,71.989145
-0.905279,50,72.219621
-1.158771,50,72.448545
-1.691072,50,72.683285
-1.033864,50,72.91374
-0.923088,50,73.143881
-1.044627,50,73.371825
-1.727848,50,73.605348
-0.752097,50,73.83777
-0.865196,50,74.06442
-0.8907,50,74.291002
-1.690978,50,74.525285
-1.282558,50,74.758165
-0.902098,50,74.984046
-1.661599,50,75.208583
-1.263272,50,75.434605
-0.664603,50,75.661659
-1.001232,50,75.888277
-0.885912,50,76.11701
-1.169153,50,76.342814
-0.778579,50,76.571438
-1.331143,50,76.803576
-0.681605,50,77.031565
-0.680224,50,77.257649
-0.80976,50,77.482396
-1.39631,50,77.713301
-1.575374,50,77.946511
-0.925077,50,78.17283
-0.900202,50,78.402894
-0.630249,50,78.636969
-0.902103,50,78.866648
-0.757791,50,79.098974
-0.874261,50,79.327939
-0.920145,50,79.562747
-0.73787,50,79.790429
-0.625442,50,80.017393
-0.607663,50,80.246602
-0.698034,50,80.473511
-1.999497,50,80.710114
-1.146155,50,80.937968
-1.040919,50,81.167837
-0.793064,50,81.397778
-0.743895,50,81.627827
-0.963673,50,81.857049
-0.812316,50,82.08587
-0.883377,50,82.315988
-0.974244,50,82.558713
-1.030141,50,82.789441
-0.975944,50,83.017466
-1.050401,50,83.245278
-1.236805,50,83.465572
-1.157548,50,83.685514
-1.818848,50,83.921694
-1.24589,50,84.15451
-1.299945,50,84.387339
-0.840563,50,84.613271
-0.552469,50,84.839329
-0.899755,50,85.067662
-0.884349,50,85.296791
-1.080769,50,85.525301
-0.891221,50,85.750518
-1.102905,50,85.979472
-0.954392,50,86.218434
-1.02078,50,86.447849
-1.389299,50,86.676254
-1.076205,50,86.903793
-1.096656,50,87.132002
-0.756352,50,87.357645
-0.678041,50,87.583945
-0.884464,50,87.815441
-1.242947,50,88.052649
-1.024342,50,88.281922
-0.805001,50,88.512747
-1.016647,50,88.739979
-1.169001,50,88.971528
-1.35715,50,89.207554
-0.75838,50,89.43878
-0.666133,50,89.670575
-1.04543,50,89.902782
-1.151157,50,90.132935
-0.867434,50,90.362779
-0.850908,50,90.595
-0.947023,50,90.823689
-1.082839,50,91.051163
-0.880807,50,91.278734
-0.690032,50,91.507345
-1.041758,50,91.736667
-1.013754,50,91.964729
-0.754636,50,92.193993
-1.011847,50,92.421497
-1.440065,50,92.651766
-0.884746,50,92.878497
-0.817653,50,93.106017
-0.909312,50,93.333352
-0.938967,50,93.558088
-1.354601,50,93.785444
-1.107783,50,94.012174
-0.856647,50,94.241219
-1.004279,50,94.467856
-0.841961,50,94.694738
-1.413838,50,94.927066
-1.290465,50,95.374113
-0.83136,50,95.600622
-0.871597,50,95.826451
-1.02633,50,96.054047
-1.559052,50,96.289758
-0.691785,50,96.521114
-0.564352,50,96.753549
-0.84796,50,96.979431
-0.629298,50,97.197733
-0.913927,50,97.414303
-1.142002,50,97.640029
-1.286417,50,97.866122
-0.916854,50,98.092587
-1.740458,50,98.316449
-0.954257,50,98.542641
-0.753916,50,98.768264
-0.924879,50,99.001503
-1.038691,50,99.237883
-0.584075,50,99.469188
-0.835939,50,99.699658
-0.896383,50,99.931074
-0.814682,50,100.159915
-0.830571,50,100.387358
-1.683866,50,100.624049
-0.61866,50,100.851555
-0.644353,50,101.080289
-0.973488,50,101.314759
-1.089254,50,101.546339
-0.574812,50,101.780127
-1.527797,50,102.017473
-0.733333,50,102.246025
-1.312241,50,102.47352
-1.260465,50,102.709619
-0.749294,50,102.937626
-1.084425,50,103.166105
-0.900422,50,103.399566
-0.655712,50,103.621065
-0.783314,50,103.838325
-0.558848,50,104.058175
-0.829987,50,104.284119
-0.651985,50,104.506769
-0.718457,50,104.735699
-0.502535,50,104.953579
-1.002058,50,105.178677
-0.702892,50,105.406956
-0.812457,50,105.638984
-0.734253,50,105.86569
-0.541453,50,106.096312
-0.491488,50,106.324007
-0.660251,50,106.550302
-0.476881,50,106.777372
-0.9293,50,107.001841
-0.817968,50,107.228744
-0.833579,50,107.453833
-1.183922,50,107.689096
-0.780979,50,107.913716
-0.722714,50,108.144844
-0.92513,50,108.379437
-1.391744,50,108.613832
-0.695664,50,108.844915
-0.862287,50,109.074266
-1.116206,50,109.30161
-1.23945,50,109.527881
-1.304715,50,109.758028
-1.073068,50,109.987952
-0.961675,50,110.218017
-1.081375,50,110.455313
-0.768606,50,110.682359
-1.180247,50,110.910718
-0.827183,50,111.145935
-0.726347,50,111.373819
-0.520295,50,111.601491
-0.805961,50,111.828118
-0.833584,50,112.055679
-0.654502,50,112.284445
-0.940415,50,112.51171
-1.088667,50,112.740707
-0.961628,50,112.970974
-1.002958,50,113.19999
-0.736301,50,113.431572
-0.889781,50,113.661596
-1.026403,50,113.889479
-1.318986,50,114.117839
-1.026976,50,114.350692
-0.906549,50,114.580177
-0.840684,50,114.81093
-0.666111,50,115.040486
-0.805384,50,115.272099
-0.927538,50,115.501295
-1.028872,50,115.73699
-1.195825,50,115.979016
-0.950028,50,116.216084
-0.409926,50,116.442794
-0.493001,50,116.671622
-1.078314,50,116.898191
-1.094021,50,117.129747
-0.903553,50,117.356988
-1.581602,50,117.58433
-0.557793,50,117.811369
-0.616381,50,118.034883
-1.061674,50,118.262195
-0.893536,50,118.487327
-0.949847,50,118.713263
-0.955138,50,118.939315
-0.817066,50,119.166832
-0.732804,50,119.393662
-0.624939,50,119.619662
-1.04029,50,119.850733
-1.540102,50,120.083062
-0.835664,50,120.30962
-0.668344,50,120.53578
-0.861704,50,120.762749
-0.873403,50,120.994927
-0.542314,50,121.221586
-0.858875,50,121.447133
-0.600976,50,121.673153
-0.795018,50,121.900272
-0.732706,50,122.128474
-0.553222,50,122.353747
-0.824999,50,122.58733
-1.011965,50,122.821115
-1.322891,50,123.056304
-0.876093,50,123.289448
-1.119821,50,123.518874
-0.82718,50,123.755189
-0.778261,50,123.988627
-0.805708,50,124.220331
-1.532535,50,124.464472
-0.787732,50,124.693148
-0.496364,50,124.922718
-0.740959,50,125.1506
-0.59115,50,125.377724
-1.026734,50,125.604002
-0.781826,50,125.831212
-0.783698,50,126.060507
-0.707566,50,126.287748
-0.651812,50,126.515774
-0.814505,50,126.743336
-0.756458,50,126.968411
-0.670977,50,127.197903
-0.732337,50,127.426879
-0.564728,50,127.654813
-0.704944,50,127.884692
-0.955579,50,128.111208
-1.753262,50,128.3459
-0.875968,50,128.572076
-0.868825,50,128.798429
-1.241215,50,129.023794
-0.733783,50,129.250307
-1.121899,50,129.477182
-0.694122,50,129.704221
-0.945973,50,129.930924
-0.820551,50,130.160057
-0.85533,50,130.393138
-0.894713,50,130.619901
-0.863903,50,130.84769
-1.062189,50,131.07436
-0.83848,50,131.302103
-0.575446,50,131.524887
-0.689483,50,131.752086
-0.94556,50,131.984078
-1.321558,50,132.209393
-0.879958,50,132.436373
-0.805008,50,132.66463
-0.768239,50,132.891926
-0.609683,50,133.119705
-0.794948,50,133.350717
-0.999121,50,133.579113
-0.663679,50,133.81023
-0.692188,50,134.039774
-0.828396,50,134.2651
-0.740742,50,134.499548
-0.820535,50,134.727081
-0.761678,50,134.955343
-0.602518,50,135.196182
-0.67615,50,135.424641
-0.804956,50,135.642308
-0.861291,50,135.861433
-0.762484,50,136.087424
-0.815981,50,136.306569
-0.816554,50,136.524901
-0.683472,50,136.750022
-0.645183,50,136.979178
-0.492989,50,137.205227
-0.846219,50,137.443302
-0.625841,50,137.675393
-1.366587,50,137.902507
-0.798615,50,138.122535
-0.659765,50,138.346554
-0.74623,50,138.567921
-0.762747,50,138.799271
-1.918809,50,139.035286
-0.683575,50,139.265593
-0.995197,50,139.501034
-1.168379,50,139.730689
-1.06523,50,139.958973
-1.067081,50,140.187028
-0.793954,50,140.418529
-0.558448,50,140.645515
-0.903631,50,140.86738
-0.811343,50,141.095024
-0.78346,50,141.322065
-1.118273,50,141.554371
-0.868337,50,141.779767
-0.899562,50,142.005883
-0.666595,50,142.232133
-0.618987,50,142.461117
-0.922301,50,142.685406
-0.720699,50,142.912115
-0.485323,50,143.137736
-0.685225,50,143.362528
-0.79661,50,143.591527
-0.787964,50,143.824818
-0.814802,50,144.057909
-0.778364,50,144.289143
-0.710178,50,144.522129
-0.764531,50,144.751128
-1.081518,50,144.986451
-0.534965,50,145.212537
-0.542307,50,145.440976
-0.823917,50,145.670054
-0.809023,50,145.89821
-0.86934,50,146.125246
-0.809597,50,146.353571
-0.585741,50,146.581387
-0.696726,50,146.807507
-1.699097,50,147.042203
-0.670364,50,147.272512
-0.798993,50,147.499366
-0.703251,50,147.724857
-0.855824,50,147.954421
-0.680181,50,148.180614
-0.596628,50,148.406422
-0.890674,50,148.634086
-0.914851,50,148.859375
-1.077623,50,149.086584
-0.487926,50,149.311788
-0.657229,50,149.539023
-0.560547,50,149.766477
-0.445846,50,149.993719
-0.744162,50,150.225245
-0.632159,50,150.453269
-0.535349,50,150.679084
-0.528364,50,150.903946
-0.819891,50,151.131264
-0.845632,50,151.359186
-0.509006,50,151.582643
-0.699935,50,151.806643
-0.556073,50,152.033393
-0.662595,50,152.257071
-1.051379,50,152.485352
-0.672684,50,152.712359
-0.643009,50,152.937592
-0.569238,50,153.163572
-0.775968,50,153.396621
-0.681756,50,153.626338
-0.891946,50,153.862798
-1.535375,50,154.09541
-0.760704,50,154.320096
-0.499235,50,154.550893
-0.556686,50,154.779717
-0.767033,50,155.006909
-0.687579,50,155.234883
-0.559238,50,155.462838
-0.956719,50,155.690201
-0.739175,50,155.912548
-0.818662,50,156.13368
-0.608864,50,156.358419
-0.879514,50,156.588929
-0.751994,50,156.81866
-1.271903,50,157.053594
-0.420524,50,157.279968
-0.514628,50,157.506508
-0.877724,50,157.734903
-0.60743,50,157.961449
-0.792469,50,158.189375
-0.570261,50,158.422021
-0.690656,50,158.650365
-0.860242,50,158.878966
-1.000214,50,159.111198
-0.826208,50,159.337548
-0.365294,50,159.562296
-0.684575,50,159.787196
-1.291717,50,160.018364
-0.697923,50,160.244948
-0.520975,50,160.470493
-0.727135,50,160.696512
-0.903233,50,160.922786
-0.829245,50,161.14825
-0.654199,50,161.374855
-0.657479,50,161.60169
-1.022618,50,161.825003
-1.397868,50,162.058795
-0.510878,50,162.282556
-0.812366,50,162.507814
-0.609047,50,162.732964
-1.060683,50,162.96248
-0.776214,50,163.190903
-0.708042,50,163.420954
-0.898027,50,163.655879
-0.64007,50,163.883646
-1.567916,50,164.118979
-0.736905,50,164.34884
-0.672895,50,164.575254
-0.640713,50,164.810581
-1.908862,50,165.045337
-1.072577,50,165.276762
-0.990374,50,165.502485
-1.292013,50,165.729476
-0.542702,50,165.954118
-0.494317,50,166.182239
-0.79753,50,166.41116
-0.743992,50,166.636847
-1.088636,50,166.865607
-0.552403,50,167.091402
-0.772185,50,167.315021
-0.613459,50,167.539203
-0.564249,50,167.760846
-0.560691,50,167.98526
-0.959704,50,168.205294
-0.630044,50,168.430991
-0.654423,50,168.657726
-0.625729,50,168.891251
-0.873413,50,169.121754
-0.669525,50,169.346574
-1.039763,50,169.573453
-0.786996,50,169.798336
-0.716081,50,170.022515
-0.850361,50,170.253207
-0.666441,50,170.478139
-0.836088,50,170.707519
-0.768638,50,170.93885
-0.647921,50,171.163848
-1.519533,50,171.396086
-0.757062,50,171.619117
-0.785818,50,171.845258
-0.805982,50,172.070248
-0.677333,50,172.294061
-0.778632,50,172.517342
-0.907983,50,172.741413
-0.729976,50,172.965641
-0.807994,50,173.191913
-0.769197,50,173.415589
-0.833944,50,173.641223
-1.004994,50,173.86572
-1.131446,50,174.090676
-0.767515,50,174.319935
-1.005865,50,174.547631
-0.918249,50,174.7785
-0.922128,50,175.006947
-1.021702,50,175.238069
-0.784814,50,175.46123
-1.473603,50,175.693202
-0.861297,50,175.926747
-0.423185,50,176.153579
-0.527247,50,176.379244
-0.96169,50,176.613161
-1.234785,50,176.840844
-0.957002,50,177.066991
-0.887526,50,177.292886
-0.744199,50,177.519586
-0.579927,50,177.746807
-0.735418,50,177.972011
-0.691016,50,178.197077
-0.686682,50,178.423278
-0.602756,50,178.646402
-0.856119,50,178.876208
-0.89018,50,179.10506
-0.523546,50,179.331576
-0.618229,50,179.557412
-0.565763,50,179.782988
-0.776936,50,180.012542
-0.553581,50,180.239659
-0.66883,50,180.471198
-0.771528,50,180.697201
-0.651511,50,180.9227
-0.725889,50,181.150316
-0.978865,50,181.385009
-0.771596,50,181.610697
-0.937146,50,181.837955
-1.345895,50,182.063731
-0.599194,50,182.291268
-0.734414,50,182.516855
-0.760119,50,182.742888
-0.575676,50,182.968061
-0.879258,50,183.194639
-0.933486,50,183.419855
-0.561126,50,183.645304
-1.466561,50,183.878667
-0.76963,50,184.108697
-0.557729,50,184.334416
-0.941616,50,184.563547
-0.634397,50,184.791265
-0.709819,50,185.018944
-0.97667,50,185.244206
-0.753808,50,185.474316
-0.651332,50,185.696179
-0.562689,50,185.918712
-0.770615,50,186.142687
-0.601708,50,186.368036
-1.588375,50,186.599439
-0.877332,50,186.830766
-1.120157,50,187.05788
-0.869415,50,187.286591
-1.562603,50,187.51924
-0.880271,50,187.745887
-0.602882,50,187.973072
-0.989476,50,188.19806
-0.926916,50,188.425448
-0.849029,50,188.651236
-1.067114,50,188.87794
-1.00988,50,189.105938
-0.962462,50,189.333025
-0.442421,50,189.559508
-0.579973,50,189.785686
-1.33157,50,190.016987
-0.730829,50,190.241461
-1.560248,50,190.474054
-0.752543,50,190.697712
-0.854798,50,190.923854
-0.60465,50,191.152485
-0.853064,50,191.376461
-0.615228,50,191.601872
-1.524843,50,191.834634
-1.048406,50,192.06366
-1.157569,50,192.299437
-0.88081,50,192.526553
-1.155853,50,192.760849
-1.620737,50,192.996056
-0.905029,50,193.222158
-1.058656,50,193.448637
-0.730754,50,193.674931
-0.81851,50,193.903189
-0.540981,50,194.127796
-1.752367,50,194.360127
-0.632552,50,194.588299
-0.472898,50,194.81603
-0.861396,50,195.043321
-0.799735,50,195.273325
-0.679539,50,195.498603
-0.902167,50,195.726034
-0.561266,50,195.9535
-2.0671,50,196.187363
-0.851918,50,196.422152
-1.486117,50,196.65796
-0.580401,50,196.9053
-0.857007,50,197.140684
-0.942943,50,197.369835
-0.726062,50,197.599559
-0.755906,50,197.828353
-0.542855,50,198.054527
-0.578454,50,198.281037
-1.052674,50,198.514798
-0.716891,50,198.743014
-0.811844,50,198.96967
-0.66828,50,199.202144
-0.784655,50,199.429204
-0.920199,50,199.658016
-0.519246,50,199.882671
-0.586573,50,200.109032
-1.266433,50,200.335652
-0.566892,50,200.565413
-0.663881,50,200.791521
-0.514451,50,201.018402
-0.65918,50,201.246328
-0.586631,50,201.473053
-0.549359,50,201.699602
-0.933083,50,201.924609
-0.448053,50,202.151716
-0.452449,50,202.377675
-0.855756,50,202.604044
-0.911216,50,202.833667
-0.696959,50,203.06105
-1.010934,50,203.288978
-0.850391,50,203.515113
-0.774392,50,203.744898
-1.839496,50,203.977077
-1.628548,50,204.212655
-0.803107,50,204.439252
-0.905207,50,204.66429
-0.651954,50,204.89274
-0.815446,50,205.12095
-0.893112,50,205.348218
-0.971412,50,205.576625
-0.810132,50,205.801998
-0.782047,50,206.028729
-0.896503,50,206.254802
-0.772096,50,206.483765
-0.740598,50,206.71107
-0.694808,50,206.938003
-0.704184,50,207.165629
-0.638072,50,207.392612
-0.927045,50,207.620757
-0.7118,50,207.846758
-0.839818,50,208.07488
-0.88316,50,208.301035
-0.667073,50,208.532235
-1.220381,50,208.766058
-0.962363,50,208.993674
-0.64995,50,209.22046
-0.825443,50,209.619695
-0.964821,50,209.846887
-0.814297,50,210.072321
-0.479266,50,210.297799
-0.918907,50,210.525005
-0.705914,50,210.750065
-0.780152,50,210.977393
-0.671258,50,211.203052
-0.775641,50,211.430151
-0.629945,50,211.655619
-0.593151,50,211.880919
-0.827439,50,212.10632
-1.059598,50,212.331755
-0.666034,50,212.558094
-0.831071,50,212.78199
-1.143943,50,213.00782
-0.493133,50,213.233811
-0.873076,50,213.458769
-0.650771,50,213.684762
-0.874856,50,213.910759
-0.626967,50,214.137221
-0.812235,50,214.367158
-0.520081,50,214.590812
-0.892054,50,214.81903
-0.88486,50,215.049216
-1.067367,50,215.275492
-1.667484,50,215.510673
-0.766093,50,215.736669
-0.797489,50,215.964874
-0.789609,50,216.190754
-0.445932,50,216.416484
-0.568058,50,216.643612
-0.695254,50,216.870401
-0.675342,50,217.096734
-0.696446,50,217.324109
-1.017375,50,217.555754
-0.731707,50,217.784351
-0.724279,50,218.016077
-0.635857,50,218.244454
-0.459777,50,218.469658
-1.250647,50,218.70452
-0.714276,50,218.938226
-0.705908,50,219.167143
-0.760978,50,219.39388
-1.401424,50,219.628551
-0.799109,50,219.856316
-0.95935,50,220.08209
-0.822177,50,220.315471
-0.739676,50,220.542832
-0.838026,50,220.768786
-1.036913,50,220.996922
-0.715766,50,221.225904
-0.762557,50,221.453744
-1.542252,50,221.682551
-0.637529,50,221.910171
-0.679075,50,222.136406
-0.563942,50,222.365194
-0.54987,50,222.595427
-0.666747,50,222.828591
-0.746225,50,223.055009
-0.482274,50,223.282587
-0.795868,50,223.511381
-0.744286,50,223.739804
-0.762017,50,223.966196
-0.665244,50,224.195363
-0.505545,50,224.423284
-0.795517,50,224.651575
-1.627235,50,224.887288
-1.064573,50,225.122144
-1.20776,50,225.35735
-0.622697,50,225.587265
-0.661815,50,225.819117
-0.950171,50,226.048519
-0.897801,50,226.275565
-0.832484,50,226.50889
-1.045509,50,226.736773
-0.963863,50,226.964671
-0.628041,50,227.191588
-1.019775,50,227.424033
-0.701987,50,227.650165
-0.989674,50,227.877235
-1.089264,50,228.104664
-1.832691,50,228.331241
-0.970007,50,228.557006
-0.807524,50,228.783542
-0.702099,50,229.009688
-0.772551,50,229.237543
-0.69094,50,229.463908
-0.597204,50,229.692921
-0.584283,50,229.9269
-0.676028,50,230.15464
-0.57792,50,230.381612
-0.843859,50,230.61966
-0.911341,50,230.848475
-0.657347,50,231.078341
-0.699123,50,231.305398
-0.939836,50,231.536677
-0.814348,50,231.766147
-0.745008,50,231.998106
-0.503805,50,232.22713
-0.638479,50,232.45537
-0.616405,50,232.684573
-0.61146,50,232.910198
-1.024298,50,233.134867
-0.94516,50,233.365028
-0.818808,50,233.593081
-0.531166,50,233.822049
-0.799078,50,234.0493
-1.020894,50,234.2777
-0.699304,50,234.503475
-1.355358,50,234.735746
-0.69174,50,234.964005
-0.856482,50,235.194219
-0.661051,50,235.419511
-0.704264,50,235.655229
-0.625622,50,235.885044
-0.511289,50,236.11224
-0.731931,50,236.339668
-0.909771,50,236.575142
-0.859975,50,236.802043
-1.270961,50,237.038064
-0.729017,50,237.26686
-0.526007,50,237.494412
-0.639215,50,237.722391
-0.667027,50,237.951043
-0.827731,50,238.177704
-0.785282,50,238.403853
-0.526683,50,238.631704
-0.918544,50,238.859248
-0.799959,50,239.087731
-0.941746,50,239.315604
-0.5378,50,239.542636
-1.12165,50,239.773773
-0.529125,50,239.999809
-0.973065,50,240.226667
-0.807813,50,240.452605
-1.279079,50,240.680642
-1.115871,50,240.914271
-0.733152,50,241.141919
-0.654895,50,241.370031
-0.775408,50,241.604852
-0.655326,50,241.832179
-1.136801,50,242.067236
-0.780003,50,242.295324
-0.713289,50,242.524713
-1.115635,50,242.754837
-0.599612,50,242.98606
-0.70439,50,243.215328
-0.816525,50,243.443453
-0.572865,50,243.670303
-1.196543,50,243.903848
-0.709045,50,244.132921
-0.758374,50,244.366161
-0.678935,50,244.596616
-0.659533,50,244.822929
-2.196763,50,245.06116
-1.096267,50,245.292098
-1.023699,50,245.522845
-0.660499,50,245.752518
-1.268179,50,245.987437
-0.446073,50,246.212499
-0.726698,50,246.433945
-0.900449,50,246.660696
-0.902447,50,246.893424
-0.549869,50,247.138325
-0.739012,50,247.371082
-1.046962,50,247.604894
-0.703923,50,247.83155
-0.829969,50,248.061957
-0.758571,50,248.289106
-0.541624,50,248.51658
-0.78963,50,248.75198
-0.921602,50,248.98722
-0.676724,50,249.21465
-0.676146,50,249.446973
-0.583128,50,249.674809
-0.585034,50,249.902197
-0.77461,50,250.129425
-1.794135,50,250.365094
-0.791744,50,250.594315
-1.438991,50,250.821389
-1.174979,50,251.051887
-1.572883,50,251.283847
-0.778405,50,251.511163
-0.694145,50,251.741056
-0.643814,50,251.969495
-0.727051,50,252.196796
-0.789586,50,252.433124
-0.698337,50,252.663691
-0.616294,50,252.893531
-1.121298,50,253.12156
-1.03727,50,253.350954
-0.572971,50,253.57987
-0.521687,50,253.807618
-1.240725,50,254.042876
-0.523667,50,254.268709
-1.013516,50,254.495033
-0.620583,50,254.727383
-0.688749,50,254.954896
-0.759937,50,255.182402
-0.992638,50,255.41313
-0.992581,50,255.646935
-0.722653,50,255.877594
-0.524114,50,256.106297
-0.703847,50,256.333714
-0.768488,50,256.561918
-0.671169,50,256.788193
-0.564144,50,257.013541
-1.496147,50,257.247454
-0.820606,50,257.474149
-0.698239,50,257.705503
-0.780426,50,257.932776
-0.78292,50,258.16269
-0.578967,50,258.389417
-0.714374,50,258.623034
-0.695144,50,258.85513
-0.80472,50,259.082685
-0.746872,50,259.31794
-0.667263,50,259.545115
-0.88094,50,259.773087
-0.859695,50,260.002028
-1.048946,50,260.230227
-1.069771,50,260.456415
-0.843381,50,260.687138
-0.706989,50,260.913558
-1.077919,50,261.138952
-0.701926,50,261.365045
-0.490995,50,261.591926
-0.529261,50,261.820884
-0.724169,50,262.050287
-0.734109,50,262.28293
-0.70407,50,262.516603
-0.513927,50,262.748106
-0.58438,50,262.974799
-0.45667,50,263.201768
-0.861072,50,263.428794
-0.506456,50,263.656242
-0.857296,50,263.883916
-0.800582,50,264.114526
-0.844256,50,264.350002
-0.922885,50,264.585572
-0.574616,50,264.812426
-1.93519,50,265.050075
-0.796351,50,265.279212
-0.901952,50,265.514144
-0.759783,50,265.744376
-0.684341,50,265.979183
-0.918432,50,266.208643
-0.558139,50,266.437431
-0.854895,50,266.668222
-0.840991,50,266.897925
-0.675714,50,267.125786
-0.837278,50,267.353383
-1.212289,50,267.582558
-1.99221,50,267.816957
-0.9889,50,268.043201
-1.95121,50,268.280406
-0.784797,50,268.507404
-0.497953,50,268.732514
-0.481058,50,268.961109
-0.737953,50,269.187005
-0.893455,50,269.413583
-1.106352,50,269.640326
-0.744439,50,269.866046
-0.678686,50,270.09339
-1.108046,50,270.320984
-0.732084,50,270.549704
-1.117984,50,270.776443
-1.289931,50,271.011524
-0.540031,50,271.237368
-0.666873,50,271.464453
-0.52503,50,271.690188
-0.635154,50,271.918555
-0.534704,50,272.152508
-0.762821,50,272.379903
-1.880492,50,272.614511
-0.743255,50,272.840182
-0.812375,50,273.066474
-1.330598,50,273.301332
-0.992961,50,273.533462
-0.990935,50,273.765705
-0.674306,50,273.99172
-1.165946,50,274.224585
-0.624852,50,274.453034
-0.852182,50,274.68133
-0.806714,50,274.907485
-0.965474,50,275.136767
-0.933729,50,275.370162
-0.652737,50,275.611416
-0.617022,50,275.83884
-0.482988,50,276.067759
-0.547717,50,276.29801
-0.464016,50,276.528783
-0.799377,50,276.762706
-1.177454,50,276.992124
-0.915492,50,277.220911
-1.315245,50,277.457203
-0.74048,50,277.683701
-0.511367,50,277.910703
-0.65762,50,278.137378
-1.086199,50,278.373221
-0.884813,50,278.60131
-0.428797,50,278.827423
-0.595986,50,279.055403
-0.682766,50,279.282331
-0.737868,50,279.509006
-0.734066,50,279.738105
-0.993892,50,279.972604
-0.784253,50,280.201746
-1.054584,50,280.430235
-0.713225,50,280.660873
-1.016813,50,280.887901
-0.642116,50,281.11568
-0.787869,50,281.342018
-0.582114,50,281.571057
-0.64806,50,281.798199
-0.859914,50,282.027465
-1.179429,50,282.259413
-0.94304,50,282.486809
-0.400515,50,282.715782
-0.615753,50,282.948903
-0.719033,50,283.178443
-0.866952,50,283.409296
-0.45324,50,283.636513
-0.622246,50,283.86649
-0.7029,50,284.097775
-0.490085,50,284.334638
-0.471967,50,284.572256
-0.734135,50,284.800646
-0.73865,50,285.029257
-1.317356,50,285.263386
-0.499942,50,285.490037
-0.65682,50,285.717469
-0.813925,50,285.944272
-0.750243,50,286.172162
-0.670434,50,286.401681
-0.519575,50,286.632117
-0.729188,50,286.859135
-1.018991,50,287.087452
-0.733055,50,287.321999
-0.639662,50,287.550705
-0.433454,50,287.778979
-0.869776,50,288.005195
-0.562286,50,288.231953
-0.577199,50,288.456815
-1.619479,50,288.689046
-0.697322,50,288.915088
-0.648845,50,289.142015
-0.713603,50,289.374252
-0.721115,50,289.601971
-0.903847,50,289.828805
-0.692883,50,290.056001
-0.8748,50,290.288189
-0.778933,50,290.523349
-0.505632,50,290.757106
-0.407086,50,290.98228
-0.767637,50,291.208972
-0.783291,50,291.443757
-0.54238,50,291.670408
-1.025761,50,291.8987
-0.639575,50,292.126808
-0.824545,50,292.355569
-0.75098,50,292.58674
-0.571726,50,292.814948
-0.394208,50,293.0432
-0.703186,50,293.278151
-0.760698,50,293.509922
-0.680054,50,293.736078
-0.785269,50,293.96277
-0.50704,50,294.189139
-0.581741,50,294.413544
-0.683935,50,294.640111
-0.862766,50,294.868109
-1.010806,50,295.0917
-0.663264,50,295.318741
-0.458234,50,295.545627
-0.802708,50,295.772484
-1.086546,50,296.001045
-1.108959,50,296.232275
-0.84837,50,296.465209
-0.588858,50,296.696988
-0.651382,50,296.921885
-0.729423,50,297.141695
-0.691841,50,297.358906
-0.458345,50,297.576695
-0.656496,50,297.801263
-1.325756,50,298.035767
-0.892192,50,298.26354
-0.726324,50,298.499447
-0.618053,50,298.728582
-0.623933,50,298.954894
-1.788492,50,299.188986
-1.541621,50,299.424375
-0.909559,50,299.65145
-0.909022,50,299.878302
-0.770388,50,300.112266
-0.737949,50,300.34037
-1.747432,50,300.572459
-0.724873,50,300.803113
-0.602244,50,301.030332
-0.939253,50,301.265549
-0.647382,50,301.493971
-0.593969,50,301.721826
-0.452741,50,301.950207
-0.68582,50,302.17668
-0.657981,50,302.409595
-1.524432,50,302.643875
-0.780792,50,302.873694
-0.645255,50,303.105289
-0.465322,50,303.331313
-1.353538,50,303.562948
-0.85983,50,303.788407
-0.813478,50,304.015574
-0.7533,50,304.24667
-0.929793,50,304.476881
-0.806852,50,304.71108
-0.708822,50,304.941442
-0.860898,50,305.174773
-0.650762,50,305.403821
-1.158889,50,305.630365
-1.043079,50,305.857573
-0.697383,50,306.084465
-0.44424,50,306.311312
-0.732082,50,306.546292
-0.558751,50,306.774269
-0.574146,50,306.999812
-0.680469,50,307.220905
-0.640566,50,307.449436
-0.858428,50,307.678941
-0.641612,50,307.912713
-0.727732,50,308.139859
-0.609775,50,308.367709
-0.80513,50,308.597626
-0.502839,50,308.824317
-1.733085,50,309.066739
-0.420594,50,309.295826
-0.529195,50,309.522927
-0.661395,50,309.752565
-0.943238,50,309.979903
-0.918748,50,310.210042
-0.812306,50,310.437835
-0.78226,50,310.668913
-0.65805,50,310.894913
-0.929342,50,311.123105
-0.553656,50,311.354064
-0.580771,50,311.581579
-0.624908,50,311.808806
-0.558952,50,312.036309
-0.844454,50,312.263214
-1.597381,50,312.496367
-0.534811,50,312.722616
-0.909178,50,312.947061
-0.94057,50,313.178919
-0.871619,50,313.410168
-0.836679,50,313.63634
-1.106219,50,313.868682
-0.914049,50,314.098524
-0.790978,50,314.328663
-0.495109,50,314.557625
-0.495969,50,314.786384
-0.878674,50,315.014527
-1.120307,50,315.244497
-0.977413,50,315.472666
-0.415479,50,315.700064
-1.718788,50,315.935921
-0.801393,50,316.165191
-0.669482,50,316.395847
-0.816589,50,316.625314
-0.752779,50,316.856071
-0.570683,50,317.085698
-0.653886,50,317.315038
-0.78776,50,317.542837
-0.984984,50,317.773634
-1.058468,50,318.000723
-0.846989,50,318.229406
-0.776767,50,318.456231
-0.887953,50,318.685365
-1.545501,50,318.923898
-0.684995,50,319.156661
-0.742909,50,319.385515
-0.694708,50,319.614669
-0.738456,50,319.840918
-0.546871,50,320.07513
-0.677228,50,320.309038
-0.974907,50,320.535163
-0.97313,50,320.761882
-0.603344,50,320.992301
-0.552593,50,321.22143
-0.840269,50,321.463526
-0.662207,50,321.691972
-0.907191,50,321.919294
-0.730445,50,322.145612
-0.669276,50,322.376722
-1.083494,50,322.612435
-0.689556,50,322.842348
-1.243316,50,323.079147
-0.765663,50,323.310083
-1.155305,50,323.545952
-0.478439,50,323.773638
-1.162008,50,324.008336
-0.511962,50,324.403199
-0.758924,50,324.630143
-0.756441,50,324.856425
-0.877708,50,325.081078
-0.758614,50,325.308606
-0.858857,50,325.534857
-0.642518,50,325.762584
-0.577131,50,325.989764
-0.551838,50,326.218076
-0.796755,50,326.443565
-1.723696,50,326.677656
-0.57253,50,326.904918
-0.534703,50,327.132772
-0.722799,50,327.361156
-0.87703,50,327.587401
-0.764563,50,327.818431
-0.47228,50,328.04754
-0.588356,50,328.284164
-0.67075,50,328.514525
-0.667147,50,328.741784
-0.622558,50,328.968071
-1.17536,50,329.196615
-0.890167,50,329.425105
-1.633421,50,329.659697
-0.759713,50,329.88845
-0.750856,50,330.117895
-0.936479,50,330.348038
-1.024108,50,330.574248
-0.642625,50,330.802144
-0.598531,50,331.029684
-0.534088,50,331.257438
-0.764342,50,331.484525
-0.854879,50,331.712871
-0.876249,50,331.941698
-0.767983,50,332.169936
-1.670811,50,332.404558
-0.727767,50,332.635408
-0.556083,50,332.863422
-0.522651,50,333.089718
-0.897339,50,333.317114
-0.950544,50,333.550753
-0.748964,50,333.779161
-0.748106,50,334.015317
-0.760634,50,334.245425
-1.178388,50,334.474949
-1.008685,50,334.700551
-0.721664,50,334.92647
-0.679674,50,335.161074
-0.554307,50,335.38874
-0.677266,50,335.614795
-0.697007,50,335.843534
-0.570472,50,336.070806
-0.834042,50,336.296134
-0.653302,50,336.52123
-0.558575,50,336.749511
-0.579596,50,336.976951
-0.885091,50,337.203455
-0.644088,50,337.438137
-0.662153,50,337.663183
-0.704129,50,337.892089
-0.607109,50,338.120888
-1.383234,50,338.349996
-1.23962,50,338.57664
-1.429151,50,338.808887
-1.129202,50,339.040934
-0.7385,50,339.270222
-0.953214,50,339.49918
-0.805143,50,339.727127
-0.408225,50,339.953702
-0.972759,50,340.180067
-0.921456,50,340.406324
-0.505797,50,340.633066
-0.52578,50,340.859589
-0.376493,50,341.085255
-0.618706,50,341.311754
-0.651992,50,341.5421
-0.748288,50,341.769346
-0.594955,50,342.000325
-0.83209,50,342.22592
-0.600055,50,342.452935
-0.48418,50,342.679188
-0.754339,50,342.907198
-0.64873,50,343.136601
-0.771923,50,343.370908
-0.557104,50,343.61799
-0.998248,50,343.846087
-0.849683,50,344.082106
-0.579376,50,344.308417
-0.711386,50,344.541437
-0.75978,50,344.773307
-0.781951,50,345.000533
-0.961373,50,345.227146
-0.888994,50,345.457648
-0.634278,50,345.687479
-0.728301,50,345.915451
-0.899374,50,346.144849
-0.609108,50,346.372458
-1.671876,50,346.606503
-0.419236,50,346.837738
-0.569532,50,347.065844
-1.678927,50,347.301222
-0.814677,50,347.527492
-0.723372,50,347.750182
-1.902461,50,347.980196
-0.754604,50,348.209622
-0.801504,50,348.436418
-0.660142,50,348.665803
-0.576395,50,348.906563
-0.860447,50,349.137526
-0.721128,50,349.364937
-1.854105,50,349.609389
-1.870773,50,349.844906
-0.771215,50,350.072506
-1.184229,50,350.300334
-0.929721,50,350.534382
-0.961358,50,350.763203
-0.687752,50,350.992726
-0.619364,50,351.221166
-0.863703,50,351.450382
-1.119151,50,351.680097
-0.534448,50,351.911022
-0.993692,50,352.138024
-0.906007,50,352.364687
-0.84832,50,352.589252
-0.67641,50,352.815912
-0.824343,50,353.042817
-0.497917,50,353.266278
-0.542239,50,353.493044
-0.703484,50,353.722443
-1.698613,50,353.95493
-0.769219,50,354.18173
-1.046466,50,354.411705
-0.685193,50,354.642443
-0.668007,50,354.871554
-0.79896,50,355.09992
-0.834832,50,355.332066
-0.77704,50,355.561242
-0.464864,50,355.788298
-1.643459,50,356.020429
-0.780924,50,356.249873
-0.668027,50,356.479602
-0.526061,50,356.70692
-0.7539,50,356.93407
-0.729898,50,357.161219
-0.923177,50,357.390582
-1.290339,50,357.617407
-0.765162,50,357.846039
-0.427632,50,358.074575
-0.499996,50,358.297235
-0.617761,50,358.51509
-0.419903,50,358.736781
-0.773694,50,358.963223
-0.586785,50,359.182157
-1.793499,50,359.406339
-0.705053,50,359.632793
-0.476606,50,359.860188
-0.743874,50,360.087088
-0.690883,50,360.315084
-1.973085,50,360.547558
-0.689936,50,360.775482
-0.6394,50,361.00415
-0.68388,50,361.239045
-0.528346,50,361.468225
-0.49681,50,361.697188
-0.493365,50,361.928641
-0.953261,50,362.15879
-0.718058,50,362.390501
-0.798027,50,362.616346
-0.650624,50,362.845409
-0.614764,50,363.07191
-0.5465,50,363.294676
-0.919248,50,363.521096
-0.921816,50,363.75132
-0.676703,50,363.981686
-0.754562,50,364.211316
-0.727488,50,364.437432
-0.650452,50,364.664843
-1.389106,50,364.900459
-0.546091,50,365.127551
-0.939853,50,365.356693
-0.711587,50,365.591721
-0.717113,50,365.81801
-0.683994,50,366.049018
-0.660231,50,366.274679
-0.743244,50,366.502209
-1.906625,50,366.736558
-1.728821,50,366.965767
-0.861845,50,367.197605
-0.689821,50,367.428236
-1.275215,50,367.659955
-0.67954,50,367.887852
-0.849326,50,368.116898
-1.308448,50,368.355127
-1.327096,50,368.590154
-0.552211,50,368.822735
-0.656267,50,369.050001
-0.722408,50,369.280989
-0.778549,50,369.508909
-0.684162,50,369.735473
-0.68007,50,369.962349
-0.963284,50,370.197448
-0.701799,50,370.424176
-0.680728,50,370.656026
-0.790431,50,370.885327
-0.578067,50,371.112552
-0.632607,50,371.339992
-0.625872,50,371.567097
-0.755098,50,371.795023
-0.418706,50,372.024082
-0.759759,50,372.249767
-1.053544,50,372.47679
-0.815258,50,372.709857
-0.718434,50,372.935815
-0.677171,50,373.164872
-0.712412,50,373.401982
-0.940001,50,373.630092
-0.976876,50,373.858027
-0.539639,50,374.086551
-0.980095,50,374.319752
-0.690418,50,374.546767
-0.785711,50,374.776548
-1.40077,50,375.004696
-1.281214,50,375.23257
-1.09351,50,375.461184
-0.646826,50,375.689514
-0.708921,50,375.918673
-0.395743,50,376.143506
-1.402858,50,376.379482
-0.63452,50,376.607262
-0.602803,50,376.834378
-0.560441,50,377.062625
-0.623388,50,377.289349
-0.674601,50,377.520402
-0.703446,50,377.753777
-1.185408,50,377.986905
-0.673965,50,378.215058
-0.445915,50,378.442815
-0.806596,50,378.672015
-0.959261,50,378.898347
-1.665533,50,379.13092
-0.709344,50,379.360975
-0.595694,50,379.587463
-0.401139,50,379.815488
-0.670391,50,380.050125
-0.551592,50,380.282984
-0.642256,50,380.515493
-0.820753,50,380.748804
-0.806789,50,380.976808
-1.029621,50,381.206225
-1.066903,50,381.433347
-1.425964,50,381.667058
-0.723917,50,381.893447
-0.421765,50,382.135148
-0.40016,50,382.363235
-0.547222,50,382.588669
-0.35896,50,382.811324
-0.904594,50,383.04496
-0.819774,50,383.275991
-0.662207,50,383.503064
-0.787371,50,383.730196
-0.722507,50,383.964663
-1.852989,50,384.199482
-0.708146,50,384.433424
-0.594206,50,384.6582
-0.695679,50,384.883036
-0.702471,50,385.113993
-0.620903,50,385.342753
-0.624388,50,385.568571
-0.388301,50,385.795791
-0.386548,50,386.02892
-0.917286,50,386.256857
-1.266083,50,386.488258
-0.439135,50,386.716514
-0.687325,50,386.95005
-0.483063,50,387.177401
-0.627223,50,387.403939
-0.843756,50,387.635331
-1.413953,50,387.873106
-0.853061,50,388.101292
-0.735044,50,388.332273
-0.534229,50,388.563337
-0.650015,50,388.792842
-0.963865,50,389.02153
-1.487113,50,389.251132
-0.849862,50,389.480002
-0.706552,50,389.712232
-2.148172,50,389.947673
-0.8183,50,390.179266
-1.002421,50,390.408852
-0.793227,50,390.637568
-0.487006,50,390.864559
-0.538059,50,391.090987
-0.984753,50,391.324716
-0.754383,50,391.552187
-0.626313,50,391.779254
-0.747386,50,392.011192
-0.814606,50,392.239056
-0.582343,50,392.467046
-0.406218,50,392.692433
-0.536617,50,392.919184
-1.091544,50,393.152841
-0.439693,50,393.382401
-0.599835,50,393.609496
-0.528876,50,393.837233
-0.660525,50,394.064403
-0.791551,50,394.290028
-0.580323,50,394.515889
-0.539233,50,394.744887
-0.757334,50,394.973182
-0.815647,50,395.20516
-0.603476,50,395.434776
-0.621149,50,395.660037
-1.017629,50,395.887532
-0.655495,50,396.11627
-1.013422,50,396.344382
-2.252522,50,396.576232
-2.19096,50,396.808685
-0.795054,50,397.037983
-0.638491,50,397.274428
-1.578864,50,397.509813
-1.03754,50,397.746668
-0.622562,50,397.978033
-0.899272,50,398.20148
-0.945506,50,398.430286
-1.567065,50,398.666127
-0.662331,50,398.894668
-0.694575,50,399.127019
-0.969207,50,399.355857
-0.909639,50,399.585162
-0.57452,50,399.81126
-0.987009,50,400.04555
-0.472134,50,400.273783
-0.802702,50,400.502872
-0.556146,50,400.730956
-0.750898,50,400.962693
-0.798456,50,401.195953
-0.770456,50,401.436577
-0.80532,50,401.667205
-0.57753,50,401.899502
-0.611717,50,402.129188
-0.622583,50,402.357862
-0.722569,50,402.586845
-0.968141,50,402.812389
-0.976446,50,403.039094
-1.135315,50,403.265741
-1.159472,50,403.491254
-0.772629,50,403.718967
-0.750842,50,403.947133
-1.090259,50,404.179313
-0.429859,50,404.406033
-0.503437,50,404.641362
-0.896522,50,404.876369
-0.674209,50,405.103288
-0.595052,50,405.330917
-0.573005,50,405.556308
-0.384184,50,405.780473
-0.438208,50,406.00579
-0.626029,50,406.233484
-0.762334,50,406.458465
-0.879177,50,406.681609
-0.843078,50,406.907766
-0.718671,50,407.13664
-0.791992,50,407.36258
-0.770129,50,407.588249
-0.51815,50,407.817433
-0.601507,50,408.046236
-0.585634,50,408.275795
-0.580583,50,408.505829
-0.61508,50,408.732415
-0.546652,50,408.96195
-1.682418,50,409.210604
-0.686417,50,409.442811
-0.653108,50,409.673007
-1.07309,50,409.901443
-0.826517,50,410.135688
-0.955871,50,410.366379
-0.524935,50,410.595299
-0.638076,50,410.822862
-0.647694,50,411.04945
-0.591877,50,411.277656
-0.843663,50,411.508222
-0.815299,50,411.735879
-0.641305,50,411.965253
-1.4355,50,412.199819
-0.706165,50,412.428399
-0.449267,50,412.654253
-0.83941,50,412.880745
-0.73117,50,413.106361
-0.579525,50,413.331896
-1.337877,50,413.562544
-1.041927,50,413.793621
-0.623668,50,414.019767
-0.8543,50,414.246809
-0.756427,50,414.474714
-1.820337,50,414.70672
-0.649086,50,414.933908
-0.95758,50,415.159427
-0.960322,50,415.383884
-0.574626,50,415.607984
-0.688441,50,415.832969
-0.497985,50,416.061046
-0.658708,50,416.285572
-0.749348,50,416.510642
-0.766258,50,416.739796
-0.544102,50,416.967423
-1.831459,50,417.200053
-0.815877,50,417.426836
-1.079257,50,417.650894
-0.952192,50,417.879428
-0.63039,50,418.10736
-0.917425,50,418.337213
-0.452481,50,418.566372
-0.740422,50,418.794632
-0.567088,50,419.022531
-0.96013,50,419.250334
-0.721939,50,419.477948
-1.353126,50,419.715987
-0.750374,50,419.946177
-0.915314,50,420.173822
-0.923505,50,420.401918
-0.7887,50,420.64303
-1.776826,50,420.877469
-0.840577,50,421.105442
-1.65366,50,421.341421
-0.54981,50,421.574182
-0.629737,50,421.804282
-0.470663,50,422.036726
-0.599329,50,422.266545
-0.55489,50,422.494236
-0.365174,50,422.720669
-0.888007,50,422.947782
-0.42442,50,423.172081
-0.589985,50,423.398731
-0.638054,50,423.623114
-0.816024,50,423.849388
-0.657267,50,424.078097
-0.701424,50,424.306553
-0.530541,50,424.534107
-0.398214,50,424.758482
-0.708594,50,424.982511
-0.964194,50,425.208644
-0.696063,50,425.433479
-0.73254,50,425.658074
-0.42059,50,425.881177
-0.669199,50,426.109244
-0.920736,50,426.333493
-1.037387,50,426.56515
-0.535671,50,426.791301
-0.534571,50,427.017109
-0.56364,50,427.243272
-0.553722,50,427.473332
-0.673342,50,427.700672
-0.733336,50,427.934715
-0.74702,50,428.163643
-0.355371,50,428.392308
-0.832987,50,428.621539
-0.714778,50,428.845002
-0.559413,50,429.066756
-0.614507,50,429.290688
-0.748811,50,429.51452
-1.984295,50,429.750179
-0.835562,50,429.976604
-0.675519,50,430.202862
-0.565341,50,430.429899
-0.74311,50,430.664453
-0.715288,50,430.891532
-0.763061,50,431.120354
-1.436558,50,431.355138
-0.940597,50,431.583454
-0.663809,50,431.812494
-0.626167,50,432.044118
-0.514238,50,432.273468
-1.498362,50,432.506707
-1.07001,50,432.733828
-0.686719,50,432.962678
-0.839905,50,433.191133
-0.749222,50,433.417715
-0.446611,50,433.642707
-0.437764,50,433.867156
-1.750934,50,434.100173
-1.69157,50,434.335659
-0.749058,50,434.564477
-0.547673,50,434.793322
-0.75763,50,435.019331
-0.709073,50,435.246304
-0.408757,50,435.476519
-0.79313,50,435.706089
-0.806868,50,435.935025
-0.621408,50,436.164999
-0.880182,50,436.390586
-1.062269,50,436.621053
-0.699163,50,436.850761
-0.514064,50,437.079206
-0.703667,50,437.30933
-0.783873,50,437.535025
-0.488772,50,437.766702
-0.564829,50,437.99335
-0.357896,50,438.223506
-0.554634,50,438.45236
-0.6419,50,438.679907
-0.666358,50,439.085333
-0.818022,50,439.31707
-0.457158,50,439.545609
-0.658959,50,439.775999
-0.742975,50,440.007198
-0.662822,50,440.234462
-0.622859,50,440.463461
-0.933267,50,440.692069
-0.957531,50,440.920386
-0.810283,50,441.149402
-0.522531,50,441.379771
-0.678802,50,441.607453
-0.606985,50,441.843463
-0.554469,50,442.073224
-0.566846,50,442.302393
-0.839445,50,442.529459
-0.582729,50,442.756551
-1.016081,50,442.984681
-0.688416,50,443.2133
-0.79717,50,443.439285
-0.766382,50,443.666345
-1.321351,50,443.896719
-0.738288,50,444.123366
-0.604473,50,444.349741
-0.728947,50,444.580809
-0.583357,50,444.808287
-0.59326,50,445.034198
-0.50711,50,445.268149
-0.57011,50,445.50009
-0.802477,50,445.727038
-0.933369,50,445.955657
-0.939496,50,446.188785
-0.885897,50,446.421884
-0.724523,50,446.647677
-1.604225,50,446.88265
-1.050826,50,447.116587
-0.605387,50,447.344767
-1.57588,50,447.576394
-0.829551,50,447.802485
-0.592754,50,448.028203
-0.377834,50,448.256646
-0.771497,50,448.486455
-0.548739,50,448.714044
-0.752959,50,448.939134
-0.711177,50,449.163469
-0.826515,50,449.393546
-0.673381,50,449.623312
-0.757115,50,449.849434
-1.387973,50,450.085642
-0.675869,50,450.315498
-0.829759,50,450.542883
-0.557349,50,450.772892
-0.732125,50,451.00023
-0.787086,50,451.227845
-0.90584,50,451.454732
-0.640784,50,451.681348
-0.894115,50,451.908615
-0.766713,50,452.136671
-0.873633,50,452.364816
-0.399793,50,452.592968
-0.522188,50,452.822835
-0.565826,50,453.050619
-0.754058,50,453.277626
-0.827152,50,453.50377
-0.680956,50,453.732783
-0.782665,50,453.959182
-0.615045,50,454.184573
-0.373159,50,454.411189
-0.704435,50,454.63831
-0.705796,50,454.865787
-0.729407,50,455.092091
-0.584808,50,455.322232
-0.735305,50,455.549695
-1.1311,50,455.774368
-0.73819,50,455.998856
-0.651142,50,456.226985
-0.911234,50,456.452792
-0.588082,50,456.677875
-0.679726,50,456.903422
-0.514837,50,457.134952
-0.675297,50,457.360494
-0.522334,50,457.587344
-0.835584,50,457.819065
-0.856993,50,458.04446
-0.633026,50,458.272733
-0.746237,50,458.500344
-0.995742,50,458.735444
-0.760848,50,458.961728
-0.558523,50,459.193454
-0.50123,50,459.421468
-0.846624,50,459.651566
-0.619501,50,459.883035
-0.583861,50,460.110523
-0.510039,50,460.337616
-0.629558,50,460.566546
-0.593152,50,460.793451
-1.017731,50,461.028366
-0.786984,50,461.261191
-0.703054,50,461.490069
-0.772725,50,461.722395
-0.855444,50,461.954665
-0.417582,50,462.183371
-0.705828,50,462.412906
-1.022847,50,462.648551
-0.571714,50,462.87704
-0.567276,50,463.105998
-0.760642,50,463.333452
-0.720591,50,463.562359
-0.736295,50,463.789273
-0.672121,50,464.01712
-0.644509,50,464.243226
-0.963444,50,464.472179
-0.635104,50,464.698434
-1.082718,50,464.925173
-0.9017,50,465.149711
-0.634078,50,465.378675
-0.765566,50,465.604933
-0.677932,50,465.833863
-0.650853,50,466.066914
-0.579343,50,466.292176
-0.853188,50,466.522353
-0.436975,50,466.750439
-0.483098,50,466.977383
-0.666161,50,467.201523
-0.812431,50,467.428245
-0.972398,50,467.656055
-0.99045,50,467.88695
-0.81244,50,468.114078
-1.742388,50,468.346422
-0.810876,50,468.57286
-0.653844,50,468.799003
-0.588989,50,469.026109
-0.621907,50,469.253433
-0.70755,50,469.485288
-0.749278,50,469.712362
-0.941856,50,469.940804
-0.779142,50,470.168254
-0.7216,50,470.395313
-0.53521,50,470.623159
-0.612414,50,470.849453
-0.836128,50,471.073122
-0.540133,50,471.300529
-0.787171,50,471.535354
-0.677547,50,471.767993
-0.64593,50,471.992866
-0.901739,50,472.219687
-0.612611,50,472.446892
-0.450841,50,472.67301
-0.809029,50,472.907089
-0.676333,50,473.133699
-0.623504,50,473.363118
-0.638858,50,473.590127
-0.703105,50,473.817656
-0.724951,50,474.045689
-0.533464,50,474.269772
-0.611275,50,474.496402
-0.754894,50,474.722186
-0.662535,50,474.952181
-0.71033,50,475.180549
-0.740269,50,475.408963
-0.74562,50,475.637114
-0.715915,50,475.869428
-0.584671,50,476.095938
-0.757292,50,476.326584
-0.92273,50,476.553576
-0.669403,50,476.786726
-0.73753,50,477.012777
-0.708416,50,477.241976
-0.784151,50,477.469436
-0.695751,50,477.694674
-0.636746,50,477.927323
-0.922736,50,478.153899
-0.99298,50,478.387981
-1.939483,50,478.623954
-0.689767,50,478.851608
-0.716564,50,479.077671
-0.722271,50,479.304628
-0.84863,50,479.528473
-0.530887,50,479.746248
-0.659907,50,479.971607
-0.506883,50,480.199059
-0.879491,50,480.433418
-1.344263,50,480.669344
-0.793868,50,480.897643
-1.001901,50,481.124833
-0.899624,50,481.354532
-0.727248,50,481.583931
-0.501779,50,481.810347
-0.361011,50,482.039083
-0.609946,50,482.266367
-0.696097,50,482.495034
-0.809716,50,482.723064
-0.808612,50,482.951786
-0.917352,50,483.177262
-0.967973,50,483.407674
-0.729905,50,483.635
-1.142154,50,483.864086
-0.739536,50,484.090664
-0.542736,50,484.316224
-0.572697,50,484.541879
-0.964425,50,484.768421
-0.796017,50,485.002429
-0.823968,50,485.231892
-0.814595,50,485.462016
-1.003052,50,485.693929
-0.931207,50,485.922551
-0.751384,50,486.149035
-0.615536,50,486.374434
-0.547678,50,486.602987
-1.045565,50,486.830325
-1.485048,50,487.065698
-0.514957,50,487.29475
-0.607509,50,487.522837
-0.45358,50,487.750684
-0.662731,50,487.978583
-0.775448,50,488.211078
-0.517586,50,488.43829
-0.489854,50,488.664351
-0.583634,50,488.891107
-1.005129,50,489.125269
-0.614561,50,489.352725
-0.858174,50,489.578635
-0.89377,50,489.799847
-1.097091,50,490.026058
-0.682872,50,490.245932
-0.450919,50,490.470803
-0.662605,50,490.696982
-0.429435,50,490.91735
-0.76453,50,491.146368
-0.764451,50,491.374287
-1.269683,50,491.609758
-0.476132,50,491.836823
-0.557877,50,492.064524
-0.838716,50,492.298825
-0.742961,50,492.524578
-0.80095,50,492.749902
-0.615047,50,492.978986
-0.811716,50,493.206511
-0.601047,50,493.434671
-0.989508,50,493.670717
-0.55172,50,493.896742
-0.555068,50,494.123662
-0.597867,50,494.355318
-0.749079,50,494.584812
-0.880944,50,494.819463
-0.757878,50,495.046804
-0.773325,50,495.278781
-0.894844,50,495.502811
-0.694075,50,495.732225
-0.768417,50,495.958058
-0.772806,50,496.184742
-0.770819,50,496.414444
-0.673757,50,496.643318
-0.657392,50,496.869386
-0.588002,50,497.095132
-0.624281,50,497.322327
-0.992951,50,497.55745
-0.629824,50,497.782308
-0.718793,50,498.007467
-0.659193,50,498.234267
-0.558681,50,498.460605
-0.981768,50,498.686781
-0.715539,50,498.915693
-0.552574,50,499.140546
-0.568579,50,499.372288
-0.636533,50,499.599495
-1.598702,50,499.834701
-0.663578,50,500.063193
-0.664108,50,500.289376
-0.752458,50,500.517323
-1.7936,50,500.751682
-0.717694,50,500.978792
-0.622722,50,501.208841
-0.429891,50,501.435485
-0.53148,50,501.668169
-0.717684,50,501.898656
-0.556659,50,502.130159
-0.614673,50,502.360839
-0.716495,50,502.588732
-1.109383,50,502.819235
-0.996551,50,503.046829
-0.810408,50,503.274416
-0.724929,50,503.500038
-0.797756,50,503.727232
-0.865026,50,503.955587
-0.670147,50,504.179723
-0.568732,50,504.407598
-0.496542,50,504.632355
-0.285767,50,504.857734
-0.568894,50,505.084244
-0.60492,50,505.312707
-0.749546,50,505.539384
-0.944701,50,505.766665
-0.55258,50,505.993253
-0.446896,50,506.225712
-0.564405,50,506.454942
-0.492936,50,506.682233
-0.947256,50,506.907403
-0.639906,50,507.137033
-0.767544,50,507.3638
-0.43708,50,507.59493
-0.646198,50,507.825005
-0.58321,50,508.053865
-0.697448,50,508.282269
-0.581615,50,508.509862
-0.621881,50,508.736036
-1.469369,50,508.971779
-0.816827,50,509.203458
-0.922411,50,509.430529
-0.462119,50,509.657695
-0.938265,50,509.88488
-0.552542,50,510.116964
-0.894858,50,510.352257
-0.703539,50,510.581849
-0.67786,50,510.806929
-0.774144,50,511.035611
-0.333015,50,511.263602
-0.497631,50,511.490874
-0.952103,50,511.719696
-0.447723,50,511.945739
-0.576802,50,512.17253
-0.554664,50,512.407102
-1.288786,50,512.640304
-0.879851,50,512.869306
-0.515527,50,513.096776
-0.739898,50,513.325759
-0.839486,50,513.559525
-0.730635,50,513.786008
-0.703571,50,514.014982
-0.811497,50,514.239811
-1.601493,50,514.471349
-0.52323,50,514.695076
-0.651993,50,514.920647
-0.762248,50,515.146077
-0.493281,50,515.374202
-0.497894,50,515.600243
-0.70757,50,515.825656
-0.855008,50,516.050514
-0.642186,50,516.281657
-0.46963,50,516.508355
-0.720839,50,516.734841
-1.066181,50,516.960317
-0.614595,50,517.188008
-0.636125,50,517.414326
-0.973861,50,517.652174
-0.63065,50,517.88308
-0.487688,50,518.10933
-0.593994,50,518.335182
-0.758539,50,518.572658
-0.77856,50,518.803987
-0.445705,50,519.033602
-0.373266,50,519.261792
-0.625128,50,519.49038
-0.466588,50,519.71499
-1.463351,50,519.948261
-0.66568,50,520.178023
-0.595095,50,520.407349
-0.63789,50,520.633908
-0.558274,50,520.860198
-0.669897,50,521.087879
-0.690122,50,521.316284
-0.562297,50,521.547091
-0.659554,50,521.777512
-0.987734,50,522.07145
-0.721446,50,522.342482
-0.659716,50,522.592823
-0.85388,50,522.850923
-0.327879,50,523.107634
-0.515364,50,523.374595
-0.834723,50,523.61933
-0.675052,50,523.861772
-0.890907,50,524.121048
-1.798079,50,524.398044
-0.421215,50,524.634995
-0.642975,50,524.881116
-0.625564,50,525.118737
-1.620381,50,525.357868
-0.874245,50,525.583267
-0.698383,50,525.814957
-0.775686,50,526.055658
-0.729021,50,526.28807
-0.750609,50,526.519657
-0.467634,50,526.764692
-0.458317,50,526.996079
-0.559674,50,527.230437
-0.889303,50,527.461534
-0.519059,50,527.691747
-0.61202,50,527.926549
-0.444816,50,528.167794
-0.638826,50,528.401625
-0.876317,50,528.638664
-0.622237,50,528.876585
-0.510819,50,529.120839
-0.590814,50,529.356102
-0.730532,50,529.576826
-0.794036,50,529.794823
-0.769527,50,530.027073
-0.852783,50,530.252044
-1.692858,50,530.481289
-0.448968,50,530.709799
-0.655921,50,530.934821
-0.772906,50,531.156825
-0.752903,50,531.374673
-0.70814,50,531.597805
-0.454832,50,531.818425
-0.691385,50,532.037786
-0.688746,50,532.264066
-1.484945,50,532.48958
-0.596288,50,532.740558
-0.659637,50,532.990801
-0.913643,50,533.240933
-0.701202,50,533.492537
-0.865033,50,533.76448
-1.010095,50,534.025177
-1.588238,50,534.278679
-1.082588,50,534.531486
-1.018947,50,534.823839
-1.172097,50,535.061379
-0.703266,50,535.292269
-0.370549,50,535.520479
-0.576102,50,535.75156
-0.380337,50,535.97996
-0.524058,50,536.204808
-0.983743,50,536.431119
-0.757412,50,536.65928
-1.727269,50,536.890593
-0.472292,50,537.1156
-0.658966,50,537.343668
-0.707117,50,537.575519
-0.679051,50,537.805644
-1.333924,50,538.041377
-0.594555,50,538.266963
-0.740773,50,538.493125
-0.678219,50,538.720875
-0.69408,50,538.944634
-0.5121,50,539.170248
-0.73638,50,539.396638
-1.198255,50,539.623481
-0.53651,50,539.847705
-0.820101,50,540.069747
-1.349575,50,540.298787
-0.638028,50,540.519929
-0.686507,50,540.741591
-0.490651,50,540.96267
-1.119195,50,541.188786
-1.052371,50,541.419092
-0.569859,50,541.643624
-0.733553,50,541.865074
-0.383598,50,542.088963
-0.440186,50,542.313203
-0.32201,50,542.537686
-0.539184,50,542.758269
-0.594264,50,542.982541
-0.47544,50,543.20481
-0.439217,50,543.434081
-1.026088,50,543.666933
-0.912534,50,543.903835
-0.758318,50,544.132831
-0.824131,50,544.361968
-0.650802,50,544.591119
-0.665893,50,544.828041
-0.80841,50,545.056575
-0.680227,50,545.285952
-0.523875,50,545.516475
-0.543688,50,545.749059
-0.574585,50,545.97923
-0.540025,50,546.209341
-0.634563,50,546.437817
-0.869759,50,546.673045
-0.739943,50,546.903825
-0.479357,50,547.136531
-0.57487,50,547.367078
-1.927642,50,547.623693
-1.072491,50,547.857492
-0.680795,50,548.085184
-0.677008,50,548.323593
-0.477699,50,548.56012
-0.500166,50,548.784803
-0.538886,50,549.009645
-0.532822,50,549.233623
-0.376342,50,549.458054
-0.632727,50,549.680209
-0.921459,50,549.90458
-0.412565,50,550.130587
-0.368888,50,550.352717
-0.806073,50,550.575704
-0.761694,50,550.798451
-0.754875,50,551.019186
-0.425309,50,551.242683
-0.509396,50,551.467169
-0.426962,50,551.689716
-1.326111,50,551.919501
-0.723909,50,552.146055
-0.298661,50,552.374166
-0.643032,50,552.596215
-0.651548,50,552.821323
-0.77003,50,553.046829
-0.769384,50,553.271335
-0.929042,50,553.501083
-0.8798,50,553.735917
-1.094113,50,554.158379
-1.004811,50,554.384715
-0.814162,50,554.611754
-0.643014,50,554.83955
-0.752335,50,555.084387
-0.843848,50,555.335224
-0.674665,50,555.584196
-0.839839,50,555.817944
-0.787629,50,556.048107
-0.721652,50,556.274612
-0.77898,50,556.499801
-0.770839,50,556.726722
-0.693621,50,556.954844
-0.479863,50,557.181099
-0.782968,50,557.405391
-0.702531,50,557.631796
-0.634915,50,557.862481
-0.643247,50,558.092692
-0.624573,50,558.317835
-0.477673,50,558.544642
-0.508954,50,558.774828
-0.76603,50,559.002387
-0.754454,50,559.22547
-0.634183,50,559.447066
-0.983821,50,559.672264
-0.607119,50,559.893763
-0.59908,50,560.115462
-0.456544,50,560.334503
-0.524083,50,560.559444
-1.325434,50,560.787233
-0.650184,50,561.011725
-0.831436,50,561.236773
-0.721499,50,561.459912
-0.973868,50,561.686482
-0.81388,50,561.909586
-0.477152,50,562.13068
-1.060311,50,562.360894
-0.587858,50,562.589318
-0.719646,50,562.820457
-1.339897,50,563.049408
-0.620783,50,563.274945
-0.600208,50,563.49863
-0.680797,50,563.725669
-0.641708,50,563.949452
-0.562924,50,564.189734
-0.721391,50,564.419309
-0.676493,50,564.649814
-0.88252,50,564.878147
-0.929062,50,565.106939
-0.636223,50,565.332103
-0.649962,50,565.557436
-0.780943,50,565.784642
-0.889639,50,566.011679
-0.887355,50,566.248791
-0.635494,50,566.480097
-0.39935,50,566.706279
-0.75795,50,566.935953
-0.622628,50,567.162393
-0.799839,50,567.389016
-0.638877,50,567.615329
-0.46663,50,567.842327
-0.635476,50,568.066121
-0.544064,50,568.291041
-1.015457,50,568.519271
-0.761961,50,568.752563
-0.390643,50,568.976897
-0.563347,50,569.198862
-1.034136,50,569.436159
-0.264019,50,569.66602
-0.382769,50,569.88886
-0.642577,50,570.110955
-0.682926,50,570.340626
-0.77302,50,570.578214
-0.7264,50,570.801771
-0.845712,50,571.024917
-0.855034,50,571.246997
-0.666478,50,571.472325
-0.574453,50,571.694649
-0.783216,50,571.915491
-0.58377,50,572.137235
-0.786802,50,572.364781
-0.946616,50,572.590249
-0.586049,50,572.81229
-0.547957,50,573.033973
-0.500058,50,573.269916
-0.445225,50,573.492331
-0.570849,50,573.717428
-0.637891,50,573.948656
-0.847521,50,574.180871
-0.998991,50,574.408866
-0.689832,50,574.641683
-0.680701,50,574.8717
-1.490589,50,575.107986
-0.754825,50,575.340718
-0.564023,50,575.570408
-0.631096,50,575.80209
-0.85172,50,576.055214
-0.71379,50,576.291373
-0.500332,50,576.521647
-0.455776,50,576.750443
-0.727884,50,576.98453
-0.522096,50,577.21405
-0.627489,50,577.448223
-1.153083,50,577.685552
-0.709699,50,577.920368
-0.742043,50,578.150267
-0.652438,50,578.383965
-1.02179,50,578.617826
-1.728843,50,578.866941
-1.795482,50,579.105628
-0.561287,50,579.327913
-0.869492,50,579.550906
-1.058068,50,579.776037
-0.620665,50,579.998891
-1.674287,50,580.227928
-0.694849,50,580.451121
-0.615384,50,580.681985
-0.73756,50,580.903947
-0.390972,50,581.123421
-0.373205,50,581.345596
-0.483137,50,581.570694
-0.853943,50,581.792777
-1.414949,50,582.021843
-0.832166,50,582.244802
-0.413819,50,582.476556
-1.136768,50,582.706033
-0.908372,50,582.943931
-0.412948,50,583.177301
-1.700412,50,583.416243
-0.864882,50,583.645452
-0.704798,50,583.878588
-1.345941,50,584.109125
-0.870754,50,584.336365
-0.848645,50,584.562306
-0.492139,50,584.790241
-0.595797,50,585.015382
-0.489382,50,585.244858
-0.619189,50,585.468646
-0.744147,50,585.692812
-0.942506,50,585.917159
-1.122153,50,586.15196
-0.683583,50,586.377606
-0.867739,50,586.603307
-0.801006,50,586.830471
-0.710877,50,587.078817
-0.61524,50,587.303497
-0.916509,50,587.534288
-1.474494,50,587.760969
-0.957828,50,587.989752
-0.729902,50,588.214761
-0.539146,50,588.44211
-0.627091,50,588.670024
-0.545192,50,588.903412
-0.659805,50,589.128358
-0.925488,50,589.350942
-0.516792,50,589.574611
-0.647682,50,589.807742
-1.616468,50,590.038885
-0.53047,50,590.26527
-0.483553,50,590.493437
-0.846764,50,590.721475
-0.933055,50,590.954934
-0.879234,50,591.184125
-0.690474,50,591.407511
-0.422078,50,591.635777
-0.704347,50,591.857701
-0.386732,50,592.080946
-0.522202,50,592.303551
-0.775413,50,592.532291
-0.703465,50,592.756091
-0.443994,50,592.982448
-0.955671,50,593.210932
-1.02406,50,593.439022
-0.750734,50,593.662556
-0.814052,50,593.885889
-0.860223,50,594.117726
-0.4431,50,594.346838
-1.006715,50,594.585329
-0.629878,50,594.810295
-0.515942,50,595.037463
-0.529471,50,595.265572
-0.603663,50,595.493332
-0.570293,50,595.717453
-0.776257,50,595.945888
-0.749338,50,596.174338
-1.763814,50,596.40922
-0.679019,50,596.63832
-0.568454,50,596.863459
-0.624019,50,597.090754
-1.082083,50,597.321717
-0.452189,50,597.560086
-0.525882,50,597.785112
-0.571036,50,598.028067
-0.790237,50,598.255475
-0.360015,50,598.480715
-0.578308,50,598.708663
-0.802778,50,598.936138
-0.722251,50,599.166351
-0.467346,50,599.39232
-0.661022,50,599.616394
-0.899147,50,599.84197
-0.782747,50,600.065783
-0.92537,50,600.29482
-0.885066,50,600.527292
-0.555005,50,600.760171
-1.192276,50,600.990086
-0.920172,50,601.213115
-0.753721,50,601.436795
-0.630511,50,601.663103
-0.587627,50,601.886703
-0.778813,50,602.111323
-0.8016,50,602.334101
-0.367145,50,602.566919
-0.46915,50,602.789959
-0.456767,50,603.013748
-0.338561,50,603.239487
-0.840691,50,603.468992
-0.681609,50,603.695083
-0.750652,50,603.918457
-0.496212,50,604.148581
-0.358085,50,604.378151
-0.558687,50,604.604136
-0.601778,50,604.835848
-0.525731,50,605.063794
-0.597974,50,605.297162
-0.749406,50,605.524364
-0.566396,50,605.75207
-0.592074,50,605.979539
-0.707537,50,606.211996
-0.57666,50,606.437455
-0.41084,50,606.66201
-0.698239,50,606.89549
-0.79366,50,607.128004
-0.572728,50,607.355015
-0.68209,50,607.592763
-0.455967,50,607.821174
-0.836877,50,608.055955
-0.977369,50,608.283742
-0.525119,50,608.509461
-0.287294,50,608.735047
-0.770142,50,608.976563
-0.486549,50,609.202887
-0.675219,50,609.428478
-0.702937,50,609.653226
-1.210136,50,609.881466
-0.74573,50,610.10661
-0.580264,50,610.330223
-0.801442,50,610.55537
-0.572403,50,610.780957
-0.524077,50,611.002122
-0.547722,50,611.225839
-0.977807,50,611.457686
-0.726147,50,611.686942
-0.615487,50,611.909764
-0.939626,50,612.134084
-0.399853,50,612.358432
-0.541578,50,612.58703
-0.368098,50,612.811132
-0.389774,50,613.036483
-1.206119,50,613.265959
-0.67073,50,613.494946
-0.625383,50,613.719753
-0.397018,50,613.943292
-0.539589,50,614.176851
-0.69965,50,614.408826
-0.43704,50,614.636654
-0.397902,50,614.862425
-0.508874,50,615.087774
-0.740029,50,615.315405
-0.742888,50,615.541429
-0.624425,50,615.768984
-0.50173,50,616.001232
-0.839878,50,616.231238
-0.616941,50,616.462868
-0.561815,50,616.695316
-0.549365,50,616.922247
-0.501034,50,617.153122
-0.798798,50,617.381812
-0.970003,50,617.612061
-0.786894,50,617.838254
-0.915542,50,618.066338
-0.644439,50,618.293097
-0.618666,50,618.519719
-0.511183,50,618.746225
-0.631747,50,618.97899
-0.474729,50,619.206463
-0.476739,50,619.430753
-0.741704,50,619.656061
-0.706708,50,619.897097
-1.409696,50,620.128685
-0.904636,50,620.351612
-0.628037,50,620.575121
-0.467403,50,620.80097
-0.745855,50,621.023696
-0.391594,50,621.247187
-1.010296,50,621.482712
-0.471685,50,621.712165
-0.68744,50,621.936379
-1.449889,50,622.166743
-0.948934,50,622.390763
-0.775685,50,622.619002
-0.495415,50,622.843884
-0.618815,50,623.068468
-0.545805,50,623.292258
-0.649735,50,623.526422
-0.518468,50,623.75216
-0.577965,50,623.975597
-0.726613,50,624.203357
-0.428309,50,624.431556
-0.808839,50,624.668533
-0.839077,50,624.898893
-0.348244,50,625.126058
-0.644477,50,625.355199
-0.616745,50,625.581837
-0.503893,50,625.810352
-0.742355,50,626.036972
-0.654255,50,626.269154
-0.594844,50,626.498856
-0.696507,50,626.731137
-0.576212,50,626.959173
-0.374772,50,627.18754
-0.598409,50,627.411629
-0.608542,50,627.641157
-0.850691,50,627.875784
-0.597706,50,628.105233
-0.519281,50,628.327222
-0.614879,50,628.552377
-0.683638,50,628.778754
-0.468158,50,629.010523
-0.820446,50,629.239483
-0.921133,50,629.463695
-1.792677,50,629.694432
-0.772803,50,629.92009
-0.748027,50,630.142077
-1.073844,50,630.370291
-0.647912,50,630.600707
-0.685423,50,630.829873
-0.546,50,631.073713
-0.662351,50,631.300898
-0.778409,50,631.523437
-0.868886,50,631.749596
-0.824155,50,631.97932
-0.510072,50,632.208118
-0.551565,50,632.434553
-1.77575,50,632.669605
-0.801692,50,632.895951
-0.602953,50,633.118773
-0.478344,50,633.342717
-0.790256,50,633.568862
-1.052336,50,633.803607
-0.606879,50,634.029296
-0.516274,50,634.256533
-0.680429,50,634.486221
-0.702645,50,634.713061
-0.732291,50,634.947443
-0.662214,50,635.175648
-0.733511,50,635.40415
-0.600828,50,635.631956
-0.494167,50,635.859824
-0.714958,50,636.085171
-0.819885,50,636.311823
-0.678805,50,636.541244
-0.572249,50,636.771017
-0.424014,50,636.998685
-0.603449,50,637.228622
-0.835302,50,637.459588
-0.896484,50,637.689057
-0.592206,50,637.91555
-0.686396,50,638.145836
-0.526838,50,638.377064
-0.743644,50,638.6033
-0.475456,50,638.831909
-0.718074,50,639.062326
-0.481437,50,639.292021
-0.709388,50,639.521062
-0.768805,50,639.753605
-0.714059,50,639.98388
-0.976233,50,640.205148
-0.672013,50,640.427612
-0.697881,50,640.652053
-0.584725,50,640.87665
-0.613851,50,641.100816
-0.663514,50,641.322364
-0.86055,50,641.554099
-0.505676,50,641.796604
-0.585317,50,642.026178
-0.672336,50,642.250744
-0.615359,50,642.478042
-0.614909,50,642.702582
-0.441428,50,642.930461
-0.481061,50,643.167139
-0.615907,50,643.40732
-0.635214,50,643.637599
-0.759369,50,643.867944
-0.564339,50,644.09142
-0.686451,50,644.315153
-0.674074,50,644.550795
-0.721858,50,644.783229
-1.134164,50,645.018366
-0.66776,50,645.24931
-0.698111,50,645.483698
-0.888596,50,645.719587
-0.651093,50,645.953515
-0.40415,50,646.18587
-0.611005,50,646.421527
-0.695623,50,646.656773
-1.824684,50,646.893678
-0.685988,50,647.124678
-0.770058,50,647.367031
-0.585734,50,647.60426
-1.615238,50,647.844247
-0.652448,50,648.077533
-0.445028,50,648.30893
-0.693295,50,648.541454
-0.597258,50,648.773814
-0.628529,50,649.00766
-0.675077,50,649.241589
-0.558656,50,649.476688
-0.633184,50,649.708834
-0.558177,50,649.931826
-0.761704,50,650.158426
-0.518494,50,650.382134
-0.69447,50,650.607143
-0.79914,50,650.836392
-0.96573,50,651.066596
-0.664138,50,651.288504
-0.532019,50,651.511459
-0.770494,50,651.734808
-0.563359,50,651.961912
-0.472763,50,652.187173
-0.81261,50,652.413736
-0.521749,50,652.64602
-0.617613,50,652.885847
-0.551257,50,653.110783
-0.525232,50,653.333763
-0.845507,50,653.557229
-0.631825,50,653.782158
-1.928458,50,654.012086
-0.72904,50,654.233685
-0.578841,50,654.460464
-1.29926,50,654.699465
-0.515313,50,654.925647
-0.378737,50,655.151844
-0.683463,50,655.37766
-1.241365,50,655.616303
-0.498785,50,655.839062
-0.5845,50,656.065969
-0.60823,50,656.291262
-0.858591,50,656.520716
-0.675758,50,656.747444
-0.630847,50,656.972515
-0.7261,50,657.197384
-0.758036,50,657.426022
-0.487134,50,657.65694
-0.343709,50,657.885811
-0.703688,50,658.115382
-0.789114,50,658.341916
-0.620381,50,658.571855
-0.677738,50,658.795859
-0.508251,50,659.020573
-0.57581,50,659.248903
-0.651759,50,659.47344
-0.560362,50,659.704932
-0.835491,50,659.927806
-0.401667,50,660.155093
-0.702092,50,660.381654
-1.095273,50,660.605369
-0.655033,50,660.82973
-0.642749,50,661.05952
-0.762271,50,661.284234
-0.827798,50,661.508035
-0.802177,50,661.732665
-0.59203,50,661.959337
-0.450728,50,662.181352
-0.494711,50,662.402273
-0.504735,50,662.627138
-0.883222,50,662.853353
-0.95816,50,663.080031
-0.613815,50,663.302564
-0.781593,50,663.525843
-0.830888,50,663.767314
-1.501484,50,663.997602
-0.518904,50,664.220104
-0.615661,50,664.441999
-0.392077,50,664.669871
-0.572915,50,664.899822
-0.763971,50,665.129833
-0.542858,50,665.360828
-0.856998,50,665.595599
-0.68218,50,665.826642
-0.555775,50,666.056954
-0.591024,50,666.288488
-0.642657,50,666.519844
-0.455132,50,666.750266
-1.23597,50,666.987204
-0.398101,50,667.215062
-0.418158,50,667.449609
-0.563827,50,667.681322
-0.805257,50,667.919142
-0.898584,50,668.148303
-2.199004,50,668.582978
-0.633053,50,668.81362
-0.435391,50,669.044775
-0.651209,50,669.275961
-1.724828,50,669.519035
-0.972023,50,669.758546
-0.420351,50,669.986467
-0.409318,50,670.210596
-0.510164,50,670.436618
-0.478091,50,670.661213
-0.725763,50,670.885698
-0.746625,50,671.110061
-0.414215,50,671.338507
-0.626714,50,671.566767
-0.682398,50,671.791731
-0.446439,50,672.015542
-1.32814,50,672.251002
-0.57484,50,672.47394
-0.58056,50,672.706882
-0.718589,50,672.932654
-0.617818,50,673.157032
-0.669414,50,673.384585
-0.64089,50,673.607314
-1.147601,50,673.837745
-0.627087,50,674.066006
-0.767054,50,674.289253
-0.331974,50,674.512745
-0.651414,50,674.739086
-0.565031,50,674.964988
-0.874496,50,675.195094
-0.834889,50,675.419686
-0.325767,50,675.644758
-0.577388,50,675.876427
-0.464822,50,676.104393
-0.813438,50,676.335892
-0.487408,50,676.560848
-1.43376,50,676.797859
-0.675156,50,677.023729
-0.419218,50,677.251273
-0.542452,50,677.477292
-0.578162,50,677.725436
-0.613859,50,677.95336
-1.132043,50,678.187457
-0.704104,50,678.414471
-0.893856,50,678.655833
-0.896032,50,678.886469
-0.790565,50,679.114133
-0.53064,50,679.342213
-0.706524,50,679.570631
-0.551639,50,679.800521
-0.741355,50,680.026675
-0.973905,50,680.252945
-0.735504,50,680.477653
-1.055525,50,680.706612
-0.665685,50,680.930669
-1.327074,50,681.161583
-0.570865,50,681.387975
-0.783984,50,681.613385
-0.417385,50,681.836596
-0.881254,50,682.060052
-0.617783,50,682.284492
-0.867488,50,682.506243
-0.820836,50,682.732005
-0.842179,50,682.956404
-0.664592,50,683.183532
-0.713748,50,683.406643
-0.763477,50,683.633618
-0.376484,50,683.861058
-0.861762,50,684.085633
-0.411337,50,684.310766
-0.659142,50,684.537691
-0.642584,50,684.769467
-0.437604,50,684.997779
-0.683705,50,685.221968
-0.643574,50,685.454883
-0.483522,50,685.687931
-1.175599,50,685.921678
-1.239519,50,686.152038
-1.112471,50,686.383148
-0.464427,50,686.614619
-0.608358,50,686.849997
-0.622613,50,687.082256
-1.478113,50,687.318929
-0.459377,50,687.553255
-0.36209,50,687.812904
-0.432323,50,688.043308
-0.741434,50,688.273668
-0.455898,50,688.50466
-0.733714,50,688.736423
-0.794509,50,688.964088
-0.82293,50,689.193153
-0.893611,50,689.422311
-0.764904,50,689.655733
-0.663452,50,689.889643
-0.648376,50,690.122206
-0.514549,50,690.350426
-0.586165,50,690.575662
-0.673899,50,690.797725
-0.578337,50,691.022236
-0.794969,50,691.245759
-0.796388,50,691.477808
-0.591139,50,691.700598
-0.76351,50,691.930758
-0.565539,50,692.154095
-0.358905,50,692.382533
-0.704089,50,692.607775
-0.405746,50,692.829954
-0.688779,50,693.054872
-1.428339,50,693.28508
-0.706444,50,693.509583
-0.655788,50,693.736533
-0.875039,50,693.965399
-0.56208,50,694.190816
-0.626873,50,694.413025
-0.489162,50,694.635581
-0.636142,50,694.857475
-1.098554,50,695.09542
-0.400955,50,695.321845
-1.747315,50,695.558459
-0.516209,50,695.788212
-0.59188,50,696.024095
-0.680415,50,696.254248
-0.824751,50,696.487165
-0.928785,50,696.730714
-0.557697,50,696.965633
-0.676107,50,697.196523
-0.574204,50,697.427158
-0.684113,50,697.659586
-0.681898,50,697.908542
-0.765194,50,698.140698
-0.396831,50,698.369201
-0.74874,50,698.599268
-0.638537,50,698.832319
-0.735039,50,699.065997
-1.783154,50,699.30764
-0.460017,50,699.541478
-0.626364,50,699.772907
-0.733417,50,700.011949
-0.563018,50,700.242265
-0.912704,50,700.475328
-0.411237,50,700.703566
-0.387633,50,700.927136
-1.086532,50,701.157221
-0.704782,50,701.381889
-0.820653,50,701.611569
-0.431476,50,701.837077
-1.827221,50,702.068992
-0.513645,50,702.293843
-0.793525,50,702.518614
-0.996864,50,702.745763
-0.705103,50,702.96963
-0.554761,50,703.196247
-0.566357,50,703.428087
-0.781169,50,703.657418
-0.600136,50,703.880012
-0.691786,50,704.101717
-0.405242,50,704.327486
-1.770051,50,704.55852
-0.489243,50,704.781169
-0.600311,50,705.004282
-0.325348,50,705.228333
-0.419536,50,705.454055
-0.437752,50,705.68457
-0.709991,50,705.915072
-1.303399,50,706.152096
-0.867113,50,706.375124
-0.622797,50,706.602092
-0.832179,50,706.826384
-0.615871,50,707.069458
-0.705952,50,707.2988
-0.558593,50,707.542085
-0.678438,50,707.781835
-0.915024,50,708.015702
-0.553997,50,708.243951
-0.412295,50,708.47355
-1.542204,50,708.70655
-1.069543,50,708.942074
-0.501537,50,709.168219
-0.62274,50,709.399175
-0.710609,50,709.624332
-0.764415,50,709.860007
-0.435444,50,710.091346
-0.365972,50,710.31809
-0.507262,50,710.546784
-0.494566,50,710.77383
-0.556835,50,710.99825
-0.56441,50,711.223333
-0.682143,50,711.445125
-1.586242,50,711.677725
-0.866722,50,711.905306
-0.667443,50,712.126744
-0.507031,50,712.348752
-0.808381,50,712.571932
-0.818249,50,712.798483
-0.551394,50,713.021495
-0.442285,50,713.246456
-0.538738,50,713.471841
-0.523864,50,713.699098
-1.618341,50,713.928769
-0.589538,50,714.154722
-0.388189,50,714.384797
-0.912621,50,714.616364
-0.685451,50,714.841886
-0.467275,50,715.063215
-0.480535,50,715.290675
-0.768784,50,715.512771
-0.532118,50,715.749185
-0.540445,50,715.982718
-0.75571,50,716.228965
-0.532608,50,716.460161
-0.757224,50,716.692526
-0.627081,50,716.921927
-0.497659,50,717.155944
-0.400246,50,717.384524
-0.654323,50,717.619758
-0.594005,50,717.853275
-0.636138,50,718.086637
-0.775918,50,718.323152
-1.72625,50,718.561146
-0.569645,50,718.792794
-0.580802,50,719.029234
-0.527933,50,719.259965
-0.705422,50,719.491057
-2.076241,50,719.727989
-0.600712,50,719.961196
-0.672351,50,720.194528
-0.558859,50,720.426721
-0.654515,50,720.659837
-0.378364,50,720.887678
-0.702888,50,721.111708
-0.643085,50,721.342661
-0.633261,50,721.565121
-0.499446,50,721.789473
-0.592724,50,722.017124
-0.635107,50,722.240031
-0.704439,50,722.464953
-1.565728,50,722.700006
-0.81481,50,722.924313
-0.660768,50,723.147778
-0.443252,50,723.377224
-0.51377,50,723.602511
-0.469846,50,723.825989
-0.648114,50,724.050782
-0.839962,50,724.281228
-0.854871,50,724.514741
-0.794356,50,724.739129
-0.588901,50,724.969947
-0.905198,50,725.20346
-0.67609,50,725.445061
-0.761755,50,725.669425
-0.645416,50,725.894716
-1.240565,50,726.134593
-0.59462,50,726.367592
-0.682818,50,726.603735
-0.533433,50,726.833773
-0.499688,50,727.065905
-0.347953,50,727.296906
-0.630406,50,727.534565
-1.808733,50,727.774791
-0.551881,50,728.012119
-1.000461,50,728.249946
-0.823451,50,728.490111
-0.379614,50,728.720342
-0.863695,50,728.953811
-0.613029,50,729.188358
-0.637957,50,729.419609
-0.625294,50,729.652387
-0.618569,50,729.881276
-1.817391,50,730.120163
-0.635422,50,730.351262
-0.424943,50,730.583144
-0.554535,50,730.813695
-0.646208,50,731.042424
-0.333809,50,731.265672
-0.584277,50,731.487174
-0.567394,50,731.713611
-0.554122,50,731.942336
-0.729285,50,732.174932
-0.496739,50,732.400641
-1.426301,50,732.63358
-0.509065,50,732.860508
-0.682506,50,733.083367
-0.59659,50,733.307463
-0.344897,50,733.530767
-0.396696,50,733.759802
-0.714757,50,733.988415
-0.572331,50,734.214529
-0.467027,50,734.439705
-0.564628,50,734.685087
-0.544077,50,734.910967
-0.635142,50,735.137346
-0.736147,50,735.359781
-0.760276,50,735.587439
-0.608971,50,735.811377
-0.507823,50,736.040565
-0.532121,50,736.271107
-0.675955,50,736.507986
-0.713805,50,736.741361
-1.421819,50,736.969123
-0.925252,50,737.197272
-0.459984,50,737.424506
-0.651793,50,737.65191
-0.656879,50,737.881923
-0.698575,50,738.109058
-0.803965,50,738.338473
-0.63792,50,738.570252
-1.704158,50,738.80472
-0.531164,50,739.035599
-0.558499,50,739.267945
-0.938785,50,739.500105
-0.423287,50,739.732843
-0.576765,50,739.956795
-0.549797,50,740.186527
-0.894812,50,740.411684
-0.649248,50,740.641958
-0.75849,50,740.874727
-0.6323,50,741.101042
-1.44222,50,741.330451
-0.649229,50,741.555615
-0.866615,50,741.788814
-0.296834,50,742.015562
-0.666794,50,742.238926
-0.608335,50,742.467209
-0.635502,50,742.691871
-1.78764,50,742.929451
-0.786118,50,743.155339
-0.533654,50,743.377482
-0.946023,50,743.600154
-0.775212,50,743.840112
-0.40746,50,744.06493
-0.457421,50,744.288921
-1.207682,50,744.518304
-0.428421,50,744.749375
-0.726692,50,744.979669
-0.752667,50,745.220597
-0.773353,50,745.444427
-0.664607,50,745.672834
-0.709078,50,745.896498
-0.580661,50,746.127447
-0.536484,50,746.352642
-0.630206,50,746.589267
-0.595859,50,746.816056
-0.77157,50,747.042864
-0.730348,50,747.267249
-1.672153,50,747.503336
-0.547932,50,747.732555
-0.531078,50,747.960577
-0.59913,50,748.185185
-0.516816,50,748.412949
-0.538328,50,748.641073
-1.263099,50,748.870089
-0.663513,50,749.099959
-0.577438,50,749.335401
-0.551299,50,749.563869
-0.545995,50,749.79057
-0.427124,50,750.015495
-0.670496,50,750.248749
-0.363733,50,750.475406
-0.684623,50,750.701023
-0.939353,50,750.933329
-0.754778,50,751.166482
-0.69664,50,751.396442
-1.473346,50,751.625553
-0.462825,50,751.847536
-0.626566,50,752.075585
-0.718989,50,752.301434
-0.74312,50,752.525413
-0.615285,50,752.751531
-0.625307,50,752.994487
-0.416568,50,753.218037
-0.706827,50,753.445834
-0.576951,50,753.678917
-0.438495,50,753.908981
-0.432393,50,754.133773
-0.88735,50,754.358164
-0.413313,50,754.581608
-0.516559,50,754.808259
-0.521088,50,755.033003
-0.796887,50,755.260313
-0.937252,50,755.491572
-0.572622,50,755.721955
-0.455643,50,755.948335
-0.549749,50,756.179108
-0.732721,50,756.41046
-1.389218,50,756.650782
-0.373023,50,756.876777
-0.625901,50,757.108769
-0.889513,50,757.337799
-0.646887,50,757.574109
-0.356552,50,757.803115
-0.623193,50,758.03256
-0.774644,50,758.256825
-0.685954,50,758.4891
-0.607316,50,758.71846
-0.84426,50,758.945525
-0.321671,50,759.172267
-0.421727,50,759.401552
-0.525833,50,759.635542
-0.51437,50,759.864146
-0.566422,50,760.092069
-1.404624,50,760.327349
-0.825869,50,760.556606
-0.57311,50,760.785565
-0.571103,50,761.010188
-0.69473,50,761.242133
-0.701692,50,761.471438
-0.448099,50,761.700378
-0.622782,50,761.92348
-0.794112,50,762.165537
-0.677629,50,762.388606
-0.670867,50,762.610741
-0.803341,50,762.840386
-0.619339,50,763.06947
-0.689574,50,763.294685
-0.57019,50,763.524501
-0.722183,50,763.754028
-0.687428,50,763.983334
-0.586572,50,764.206444
-0.325915,50,764.428529
-0.684081,50,764.651541
-0.524072,50,764.882307
-0.618363,50,765.106157
-0.74213,50,765.329181
-0.526906,50,765.552146
-0.385017,50,765.777668
-0.781832,50,766.001752
-0.412984,50,766.224378
-0.597423,50,766.4539
-0.654795,50,766.687873
-0.462897,50,766.917949
-0.644351,50,767.148767
-0.787434,50,767.386057
-0.73744,50,767.621295
-0.598675,50,767.854819
-0.395197,50,768.088857
-0.701602,50,768.321669
-0.633824,50,768.558108
-0.402039,50,768.791307
-0.617829,50,769.022738
-0.820044,50,769.256294
-0.68503,50,769.492974
-0.573168,50,769.724641
-0.751959,50,769.960946
-0.369636,50,770.189913
-0.665911,50,770.421852
-0.475555,50,770.652281
-0.557417,50,770.883348
-1.773318,50,771.121457
-0.884759,50,771.371114
-0.456806,50,771.595948
-0.710381,50,771.824628
-0.722385,50,772.0466
-0.425028,50,772.275801
-0.592915,50,772.502032
-1.004157,50,772.734286
-0.575194,50,772.958805
-0.975213,50,773.187932
-0.795077,50,773.41356
-0.807851,50,773.645401
-0.59005,50,773.869513
-0.840129,50,774.099774
-0.608592,50,774.32346
-0.712519,50,774.554632
-0.538697,50,774.781308
-1.169272,50,775.009334
-1.052858,50,775.233688
-0.596343,50,775.458516
-0.719211,50,775.68224
-0.824594,50,775.910147
-0.535551,50,776.13428
-1.057171,50,776.361976
-0.498638,50,776.595883
-0.463233,50,776.828549
-0.677838,50,777.056928
-0.510022,50,777.283096
-0.437024,50,777.510786
-0.460291,50,777.742071
-0.590056,50,777.971931
-0.869926,50,778.200107
-0.609282,50,778.424336
-0.735786,50,778.654098
-0.685854,50,778.882686
-0.449412,50,779.108854
-0.407036,50,779.336292
-0.294918,50,779.566352
-0.538205,50,779.792056
-0.843343,50,780.018735
-0.427637,50,780.245926
-1.693536,50,780.500661
-0.58769,50,780.729342
-0.752246,50,780.954953
-1.041695,50,781.185081
-1.877259,50,781.421735
-0.592812,50,781.645959
-0.892828,50,781.869074
-0.943009,50,782.098999
-0.867392,50,782.322656
-0.550834,50,782.546155
-0.7326,50,782.770459
-0.764003,50,783.000707
-1.142999,50,783.412285
-0.439957,50,783.637467
-0.467342,50,783.860595
-0.68485,50,784.087136
-0.500627,50,784.31251
-0.417368,50,784.534592
-0.782686,50,784.759157
-0.835744,50,784.985156
-0.575073,50,785.208438
-1.652555,50,785.43884
-0.797982,50,785.661894
-0.69664,50,785.885243
-0.357365,50,786.111457
-0.356973,50,786.334423
-0.692689,50,786.559117
-0.76242,50,786.790945
-0.768332,50,787.033193
-0.811093,50,787.265758
-0.488828,50,787.494482
-1.232803,50,787.734216
-1.616077,50,787.974337
-0.46997,50,788.206619
-0.599502,50,788.43629
-0.516936,50,788.668556
-0.889619,50,788.901124
-0.59028,50,789.131687
-0.663964,50,789.361338
-0.440212,50,789.592533
-0.507927,50,789.823007
-0.756866,50,790.060199
-0.939409,50,790.289743
-0.72583,50,790.523286
-0.684691,50,790.764333
-0.736471,50,790.998099
-1.668441,50,791.235957
-0.676801,50,791.466497
-0.636295,50,791.717376
-0.911859,50,791.94184
-0.882384,50,792.166089
-0.51871,50,792.391903
-0.542143,50,792.620015
-0.572855,50,792.8466
-0.501217,50,793.072108
-0.683666,50,793.298359
-0.839394,50,793.523643
-0.779051,50,793.752976
-0.471466,50,793.976056
-0.587047,50,794.199773
-0.808816,50,794.428278
-0.898014,50,794.653992
-0.816364,50,794.879718
-0.584671,50,795.104051
-0.365843,50,795.32788
-0.572386,50,795.555892
-0.835649,50,795.781624
-0.550479,50,796.005675
-0.591964,50,796.232251
-0.683982,50,796.456956
-0.44548,50,796.685114
-0.683492,50,796.916719
-0.643831,50,797.147641
-1.778313,50,797.383255
-0.606763,50,797.61478
-0.56709,50,797.85243
-0.335205,50,798.088713
-0.341396,50,798.318642
-0.359201,50,798.544597
-1.314026,50,798.778491
-0.622576,50,799.005281
-0.726889,50,799.233917
-0.848318,50,799.461508
-0.785338,50,799.689762
-0.54955,50,799.922327
-0.592391,50,800.156627
-0.687415,50,800.381517
-0.362379,50,800.606767
-0.497071,50,800.849997
-0.545874,50,801.081552
-0.536656,50,801.308708
-0.48155,50,801.534287
-0.693785,50,801.767745
-0.289191,50,801.994218
-0.477182,50,802.219424
-0.589935,50,802.445114
-0.573707,50,802.673885
-0.860732,50,802.904198
-0.712766,50,803.130993
-0.774238,50,803.361993
-0.482001,50,803.593977
-0.612405,50,803.824374
-0.752014,50,804.050356
-0.441345,50,804.280542
-0.482132,50,804.508485
-0.457261,50,804.733177
-0.909447,50,804.959734
-0.753019,50,805.192957
-0.478392,50,805.425037
-0.620277,50,805.651903
-1.239453,50,805.883671
-0.722132,50,806.111551
-0.713352,50,806.337789
-0.700561,50,806.562058
-0.753134,50,806.798493
-1.673084,50,807.035029
-0.690772,50,807.263437
-0.585624,50,807.491047
-1.752288,50,807.724847
-0.766771,50,807.955374
-0.883774,50,808.187032
-0.83819,50,808.417273
-0.486245,50,808.64565
-0.444272,50,808.870574
-0.594672,50,809.110868
-0.60523,50,809.345501
-0.820469,50,809.576461
-0.633972,50,809.803137
-0.453322,50,810.047845
-0.8369,50,810.282872
-0.764152,50,810.517009
-1.002986,50,810.748416
-0.592921,50,810.975919
-0.632198,50,811.204659
-0.702786,50,811.435293
-0.81714,50,811.667312
-0.842145,50,811.903913
-0.634315,50,812.130156
-0.514929,50,812.354625
-0.639347,50,812.580902
-0.546361,50,812.814312
-0.59815,50,813.041117
-0.27667,50,813.266544
-0.55191,50,813.493204
-0.472427,50,813.721257
-0.490525,50,813.951628
-0.937934,50,814.17576
-0.793851,50,814.407113
-0.58955,50,814.632146
-0.581984,50,814.859594
-0.634829,50,815.087306
-0.424547,50,815.311963
-0.481708,50,815.536718
-0.657048,50,815.760356
-0.622004,50,815.984725
-0.603709,50,816.207154
-0.473203,50,816.436413
-1.387009,50,816.669394
-0.774802,50,816.89711
-0.55224,50,817.131881
-0.480523,50,817.36361
-0.600495,50,817.590771
-0.655719,50,817.821518
-0.305891,50,818.052628
-0.492654,50,818.285633
-0.631287,50,818.519889
-0.496065,50,818.755178
-0.606872,50,818.992291
-0.620365,50,819.241791
-0.70861,50,819.475617
-0.65901,50,819.703252
-0.575431,50,819.938746
-0.63735,50,820.174527
-0.471749,50,820.407587
-0.704923,50,820.639673
-0.426105,50,820.868808
-0.538488,50,821.103624
-0.714925,50,821.336379
-0.503328,50,821.569689
-0.435357,50,821.799832
-0.646824,50,822.032864
-0.565397,50,822.258763
-0.683184,50,822.483151
-0.520657,50,822.709253
-0.863776,50,822.936883
-0.667084,50,823.164298
-0.718245,50,823.393932
-0.453849,50,823.617402
-1.427108,50,823.85444
-0.523533,50,824.097398
-0.821195,50,824.330096
-0.700175,50,824.555193
-0.91544,50,824.781408
-0.570519,50,825.006349
-0.561826,50,825.228762
-0.613772,50,825.455491
-1.573064,50,825.688962
-0.606608,50,825.918515
-0.603484,50,826.151818
-0.803073,50,826.38649
-0.714989,50,826.615962
-0.430542,50,826.841095
-0.397263,50,827.069476
-0.589748,50,827.299436
-0.719594,50,827.548035
-1.134278,50,827.782668
-0.327126,50,828.017985
-0.424398,50,828.254207
-0.558242,50,828.486264
-0.520302,50,828.715342
-0.550164,50,828.942365
-0.90348,50,829.176622
-0.629443,50,829.404735
-0.554318,50,829.632579
-0.61997,50,829.857601
-0.577348,50,830.084909
-0.707929,50,830.316312
-0.92301,50,830.545408
-1.003949,50,830.778416
-1.857269,50,831.011659
-1.578227,50,831.250731
-0.573439,50,831.479777
-0.432216,50,831.715568
-0.714415,50,831.941152
-1.039852,50,832.177661
-0.837684,50,832.406039
-0.68727,50,832.630018
-0.598285,50,832.860683
-0.394919,50,833.089328
-0.781747,50,833.322044
-0.385506,50,833.54768
-0.458625,50,833.776854
-0.67571,50,834.003522
-0.612379,50,834.22703
-0.743477,50,834.451577
-0.63279,50,834.675389
-0.630507,50,834.909162
-0.685855,50,835.132075
-0.62151,50,835.356582
-0.579114,50,835.580798
-0.415893,50,835.825294
-0.468788,50,836.055935
-0.342084,50,836.277445
-0.620405,50,836.500606
-0.737109,50,836.725156
-0.57124,50,836.947003
-0.999896,50,837.173339
-0.776231,50,837.40105
-0.748978,50,837.625364
-0.449406,50,837.852303
-0.613313,50,838.085129
-0.79824,50,838.313765
-0.933316,50,838.546771
-0.507461,50,838.772495
-0.527011,50,839.001452
-0.491084,50,839.227446
-0.742826,50,839.456349
-0.737627,50,839.689857
-0.516089,50,839.922511
-0.634845,50,840.154599
-1.148776,50,840.408272
-0.743098,50,840.645253
-0.572174,50,840.873021
-0.582757,50,841.103827
-0.618138,50,841.332674
-0.511415,50,841.562222
-1.031354,50,841.798779
-0.436337,50,842.030684
-0.664514,50,842.266294
-0.855009,50,842.492009
-0.846647,50,842.715722
-0.945374,50,842.943228
-0.520508,50,843.181883
-1.973156,50,843.413987
-0.625343,50,843.638319
-1.764286,50,843.869998
-0.487161,50,844.112914
-0.329559,50,844.335357
-0.472664,50,844.560111
-0.557113,50,844.785326
-1.702586,50,845.017877
-0.648352,50,845.242368
-0.731381,50,845.465763
-0.637232,50,845.688285
-0.498796,50,845.918768
-0.686285,50,846.145313
-0.575854,50,846.368051
-0.450295,50,846.589695
-0.546592,50,846.818453
-0.424011,50,847.04865
-1.304942,50,847.282378
-0.522336,50,847.513639
-0.51928,50,847.749539
-0.77926,50,847.983893
-0.680918,50,848.216387
-0.467297,50,848.445936
-1.226692,50,848.68598
-0.570285,50,848.917073
-0.60006,50,849.146612
-1.010858,50,849.381804
-0.677892,50,849.619331
-0.862293,50,849.855148
-0.638292,50,850.085697
-0.591561,50,850.315873
-1.012941,50,850.555398
-0.737868,50,850.784016
-1.007226,50,851.021642
-0.544993,50,851.251951
-0.416045,50,851.48432
-0.517275,50,851.715946
-0.421585,50,851.949269
-0.559401,50,852.177933
-0.831766,50,852.425922
-0.73915,50,852.648346
-0.766575,50,852.87268
-1.123498,50,853.107619
-0.80356,50,853.337059
-0.350334,50,853.560687
-0.62951,50,853.78572
-0.316704,50,854.009369
-0.384018,50,854.237213
-0.496964,50,854.459422
-0.703522,50,854.682468
-0.725468,50,854.903547
-0.505427,50,855.127128
-0.614298,50,855.354511
-1.910777,50,855.585083
-0.983384,50,855.807449
-0.896239,50,856.034593
-0.762637,50,856.257497
-0.713415,50,856.481521
-0.784237,50,856.707796
-0.412766,50,856.935973
-0.488434,50,857.159671
-0.523368,50,857.382201
-0.496424,50,857.612457
-0.7237,50,857.84496
-0.843112,50,858.075607
-0.656228,50,858.307647
-0.42946,50,858.539219
-0.642909,50,858.775132
-0.57249,50,859.011608
-1.229158,50,859.250066
-0.703761,50,859.479704
-0.651026,50,859.71246
-0.813539,50,859.941936
-0.572748,50,860.171797
-0.427147,50,860.4036
-0.715619,50,860.659269
-0.790458,50,860.893261
-0.96729,50,861.126107
-0.668838,50,861.362795
-0.422751,50,861.596285
-0.655677,50,861.82532
-0.800619,50,862.055802
-0.467139,50,862.285891
-0.447336,50,862.518704
-0.762519,50,862.746111
-0.763392,50,862.972437
-0.772261,50,863.195907
-0.832871,50,863.420353
-0.545268,50,863.648535
-0.492468,50,863.872147
-0.385779,50,864.094364
-0.734449,50,864.323279
-0.564972,50,864.549059
-0.808989,50,864.77333
-0.501899,50,864.995829
-0.626002,50,865.230909
-0.943933,50,865.455098
-0.853557,50,865.677148
-0.830333,50,865.900624
-0.753201,50,866.12733
-1.672452,50,866.357218
-0.459151,50,866.578245
-0.703387,50,866.803077
-0.396931,50,867.02668
-0.672644,50,867.250156
-0.626638,50,867.472979
-0.709683,50,867.699968
-0.689033,50,867.936444
-0.596821,50,868.165798
-0.513109,50,868.398099
-0.882445,50,868.632852
-0.73919,50,868.878783
-0.686037,50,869.107054
-0.632802,50,869.331931
-0.756591,50,869.556888
-0.45488,50,869.782366
-1.189454,50,870.01429
-0.753864,50,870.247999
-0.719137,50,870.475153
-0.543781,50,870.702744
-0.359159,50,870.929165
-0.598239,50,871.154718
-0.598901,50,871.383281
-0.563471,50,871.614214
-0.615593,50,871.845742
-0.544779,50,872.071739
-0.792442,50,872.29872
-0.47557,50,872.528483
-0.652113,50,872.754982
-0.838617,50,872.982323
-0.868907,50,873.208866
-0.714253,50,873.435207
-0.361731,50,873.659917
-0.723552,50,873.884267
-0.444862,50,874.11258
-0.768981,50,874.338922
-1.755362,50,874.569796
-0.535595,50,874.795479
-0.744139,50,875.020366
-0.673983,50,875.250036
-1.553689,50,875.484084
-0.732574,50,875.707417
-0.560892,50,875.930373
-0.691926,50,876.154224
-0.442146,50,876.37803
-1.017676,50,876.600556
-0.682714,50,876.827064
-0.683285,50,877.07133
-0.748846,50,877.295738
-0.672313,50,877.52537
-0.617618,50,877.7468
-0.760049,50,877.978074
-0.812299,50,878.207945
-0.591162,50,878.438751
-0.828457,50,878.668458
-0.318674,50,878.902031
-0.786882,50,879.130343
-0.333361,50,879.36221
-0.416906,50,879.592187
-0.783584,50,879.83386
-0.6022,50,880.065519
-0.697231,50,880.294216
-0.696374,50,880.523593
-0.67465,50,880.755209
-0.609504,50,880.983574
-0.559399,50,881.214796
-0.761036,50,881.443164
-0.825814,50,881.6769
-0.688407,50,881.907186
-0.441239,50,882.136314
-0.642174,50,882.367271
-0.778549,50,882.602098
-0.905828,50,882.835272
-0.987441,50,883.065512
-0.670582,50,883.287957
-0.381201,50,883.513442
-0.532702,50,883.739301
-0.689035,50,883.96485
-0.762335,50,884.188868
-0.726725,50,884.415423
-0.485614,50,884.637604
-0.617878,50,884.868814
-0.73146,50,885.094221
-0.865792,50,885.335652
-1.153982,50,885.562679
-1.075871,50,885.788035
-1.480884,50,886.020031
-0.76204,50,886.258899
-0.660468,50,886.481857
-0.945708,50,886.706585
-0.751516,50,886.935852
-0.921701,50,887.164937
-1.058065,50,887.392682
-0.462198,50,887.617215
-0.775999,50,887.848763
-0.360259,50,888.080223
-0.883832,50,888.318598
-0.471132,50,888.554444
-0.564033,50,888.79117
-0.698843,50,889.030279
-0.320088,50,889.262635
-0.354075,50,889.493944
-0.696415,50,889.722829
-0.481419,50,889.959074
-0.545228,50,890.191409
-0.664969,50,890.427842
-1.681636,50,890.66645
-0.687148,50,890.900842
-0.524884,50,891.13246
-0.446088,50,891.361296
-0.849214,50,891.596657
-1.020533,50,891.830978
-1.165766,50,892.061754
-0.747572,50,892.291494
-0.76034,50,892.522552
-0.467674,50,892.755341
-0.970871,50,892.996687
-0.643871,50,893.225688
-0.540103,50,893.449816
-1.630583,50,893.698722
-0.747955,50,893.929415
-1.900082,50,894.159548
-0.699105,50,894.383368
-1.223801,50,894.617492
-0.536988,50,894.841507
-0.759638,50,895.066107
-0.576487,50,895.291229
-0.481441,50,895.520057
-0.513537,50,895.745317
-1.258208,50,895.977084
-0.555598,50,896.205777
-0.685054,50,896.433278
-0.692184,50,896.656346
-0.545285,50,896.884917
-0.455784,50,897.109257
-0.43741,50,897.340614
-0.392406,50,897.562736
-0.707287,50,897.78613
-0.594954,50,898.012929
-0.511184,50,898.439092
-0.394885,50,898.665495
-0.589165,50,898.895454
-0.44411,50,899.123787
-0.769004,50,899.353347
-0.894518,50,899.581134
-0.490666,50,899.813054
-0.744114,50,900.043547
-0.770706,50,900.271613
-0.716079,50,900.504978
-0.50338,50,900.742585
-0.642719,50,900.972787
-0.678231,50,901.205701
-0.411543,50,901.430202
-0.508702,50,901.655586
-0.455058,50,901.881082
-0.59121,50,902.116604
-0.899851,50,902.348469
-0.680779,50,902.576738
-0.401992,50,902.804045
-0.698363,50,903.040847
-0.455233,50,903.275042
-0.761781,50,903.506043
-0.583492,50,903.729373
-0.539045,50,903.955747
-0.773089,50,904.180483
-0.66202,50,904.407214
-0.518972,50,904.632338
-1.25555,50,904.883578
-0.748129,50,905.117149
-1.513655,50,905.346706
-0.647085,50,905.569696
-0.766359,50,905.794914
-0.658075,50,906.01788
-0.651423,50,906.242563
-0.597419,50,906.467629
-0.571419,50,906.692982
-0.81749,50,906.917843
-0.711429,50,907.143037
-0.700373,50,907.367625
-0.816914,50,907.592376
-0.741847,50,907.815255
-0.475934,50,908.039711
-0.575072,50,908.264409
-0.656884,50,908.499421
-0.609139,50,908.726278
-1.732398,50,908.958749
-0.620624,50,909.185474
-1.077055,50,909.412147
-1.040849,50,909.642068
-0.848174,50,909.873898
-0.482699,50,910.105841
-0.366738,50,910.333605
-0.774704,50,910.557168
-0.524927,50,910.781808
-0.364596,50,911.012742
-0.817435,50,911.240214
-0.745512,50,911.473893
-0.287131,50,911.699425
-0.61111,50,911.926164
-0.547259,50,912.157455
-0.540559,50,912.384963
-0.407989,50,912.609655
-0.584051,50,912.835429
-0.586404,50,913.077979
-0.463201,50,913.304519
-0.835801,50,913.52925
-0.484917,50,913.756671
-0.642629,50,913.98256
-0.563307,50,914.208935
-0.664615,50,914.434184
-0.761005,50,914.658268
-0.518566,50,914.883941
-0.916626,50,915.107414
-0.705215,50,915.331382
-0.650838,50,915.553437
-0.590649,50,915.779962
-0.711637,50,916.006263
-0.658795,50,916.231454
-0.841006,50,916.455157
-0.737172,50,916.679419
-0.585398,50,916.90184
-0.645965,50,917.127518
-0.671948,50,917.357272
-0.336106,50,917.596272
-0.67977,50,917.81958
-0.659803,50,918.043762
-0.804345,50,918.268743
-0.582834,50,918.498994
-0.512839,50,918.72983
-0.346472,50,918.956555
-0.292949,50,919.189485
-0.533865,50,919.427161
-0.644565,50,919.663552
-0.431656,50,919.892834
-0.65591,50,920.123784
-0.637502,50,920.355671
-0.641725,50,920.586996
-0.596811,50,920.81698
-0.479528,50,921.047208
-0.597276,50,921.292218
-0.787802,50,921.522351
-0.631584,50,921.753042
-2.024267,50,921.991751
-0.677169,50,922.223262
-0.734781,50,922.453342
-0.65948,50,922.683727
-0.752236,50,922.913582
-0.84378,50,923.155754
-0.712112,50,923.390488
-1.365811,50,923.63079
-0.533542,50,923.858731
-1.567812,50,924.095927
-0.609546,50,924.32069
-1.993454,50,924.552758
-0.745772,50,924.775942
-0.489541,50,925.002911
-0.695117,50,925.231655
-0.41431,50,925.45518
-0.757979,50,925.684374
-0.442329,50,925.910965
-0.769381,50,926.14139
-0.447294,50,926.364945
-0.798574,50,926.591818
-0.77479,50,926.820207
-0.457913,50,927.045465
-0.567202,50,927.271586
-0.748823,50,927.50323
-0.975235,50,927.72995
-0.986119,50,927.957977
-1.084228,50,928.18778
-0.760838,50,928.412635
-1.543425,50,928.649318
-0.589891,50,928.878794
-1.062551,50,929.114428
-0.586113,50,929.34405
-0.746621,50,929.58523
-0.665259,50,929.811772
-0.690279,50,930.037891
-0.407773,50,930.264507
-0.60956,50,930.502005
-0.638812,50,930.732322
-0.558728,50,930.959104
-0.568376,50,931.190146
-0.527035,50,931.417529
-1.752833,50,931.651997
-0.434207,50,931.87717
-0.480034,50,932.102516
-0.666911,50,932.330034
-0.782903,50,932.555265
-0.591025,50,932.780941
-0.353866,50,933.009778
-1.283918,50,933.244427
-0.990494,50,933.470013
-0.84618,50,933.699192
-0.664884,50,933.925501
-0.60448,50,934.153744
-0.695589,50,934.381243
-0.454904,50,934.604989
-0.617161,50,934.830257
-0.261715,50,935.058758
-0.634172,50,935.286164
-0.877598,50,935.514421
-0.64836,50,935.741088
-0.979315,50,935.980259
-1.027349,50,936.205542
-0.512187,50,936.431095
-0.897045,50,936.6642
-0.57429,50,936.891646
-0.776038,50,937.119034
-0.390791,50,937.344332
-0.60733,50,937.567569
-1.199392,50,937.81198
-0.649183,50,938.038962
-0.544845,50,938.264956
-0.590932,50,938.499877
-0.927989,50,938.728826
-0.914283,50,938.960753
-0.813167,50,939.18725
-0.687047,50,939.415
-0.771623,50,939.643934
-0.563864,50,939.872735
-1.370673,50,940.099256
-2.03157,50,940.325856
-1.965213,50,940.555553
-1.06004,50,940.783059
-1.048683,50,941.014592
-0.907172,50,941.239338
-0.864961,50,941.471429
-0.994039,50,941.703627
-0.717511,50,941.927828
-1.896581,50,942.155371
-1.109878,50,942.389982
-1.490715,50,942.616631
-0.611768,50,942.841686
-2.164845,50,943.070222
-2.011629,50,943.313776
-1.111163,50,943.541498
-1.057472,50,943.771262
-1.106574,50,943.997904
-0.986072,50,944.228661
-0.675366,50,944.453922
-0.535856,50,944.677955
-0.616191,50,944.902704
-0.783057,50,945.155734
-1.342565,50,945.380569
-0.589405,50,945.604607
-0.530067,50,945.82865
-0.831868,50,946.057017
-4.703241,50,946.286015
-6.494707,50,946.510834
-6.353304,50,946.733948
-3.117045,50,946.96021
-5.232398,50,947.191583
-4.565654,50,947.420292
-1.385421,50,947.642743
-1.078182,50,947.866865
-0.614792,50,948.091305
-0.600975,50,948.317431
-1.319774,50,948.541984
-0.570575,50,948.769978
-1.863934,50,949.010701
-0.797752,50,949.238159
-0.679219,50,949.464533
-0.503455,50,949.691892
-0.80651,50,949.918598
-0.733346,50,950.145381
-0.593765,50,950.373324
-0.74699,50,950.603577
-0.619314,50,950.831392
-0.691449,50,951.058211
-0.561996,50,951.282623
-1.158204,50,951.512459
-0.850804,50,951.738053
-1.482811,50,951.967856
-2.182497,50,952.202454
-0.975074,50,952.453397
-2.218151,50,952.683402
-1.312807,50,952.908927
-1.230566,50,953.136252
-1.023092,50,953.367271
-0.933908,50,953.600016
-0.831505,50,953.83213
-1.139975,50,954.061342
-1.068507,50,954.295572
-0.917656,50,954.519442
-1.497757,50,954.749116
-0.45437,50,954.973139
-1.365872,50,955.199961
-1.149049,50,955.42485
-1.749217,50,955.645549
-0.993541,50,955.876086
-2.167357,50,956.112663
-1.764824,50,956.343038
-0.976215,50,956.565924
-0.954932,50,956.793081
-1.503903,50,957.021053
-2.017139,50,957.244641
-1.331938,50,957.472659
-0.936784,50,957.69398
-1.569979,50,957.919225
-1.226171,50,958.146203
-0.73841,50,958.372138
-0.82644,50,958.59606
-1.498295,50,958.829424
-0.97724,50,959.073139
-0.806759,50,959.305001
-0.636973,50,959.536701
-0.764022,50,959.791133
-0.644726,50,960.023231
-0.874782,50,960.253645
-0.718823,50,960.485678
-1.253921,50,960.721448
-0.791109,50,960.951981
-1.209363,50,961.183748
-1.191555,50,961.412632
-1.321178,50,961.645601
-0.951052,50,961.876012
-0.780412,50,962.108982
-0.534336,50,962.344716
-0.845315,50,962.576198
-0.85858,50,962.811575
-1.83133,50,963.049839
-0.81221,50,963.282829
-1.300378,50,963.517987
-5.023413,50,963.75411
-4.54859,50,963.984909
-1.879242,50,964.216415
-2.569006,50,964.446456
-3.651394,50,964.674773
-3.225893,50,964.899954
-0.863357,50,965.124602
-0.885354,50,965.350524
-0.668527,50,965.572938
-0.750363,50,965.797751
-0.857663,50,966.029789
-0.723113,50,966.257425
-0.674485,50,966.481334
-0.774433,50,966.705721
-1.039416,50,966.927521
-0.440621,50,967.173118
-0.708828,50,967.404748
-0.630901,50,967.628907
-0.73225,50,967.853508
-0.655117,50,968.078312
-0.746021,50,968.304433
-0.9982,50,968.529547
-1.139054,50,968.757184
-1.880174,50,968.98155
-2.099647,50,969.210827
-2.50434,50,969.442025
-1.487778,50,969.668154
-0.983734,50,969.897186
-0.601071,50,970.121831
-1.189756,50,970.347405
-1.110205,50,970.574662
-1.773216,50,970.804333
-1.877372,50,971.035274
-0.744655,50,971.263873
-0.764954,50,971.489195
-0.954586,50,971.716263
-0.937029,50,971.941486
-0.87759,50,972.168068
-0.903766,50,972.393211
-0.939165,50,972.629972
-0.649291,50,972.85528
-0.435755,50,973.084615
-0.403394,50,973.31615
-1.633486,50,973.54665
-2.166979,50,973.773577
-3.199525,50,974.000625
-1.260793,50,974.237228
-1.090742,50,974.4816
-0.946236,50,974.70675
-2.114003,50,974.9283
-1.356706,50,975.151936
-2.570781,50,975.379555
-6.22886,50,975.603747
-4.909971,50,975.827508
-2.734163,50,976.051989
-4.242111,50,976.277539
-4.619099,50,976.501249
-2.087055,50,976.723912
-1.368812,50,976.947694
-2.071952,50,977.180634
-3.174962,50,977.40442
-2.956508,50,977.634318
-1.424564,50,977.85772
-1.987327,50,978.087853
-1.410338,50,978.313587
-2.371911,50,978.538342
-1.469753,50,978.76076
-1.122046,50,978.984693
-0.97306,50,979.211487
-0.725075,50,979.444969
-1.094717,50,979.675968
-1.035515,50,979.910658
-1.242791,50,980.139961
-1.088228,50,980.36876
-0.622374,50,980.601828
-0.713099,50,980.834064
-3.548375,50,981.064288
-1.460918,50,981.300869
-1.001748,50,981.537284
-0.811689,50,981.797265
-1.846265,50,982.039749
-0.80093,50,982.277024
-1.384075,50,982.513593
-0.873895,50,982.753172
-0.647136,50,982.986942
-0.537223,50,983.224087
-1.673925,50,983.462059
-0.421551,50,983.696778
-0.921441,50,983.929392
-0.850038,50,984.165424
-0.680355,50,984.394579
-1.020035,50,984.62473
-1.550312,50,984.855089
-0.840341,50,985.079436
-0.894783,50,985.316714
-0.760233,50,985.545948
-0.514145,50,985.770984
-0.825517,50,985.997258
-0.738655,50,986.230864
-0.46015,50,986.457098
-0.755083,50,986.681049
-1.158579,50,986.909082
-0.99778,50,987.133747
-0.744806,50,987.360624
-0.749262,50,987.588559
-0.545795,50,987.814082
-0.524693,50,988.038844
-0.76812,50,988.270314
-0.914667,50,988.499292
-0.635782,50,988.726053
-0.747587,50,988.95092
-0.762406,50,989.19855
-0.702476,50,989.42862
-0.651928,50,989.660024
-0.5689,50,989.892881
-0.58774,50,990.139741
-0.582776,50,990.37172
-0.512316,50,990.608497
-0.559842,50,990.838981
-0.526576,50,991.070408
-0.724561,50,991.301535
-0.770084,50,991.533512
-0.780856,50,991.765536
-0.669231,50,992.003949
-0.523846,50,992.235658
-0.641183,50,992.468665
-0.434324,50,992.699988
-0.898542,50,992.933881
-0.545653,50,993.163939
-0.588219,50,993.397885
-0.843078,50,993.628422
-0.853419,50,993.859602
-1.168447,50,994.099281
-0.947479,50,994.336551
-1.002841,50,994.560618
-0.942415,50,994.794844
-0.781699,50,995.019546
-0.71827,50,995.24616
-0.794666,50,995.47006
-0.49849,50,995.698779
-0.424946,50,995.924561
-0.550215,50,996.149105
-1.899702,50,996.379953
-0.967268,50,996.620891
-0.486352,50,996.844874
-0.521648,50,997.068396
-0.807476,50,997.294142
-0.843533,50,997.524389
-0.657094,50,997.747805
-0.431614,50,997.970073
-0.557885,50,998.194077
-0.518372,50,998.422722
-0.608051,50,998.646054
-0.653923,50,998.868816
-0.611279,50,999.092832
-0.507753,50,999.317517
-0.603169,50,999.54364
-0.383129,50,999.77024
-0.445411,50,999.997033
-0.684779,50,1000.229906
-0.641561,50,1000.45117
-1.245038,50,1000.676791
-2.156987,50,1000.901606
-1.80136,50,1001.129386
-1.776286,50,1001.35816
-0.928801,50,1001.585213
-0.913799,50,1001.812522
-1.059647,50,1002.043373
-0.493196,50,1002.268795
-0.670369,50,1002.497621
-1.107964,50,1002.728286
-0.614246,50,1002.958235
-1.55683,50,1003.188001
-0.721204,50,1003.42169
-0.776488,50,1003.645746
-0.49616,50,1003.888968
-0.602637,50,1004.115171
-0.445682,50,1004.342848
-0.449721,50,1004.571381
-0.72097,50,1004.803286
-0.493308,50,1005.025987
-0.55272,50,1005.251299
-0.580577,50,1005.479989
-0.659239,50,1005.711255
-0.419983,50,1005.935869
-0.498765,50,1006.158966
-0.388372,50,1006.382658
-0.60799,50,1006.610032
-0.677141,50,1006.835252
-0.877958,50,1007.061118
-0.509011,50,1007.292189
-0.704999,50,1007.526735
-1.020452,50,1007.757443
-0.464752,50,1007.980725
-0.725654,50,1008.204651
-0.43942,50,1008.435473
-0.815662,50,1008.66316
-0.487448,50,1008.886939
-0.389699,50,1009.110137
-0.521644,50,1009.336676
-0.536437,50,1009.561594
-0.537396,50,1009.793732
-0.804281,50,1010.022033
-1.114582,50,1010.251748
-0.995782,50,1010.482749
-1.244234,50,1010.715015
-2.037342,50,1010.947487
-1.262766,50,1011.198867
-1.884408,50,1011.435131
-1.363244,50,1011.672058
-0.596616,50,1011.90356
-0.773877,50,1012.136649
-0.480156,50,1012.366536
-0.509806,50,1012.609697
-1.356317,50,1012.849196
-0.854936,50,1013.276855
-0.620961,50,1013.507985
-1.446739,50,1013.737341
-1.429617,50,1013.968096
-1.012995,50,1014.205335
-0.894244,50,1014.437894
-0.477266,50,1014.666576
-0.503021,50,1014.888845
-0.895437,50,1015.114278
-0.821932,50,1015.344688
-0.660534,50,1015.569959
-1.112877,50,1015.803181
-0.445081,50,1016.02947
-1.058027,50,1016.261771
-0.53141,50,1016.485715
-0.421959,50,1016.717918
-0.479483,50,1016.946432
-0.598844,50,1017.173382
-0.557543,50,1017.396973
-0.542591,50,1017.628488
-0.644607,50,1017.853409
-0.553027,50,1018.07752
-0.659677,50,1018.303708
-0.638735,50,1018.527924
-1.320745,50,1018.760026
-0.550255,50,1018.983376
-0.568592,50,1019.20581
-0.755991,50,1019.432031
-0.368131,50,1019.661118
-0.536135,50,1019.892231
-0.589721,50,1020.119401
-0.545679,50,1020.347459
-0.496763,50,1020.593265
-0.376674,50,1020.823501
-0.730141,50,1021.056395
-0.605084,50,1021.283256
-0.520182,50,1021.510489
-0.544717,50,1021.737444
-0.829136,50,1021.967512
-0.482368,50,1022.193575
-0.430298,50,1022.43087
-0.689157,50,1022.659021
-1.917406,50,1022.890791
-0.571553,50,1023.120671
-0.630907,50,1023.352454
-0.793898,50,1023.579866
-0.510552,50,1023.811209
-0.751726,50,1024.041218
-0.641508,50,1024.274208
-0.621418,50,1024.50087
-0.500666,50,1024.728385
-0.684826,50,1024.956996
-0.830871,50,1025.199294
-0.763505,50,1025.421969
-0.796447,50,1025.646624
-0.6584,50,1025.873029
-0.774005,50,1026.100016
-0.566128,50,1026.325104
-0.988138,50,1026.5515
-0.779234,50,1026.776109
-1.019344,50,1027.004914
-0.998778,50,1027.230634
-0.852679,50,1027.458483
-0.781759,50,1027.681984
-1.186052,50,1027.927267
-0.534583,50,1028.15245
-0.463082,50,1028.377239
-0.583759,50,1028.605025
-0.672734,50,1028.830702
-0.400573,50,1029.05543
-0.530498,50,1029.27839
-0.666223,50,1029.501228
-0.581736,50,1029.727078
-0.584529,50,1029.95146
-0.55252,50,1030.184225
-0.721492,50,1030.416715
-0.678218,50,1030.652583
-0.749171,50,1030.883634
-0.545474,50,1031.114277
-0.873228,50,1031.348638
-0.70977,50,1031.585145
-0.724827,50,1031.824222
-0.498594,50,1032.052328
-0.91674,50,1032.280995
-0.566457,50,1032.516653
-0.623146,50,1032.749417
-0.471978,50,1032.982049
-0.725877,50,1033.213788
-0.660401,50,1033.451529
-1.09868,50,1033.685251
-0.578027,50,1033.91563
-0.631308,50,1034.146834
-0.608165,50,1034.378673
-0.490431,50,1034.605507
-0.584053,50,1034.835591
-0.747689,50,1035.065431
-0.618791,50,1035.308252
-0.528906,50,1035.532023
-0.50455,50,1035.754143
-0.609273,50,1035.977701
-0.568446,50,1036.208205
-0.5299,50,1036.433066
-0.570997,50,1036.656499
-0.363225,50,1036.88169
-0.551912,50,1037.107762
-0.63592,50,1037.330349
-0.878106,50,1037.55516
-0.970249,50,1037.784649
-0.635702,50,1038.010172
-0.722673,50,1038.240247
-1.022123,50,1038.466766
-0.641544,50,1038.692164
-0.745134,50,1038.920871
-1.731953,50,1039.151284
-0.431079,50,1039.375918
-0.711175,50,1039.603824
-0.661365,50,1039.829997
-0.557537,50,1040.05359
-0.548617,50,1040.28577
-0.570993,50,1040.522466
-0.539891,50,1040.753043
-0.469288,50,1040.986074
-0.543633,50,1041.220279
-0.818472,50,1041.451062
-1.004013,50,1041.685577
-0.835413,50,1041.913922
-0.692398,50,1042.146014
-0.376187,50,1042.375187
-0.487818,50,1042.63671
-0.402333,50,1042.869006
-0.474055,50,1043.100212
-0.365935,50,1043.334268
-0.518356,50,1043.566808
-0.718027,50,1043.799598
-0.664751,50,1044.031581
-0.678278,50,1044.266142
-0.564271,50,1044.502043
-0.937,50,1044.733231
-0.646337,50,1044.96743
-0.55693,50,1045.199294
-0.722143,50,1045.428542
-0.388084,50,1045.654013
-0.432347,50,1045.878297
-0.603284,50,1046.104286
-0.550992,50,1046.329487
-0.488873,50,1046.559316
-1.217208,50,1046.783968
-0.854827,50,1047.008218
-0.378611,50,1047.237627
-0.647952,50,1047.460095
-0.514125,50,1047.68678
-0.635621,50,1047.911948
-0.310488,50,1048.139214
-0.620219,50,1048.365485
-0.85739,50,1048.588905
-1.159363,50,1048.819158
-0.680821,50,1049.050121
-0.851594,50,1049.273023
-0.609361,50,1049.496734
-0.423782,50,1049.721535
-1.360867,50,1049.974496
-0.442497,50,1050.198412
-0.668248,50,1050.431688
-0.485157,50,1050.657166
-0.457128,50,1050.885873
-0.729903,50,1051.11086
-0.766506,50,1051.335283
-0.679735,50,1051.560952
-0.434913,50,1051.789092
-0.538391,50,1052.016916
-0.648851,50,1052.244076
-0.528297,50,1052.472278
-0.617113,50,1052.709001
-0.956251,50,1052.934708
-1.650773,50,1053.168067
-2.047057,50,1053.396514
-1.90502,50,1053.624985
-0.774415,50,1053.851362
-0.584317,50,1054.07663
-0.735861,50,1054.30248
-0.810828,50,1054.53703
-0.580481,50,1054.764214
-0.370707,50,1054.991883
-0.43688,50,1055.21733
-0.56008,50,1055.450713
-0.413272,50,1055.675078
-0.513536,50,1055.901221
-1.717991,50,1056.132181
-0.226753,50,1056.358824
-0.551585,50,1056.582919
-0.537931,50,1056.807616
-0.721755,50,1057.031952
-0.564525,50,1057.273116
-0.659045,50,1057.49747
-0.575832,50,1057.729025
-0.331729,50,1057.953573
-0.712664,50,1058.187919
-1.449361,50,1058.421016
-1.192927,50,1058.65307
-0.570184,50,1058.876752
-1.698847,50,1059.119463
-0.592399,50,1059.347687
-0.524089,50,1059.572608
-0.864577,50,1059.800022
-1.698634,50,1060.032321
-1.403036,50,1060.265602
-0.739875,50,1060.500223
-0.623142,50,1060.729734
-0.792663,50,1060.95938
-0.708053,50,1061.185636
-0.874509,50,1061.41234
-0.96607,50,1061.640277
-0.584011,50,1061.868323
-0.508096,50,1062.095061
-1.712845,50,1062.327019
-0.644525,50,1062.553187
-0.554783,50,1062.784548
-0.681698,50,1063.011858
-0.441434,50,1063.237309
-1.487229,50,1063.472182
-0.455367,50,1063.702941
-0.479031,50,1063.928568
-0.475015,50,1064.153943
-0.785557,50,1064.381289
-1.589142,50,1064.630335
-0.580119,50,1064.858154
-0.755793,50,1065.089835
-0.624906,50,1065.317814
-0.72557,50,1065.547216
-0.794255,50,1065.77219
-0.57586,50,1065.993867
-0.778765,50,1066.223661
-0.404219,50,1066.452935
-0.685122,50,1066.676655
-0.426725,50,1066.901239
-0.726867,50,1067.123895
-0.728723,50,1067.35674
-0.694045,50,1067.582759
-0.687326,50,1067.808689
-0.572059,50,1068.030695
-0.551095,50,1068.25755
-0.360239,50,1068.482325
-1.926799,50,1068.712343
-0.935455,50,1068.932989
-0.83641,50,1069.162403
-0.353749,50,1069.384886
-0.503971,50,1069.609226
-0.658516,50,1069.832396
-0.627358,50,1070.059485
-0.375257,50,1070.283525
-0.513417,50,1070.512751
-1.66897,50,1070.747228
-0.677217,50,1070.977635
-1.162075,50,1071.210501
-0.787619,50,1071.439596
-0.417071,50,1071.66829
-0.655589,50,1071.919697
-0.72947,50,1072.150877
-0.916302,50,1072.376865
-0.808556,50,1072.603146
-0.408077,50,1072.838135
-0.406029,50,1073.064339
-0.587302,50,1073.290565
-0.415546,50,1073.518712
-0.468943,50,1073.755486
-0.762032,50,1073.983919
-0.966803,50,1074.216993
-0.321679,50,1074.443792
-0.905024,50,1074.681131
-0.459574,50,1074.909223
-0.701892,50,1075.135592
-0.549897,50,1075.364605
-0.330991,50,1075.602917
-0.795104,50,1075.827045
-0.599963,50,1076.049111
-0.643523,50,1076.273975
-0.604796,50,1076.499481
-0.810331,50,1076.725486
-0.906894,50,1076.950026
-0.931868,50,1077.173774
-0.856614,50,1077.403858
-0.471659,50,1077.630128
-0.412727,50,1077.85442
-0.737344,50,1078.077754
-0.970001,50,1078.319265
-0.481138,50,1078.5436
-0.322357,50,1078.768389
-0.478933,50,1078.992777
-0.651387,50,1079.224215
-1.242611,50,1079.454987
-1.570787,50,1079.692502
-0.629191,50,1079.919953
-0.624307,50,1080.149315
-0.64186,50,1080.376064
-0.422858,50,1080.601704
-0.941671,50,1080.837615
-0.644897,50,1081.075875
-0.488512,50,1081.311233
-0.803708,50,1081.542397
-0.857383,50,1081.776444
-1.805242,50,1082.018056
-0.386937,50,1082.252532
-0.487499,50,1082.485774
-0.577803,50,1082.723794
-0.601042,50,1082.957549
-0.708724,50,1083.186516
-0.288312,50,1083.41769
-0.471625,50,1083.646486
-0.616313,50,1083.879681
-0.622564,50,1084.118415
-0.804049,50,1084.349589
-0.37786,50,1084.579261
-1.016064,50,1084.83404
-0.581891,50,1085.066841
-0.517654,50,1085.296565
-0.505098,50,1085.525871
-0.48839,50,1085.760982
-0.648834,50,1085.984604
-0.468535,50,1086.212188
-0.674749,50,1086.437202
-0.888626,50,1086.668366
-0.635039,50,1086.894625
-0.839969,50,1087.118064
-0.790846,50,1087.341194
-0.787394,50,1087.56934
-0.486951,50,1087.790878
-0.692917,50,1088.013357
-0.749687,50,1088.237691
-0.62811,50,1088.46971
-0.4196,50,1088.69524
-1.410098,50,1088.925342
-0.568562,50,1089.14801
-1.045411,50,1089.378996
-0.683126,50,1089.610391
-0.391434,50,1089.836256
-0.449362,50,1090.059717
-0.807304,50,1090.289745
-0.59013,50,1090.51128
-0.482013,50,1090.73554
-0.355682,50,1090.964002
-0.54686,50,1091.218095
-0.481311,50,1091.448088
-0.842576,50,1091.69572
-0.461076,50,1091.953465
-0.616818,50,1092.208644
-0.822147,50,1092.457253
-0.656089,50,1092.698028
-0.683945,50,1092.947085
-0.531825,50,1093.214959
-0.640054,50,1093.453185
-0.592261,50,1093.688435
-0.248641,50,1093.915979
-0.595005,50,1094.172871
-0.378365,50,1094.402269
-0.522001,50,1094.627117
-0.615688,50,1094.852121
-0.45444,50,1095.079397
-0.669716,50,1095.303045
-0.492768,50,1095.523502
-0.539072,50,1095.752357
-1.078461,50,1095.976225
-0.494272,50,1096.19824
-0.4004,50,1096.43802
-1.729188,50,1096.700792
-0.390109,50,1096.9612
-0.567282,50,1097.214678
-0.693688,50,1097.4664
-0.481386,50,1097.718247
-0.556791,50,1097.995063
-0.921422,50,1098.23975
-0.560116,50,1098.471726
-0.342005,50,1098.718387
-0.842482,50,1098.961479
-0.618169,50,1099.196954
-0.604395,50,1099.442165
-0.622242,50,1099.682331
-0.901604,50,1099.918216
-0.649396,50,1100.142672
-0.782806,50,1100.374072
-0.4417,50,1100.619949
-0.671238,50,1100.865711
-0.728689,50,1101.116564
-0.586424,50,1101.36088
-0.4894,50,1101.617185
-0.738041,50,1101.901144
-0.431757,50,1102.148782
-0.482473,50,1102.38703
-0.399509,50,1102.615131
-0.425203,50,1102.861183
-0.463231,50,1103.091567
-0.579902,50,1103.321307
-0.754047,50,1103.549945
-1.042415,50,1103.781256
-0.562067,50,1104.00322
-0.494782,50,1104.228597
-0.525368,50,1104.449158
-0.598218,50,1104.670631
-0.615177,50,1104.896109
-0.671133,50,1105.118195
-0.490414,50,1105.344189
-0.392592,50,1105.572603
-0.557802,50,1105.815254
-0.737861,50,1106.071112
-0.663023,50,1106.321739
-0.590266,50,1106.554562
-0.583027,50,1106.78067
-0.541209,50,1107.001746
-0.580097,50,1107.223062
-0.612107,50,1107.463487
-0.517732,50,1107.702103
-0.634479,50,1107.93868
-0.474164,50,1108.159946
-0.422599,50,1108.404336
-0.463569,50,1108.629362
-0.216863,50,1108.849659
-0.443318,50,1109.08086
-1.686713,50,1109.336422
-0.478393,50,1109.569141
-0.773453,50,1109.805968
-1.095258,50,1110.063678
-1.781157,50,1110.341368
-1.393974,50,1110.582395
-0.545535,50,1110.807875
-0.594421,50,1111.030048
-0.620465,50,1111.256372
-0.418901,50,1111.477673
-1.313673,50,1111.704094
-0.818486,50,1111.92484
-0.603623,50,1112.147275
-0.509524,50,1112.366954
-0.699293,50,1112.586071
-0.585539,50,1112.806956
-0.415933,50,1113.047983
-0.342749,50,1113.291147
-0.673009,50,1113.512596
-0.566512,50,1113.73726
-0.232118,50,1113.980311
-0.609504,50,1114.228069
-0.490624,50,1114.448109
-0.524884,50,1114.672223
-0.764484,50,1114.896492
-0.564479,50,1115.115524
-0.725808,50,1115.336187
-1.286696,50,1115.562808
-0.511009,50,1115.785092
-0.614825,50,1116.004564
-0.475707,50,1116.224192
-0.595226,50,1116.443128
-0.821854,50,1116.682812
-0.709169,50,1116.908956
-0.447977,50,1117.128006
-0.535429,50,1117.351499
-0.630809,50,1117.570898
-0.541727,50,1117.789095
-0.389231,50,1118.007697
-0.419331,50,1118.226773
-0.609786,50,1118.449697
-0.848181,50,1118.677067
-0.418915,50,1118.896642
-0.465044,50,1119.120889
-0.704547,50,1119.344102
-0.536762,50,1119.567301
-0.36585,50,1119.785476
-0.469685,50,1120.003152
-0.696043,50,1120.228254
-0.631597,50,1120.448565
-0.583208,50,1120.668062
-0.928937,50,1120.890766
-0.571792,50,1121.126508
-0.529271,50,1121.381315
-0.658401,50,1121.632332
-0.952847,50,1121.89235
-1.801002,50,1122.207563
-1.1609,50,1122.465964
-0.543619,50,1122.712754
-0.503158,50,1122.966018
-0.293822,50,1123.237288
-0.505902,50,1123.492394
-0.541468,50,1123.731442
-0.466594,50,1123.973355
-0.705105,50,1124.211074
-0.61253,50,1124.446532
-0.439325,50,1124.683284
-0.822077,50,1124.911473
-0.631932,50,1125.155788
-0.348293,50,1125.390213
-0.518809,50,1125.622919
-0.656898,50,1125.862099
-0.572194,50,1126.107178
-1.428139,50,1126.351091
-0.695579,50,1126.585964
-0.597022,50,1126.813443
-0.6775,50,1127.043367
-0.703119,50,1127.267697
-0.415694,50,1127.498706
-0.893751,50,1127.732739
-0.505024,50,1127.967595
-0.394618,50,1128.193397
-0.482258,50,1128.428843
-1.087165,50,1128.675324
-0.500072,50,1129.099209
-0.686523,50,1129.323377
-0.635358,50,1129.54668
-0.477892,50,1129.770396
-0.675956,50,1129.996898
-0.331525,50,1130.217457
-0.44287,50,1130.444401
-0.580805,50,1130.665849
-1.601336,50,1130.89824
-0.507501,50,1131.118774
-0.792981,50,1131.339986
-0.74795,50,1131.563444
-0.502385,50,1131.786162
-0.611987,50,1132.010981
-0.569732,50,1132.233829
-0.473,50,1132.455048
-0.348589,50,1132.687352
-0.296004,50,1132.916964
-0.487603,50,1133.141756
-0.454584,50,1133.364564
-0.671975,50,1133.599166
-0.746885,50,1133.823175
-1.014347,50,1134.053596
-0.41577,50,1134.276006
-0.576648,50,1134.516255
-0.430693,50,1134.737536
-0.595386,50,1134.963327
-0.831016,50,1135.185576
-0.437001,50,1135.41016
-0.553959,50,1135.631612
-0.324473,50,1135.854572
-0.508402,50,1136.083142
-0.579771,50,1136.313968
-0.729529,50,1136.538214
-0.657461,50,1136.759878
-0.600219,50,1136.991421
-0.62498,50,1137.226186
-0.68911,50,1137.448003
-0.334151,50,1137.670542
-1.168171,50,1137.900088
-0.765791,50,1138.129931
-0.488225,50,1138.355312
-0.325188,50,1138.577685
-0.501315,50,1138.801085
-0.590057,50,1139.026264
-0.398104,50,1139.247029
-0.677088,50,1139.472785
-0.501354,50,1139.699721
-0.600476,50,1139.924596
-0.372712,50,1140.146051
-1.893529,50,1140.374089
-2.018512,50,1140.601908
-0.707101,50,1140.839071
-0.303177,50,1141.06121
-0.766328,50,1141.284706
-0.813505,50,1141.508328
-0.35606,50,1141.735785
-0.583365,50,1141.968087
-0.961221,50,1142.207712
-0.634719,50,1142.436308
-0.790042,50,1142.675681
-0.544425,50,1142.906259
-0.65478,50,1143.131842
-1.248957,50,1143.360972
-0.658022,50,1143.588171
-0.599802,50,1143.817931
-1.119024,50,1144.05052
-0.648899,50,1144.279834
-0.847201,50,1144.516863
-0.441054,50,1144.742901
-0.602062,50,1144.968713
-0.772907,50,1145.207448
-0.640516,50,1145.442523
-0.792361,50,1145.666691
-0.376753,50,1145.892039
-0.230552,50,1146.116738
-0.322674,50,1146.345078
-0.570031,50,1146.574803
-0.766165,50,1146.803074
-0.428289,50,1147.027622
-0.564821,50,1147.272385
-1.052044,50,1147.505803
-0.49136,50,1147.732277
-0.88255,50,1147.958672
-0.405722,50,1148.186027
-0.541742,50,1148.413302
-0.389162,50,1148.639879
-0.694343,50,1148.868098
-0.419436,50,1149.091802
-0.399801,50,1149.318781
-0.58381,50,1149.543002
-0.52674,50,1149.76483
-0.318271,50,1149.993231
-0.607765,50,1150.215962
-0.398543,50,1150.454203
-0.580163,50,1150.680201
-0.648553,50,1150.910679
-0.603349,50,1151.133718
-0.57196,50,1151.356106
-0.476277,50,1151.578683
-0.348464,50,1151.80277
-0.539632,50,1152.028178
-0.62876,50,1152.255734
-0.833525,50,1152.485311
-0.717372,50,1152.711977
-0.538073,50,1152.933976
-0.521971,50,1153.156895
-0.477746,50,1153.380179
-1.166815,50,1153.622271
-0.512154,50,1153.852
-0.396628,50,1154.075798
-0.523293,50,1154.307228
-0.522982,50,1154.53503
-0.406689,50,1154.763112
-0.553535,50,1154.992008
-1.212979,50,1155.22528
-1.54744,50,1155.461883
-0.485539,50,1155.686861
-0.559183,50,1155.912794
-0.584269,50,1156.141215
-0.628861,50,1156.376017
-0.311604,50,1156.6188
-0.529884,50,1156.86437
-0.417808,50,1157.10886
-0.480192,50,1157.343266
-0.358037,50,1157.571137
-0.965097,50,1157.802173
-0.690552,50,1158.028957
-0.501289,50,1158.260196
-0.626707,50,1158.488774
-0.501059,50,1158.715928
-0.635969,50,1158.937242
-0.621679,50,1159.163013
-1.101558,50,1159.392063
-1.608382,50,1159.621585
-0.627803,50,1159.84703
-0.504514,50,1160.086668
-0.43525,50,1160.308915
-0.463648,50,1160.53054
-0.633016,50,1160.757617
-0.509603,50,1160.983975
-0.538196,50,1161.204729
-0.607388,50,1161.433479
-0.650508,50,1161.663958
-0.452119,50,1161.921404
-0.37895,50,1162.161119
-0.404703,50,1162.398037
-0.919628,50,1162.620773
-0.829385,50,1162.847419
-0.548574,50,1163.073654
-0.667129,50,1163.3007
-0.388717,50,1163.537416
-0.53487,50,1163.777701
-0.475325,50,1164.009452
-0.5037,50,1164.23832
-0.49511,50,1164.464629
-0.489504,50,1164.693224
-0.497308,50,1164.921855
-0.541537,50,1165.146574
-0.570696,50,1165.369534
-1.935565,50,1165.601378
-0.635018,50,1165.826446
-0.266173,50,1166.051299
-0.442841,50,1166.286334
-0.530363,50,1166.539742
-0.338845,50,1166.764864
-0.392276,50,1166.988967
-0.493124,50,1167.213067
-0.392396,50,1167.440137
-0.552926,50,1167.668911
-0.961963,50,1167.893492
-1.468313,50,1168.122276
-0.573602,50,1168.349169
-0.51819,50,1168.573128
-0.629054,50,1168.800795
-0.364814,50,1169.025244
-0.586969,50,1169.255946
-0.548802,50,1169.478952
-0.402103,50,1169.700563
-0.608484,50,1169.927051
-0.607417,50,1170.151168
-0.630597,50,1170.376789
-0.45213,50,1170.600042
-0.569369,50,1170.823319
-0.379474,50,1171.048566
-0.817326,50,1171.270269
-0.444863,50,1171.493026
-0.444442,50,1171.717602
-0.574083,50,1171.944969
-0.391098,50,1172.173636
-0.46985,50,1172.412859
-1.035886,50,1172.643539
-0.874729,50,1172.890509
-0.437717,50,1173.111971
-0.643754,50,1173.337432
-0.65163,50,1173.561346
-0.51311,50,1173.787119
-0.519127,50,1174.008091
-0.551918,50,1174.231597
-0.443898,50,1174.453205
-1.036427,50,1174.686543
-0.314592,50,1174.908935
-0.312763,50,1175.131317
-1.575124,50,1175.359903
-0.513437,50,1175.584539
-1.523381,50,1175.810216
-0.608905,50,1176.033203
-0.493733,50,1176.25505
-0.46548,50,1176.49007
-0.482371,50,1176.71307
-0.611309,50,1176.934864
-0.49122,50,1177.161714
-0.227222,50,1177.387874
-0.768737,50,1177.609172
-0.472644,50,1177.829864
-0.689261,50,1178.050957
-0.604692,50,1178.281279
-0.547262,50,1178.510526
-0.958826,50,1178.733706
-0.767249,50,1178.959659
-0.620132,50,1179.198916
-0.636492,50,1179.420961
-0.840329,50,1179.641229
-0.515177,50,1179.862048
-0.445452,50,1180.08699
-0.530825,50,1180.309458
-1.670545,50,1180.537399
-1.368775,50,1180.765933
-0.454151,50,1180.989529
-0.82473,50,1181.211025
-0.604088,50,1181.433464
-1.065688,50,1181.663343
-0.412763,50,1181.887338
-0.46247,50,1182.109235
-0.59003,50,1182.333994
-0.586139,50,1182.556819
-0.501089,50,1182.783338
-0.628948,50,1183.012084
-1.794098,50,1183.242604
-1.110591,50,1183.464586
-1.277604,50,1183.689327
-0.908485,50,1183.913363
-0.542513,50,1184.139183
-0.681064,50,1184.368237
-0.672032,50,1184.595876
-0.248984,50,1184.820477
-0.597701,50,1185.04382
-0.47543,50,1185.26875
-0.52261,50,1185.512597
-0.640184,50,1185.735306
-0.518974,50,1185.964236
-0.812497,50,1186.188168
-0.34232,50,1186.413716
-0.39263,50,1186.652795
-0.58737,50,1186.876051
-0.460489,50,1187.101475
-0.435239,50,1187.327687
-0.723268,50,1187.551845
-0.746439,50,1187.775355
-0.501102,50,1187.997159
-0.64635,50,1188.222973
-0.589726,50,1188.445888
-0.891397,50,1188.670699
-0.903949,50,1188.893843
-0.525787,50,1189.119135
-0.710415,50,1189.340673
-0.559144,50,1189.560623
-0.467919,50,1189.781268
-0.547757,50,1190.005519
-0.618957,50,1190.232129
-0.341336,50,1190.456503
-0.601021,50,1190.677497
-0.563012,50,1190.91241
-0.601513,50,1191.134353
-0.611459,50,1191.355952
-0.386223,50,1191.577208
-0.558472,50,1191.815957
-0.611708,50,1192.041546
-1.611497,50,1192.268462
-0.828887,50,1192.489991
-0.684778,50,1192.713251
-0.443458,50,1192.934684
-0.450261,50,1193.156071
-0.556864,50,1193.37622
-0.468103,50,1193.600184
-0.423326,50,1193.821078
-0.643874,50,1194.039436
-1.470527,50,1194.267651
-0.593621,50,1194.495671
-0.565648,50,1194.720469
-0.573129,50,1194.940118
-0.661928,50,1195.1635
-0.654439,50,1195.395521
-0.568414,50,1195.617853
-0.54827,50,1195.840581
-0.596629,50,1196.063395
-0.600305,50,1196.292392
-0.754228,50,1196.513949
-0.538382,50,1196.737061
-0.449077,50,1196.959581
-0.502142,50,1197.183784
-0.533967,50,1197.408615
-0.722681,50,1197.633074
-1.169145,50,1197.862487
-1.583013,50,1198.108768
-0.496784,50,1198.334875
-0.36424,50,1198.580532
-1.598616,50,1198.83126
-0.37087,50,1199.069244
-0.564377,50,1199.294588
-1.449667,50,1199.521753
-0.670847,50,1199.743927
-0.567082,50,1199.974715
-0.236514,50,1200.213743
-0.519857,50,1200.457161
-0.76114,50,1200.680944
-0.593229,50,1200.90295
-0.48203,50,1201.124669
-0.482586,50,1201.350484
-0.389202,50,1201.570155
-0.676571,50,1201.795542
-0.526882,50,1202.018352
-0.804898,50,1202.245619
-0.582976,50,1202.467238
-0.549397,50,1202.689583
-0.800943,50,1202.909311
-0.582707,50,1203.128694
-0.523123,50,1203.349425
-0.541364,50,1203.58566
-0.55876,50,1203.815511
-0.504434,50,1204.036495
-0.669456,50,1204.25862
-0.467746,50,1204.498524
-0.536154,50,1204.737571
-0.664006,50,1204.975639
-0.730779,50,1205.199538
-0.493082,50,1205.434008
-0.597911,50,1205.663885
-0.741974,50,1205.887075
-0.62018,50,1206.111711
-0.668317,50,1206.337204
-0.562669,50,1206.561261
-0.629366,50,1206.785545
-0.392444,50,1207.008797
-0.58189,50,1207.234297
-0.279865,50,1207.458552
-0.612726,50,1207.684989
-1.677735,50,1207.915081
-0.568388,50,1208.142049
-0.628137,50,1208.36599
-0.609645,50,1208.588887
-0.449108,50,1208.81726
-0.27988,50,1209.043017
-0.612647,50,1209.269254
-0.47175,50,1209.494043
-0.506459,50,1209.715275
-0.654844,50,1209.958764
-0.455538,50,1210.180997
-0.620024,50,1210.403454
-0.508075,50,1210.623518
-0.532227,50,1210.847767
-0.675643,50,1211.07028
-0.467117,50,1211.290036
-0.644191,50,1211.511727
-0.562678,50,1211.73482
-0.644803,50,1211.962861
-0.694326,50,1212.182392
-0.551144,50,1212.409367
-0.502167,50,1212.639459
-0.477109,50,1212.861126
-0.443686,50,1213.082378
-0.757858,50,1213.303353
-0.623686,50,1213.532846
-1.705575,50,1213.7606
-0.685937,50,1213.98154
-0.580127,50,1214.205903
-0.447605,50,1214.429292
-0.773525,50,1214.653095
-0.44336,50,1214.878371
-0.619758,50,1215.102522
-0.815802,50,1215.336512
-0.386127,50,1215.560723
-0.544095,50,1215.784545
-0.758856,50,1216.012905
-0.665656,50,1216.256361
-1.475623,50,1216.492747
-0.578245,50,1216.726423
-0.588453,50,1216.964458
-0.404747,50,1217.202181
-1.537862,50,1217.449685
-0.936168,50,1217.697425
-0.282549,50,1217.929857
-0.618466,50,1218.162901
-0.602467,50,1218.387867
-0.620526,50,1218.615783
-0.464071,50,1218.84203
-0.541474,50,1219.069795
-0.537677,50,1219.303046
-0.461371,50,1219.531281
-0.447575,50,1219.7541
-0.304453,50,1219.985246
-0.462974,50,1220.207297
-0.730492,50,1220.428485
-0.949573,50,1220.65617
-0.454541,50,1220.882385
-0.424,50,1221.109919
-0.316556,50,1221.331623
-0.393764,50,1221.553225
-0.512411,50,1221.775137
-0.357815,50,1221.997097
-0.250824,50,1222.218155
-0.607185,50,1222.438016
-0.597286,50,1222.680386
-0.698664,50,1222.905454
-0.608709,50,1223.129391
-0.802339,50,1223.350721
-0.984473,50,1223.57622
-0.682612,50,1223.801081
-0.586856,50,1224.020776
-0.385031,50,1224.241067
-0.632636,50,1224.462285
-0.650438,50,1224.683612
-0.451914,50,1224.911046
-0.423913,50,1225.134813
-0.484831,50,1225.362158
-0.491214,50,1225.589139
-0.379019,50,1225.8126
-0.526066,50,1226.035606
-0.677684,50,1226.264464
-0.481779,50,1226.50739
-0.446151,50,1226.738627
-1.534604,50,1226.971106
-0.634179,50,1227.195835
-0.485772,50,1227.418332
-0.507203,50,1227.640649
-0.611193,50,1227.862687
-0.550365,50,1228.087105
-1.211095,50,1228.315464
-0.470345,50,1228.539077
-0.708434,50,1228.762709
-0.646709,50,1229.009506
-0.241328,50,1229.231482
-0.758185,50,1229.453622
-0.604494,50,1229.677477
-0.411104,50,1229.905701
-0.556851,50,1230.12619
-0.462232,50,1230.352908
-0.432193,50,1230.574617
-0.49502,50,1230.799892
-0.540261,50,1231.018206
-0.810567,50,1231.238536
-0.549632,50,1231.459702
-1.554656,50,1231.692076
-0.480608,50,1231.913397
-0.709322,50,1232.132948
-0.378958,50,1232.351729
-0.350366,50,1232.575892
-0.477642,50,1232.796972
-0.374796,50,1233.018652
-0.558416,50,1233.243089
-0.57578,50,1233.466663
-0.587523,50,1233.687281
-0.689167,50,1233.908872
-0.599241,50,1234.129629
-0.440104,50,1234.36796
-0.540877,50,1234.588798
-0.584944,50,1234.810261
-0.752963,50,1235.058045
-0.512274,50,1235.283751
-0.212265,50,1235.506945
-1.65324,50,1235.736902
-0.599068,50,1235.959139
-0.525994,50,1236.18575
-0.624061,50,1236.410206
-1.645025,50,1236.638853
-0.664276,50,1236.860357
-0.568192,50,1237.088786
-0.672294,50,1237.318277
-0.5969,50,1237.541886
-0.37547,50,1237.765726
-0.832147,50,1237.992143
-0.545971,50,1238.21476
-0.483238,50,1238.438177
-0.549482,50,1238.663911
-0.449661,50,1238.8904
-0.461298,50,1239.110884
-1.611812,50,1239.341576
-0.526797,50,1239.563879
-0.954274,50,1239.796043
-0.499601,50,1240.021052
-0.714454,50,1240.243247
-0.595264,50,1240.466802
-0.905676,50,1240.719791
-0.563746,50,1240.942363
-0.34543,50,1241.163706
-0.7236,50,1241.385153
-0.465641,50,1241.608521
-0.530522,50,1241.829229
-0.454969,50,1242.052416
-0.574113,50,1242.281579
-0.526837,50,1242.686274
-0.317773,50,1242.907591
-0.514638,50,1243.130027
-0.82071,50,1243.35551
-0.643199,50,1243.588473
-0.888421,50,1243.811318
-0.616372,50,1244.031818
-0.570228,50,1244.252878
-0.662655,50,1244.478726
-0.834863,50,1244.707477
-0.547319,50,1244.931113
-0.517329,50,1245.153576
-0.762026,50,1245.387715
-0.620989,50,1245.613414
-0.618604,50,1245.836829
-0.514435,50,1246.062995
-0.555189,50,1246.287327
-0.483748,50,1246.511908
-0.797085,50,1246.745432
-0.363637,50,1246.969354
-0.308725,50,1247.196758
-0.471853,50,1247.437121
-0.359207,50,1247.668399
-0.265166,50,1247.905437
-0.622546,50,1248.163758
-0.673271,50,1248.399234
-0.732033,50,1248.623688
-0.452009,50,1248.849523
-0.584202,50,1249.075213
-0.47209,50,1249.297357
-0.467093,50,1249.52358
-0.350298,50,1249.747405
-0.555545,50,1249.976211
-0.89049,50,1250.202656
-0.511777,50,1250.425071
-0.640149,50,1250.64781
-0.328028,50,1250.880468
-0.451255,50,1251.106035
-0.505962,50,1251.327489
-0.681091,50,1251.548338
-0.604269,50,1251.772077
-0.555864,50,1251.993496
-0.925805,50,1252.222276
-0.53272,50,1252.444295
-0.194659,50,1252.668095
-0.511542,50,1252.892771
-0.551505,50,1253.112763
-0.514223,50,1253.338104
-0.800445,50,1253.58675
-0.532294,50,1253.808671
-0.673906,50,1254.030883
-0.789169,50,1254.251888
-0.729248,50,1254.473527
-0.668995,50,1254.694311
-0.327221,50,1254.915118
-0.475032,50,1255.136363
-0.29113,50,1255.364364
-1.146311,50,1255.594242
-0.541379,50,1255.816452
-0.626609,50,1256.038247
-0.312548,50,1256.264795
-0.591155,50,1256.486207
-0.590363,50,1256.714378
-0.355932,50,1256.957363
-0.466354,50,1257.21624
-0.606038,50,1257.503056
-1.203831,50,1257.767881
-0.824955,50,1258.006719
-0.729101,50,1258.287116
-0.666308,50,1258.564482
-0.486452,50,1258.838807
-0.506597,50,1259.181488
-0.657397,50,1259.449595
-0.518368,50,1259.690667
-0.531399,50,1259.932647
-0.531844,50,1260.163616
-0.63711,50,1260.410037
-0.565519,50,1260.643259
-0.469059,50,1260.87274
-0.444111,50,1261.093966
-1.784376,50,1261.323296
-0.596758,50,1261.548835
-0.407132,50,1261.785334
-0.52516,50,1262.034442
-0.665639,50,1262.285355
-0.665288,50,1262.528755
-0.495325,50,1262.764148
-0.514745,50,1263.058314
-0.618899,50,1263.302451
-0.659841,50,1263.525247
-0.964547,50,1263.77424
-0.532257,50,1264.052276
-0.629564,50,1264.446113
-0.861348,50,1264.711101
-0.834345,50,1264.946735
-0.716269,50,1265.1884
-0.549842,50,1265.449203
-0.621364,50,1265.672774
-0.392573,50,1265.892853
-0.47679,50,1266.116889
-0.748832,50,1266.346669
-0.569736,50,1266.567646
-1.901035,50,1266.808743
-0.700568,50,1267.035697
-0.549632,50,1267.297837
-0.536385,50,1267.555416
-0.756031,50,1267.804269
-0.745309,50,1268.043419
-0.754279,50,1268.319795
-0.71174,50,1268.545701
-0.542147,50,1268.768126
-0.628646,50,1268.991724
-0.495776,50,1269.221239
-0.638157,50,1269.445961
-0.53945,50,1269.667503
-0.576143,50,1269.887243
-0.598374,50,1270.109167
-0.280644,50,1270.329627
-0.83592,50,1270.557944
-0.602316,50,1270.779092
-0.770312,50,1271.005101
-0.67697,50,1271.224336
-0.715351,50,1271.445548
-0.611618,50,1271.665693
-0.366096,50,1271.886237
-0.401663,50,1272.114335
-0.603936,50,1272.342913
-0.294287,50,1272.564373
-0.539607,50,1272.794827
-0.609057,50,1273.048632
-0.636267,50,1273.280447
-0.616399,50,1273.517164
-0.761664,50,1273.78639
-0.436215,50,1274.018793
-0.380485,50,1274.282609
-0.292236,50,1274.546082
-0.568551,50,1274.821729
-0.755972,50,1275.055608
-0.641072,50,1275.282079
-0.560436,50,1275.521855
-0.663844,50,1275.755902
-0.690128,50,1275.977595
-0.55689,50,1276.204643
-0.608597,50,1276.432945
-0.488013,50,1276.663967
-0.438849,50,1276.887201
-0.444261,50,1277.110664
-0.647686,50,1277.333952
-0.444979,50,1277.562725
-0.460658,50,1277.784573
-0.664364,50,1278.005371
-0.313212,50,1278.228275
-0.38143,50,1278.454762
-0.656543,50,1278.684073
-0.73188,50,1278.905068
-0.702134,50,1279.130043
-0.888263,50,1279.391696
-0.561598,50,1279.618596
-0.453,50,1279.839766
-0.531219,50,1280.061007
-0.423492,50,1280.299231
-0.415229,50,1280.534991
-0.896651,50,1280.767922
-0.425615,50,1280.988733
-0.439532,50,1281.223052
-0.403643,50,1281.455292
-0.384726,50,1281.681439
-0.44374,50,1281.902447
-1.708967,50,1282.127887
-1.609001,50,1282.354647
-0.540601,50,1282.57533
-0.744265,50,1282.798253
-0.679929,50,1283.019034
-0.492147,50,1283.238411
-0.555681,50,1283.459764
-0.660374,50,1283.68176
-1.532426,50,1283.910148
-0.553466,50,1284.131632
-0.542725,50,1284.352637
-0.449163,50,1284.572587
-0.390227,50,1284.804904
-0.678992,50,1285.049439
-0.222224,50,1285.271245
-0.523957,50,1285.510453
-0.523479,50,1285.756723
-0.655071,50,1285.991088
-0.623126,50,1286.231791
-0.661613,50,1286.466969
-0.641917,50,1286.705781
-0.691538,50,1286.955829
-0.909841,50,1287.185802
-1.543429,50,1287.421273
-0.566477,50,1287.654825
-0.434956,50,1287.876546
-0.67176,50,1288.096566
-0.714115,50,1288.318629
-0.369196,50,1288.541157
-0.55892,50,1288.76271
-0.519188,50,1289.003047
-0.513324,50,1289.232716
-1.152477,50,1289.471197
-0.380756,50,1289.690047
-0.530728,50,1289.909841
-1.617253,50,1290.137149
-1.360858,50,1290.368517
-0.834537,50,1290.588828
-0.522664,50,1290.811925
-0.516103,50,1291.035467
-0.535805,50,1291.270692
-0.559787,50,1291.49641
-0.471546,50,1291.71867
-0.47176,50,1291.941504
-0.404054,50,1292.182453
-1.451742,50,1292.414682
-0.637565,50,1292.648483
-0.340026,50,1292.869567
-0.408654,50,1293.098414
-0.335395,50,1293.319581
-1.878916,50,1293.545885
-0.908312,50,1293.769213
-0.33508,50,1293.990078
-0.404691,50,1294.210442
-0.589389,50,1294.43118
-0.507774,50,1294.650254
-0.447634,50,1294.871233
-0.315764,50,1295.092844
-1.530472,50,1295.319156
-0.427499,50,1295.542881
-0.515793,50,1295.770635
-0.859925,50,1296.016386
-0.824733,50,1296.24274
-0.752499,50,1296.494521
-0.393916,50,1296.743134
-0.545458,50,1296.966383
-0.488487,50,1297.187996
-1.705444,50,1297.415459
-0.465182,50,1297.640481
-0.595699,50,1297.859722
-0.529674,50,1298.078398
-0.286311,50,1298.300213
-0.514698,50,1298.525458
-0.507524,50,1298.746153
-0.491778,50,1298.963599
-0.479353,50,1299.187532
-0.403597,50,1299.413215
-0.944601,50,1299.639763
-0.578236,50,1299.860754
-0.976228,50,1300.080336
-0.82422,50,1300.302357
-0.463168,50,1300.524542
-0.46556,50,1300.773408
-0.768321,50,1300.995801
-0.383427,50,1301.232379
-0.534203,50,1301.457186
-0.442384,50,1301.678966
-0.57764,50,1301.951351
-0.620132,50,1302.184701
-1.180882,50,1302.416085
-0.382719,50,1302.643914
-0.440333,50,1302.868653
-0.442207,50,1303.096027
-0.326855,50,1303.317135
-0.31821,50,1303.553123
-0.657133,50,1303.804446
-0.68479,50,1304.043427
-1.104185,50,1304.265765
-0.549662,50,1304.500966
-0.752255,50,1304.727136
-0.679957,50,1304.959232
-0.38184,50,1305.206016
-0.418465,50,1305.447403
-0.618456,50,1305.679179
-0.554521,50,1305.925318
-0.385473,50,1306.150378
-0.410601,50,1306.373743
-0.643146,50,1306.602956
-0.574159,50,1306.835837
-0.758141,50,1307.062125
-0.405196,50,1307.284429
-0.586019,50,1307.505413
-0.851538,50,1307.732766
-0.539994,50,1307.954701
-0.625363,50,1308.178228
-0.527585,50,1308.405872
-0.356806,50,1308.636292
-0.490523,50,1308.858455
-0.556137,50,1309.078449
-0.380472,50,1309.301741
-0.574469,50,1309.52838
-0.715128,50,1309.756209
-0.49642,50,1309.979778
-0.565334,50,1310.204913
-0.546913,50,1310.428799
-0.54201,50,1310.656061
-0.597469,50,1310.877172
-0.550656,50,1311.098491
-0.413356,50,1311.34235
-0.4875,50,1311.563346
-0.309924,50,1311.782899
-0.41486,50,1312.004869
-0.68693,50,1312.230328
-0.562193,50,1312.450856
-0.450744,50,1312.67385
-0.357266,50,1312.896918
-0.631763,50,1313.121642
-0.705834,50,1313.343308
-0.554274,50,1313.563738
-0.655711,50,1313.783855
-0.825283,50,1314.007409
-0.850711,50,1314.229485
-0.364295,50,1314.451411
-0.548114,50,1314.678961
-0.565474,50,1314.90592
-0.612605,50,1315.12937
-0.561239,50,1315.350509
-0.557897,50,1315.577734
-0.372234,50,1315.801335
-0.436652,50,1316.021723
-0.672319,50,1316.244878
-0.404769,50,1316.470291
-0.649401,50,1316.717657
-0.516802,50,1316.952292
-0.618414,50,1317.193092
-0.863715,50,1317.421702
-0.73288,50,1317.664118
-0.572603,50,1317.887467
-0.624854,50,1318.110761
-0.562406,50,1318.334783
-0.658961,50,1318.560218
-0.589379,50,1318.796349
-0.381963,50,1319.028193
-0.842646,50,1319.254855
-0.416765,50,1319.480003
-1.016434,50,1319.703671
-0.342254,50,1319.925899
-0.532285,50,1320.157077
-0.484294,50,1320.384334
-0.480069,50,1320.608346
-1.381219,50,1320.839335
-0.287857,50,1321.062617
-0.471029,50,1321.286437
-0.554328,50,1321.509696
-0.345178,50,1321.731131
-0.735586,50,1321.952725
-0.595182,50,1322.193344
-0.644764,50,1322.414117
-0.612196,50,1322.634805
-0.530763,50,1322.855355
-0.560604,50,1323.079825
-0.540283,50,1323.301154
-1.35525,50,1323.527764
-0.301561,50,1323.748991
-0.295488,50,1323.972051
-0.41142,50,1324.195038
-0.682668,50,1324.415037
-0.496039,50,1324.635753
-0.485818,50,1324.859298
-0.421501,50,1325.078928
-0.334087,50,1325.300439
-1.071209,50,1325.527868
-0.316701,50,1325.751551
-0.40566,50,1325.971925
-0.650276,50,1326.199134
-0.615393,50,1326.425566
-0.584714,50,1326.652551
-0.663454,50,1326.883184
-0.624372,50,1327.105779
-0.548933,50,1327.32818
-0.508052,50,1327.568342
-0.471974,50,1327.792201
-0.292702,50,1328.015754
-0.514341,50,1328.240006
-0.703632,50,1328.469763
-0.532967,50,1328.692046
-0.349349,50,1328.914837
-0.371707,50,1329.137723
-0.610717,50,1329.364851
-0.421328,50,1329.596583
-0.788763,50,1329.824818
-0.765382,50,1330.052259
-1.072073,50,1330.275696
-0.793139,50,1330.499847
-0.475148,50,1330.728666
-0.390882,50,1330.950176
-0.580013,50,1331.188303
-0.316776,50,1331.413698
-0.515943,50,1331.636047
-0.841977,50,1331.859489
-0.587239,50,1332.082302
-0.495272,50,1332.305851
-0.547521,50,1332.5282
-0.600978,50,1332.749116
-0.657745,50,1332.98827
-0.683118,50,1333.210143
-0.394482,50,1333.429869
-0.598805,50,1333.656752
-0.363741,50,1333.88754
-1.029554,50,1334.1177
-1.270883,50,1334.346069
-0.637775,50,1334.566997
-0.528194,50,1334.793606
-0.94082,50,1335.022066
-0.55935,50,1335.242817
-0.436972,50,1335.471245
-0.655141,50,1335.693357
-0.541453,50,1335.913752
-1.806927,50,1336.139833
-0.431453,50,1336.361216
-0.460174,50,1336.596099
-0.728153,50,1336.825726
-0.708732,50,1337.046759
-0.758533,50,1337.26721
-0.773208,50,1337.497538
-0.547126,50,1337.732143
-0.779165,50,1337.961269
-0.670299,50,1338.186529
-0.841467,50,1338.424162
-0.568373,50,1338.644499
-0.573405,50,1338.866901
-0.521681,50,1339.088766
-0.347283,50,1339.315717
-0.515207,50,1339.536868
-0.865033,50,1339.762015
-0.679384,50,1339.984523
-0.428885,50,1340.209019
-1.495787,50,1340.437296
-1.567846,50,1340.664787
-0.655572,50,1340.885285
-0.381574,50,1341.109123
-0.34126,50,1341.328167
-0.486238,50,1341.550368
-0.646434,50,1341.770685
-0.604404,50,1341.996022
-0.475976,50,1342.216872
-0.536246,50,1342.437055
-0.659313,50,1342.661181
-0.450225,50,1342.884682
-0.802788,50,1343.110804
-0.51854,50,1343.330465
-0.86858,50,1343.556781
-0.705835,50,1343.796558
-0.300939,50,1344.018459
-0.42598,50,1344.242273
-0.426168,50,1344.465769
-0.464376,50,1344.692429
-0.584386,50,1344.913896
-0.579249,50,1345.134855
-0.850351,50,1345.358019
-0.553825,50,1345.589102
-0.549925,50,1345.810759
-0.502922,50,1346.033088
-0.241926,50,1346.254549
-0.312042,50,1346.478674
-0.332491,50,1346.701336
-0.778265,50,1346.925525
-0.456303,50,1347.150856
-0.609702,50,1347.378115
-0.273028,50,1347.599271
-0.568146,50,1347.819405
-0.455637,50,1348.040255
-0.565182,50,1348.263862
-0.256277,50,1348.486102
-0.618896,50,1348.708237
-0.382858,50,1348.929686
-0.389433,50,1349.17168
-0.723142,50,1349.396525
-0.455689,50,1349.620626
-0.337191,50,1349.842044
-0.448559,50,1350.069605
-0.413447,50,1350.308975
-0.583899,50,1350.550538
-0.663917,50,1350.787108
-0.419434,50,1351.013332
-0.472442,50,1351.235319
-0.637643,50,1351.456415
-0.383459,50,1351.67772
-0.39709,50,1351.901052
-0.560961,50,1352.122345
-0.62695,50,1352.344476
-0.341037,50,1352.567158
-0.299636,50,1352.792239
-0.659459,50,1353.012703
-0.633999,50,1353.236049
-0.383178,50,1353.457057
-0.655325,50,1353.683803
-0.600415,50,1353.906278
-0.371927,50,1354.126094
-0.51564,50,1354.347326
-0.435258,50,1354.586544
-0.730742,50,1354.80742
-0.711021,50,1355.02963
-0.357884,50,1355.251069
-0.629798,50,1355.484177
-0.523849,50,1355.704164
-1.668088,50,1355.93243
-0.640737,50,1356.15591
-0.735504,50,1356.38238
-0.486408,50,1356.603106
-0.264892,50,1356.825434
-0.485147,50,1357.049525
