#{"t_start": 1769287855.2591848, "env_id": "FetchReachDense-v4"}
r,l,t
-8.01099,50,6.153982
-13.564336,50,6.272586
-4.883722,50,6.387163
-14.151727,50,6.499206
-13.708845,50,6.625648
-10.631089,50,6.749089
-6.772971,50,6.865767
-11.522284,50,6.979134
-12.187148,50,7.096237
-13.470265,50,7.212448
-6.78603,50,7.328944
-11.25061,50,7.440701
-9.23872,50,7.555029
-12.343985,50,7.673479
-14.777682,50,7.801994
-9.03433,50,7.919526
-6.882893,50,8.032671
-10.992754,50,8.144317
-6.665183,50,8.258282
-9.737457,50,8.366742
-12.417987,50,8.478239
-12.772767,50,8.597453
-6.895906,50,8.721085
-8.210356,50,8.840667
-5.074884,50,8.954179
-14.413981,50,9.063425
-10.894542,50,9.180291
-8.169878,50,9.302319
-9.862289,50,9.413954
-13.233304,50,9.52459
-9.533831,50,9.640803
-8.787854,50,9.758023
-11.885472,50,9.885026
-7.139397,50,9.999117
-15.962128,50,10.118273
-4.560607,50,10.240459
-13.731743,50,10.356137
-13.470798,50,10.472196
-9.840128,50,10.598999
-6.087658,50,10.716608
-12.667471,50,10.846895
-9.834984,50,10.960932
-15.200591,50,11.077064
-9.373142,50,11.194433
-11.054287,50,11.315032
-10.686643,50,11.43121
-6.875455,50,11.5467
-12.731522,50,11.666929
-6.212396,50,11.782056
-9.193303,50,11.921706
-7.309239,50,12.033173
-8.839652,50,12.144566
-12.342361,50,12.257677
-10.791118,50,12.371418
-9.245857,50,12.501597
-10.689015,50,12.634631
-8.682164,50,12.760412
-4.442476,50,12.917541
-13.179241,50,13.11738
-8.727605,50,13.303299
-6.206796,50,13.47354
-13.275591,50,13.654519
-15.395259,50,13.834107
-11.182309,50,14.011979
-11.711662,50,14.18781
-4.1074,50,14.375914
-13.029225,50,14.547508
-4.848956,50,14.716768
-8.76792,50,14.894215
-12.242864,50,15.087962
-10.855295,50,15.27235
-10.099763,50,15.452497
-9.174583,50,15.625577
-13.226,50,15.804953
-5.750327,50,15.985091
-6.995194,50,16.189377
-10.14074,50,16.379131
-7.026468,50,16.516205
-10.535561,50,16.630455
-11.217481,50,16.742809
-14.325824,50,16.860163
-11.79239,50,16.984496
-10.823719,50,17.111383
-7.581613,50,17.237406
-9.123246,50,17.354367
-9.641469,50,17.465251
-5.49478,50,17.583122
-12.840998,50,17.701258
-11.64606,50,17.817302
-12.531922,50,17.930907
-4.167986,50,18.050912
-15.440638,50,18.174448
-12.483211,50,18.299511
-7.953136,50,18.415345
-13.810233,50,18.538227
-10.780601,50,18.651827
-10.887987,50,18.77195
-16.037138,50,18.894854
-13.815283,50,19.018494
-12.332469,50,19.131236
-12.017077,50,20.457462
-6.957659,50,20.966481
-19.816991,50,21.475791
-22.663493,50,21.952168
-5.907361,50,22.441274
-16.351735,50,22.930805
-4.162951,50,23.437727
-10.579601,50,23.939893
-8.721103,50,24.464288
-4.669351,50,24.970013
-10.288845,50,25.463289
-6.79099,50,25.935045
-5.373395,50,26.40811
-4.490943,50,27.087303
-1.933665,50,27.738197
-1.958931,50,28.43254
-3.956158,50,29.059623
-2.343499,50,29.760407
-1.375345,50,30.230868
-2.745287,50,30.687341
-5.167172,50,31.162336
-2.053382,50,31.620398
-0.988759,50,32.103267
-2.313529,50,32.565498
-1.481455,50,33.099033
-3.906579,50,33.577848
-1.660831,50,34.056528
-1.849302,50,34.5161
-0.996132,50,34.999537
-3.668009,50,35.462837
-1.074045,50,35.954647
-2.955864,50,36.407117
-1.897023,50,36.865618
-3.184119,50,37.345895
-3.282934,50,37.803457
-1.771608,50,38.282526
-3.384771,50,38.743486
-1.869562,50,39.234532
-4.232016,50,39.701975
-2.357212,50,40.390564
-1.79976,50,41.02267
-2.321909,50,41.681573
-1.593873,50,42.303566
-1.72942,50,42.974638
-1.667338,50,43.452225
-2.068982,50,43.922549
-1.194282,50,44.415483
-0.893655,50,44.879257
-1.040413,50,45.34558
-1.784299,50,45.804068
-3.176711,50,46.277006
-1.365688,50,46.761771
-3.192738,50,47.246322
-2.373951,50,47.730271
-3.473439,50,48.186773
-2.435503,50,48.660628
-1.565448,50,49.125195
-1.603388,50,49.598459
-1.522301,50,50.057541
-0.977725,50,50.534723
-1.434073,50,50.996467
-1.432058,50,51.461972
-1.373418,50,51.945735
-0.979937,50,52.406481
-0.956132,50,52.889101
-1.164058,50,53.552191
-1.253488,50,54.197906
-1.695513,50,54.860255
-1.013997,50,55.497316
-0.903032,50,56.179875
-0.938824,50,56.636577
-1.034102,50,57.108203
-1.041122,50,57.565721
-0.941004,50,58.042861
-0.800444,50,58.501625
-0.839543,50,58.970035
-1.152214,50,59.427962
-1.030177,50,59.89327
-1.303887,50,60.361963
-1.803701,50,60.818446
-1.707535,50,61.30009
-1.125261,50,61.763406
-0.62036,50,62.234748
-1.418867,50,62.692628
-1.276728,50,63.19936
-0.710592,50,63.664638
-1.481302,50,64.159013
-1.549689,50,64.629418
-0.94285,50,65.103963
-0.70693,50,65.557962
-1.391892,50,66.017401
-1.283758,50,66.671769
-0.895808,50,67.315742
-0.822909,50,67.949642
-1.627646,50,68.563737
-1.63501,50,69.242186
-1.49142,50,69.718705
-0.937694,50,70.188049
-1.032056,50,70.664597
-0.958892,50,71.129742
-1.471152,50,71.611677
-1.162999,50,72.087404
-1.428038,50,72.558027
-1.045533,50,73.023607
-1.745795,50,73.48719
-1.36152,50,73.962761
-1.033907,50,74.425867
-1.521079,50,74.904114
-1.142413,50,75.363331
-0.765255,50,75.829757
-0.740222,50,76.286155
-0.996392,50,76.758609
-0.923052,50,77.224878
-1.295125,50,77.698915
-0.961549,50,78.165122
-1.409016,50,78.646006
-1.457097,50,79.114554
-1.020316,50,79.781267
-1.180719,50,80.421515
-1.292312,50,81.08932
-1.16846,50,81.700101
-0.886685,50,82.419471
-1.498245,50,82.909479
-1.013871,50,83.375514
-0.715721,50,83.836188
-0.907174,50,84.331944
-1.362126,50,84.794142
-1.73203,50,85.28055
-1.14183,50,85.745638
-1.695403,50,86.226947
-1.147274,50,86.685054
-1.978308,50,87.161743
-1.018857,50,87.627619
-1.168194,50,88.127401
-1.386949,50,88.603606
-2.117788,50,89.098028
-1.002801,50,89.574724
-1.358111,50,90.050297
-1.190546,50,90.528565
-1.554072,50,91.003124
-0.848032,50,91.489582
-0.956155,50,91.957012
-1.36091,50,92.488701
-0.999504,50,93.162071
-1.192297,50,93.874412
-1.185281,50,94.556185
-0.844855,50,95.194564
-1.261944,50,95.824605
-0.8206,50,96.292351
-1.847088,50,96.763487
-1.364731,50,97.232711
-1.219814,50,97.733419
-0.845625,50,98.211683
-1.071599,50,98.683343
-0.88738,50,99.167268
-2.043382,50,99.644488
-2.429274,50,100.125971
-1.627241,50,100.591528
-1.023973,50,101.077621
-1.038991,50,101.534111
-1.074178,50,102.025916
-1.05508,50,102.485667
-2.313055,50,102.965201
-0.780931,50,103.430594
-1.366816,50,103.917094
-1.477376,50,104.377655
-2.115637,50,104.871773
-1.12533,50,105.330471
-1.716552,50,105.887954
-1.346355,50,106.539891
-1.135689,50,107.203556
-1.311723,50,107.831746
-1.575846,50,108.50631
-1.335703,50,109.106683
-1.230238,50,109.575806
-1.218865,50,110.060498
-0.767967,50,110.532306
-0.992629,50,110.999642
-1.324601,50,111.469977
-1.349916,50,111.94575
-1.331839,50,112.441525
-0.961189,50,112.920895
-1.194713,50,113.393071
-1.328529,50,113.867257
-1.504483,50,114.357629
-2.170178,50,114.836228
-1.113912,50,115.320552
-1.158932,50,115.792924
-1.140491,50,116.284104
-1.097291,50,116.746121
-1.50476,50,117.22153
-0.933981,50,117.698999
-0.911044,50,118.17203
-0.903885,50,118.65163
-1.534537,50,119.307905
-1.818525,50,119.946369
-1.191708,50,120.631998
-0.899003,50,121.261176
-0.528682,50,121.98806
-0.892612,50,122.476769
-0.903781,50,122.96677
-1.464458,50,123.462876
-1.093484,50,123.948717
-1.42415,50,124.418047
-1.387878,50,124.908484
-0.758856,50,125.37174
-1.294243,50,125.845098
-1.10741,50,126.302122
-1.278713,50,126.773322
-1.126461,50,127.236181
-1.167829,50,127.703557
-0.781475,50,128.163517
-0.930765,50,128.628603
-0.915835,50,129.120002
-0.850704,50,129.606981
-1.458008,50,130.093493
-0.889076,50,130.566739
-1.078002,50,131.053319
-0.791863,50,131.517808
-0.969103,50,132.00283
-1.074732,50,132.671277
-1.90125,50,133.330497
-1.199345,50,133.983235
-1.503554,50,134.617147
-1.423103,50,135.274514
-1.288403,50,135.740601
-1.219802,50,136.228774
-1.212543,50,136.682777
-0.770511,50,137.161775
-0.981832,50,137.619132
-0.868052,50,138.080899
-1.265908,50,138.555552
-2.140509,50,139.020168
-1.225616,50,139.489031
-0.732745,50,139.947431
-0.922409,50,140.420459
-0.639088,50,140.886147
-1.337843,50,141.356529
-1.328023,50,141.815487
-1.165232,50,142.288795
-1.977003,50,142.770275
-0.928544,50,143.242656
-1.209247,50,143.714359
-1.473589,50,144.197792
-1.403966,50,144.669522
-1.187071,50,145.133137
-0.745327,50,145.804519
-1.385032,50,146.428646
-1.097831,50,147.071587
-1.006656,50,147.692856
-1.177689,50,148.359214
-1.090838,50,148.852412
-0.95173,50,149.319387
-0.992006,50,149.789185
-0.88212,50,150.258712
-1.458576,50,150.748586
-1.347794,50,151.219512
-0.708434,50,151.699036
-0.941173,50,152.168355
-0.971253,50,152.638697
-0.923729,50,153.124159
-1.005748,50,153.617464
-0.993259,50,154.103104
-1.520414,50,154.569411
-0.953797,50,155.056234
-0.917883,50,155.527704
-1.089501,50,156.01005
-1.310129,50,156.475379
-1.224999,50,156.962306
-0.896222,50,157.413945
-1.343906,50,157.892315
-1.28904,50,158.403729
-1.269135,50,159.077185
-1.623147,50,159.721677
-1.12172,50,160.375115
-1.346598,50,161.019102
-0.966806,50,161.647464
-1.123574,50,162.117594
-0.889056,50,162.585046
-0.982512,50,163.041305
-0.875708,50,163.517568
-0.735324,50,163.980513
-1.535453,50,164.463664
-2.327805,50,164.923916
-0.768794,50,165.398097
-0.877447,50,165.86407
-1.071096,50,166.357101
-1.486566,50,166.827879
-1.326821,50,167.297145
-1.026209,50,167.775978
-1.908991,50,168.254038
-1.019225,50,168.72786
-1.46076,50,169.21065
-1.086034,50,169.699832
-1.204395,50,170.176662
-1.094495,50,170.655415
-0.742018,50,171.120691
-1.398805,50,171.657581
-1.998616,50,172.313547
-1.195342,50,172.956211
-1.505193,50,173.630997
-0.962476,50,174.285702
-0.968567,50,174.868634
-0.839578,50,175.326469
-1.315628,50,175.808391
-1.673581,50,176.287705
-1.146653,50,176.767857
-0.873713,50,177.245344
-1.116388,50,177.711472
-1.069023,50,178.19118
-0.836736,50,178.660098
-2.359451,50,179.149581
-0.771568,50,179.614071
-1.139808,50,180.096467
-0.945792,50,180.562824
-1.594717,50,181.055398
-2.133663,50,181.526774
-0.954232,50,182.01354
-1.073525,50,182.478688
-0.658474,50,182.972034
-0.989048,50,183.461091
-1.071382,50,183.934236
-0.928621,50,184.409585
-0.975107,50,185.04592
-1.234869,50,185.687298
-1.119237,50,186.38868
-0.955712,50,187.011263
-1.631843,50,187.762156
-0.962785,50,188.242704
-0.914695,50,188.724131
-1.128612,50,189.185004
-1.229256,50,189.663746
-1.836798,50,190.146798
-1.398579,50,190.629041
-1.46807,50,191.104063
-1.04609,50,191.577695
-1.007812,50,192.053467
-1.523278,50,192.536086
-1.049514,50,193.008398
-1.021528,50,193.486072
-0.691612,50,193.959347
-0.904471,50,194.43973
-0.906988,50,194.937752
-0.984018,50,195.415655
-0.980136,50,195.89961
-2.020758,50,196.38355
-1.167401,50,196.86169
-1.009951,50,197.323831
-1.706433,50,197.878825
-1.406024,50,198.531376
-0.962664,50,199.200479
-2.118668,50,199.874103
-1.854441,50,200.535365
-1.240053,50,201.155187
-0.703066,50,201.623615
-1.232126,50,202.126193
-1.912574,50,202.596083
-0.988297,50,203.084431
-2.449848,50,203.562463
-1.1377,50,204.051714
-1.047427,50,204.535349
-0.925269,50,205.024411
-0.88543,50,205.500355
-0.795483,50,205.979811
-1.025495,50,206.470721
-1.208815,50,206.937683
-0.698179,50,207.417032
-1.133622,50,207.895845
-1.027316,50,208.379993
-0.928612,50,208.843782
-1.454181,50,209.340901
-0.959268,50,209.804497
-1.368628,50,210.291592
-1.496778,50,210.764493
-1.274394,50,211.415606
-0.600164,50,212.054049
-1.205196,50,212.758713
-0.922316,50,213.394196
-1.634735,50,214.111982
-1.110252,50,214.62877
-1.115476,50,215.099713
-0.75808,50,215.5811
-1.93626,50,216.086599
-1.160436,50,216.573531
-1.033193,50,217.055162
-1.183998,50,217.555051
-0.874641,50,218.027692
-1.455924,50,218.493304
-0.807508,50,218.968457
-0.839246,50,219.426836
-0.97693,50,219.896477
-0.839047,50,220.358684
-0.77716,50,220.836785
-0.916789,50,221.308639
-0.836431,50,221.785006
-0.871192,50,222.269675
-1.116387,50,222.761903
-1.181544,50,223.22708
-0.852435,50,223.706461
-1.077646,50,224.164162
-0.983676,50,225.929445
-1.239088,50,226.577491
-1.049815,50,227.273316
-0.906179,50,227.80747
-1.803805,50,228.307337
-1.922264,50,228.793744
-1.258575,50,229.304804
-0.921473,50,229.776787
-1.074435,50,230.253496
-1.001904,50,230.709596
-0.931358,50,231.179402
-1.422068,50,231.63557
-0.749549,50,232.116666
-0.589586,50,232.581418
-0.836138,50,233.044477
-0.769093,50,233.520953
-2.033885,50,234.007358
-1.898107,50,234.503959
-0.608126,50,234.964556
-0.774653,50,235.45962
-0.973538,50,235.925829
-0.976014,50,236.396559
-1.498911,50,236.869596
-0.868168,50,237.338064
-2.24716,50,237.991019
-1.058947,50,238.615169
-0.974319,50,239.265556
-0.76152,50,239.895515
-0.804482,50,240.609895
-1.379378,50,241.097883
-0.795759,50,241.584605
-1.61161,50,242.060532
-1.251378,50,242.548306
-1.211691,50,243.024338
-1.205245,50,243.494816
-0.972627,50,244.01232
-1.52183,50,244.492638
-0.940299,50,244.992608
-2.166279,50,245.461066
-0.883265,50,245.944292
-1.216241,50,246.427717
-1.069187,50,246.92691
-0.869876,50,247.394395
-0.769999,50,247.880656
-0.788275,50,248.350951
-1.023045,50,248.833489
-1.078655,50,249.302414
-0.704697,50,249.769546
-0.730709,50,250.238773
-0.908615,50,250.737593
-0.933403,50,251.405784
-1.359857,50,252.068161
-1.11184,50,252.725847
-0.692459,50,253.372009
-0.884556,50,254.033205
-0.940164,50,254.505456
-0.605294,50,254.98073
-0.726617,50,255.478694
-0.776966,50,255.963006
-0.529827,50,256.442235
-0.63631,50,256.912714
-0.561627,50,257.392373
-0.522415,50,257.862464
-1.876028,50,258.3607
-0.907026,50,258.839961
-0.614023,50,259.336599
-0.661811,50,259.804408
-0.985047,50,260.301735
-0.849357,50,260.785925
-0.618801,50,261.269248
-0.646164,50,261.728091
-0.882469,50,262.194386
-0.803822,50,262.679494
-1.813382,50,263.161115
-0.510792,50,263.646529
-0.751702,50,264.252444
-0.761836,50,264.892735
-0.820372,50,265.569138
-0.588773,50,266.198984
-1.075882,50,266.888884
-0.877889,50,267.39804
-0.790657,50,267.876417
-0.855268,50,268.332615
-0.673973,50,268.805117
-0.606581,50,269.279591
-0.876887,50,269.756244
-0.77965,50,270.220135
-0.775144,50,270.703256
-0.692331,50,271.16945
-0.581063,50,271.635093
-0.564704,50,272.11463
-0.816679,50,272.577293
-0.986927,50,273.068718
-1.105446,50,273.540123
-0.869596,50,274.060608
-0.706756,50,274.517401
-1.016107,50,275.017868
-0.814588,50,275.488429
-1.157694,50,275.987849
-1.852429,50,276.468102
-1.221488,50,276.949313
-0.790955,50,277.614362
-1.126204,50,278.25236
-1.163419,50,278.905633
-0.861104,50,279.542179
-0.844322,50,280.263108
-1.19699,50,280.718182
-0.839045,50,281.19838
-0.640352,50,281.66239
-0.809221,50,282.1505
-0.610933,50,282.615371
-0.602798,50,283.075361
-0.824441,50,283.548414
-0.877611,50,284.01401
-0.737872,50,284.506037
-0.633452,50,284.965494
-0.869952,50,285.437663
-0.476946,50,285.907895
-0.434873,50,286.380943
-0.670656,50,286.83535
-0.972445,50,287.307012
-0.526155,50,287.770625
-1.365208,50,288.254527
-0.932451,50,288.727519
-0.762939,50,289.212007
-0.483966,50,289.685455
-0.639381,50,290.152013
-0.659872,50,290.783825
-0.715871,50,291.401815
-0.904253,50,292.065614
-0.448734,50,292.667181
-0.672026,50,293.344532
-0.459961,50,293.837968
-0.672975,50,294.298273
-0.7164,50,294.764089
-1.122382,50,295.232573
-0.894657,50,295.697901
-0.708737,50,296.163669
-0.74684,50,296.621842
-0.678311,50,297.110627
-0.680315,50,297.581102
-0.805674,50,298.075162
-0.497907,50,298.53522
-0.411096,50,299.012237
-1.050658,50,299.473607
-0.594749,50,299.950987
-0.61952,50,300.410231
-0.81444,50,300.894511
-0.864497,50,301.358497
-1.217822,50,301.817387
-0.796535,50,302.297588
-1.008712,50,302.772778
-0.90716,50,303.269656
-0.785831,50,303.885622
-0.818524,50,304.574108
-0.538284,50,305.233281
-0.587822,50,305.840225
-0.668913,50,306.535359
-0.883785,50,307.030656
-1.180616,50,307.517324
-0.958363,50,307.993466
-0.71088,50,308.476635
-0.811972,50,308.949977
-0.792817,50,309.43462
-0.663804,50,309.905449
-0.495818,50,310.391465
-0.608158,50,310.863147
-0.834822,50,311.353463
-0.662194,50,311.814784
-0.832293,50,312.304267
-1.01657,50,312.78369
-0.720446,50,313.241184
-0.768845,50,313.711868
-1.499915,50,314.195528
-0.789959,50,314.67116
-1.013628,50,315.134818
-0.332453,50,315.609021
-0.578657,50,316.075007
-0.997507,50,316.548741
-0.776402,50,317.19226
-0.96253,50,317.833188
-0.600343,50,318.492412
-0.886455,50,319.147678
-0.856435,50,319.856534
-0.57397,50,320.323539
-0.588429,50,320.802389
-0.445722,50,321.262156
-0.838939,50,321.715754
-0.783709,50,322.190202
-0.464537,50,322.649873
-0.922631,50,323.127059
-0.445392,50,323.581101
-0.90747,50,324.065458
-0.50883,50,324.526051
-0.906197,50,325.024064
-0.708762,50,325.494086
-0.621349,50,325.987218
-0.730122,50,326.460629
-0.58764,50,326.944761
-0.868955,50,327.411587
-1.084295,50,327.886142
-0.769714,50,328.373003
-0.648981,50,328.846763
-1.802072,50,329.341536
-0.702438,50,329.836802
-0.561876,50,330.506196
-0.482764,50,331.182017
-0.666801,50,331.830587
-0.88893,50,332.489864
-0.70106,50,333.110939
-0.489347,50,333.587559
-0.657944,50,334.057392
-0.689812,50,334.575461
-0.69385,50,335.07018
-0.747922,50,335.591578
-0.645738,50,336.079281
-0.645774,50,336.579859
-0.73465,50,337.065977
-0.704621,50,337.557044
-1.052902,50,338.030504
-0.736702,50,338.528614
-0.840613,50,339.002565
-0.666605,50,339.499149
-0.817483,50,339.972387
-0.880424,50,340.467935
-0.980601,50,340.941505
-0.631346,50,341.403664
-0.737597,50,341.8843
-1.135339,50,342.383613
-0.953546,50,342.875538
-0.851478,50,343.502829
-0.87665,50,344.141244
-0.97101,50,344.82022
-0.896259,50,345.436328
-1.457499,50,346.172625
-0.773488,50,346.633631
-0.901506,50,347.144596
-0.898395,50,347.605922
-0.654988,50,348.088579
-1.31342,50,348.556299
-0.685858,50,349.038042
-0.667801,50,349.516397
-1.33626,50,350.011674
-0.643128,50,350.467377
-0.613221,50,350.930364
-0.720881,50,351.400134
-1.433081,50,351.877903
-1.251482,50,352.350443
-0.887372,50,352.8157
-0.610713,50,353.290205
-0.676524,50,353.759714
-0.84008,50,354.246604
-0.87757,50,354.727598
-1.345012,50,355.207204
-0.753362,50,355.671225
-0.542933,50,356.18699
-0.999851,50,356.870139
-0.725011,50,357.500104
-1.598961,50,358.158217
-0.888904,50,358.802196
-1.554881,50,359.458323
-0.780258,50,359.91803
-0.724021,50,360.371425
-0.485753,50,360.840804
-0.539787,50,361.308438
-0.620103,50,361.803722
-0.709658,50,362.263327
-0.885389,50,362.728749
-0.68994,50,363.191822
-0.775581,50,363.664644
-1.339766,50,364.141938
-0.619205,50,364.647856
-0.669819,50,365.122015
-0.673298,50,365.596631
-0.752491,50,366.062908
-0.633676,50,366.520121
-0.673154,50,366.999373
-0.820882,50,367.465595
-0.519218,50,367.948525
-0.587318,50,368.420258
-0.703951,50,368.904938
-0.602623,50,369.39839
-0.822915,50,370.044598
-1.453365,50,370.706555
-0.551225,50,371.363734
-0.86062,50,372.005029
-0.590552,50,372.634392
-0.875525,50,373.123611
-0.663026,50,373.590176
-0.568208,50,374.078101
-0.706288,50,374.542537
-0.798201,50,375.02632
-0.816757,50,375.499657
-0.579621,50,375.966668
-0.584805,50,376.44845
-1.717809,50,376.918209
-0.735674,50,377.401884
-0.629637,50,377.8857
-0.87864,50,378.360448
-0.55096,50,378.822753
-0.617726,50,379.304432
-0.77544,50,379.76809
-0.833611,50,380.245933
-1.093534,50,380.745595
-1.300246,50,381.226946
-0.752335,50,381.683504
-0.606789,50,382.144361
-0.44648,50,382.6909
-0.494833,50,383.343224
-1.405525,50,384.007997
-0.728764,50,384.655932
-0.900029,50,385.320294
-1.496969,50,385.929266
-0.682932,50,386.398371
-0.961442,50,386.87658
-0.872282,50,387.34129
-0.819566,50,387.824595
-0.723768,50,388.303886
-0.523988,50,388.787397
-0.736997,50,389.252157
-0.689671,50,389.72839
-0.769328,50,390.205317
-0.596757,50,390.674719
-0.614145,50,391.135808
-0.763014,50,391.598613
-0.507883,50,392.088403
-0.70592,50,392.557805
-0.640813,50,393.04231
-0.78699,50,393.506808
-0.692218,50,393.9877
-0.735632,50,394.457969
-0.767448,50,394.958499
-0.76112,50,395.433469
-0.812912,50,396.028292
-1.178091,50,396.653537
-0.739374,50,397.327642
-0.620668,50,397.969455
-0.666355,50,398.639065
-1.007686,50,399.220699
-1.252413,50,399.715028
-0.817522,50,400.208522
-0.945502,50,400.668519
-1.059992,50,401.160903
-1.662994,50,401.632418
-0.9918,50,402.104727
-0.56022,50,402.584429
-0.608478,50,403.056521
-0.661091,50,403.533909
-0.729664,50,404.003423
-0.77012,50,404.480436
-1.049797,50,404.937938
-0.857059,50,405.403198
-0.663783,50,405.867108
-0.874926,50,406.33622
-0.847903,50,406.811928
-0.826494,50,407.296936
-0.778707,50,407.76563
-0.825905,50,408.230213
-0.633673,50,408.704537
-0.543811,50,409.347067
-0.848548,50,409.986421
-0.614951,50,410.662539
-0.688118,50,411.291973
-0.695814,50,412.004252
-0.652595,50,412.477393
-0.774242,50,412.963387
-0.971809,50,413.419882
-0.627486,50,413.900514
-0.702122,50,414.383588
-0.443765,50,414.862883
-0.782225,50,415.321069
-0.577491,50,415.785421
-0.729008,50,416.261175
-1.050855,50,416.775857
-1.163734,50,417.238218
-1.322547,50,417.702968
-0.636277,50,418.192285
-0.568567,50,418.659928
-0.595929,50,419.141735
-0.631709,50,419.606603
-2.169604,50,420.102323
-0.545545,50,420.569891
-0.570542,50,421.046456
-0.828295,50,421.521797
-1.039601,50,422.017864
-0.785178,50,422.693817
-1.149884,50,423.326886
-0.879828,50,423.974708
-0.645767,50,424.640648
-0.621567,50,425.32257
-0.849036,50,425.790436
-1.015766,50,426.267788
-0.896515,50,426.742007
-0.594592,50,427.224591
-0.531758,50,427.683746
-0.546599,50,428.146371
-0.615004,50,428.621557
-0.969311,50,429.082429
-0.919364,50,429.569139
-0.739483,50,430.027383
-0.749034,50,430.505288
-0.932793,50,430.96359
-0.751446,50,431.431768
-0.523785,50,431.894752
-0.759147,50,432.371652
-0.591617,50,432.826713
-0.694551,50,433.293358
-0.529208,50,433.772034
-0.815253,50,434.258264
-0.72722,50,434.729155
-0.695268,50,435.188724
-0.767618,50,435.836374
-0.621671,50,436.509418
-0.425491,50,437.160462
-0.656127,50,437.783741
-0.55939,50,438.476136
-0.903375,50,438.959063
-0.772464,50,439.416183
-0.595628,50,439.903908
-0.651435,50,440.3918
-0.795174,50,440.883413
-0.790626,50,441.341455
-0.97805,50,441.806427
-0.812764,50,442.272601
-1.762844,50,442.771477
-1.804292,50,443.267376
-0.852686,50,443.722635
-0.9963,50,444.209854
-0.553719,50,444.674431
-0.705991,50,445.147578
-1.638809,50,445.624502
-0.731041,50,446.113235
-0.709988,50,446.585503
-0.840601,50,447.069376
-1.441759,50,447.534546
-0.699597,50,448.018166
-0.610039,50,448.510297
-0.775712,50,449.175361
-0.638548,50,449.815838
-0.543764,50,450.465339
-0.56396,50,451.11252
-0.644104,50,451.757949
-0.588917,50,452.234344
-0.528361,50,452.716529
-1.440132,50,453.209129
-0.598744,50,453.691502
-0.849565,50,454.15752
-0.758066,50,454.63061
-0.856509,50,455.159937
-0.739972,50,455.650831
-0.634748,50,456.1211
-1.650793,50,456.623796
-0.475312,50,457.100617
-0.805666,50,457.580505
-0.676436,50,458.050711
-0.653292,50,458.520147
-0.546076,50,459.001934
-0.853494,50,459.456812
-1.054442,50,459.937868
-0.712003,50,460.402587
-1.186659,50,460.890925
-0.737233,50,461.354587
-0.855973,50,461.991071
-0.858643,50,462.626925
-0.687913,50,463.30382
-0.584884,50,463.942612
-0.631998,50,464.6112
-0.933245,50,465.162794
-0.918634,50,465.631488
-0.833146,50,466.127101
-0.69084,50,466.609595
-0.633336,50,467.105388
-0.527451,50,467.576722
-0.467665,50,468.060395
-0.612682,50,468.523154
-1.124911,50,469.01815
-0.754741,50,469.497757
-0.968739,50,469.984396
-0.655744,50,470.45484
-0.601418,50,470.957063
-0.86576,50,471.437401
-0.798286,50,471.925608
-0.615527,50,472.419621
-0.892304,50,472.897301
-0.808876,50,473.370488
-0.730814,50,473.836282
-0.750209,50,474.327379
-0.826922,50,474.784872
-0.959482,50,475.489282
-0.800828,50,476.133354
-0.771095,50,476.775882
-0.740212,50,477.420002
-0.698161,50,478.108419
-1.099296,50,478.600783
-0.783848,50,479.08403
-0.833456,50,479.567143
-0.734488,50,480.043302
-1.119987,50,480.5084
-1.948498,50,480.989232
-2.025257,50,481.471296
-0.898945,50,482.679419
-0.959843,50,483.146498
-1.177308,50,483.624346
-0.91362,50,484.098588
-0.788584,50,484.578506
-0.531127,50,485.078456
-0.493775,50,485.569846
-0.635979,50,486.033804
-0.629055,50,486.49963
-0.565251,50,486.98656
-0.792541,50,487.446953
-1.525718,50,487.946627
-0.710242,50,488.612494
-1.212367,50,489.280704
-0.890115,50,489.940175
-0.882471,50,490.58655
-0.790602,50,491.258291
-0.42805,50,491.718493
-0.685599,50,492.207718
-0.872575,50,492.670926
-0.723897,50,493.16068
-1.425858,50,493.631619
-0.799659,50,494.113905
-0.567365,50,494.574799
-0.669129,50,495.05874
-0.581552,50,495.527157
-0.833543,50,496.008114
-0.693336,50,496.464983
-0.639721,50,496.929123
-0.73058,50,497.453827
-1.595176,50,497.956442
-0.930751,50,498.433697
-0.768285,50,498.919641
-0.736254,50,499.400921
-0.820407,50,499.86566
-0.728668,50,500.359158
-0.805782,50,500.849705
-0.408006,50,501.428215
-1.746398,50,502.064409
-1.413104,50,502.711408
-0.757105,50,503.346643
-0.991078,50,504.028165
-0.7054,50,504.610132
-0.985716,50,505.095645
-0.418483,50,505.59758
-0.473432,50,506.066251
-0.349761,50,506.539178
-0.489511,50,507.010701
-0.449586,50,507.4909
-0.696251,50,507.974159
-0.744993,50,508.439094
-0.630511,50,508.913782
-0.662624,50,509.372779
-0.629428,50,509.841151
-0.600044,50,510.309128
-1.211781,50,510.801275
-0.68089,50,511.273094
-0.544953,50,511.754291
-0.729244,50,512.226617
-0.547549,50,512.705448
-0.517869,50,513.187531
-0.626148,50,513.662201
-0.47042,50,514.127635
-0.65957,50,514.724102
-0.552236,50,515.376608
-0.776451,50,516.039282
-2.092854,50,516.680355
-0.795024,50,517.36681
-0.827682,50,517.928577
-0.644313,50,518.39551
-0.506146,50,518.865581
-0.616794,50,519.345819
-0.591922,50,519.810353
-0.403992,50,520.303319
-0.620641,50,520.762642
-1.013889,50,521.238472
-0.565024,50,521.696361
-0.743188,50,522.1924
-0.741125,50,522.656952
-0.683029,50,523.14834
-0.649633,50,523.624063
-2.452552,50,524.128244
-1.607322,50,524.607493
-0.8447,50,525.095707
-1.793025,50,525.574578
-0.511228,50,526.04679
-0.664798,50,526.525555
-0.900102,50,526.992558
-0.613752,50,527.473728
-0.715445,50,528.120757
-0.545861,50,528.763999
-0.555137,50,529.433454
-0.706729,50,530.090364
-1.093431,50,530.778222
-0.907186,50,531.252545
-0.867992,50,531.725345
-0.616129,50,532.20047
-0.691612,50,532.67862
-0.74873,50,533.142229
-0.72231,50,533.609852
-0.470895,50,534.079544
-0.623779,50,534.588401
-1.734108,50,535.076912
-0.736068,50,535.551337
-0.559676,50,536.04036
-1.047292,50,536.512202
-0.920771,50,537.008085
-0.46845,50,537.468598
-0.540098,50,537.949355
-0.810864,50,538.421717
-0.489014,50,538.90031
-0.781181,50,539.364511
-0.715494,50,539.845485
-0.822373,50,540.338428
-0.808172,50,540.886518
-0.60817,50,541.537124
-0.78105,50,542.206156
-0.846212,50,542.85801
-1.028792,50,543.516475
-1.070727,50,544.12062
-1.566427,50,544.592009
-1.101939,50,545.066539
-1.464776,50,545.555594
-0.852863,50,546.035082
-1.396849,50,546.525954
-0.830781,50,547.005352
-0.959469,50,547.485468
-0.812251,50,547.949081
-0.620392,50,548.425833
-0.880876,50,548.895574
-0.677608,50,549.374731
-0.903728,50,549.840453
-0.479841,50,550.341287
-0.731077,50,550.802776
-0.620582,50,551.28588
-0.960042,50,551.745772
-0.591763,50,552.224042
-0.573129,50,552.707727
-0.604587,50,553.170687
-0.517757,50,553.640767
-0.729562,50,554.234048
-1.702314,50,554.886146
-0.78831,50,555.558925
-1.784118,50,556.204389
-1.032326,50,556.905586
-0.795564,50,557.420035
-1.028279,50,557.919609
-0.838441,50,558.385373
-0.607018,50,558.864176
-0.641616,50,559.326369
-0.504765,50,559.796351
-0.737824,50,560.261213
-0.762823,50,560.780044
-0.996695,50,561.244943
-1.394068,50,561.720387
-0.827354,50,562.181504
-0.856132,50,562.650229
-0.881182,50,563.127058
-0.536488,50,563.590544
-0.51488,50,564.067606
-0.808485,50,564.547348
-0.567532,50,565.024354
-0.694376,50,565.482633
-0.806577,50,565.963458
-0.560245,50,566.427515
-0.631425,50,566.906728
-0.847855,50,567.540343
-0.656307,50,568.173443
-0.827962,50,568.841512
-0.68346,50,569.48572
-0.954555,50,570.222504
-0.912255,50,570.700728
-0.799266,50,571.185062
-0.562669,50,571.657167
-0.633961,50,572.123547
-0.893643,50,572.61248
-0.762294,50,573.085937
-0.687784,50,573.582865
-0.533929,50,574.052028
-1.788932,50,574.552545
-0.78832,50,575.041782
-0.765676,50,575.558656
-0.656046,50,576.027558
-0.765015,50,576.507258
-0.82092,50,576.976075
-0.817156,50,577.466298
-0.562216,50,577.955045
-0.664632,50,578.471831
-0.727042,50,578.949026
-0.633159,50,579.429554
-0.949721,50,579.895088
-0.972917,50,580.487019
-0.742131,50,581.124033
-0.602292,50,581.78439
-0.592427,50,582.406419
-0.966574,50,583.086633
-0.847048,50,583.663538
-0.642909,50,584.134075
-0.613968,50,584.610074
-0.618764,50,585.089083
-0.561639,50,585.55748
-0.993219,50,586.029143
-0.5277,50,586.481463
-0.551136,50,586.956591
-0.702853,50,587.418477
-0.563246,50,587.895554
-0.745477,50,588.357583
-0.73683,50,588.830008
-0.957384,50,589.309166
-0.73975,50,589.782246
-0.781389,50,590.255198
-0.571902,50,590.711886
-0.63345,50,591.190351
-0.704763,50,591.655252
-1.040711,50,592.133399
-0.946387,50,592.603477
-0.711219,50,593.088667
-0.700911,50,593.650391
-1.597638,50,594.319273
-0.531529,50,594.973137
-0.692302,50,595.609622
-0.732864,50,596.301522
-0.663266,50,596.866072
-1.122261,50,597.374601
-2.286636,50,597.879614
-0.639436,50,598.357396
-0.7836,50,598.842348
-0.754399,50,599.322259
-0.712011,50,599.795384
-1.091846,50,600.259408
-0.998165,50,600.740927
-0.6173,50,601.205507
-0.590436,50,601.68861
-0.741986,50,602.164606
-0.886189,50,602.644597
-0.847602,50,603.113265
-0.750521,50,603.629685
-0.546889,50,604.100907
-0.714374,50,604.578289
-0.730695,50,605.044566
-1.711056,50,605.574696
-0.683734,50,606.039391
-1.016897,50,606.499138
-0.654791,50,607.182725
-0.648661,50,607.841461
-0.837436,50,608.485841
-0.699126,50,609.134605
-0.794044,50,609.81958
-0.63903,50,610.288385
-0.651685,50,610.770253
-0.584208,50,611.261885
-0.799784,50,611.721483
-0.491583,50,612.214432
-1.398402,50,612.697607
-1.965362,50,613.191885
-0.643754,50,613.656524
-0.635478,50,614.144718
-0.661022,50,614.618509
-0.808904,50,615.097057
-1.18628,50,615.555641
-0.942593,50,616.058206
-0.938283,50,616.524107
-2.07665,50,617.01573
-1.721832,50,617.498509
-1.885444,50,617.98781
-0.661921,50,618.485587
-0.645805,50,618.952667
-0.439967,50,619.422089
-0.630309,50,619.962597
-0.648909,50,620.63939
-0.806741,50,621.303119
-1.555678,50,621.950201
-0.848548,50,622.623554
-0.782789,50,623.197618
-1.182743,50,623.666356
-0.725182,50,624.132281
-0.427103,50,624.621829
-0.657709,50,625.088811
-0.731684,50,625.564392
-0.476458,50,626.042393
-0.721041,50,626.522976
-0.527227,50,626.986644
-0.77413,50,627.450735
-1.312262,50,627.922948
-0.680662,50,628.421282
-0.853752,50,628.902902
-0.762863,50,629.363588
-0.848791,50,629.834267
-0.814854,50,630.305388
-0.632033,50,630.77542
-0.482236,50,631.240375
-0.634309,50,631.70996
-0.689726,50,632.175772
-0.883569,50,632.656314
-0.870629,50,633.232012
-0.642336,50,633.881465
-0.601888,50,634.543064
-0.820282,50,635.206601
-0.816604,50,635.928887
-0.963244,50,636.486517
-1.669622,50,636.994879
-0.872787,50,637.462689
-1.07121,50,637.950397
-0.665874,50,638.410293
-0.746247,50,638.89327
-0.675542,50,639.402393
-0.673548,50,639.885699
-0.568928,50,640.383397
-0.707161,50,640.886082
-0.641425,50,641.386919
-0.832009,50,641.868902
-0.621673,50,642.373892
-1.380889,50,642.878221
-0.542211,50,643.355476
-0.67653,50,643.823853
-0.849477,50,644.325752
-0.807903,50,644.802975
-1.296972,50,645.30588
-0.791591,50,645.806603
-0.873647,50,646.401107
-0.831969,50,647.063133
-0.636468,50,647.732008
-1.827956,50,648.428852
-1.04946,50,649.128984
-0.639548,50,649.689497
-0.471924,50,650.162485
-0.88673,50,650.643225
-1.020219,50,651.127253
-0.578414,50,651.614782
-0.64901,50,652.086957
-0.6364,50,652.564801
-0.882481,50,653.037687
-1.18344,50,653.506395
-0.610933,50,653.988974
-0.815612,50,654.458692
-0.830393,50,654.942736
-1.119056,50,655.415249
-0.546281,50,655.895888
-0.727295,50,656.366226
-0.775331,50,656.859772
-0.812843,50,657.330161
-0.641133,50,657.821893
-0.509438,50,658.291211
-0.732411,50,658.769496
-0.818975,50,659.248888
-0.592412,50,659.900544
-0.738376,50,660.519984
-0.487963,50,661.23827
-0.730577,50,661.862934
-0.618747,50,662.560952
-0.649938,50,663.040246
-0.812517,50,663.504907
-0.944127,50,663.97768
-0.830203,50,664.461532
-1.107154,50,664.935283
-0.80744,50,665.407736
-0.571002,50,665.922633
-0.675171,50,666.404709
-0.828117,50,666.871947
-0.709127,50,667.349495
-0.642641,50,667.820066
-0.667731,50,668.298529
-0.849197,50,668.766373
-0.960776,50,669.260784
-0.502051,50,669.753584
-0.646284,50,670.256838
-0.726748,50,670.715641
-0.813515,50,671.185371
-1.293459,50,671.677889
-0.682994,50,672.155087
-1.449871,50,672.743484
-0.595492,50,673.414903
-0.896577,50,674.08027
-0.779384,50,674.746958
-0.612584,50,675.416698
-1.918796,50,676.021277
-0.919121,50,676.510615
-0.824388,50,677.002184
-0.883488,50,677.465792
-0.983544,50,677.953309
-1.025398,50,678.437661
-0.911315,50,678.967229
-0.685464,50,679.443574
-0.514363,50,679.926317
-0.750332,50,680.413864
-0.932449,50,680.913817
-0.930934,50,681.379966
-0.582517,50,681.854665
-0.983867,50,682.333742
-1.503492,50,682.830881
-1.689464,50,683.317609
-1.224037,50,683.809654
-0.856485,50,684.293122
-1.718544,50,684.772611
-0.447596,50,685.257391
-0.611039,50,685.716771
-0.92217,50,686.412318
-0.581508,50,687.087959
-2.056225,50,687.760505
-0.708733,50,688.42024
-0.601817,50,689.070372
-1.519246,50,689.563845
-0.67617,50,690.029441
-0.687538,50,690.506743
-0.661628,50,690.9795
-1.970234,50,691.468462
-1.546506,50,691.948718
-1.090352,50,692.441188
-0.648896,50,692.923692
-0.695028,50,693.418949
-0.782192,50,693.891746
-0.83599,50,694.371662
-0.926167,50,694.859397
-0.814741,50,695.353334
-1.280717,50,695.829485
-1.621901,50,696.353312
-0.529584,50,696.826486
-0.829247,50,697.302526
-0.761377,50,697.777767
-0.559332,50,698.245422
-0.405652,50,698.724124
-0.957392,50,699.317911
-0.668545,50,699.947335
-1.653447,50,700.644768
-0.735085,50,701.28405
-0.565388,50,701.982932
-0.632165,50,702.503586
-0.79608,50,702.993705
-0.602085,50,703.461575
-0.637524,50,703.943447
-1.269196,50,704.407722
-1.550805,50,704.895713
-1.121109,50,705.379696
-1.531868,50,705.874129
-0.620329,50,706.341549
-0.668474,50,706.823978
-1.140088,50,707.303731
-0.692707,50,707.778308
-0.565406,50,708.263437
-0.570558,50,708.732769
-0.475825,50,709.23534
-0.69324,50,709.715042
-0.726827,50,710.20782
-0.623842,50,710.668479
-0.519858,50,711.158806
-0.854375,50,711.643852
-0.546175,50,712.174083
-0.79615,50,712.816892
-0.568905,50,713.464384
-0.678848,50,714.120246
-0.863315,50,714.75073
-1.802067,50,715.406486
-1.130863,50,715.889818
-0.584938,50,716.371669
-0.973998,50,716.831002
-0.808267,50,717.308049
-0.708388,50,717.787566
-1.303295,50,718.258596
-1.735331,50,718.731824
-1.356518,50,719.213335
-0.696952,50,719.678908
-0.557591,50,720.148508
-0.416682,50,720.61978
-0.66617,50,721.08815
-0.903317,50,721.565278
-0.590669,50,722.035421
-0.578575,50,722.500817
-0.867393,50,723.004677
-1.873621,50,723.487635
-1.557881,50,723.965215
-0.706752,50,724.432401
-0.679239,50,724.905882
-0.689367,50,725.433729
-0.593775,50,726.113812
-0.840229,50,726.757974
-0.943161,50,727.466694
-0.524084,50,728.125865
-0.80194,50,728.723446
-0.826734,50,729.193567
-0.595931,50,729.648634
-0.900554,50,730.126446
-0.889097,50,730.58449
-0.703869,50,731.053248
-1.990113,50,731.52667
-0.652195,50,732.010214
-0.942545,50,732.495957
-0.837175,50,732.978905
-0.984501,50,733.436235
-0.680725,50,733.913872
-0.827418,50,734.40131
-0.7641,50,734.864811
-0.810989,50,735.345198
-0.721908,50,735.824281
-0.650081,50,736.312584
-1.888939,50,736.787287
-1.049192,50,737.26409
-0.814056,50,737.73241
-1.03198,50,738.214693
-0.650083,50,738.776686
-0.643938,50,739.43077
-0.584634,50,741.168704
-1.148161,50,741.879824
-0.592468,50,742.362579
-0.746486,50,742.829529
-0.927542,50,743.302151
-0.61434,50,743.779645
-0.470069,50,744.271812
-0.90101,50,744.754469
-0.680408,50,745.231259
-0.835142,50,745.70732
-1.084365,50,746.180032
-1.292272,50,746.653432
-0.548661,50,747.123206
-0.745074,50,747.598711
-0.842942,50,748.073996
-0.619071,50,748.555771
-0.541748,50,749.040549
-0.698641,50,749.518018
-0.901491,50,749.994121
-0.846652,50,750.46206
-1.358174,50,750.968948
-0.731548,50,751.427725
-0.847316,50,751.98993
-0.82428,50,752.670076
-0.550462,50,753.337938
-0.643433,50,753.984215
-0.474275,50,754.63127
-0.665648,50,755.218966
-0.644787,50,755.681492
-0.857152,50,756.182825
-0.734682,50,756.643378
-0.494178,50,757.129634
-0.738179,50,757.596664
-1.660753,50,758.099508
-0.75928,50,758.56394
-0.488104,50,759.046896
-0.745113,50,759.506624
-0.620011,50,760.002002
-0.850764,50,760.467622
-0.603069,50,760.943652
-0.589294,50,761.438241
-0.433455,50,761.905658
-0.667021,50,762.387236
-0.552859,50,762.86868
-0.659541,50,763.356811
-0.554332,50,763.820513
-0.61976,50,764.323128
-0.716189,50,764.792616
-0.732757,50,765.440356
-0.65904,50,766.070527
-0.855445,50,766.740301
-0.787528,50,767.374616
-0.625455,50,768.064771
-0.454847,50,768.581869
-0.637224,50,769.05909
-0.46932,50,769.543626
-1.475077,50,770.014194
-1.45461,50,770.504035
-0.71794,50,770.980231
-1.197553,50,771.457461
-0.802009,50,771.949476
-0.82936,50,772.427967
-0.495311,50,772.916117
-0.752094,50,773.386445
-0.485424,50,773.868752
-0.616988,50,774.340425
-0.548561,50,774.834393
-0.423659,50,775.301508
-0.469115,50,775.78951
-0.577695,50,776.270007
-0.537856,50,776.753819
-0.718245,50,777.238345
-0.481934,50,777.726366
-0.669755,50,778.254424
-0.588069,50,778.91419
-0.614671,50,779.551542
-0.701977,50,780.21812
-0.792988,50,780.889282
-0.480364,50,781.528415
-0.585772,50,782.017977
-0.537108,50,782.487367
-0.586964,50,782.956868
-0.74011,50,783.431758
-0.539096,50,783.898899
-0.668153,50,784.392774
-0.597748,50,784.883037
-1.309174,50,785.38573
-0.625359,50,785.856434
-0.491281,50,786.382706
-0.743979,50,786.861538
-0.746316,50,787.348566
-0.614049,50,787.809036
-0.710852,50,788.283802
-0.557666,50,788.752156
-0.820227,50,789.236443
-0.640974,50,789.708116
-0.872121,50,790.180938
-0.616598,50,790.663039
-1.802049,50,791.142875
-1.095402,50,791.782994
-1.729423,50,792.450901
-0.824789,50,793.11915
-1.874722,50,793.747346
-1.660508,50,794.499497
-0.681216,50,794.976593
-0.506186,50,795.43891
-0.458208,50,795.926955
-0.61884,50,796.395782
-1.163033,50,796.884589
-0.924666,50,797.356386
-0.787137,50,797.837548
-0.555739,50,798.31634
-0.698233,50,798.822663
-0.564224,50,799.292078
-0.821554,50,799.763798
-0.553363,50,800.233214
-1.791639,50,800.729974
-0.741825,50,801.212296
-0.616672,50,801.688273
-0.619048,50,802.184837
-0.664937,50,802.655294
-0.744407,50,803.140071
-0.734843,50,803.602547
-0.754142,50,804.090602
-0.48641,50,804.617407
-0.507217,50,805.290407
-0.631431,50,805.945306
-0.460362,50,806.571409
-0.778164,50,807.239283
-1.056601,50,807.848948
-0.854412,50,808.329093
-0.47447,50,808.800515
-1.19357,50,809.31363
-0.532577,50,809.786456
-0.457338,50,810.265625
-0.461477,50,810.741575
-0.760957,50,811.224782
-1.173537,50,811.702597
-0.775423,50,812.195768
-1.338956,50,812.689494
-0.766404,50,813.179312
-0.743471,50,813.643625
-1.340611,50,814.12803
-0.720547,50,814.612496
-0.82903,50,815.09147
-0.70042,50,815.570455
-0.579223,50,816.039265
-0.654482,50,816.5547
-0.560109,50,817.03888
-0.720427,50,817.532227
-0.774797,50,818.179141
-0.66727,50,818.817851
-1.346037,50,819.521757
-0.453085,50,820.182853
-0.871973,50,820.940309
-1.087534,50,821.412682
-0.745558,50,821.906949
-0.731337,50,822.383226
-0.718228,50,822.870241
-0.594616,50,823.328469
-0.850102,50,823.809069
-0.969146,50,824.290755
-0.618871,50,824.770498
-0.563751,50,825.234957
-0.572197,50,825.706961
-0.639228,50,826.191763
-1.523481,50,826.675481
-0.784464,50,827.181979
-0.772559,50,827.645626
-0.545401,50,828.140241
-0.521389,50,828.614482
-0.627752,50,829.101896
-0.601933,50,829.583668
-0.783655,50,830.078154
-0.697089,50,830.543997
-0.601036,50,831.085125
-0.681521,50,831.744747
-0.470094,50,832.424493
-0.741005,50,833.066768
-0.963235,50,833.705083
-0.828741,50,834.350191
-1.283854,50,834.830144
-0.66338,50,835.314599
-0.43129,50,835.779855
-0.798557,50,836.273483
-0.437103,50,836.746558
-0.625775,50,837.232846
-0.600022,50,837.691512
-0.647625,50,838.169234
-1.452384,50,838.65896
-0.656535,50,839.152359
-0.612855,50,839.624578
-0.7585,50,840.103298
-0.651798,50,840.591954
-0.56719,50,841.084569
-0.790882,50,841.578674
-0.85863,50,842.060473
-0.463637,50,842.541665
-0.492111,50,843.022854
-0.661651,50,843.50827
-1.823257,50,844.00288
-0.613199,50,844.635957
-0.888149,50,845.263412
-0.971708,50,845.948662
-0.980239,50,846.616129
-0.513536,50,847.339046
-0.840628,50,847.84296
-0.544677,50,848.309466
-0.78686,50,848.789819
-0.810733,50,849.267396
-0.538172,50,849.741511
-0.769088,50,850.227169
-0.977643,50,850.689477
-1.117892,50,851.204536
-0.804303,50,851.675024
-0.566992,50,852.149433
-0.729347,50,852.621679
-1.06779,50,853.106035
-0.726235,50,853.587071
-0.536071,50,854.07744
-0.90274,50,854.556386
-1.231657,50,855.046897
-0.792655,50,855.520414
-0.596487,50,856.006813
-0.590503,50,856.485704
-0.469014,50,856.966013
-0.389883,50,857.475132
-0.54694,50,858.158928
-0.497839,50,858.811763
-0.666221,50,859.468475
-0.67407,50,860.108993
-0.638897,50,860.764146
-0.506277,50,861.252183
-0.525132,50,861.738235
-0.507023,50,862.212826
-0.48289,50,862.694613
-0.78268,50,863.173689
-0.807081,50,863.667753
-0.531291,50,864.156267
-1.025639,50,864.64589
-1.675989,50,865.146474
-0.582255,50,865.642872
-0.518675,50,866.123324
-0.620121,50,866.609563
-1.136748,50,867.10289
-0.748993,50,867.602832
-1.566193,50,868.085956
-0.735257,50,868.580791
-1.790358,50,869.081064
-0.549197,50,869.571314
-0.6715,50,870.050797
-0.564941,50,870.527668
-0.731936,50,871.212346
-0.749437,50,871.85182
-0.554413,50,872.498852
-0.840615,50,873.118685
-0.576322,50,873.815026
-0.462622,50,874.286273
-0.773282,50,874.755747
-0.553157,50,875.243208
-0.795083,50,875.723624
-0.745309,50,876.208383
-0.747349,50,876.71309
-2.047977,50,877.235695
-1.164353,50,877.729984
-0.844219,50,878.220894
-0.601655,50,878.682952
-0.613415,50,879.186811
-0.433424,50,879.666481
-0.413661,50,880.16414
-0.558105,50,880.637722
-0.875179,50,881.129558
-0.865771,50,881.608611
-0.985097,50,882.095169
-0.730333,50,882.555854
-0.901944,50,883.025512
-1.673999,50,883.523214
-0.692981,50,884.099418
-0.633827,50,884.740161
-0.807082,50,885.413313
-0.517466,50,886.057817
-0.608824,50,886.737417
-0.576592,50,887.30002
-0.574888,50,887.782304
-0.645894,50,888.257287
-0.546308,50,888.750942
-0.872511,50,889.268783
-0.387877,50,889.751864
-0.619835,50,890.234624
-0.798564,50,890.729073
-0.456534,50,891.202814
-0.540987,50,891.678734
-0.777873,50,892.156297
-0.568639,50,892.641606
-0.812558,50,893.132251
-1.506102,50,893.628512
-0.742135,50,894.103724
-0.889992,50,894.579422
-0.790553,50,895.062748
-0.465788,50,895.53942
-0.834662,50,896.033416
-0.740489,50,896.50806
-0.607871,50,897.014209
-0.705332,50,897.692205
-0.540819,50,898.367555
-0.801307,50,899.021465
-0.928348,50,899.694767
-0.66357,50,900.361407
-0.451227,50,900.845702
-1.260581,50,901.346385
-0.567991,50,901.815269
-0.49638,50,902.304742
-1.081102,50,902.793455
-0.815385,50,903.279866
-1.044282,50,903.763486
-0.652861,50,904.265954
-0.61611,50,904.73853
-0.803099,50,905.24178
-0.54186,50,905.703817
-0.430646,50,906.194889
-0.668468,50,906.66631
-0.76961,50,907.182118
-0.998234,50,907.64562
-1.150422,50,908.111777
-0.632448,50,908.612306
-0.476666,50,909.085681
-0.444068,50,909.584182
-1.477239,50,910.08273
-0.652659,50,910.740247
-0.417009,50,911.384035
-0.896508,50,912.082242
-0.716555,50,912.716829
-0.681929,50,913.424638
-0.636257,50,913.904891
-0.688844,50,914.375638
-0.763094,50,914.852971
-1.752466,50,915.340843
-0.687563,50,915.821965
-0.799525,50,916.29153
-0.551819,50,916.774117
-0.720532,50,917.244058
-0.91868,50,917.721691
-0.635243,50,918.186941
-0.670734,50,918.677239
-0.70713,50,919.1574
-0.878462,50,919.636255
-0.513248,50,920.11141
-0.677395,50,920.608454
-0.674813,50,921.097196
-0.756316,50,921.592614
-0.499316,50,922.074489
-0.714984,50,922.555816
-0.509886,50,923.044778
-0.704131,50,923.592867
-0.641419,50,924.263788
-0.421636,50,924.927984
-0.631444,50,925.583863
-0.693916,50,926.276215
-0.74767,50,926.832621
-1.243879,50,927.315706
-0.736964,50,927.787922
-0.673582,50,928.312759
-0.737878,50,928.786342
-0.69893,50,929.267628
-1.044465,50,929.751326
-0.741748,50,930.228559
-0.720829,50,930.703599
-0.844454,50,931.186728
-0.747761,50,931.657165
-0.563833,50,932.145692
-0.643162,50,932.638345
-0.72678,50,933.106425
-0.525898,50,933.58745
-1.000678,50,934.065119
-0.361241,50,934.556964
-0.484245,50,935.044522
-0.651875,50,935.535097
-1.167247,50,935.99944
-1.002687,50,936.484838
-0.693921,50,937.182614
-0.689987,50,937.832011
-0.740508,50,938.494945
-0.617998,50,939.14217
-0.726106,50,939.822633
-0.409745,50,940.295848
-0.674535,50,940.771084
-0.675786,50,941.239255
-0.678473,50,941.711504
-0.816979,50,942.181093
-0.606348,50,942.645994
-0.954281,50,943.118372
-1.192353,50,943.589587
-2.011074,50,944.080996
-0.74195,50,944.546963
-0.689268,50,945.028415
-0.511995,50,945.495577
-0.542485,50,945.997463
-0.904925,50,946.49458
-1.129429,50,946.984279
-0.754353,50,947.446706
-0.742492,50,947.931269
-0.43524,50,948.394789
-0.656573,50,948.867176
-0.589426,50,949.363674
-0.576489,50,949.924757
-0.786468,50,950.563849
-0.901364,50,951.204445
-0.555867,50,951.832583
-0.65282,50,952.494596
-0.518536,50,953.09041
-0.570556,50,953.562283
-0.635834,50,954.03339
-0.955166,50,954.529795
-0.880035,50,955.000602
-0.889147,50,955.477645
-0.807719,50,955.946534
-0.765017,50,956.457726
-0.63647,50,956.956523
-0.626803,50,957.439232
-0.59273,50,957.904225
-0.88914,50,958.383553
-0.900643,50,958.85401
-0.622365,50,959.316201
-0.451727,50,959.789216
-1.884155,50,960.290393
-1.387516,50,960.788022
-1.035981,50,961.26418
-0.599375,50,961.76376
-0.605481,50,962.2391
-0.831033,50,962.723104
-0.759376,50,963.344818
-0.627629,50,963.982638
-1.211281,50,964.682517
-0.532395,50,965.30269
-0.547041,50,966.016665
-0.72955,50,966.485749
-0.786096,50,966.971817
-0.794407,50,967.478299
-0.369902,50,967.974118
-0.860871,50,968.445668
-0.438156,50,968.937246
-0.657516,50,969.418016
-0.673414,50,969.928827
-0.809211,50,970.395348
-0.718822,50,970.87835
-0.692056,50,971.340643
-0.758259,50,971.806091
-0.601037,50,972.285585
-0.770758,50,972.766289
-0.473167,50,973.257645
-0.557126,50,973.732187
-0.747069,50,974.220194
-1.290682,50,974.71581
-0.564922,50,975.196796
-0.512842,50,975.660409
-0.807619,50,976.231358
-0.531076,50,976.910356
-0.641892,50,977.568319
-0.803447,50,978.217083
-0.717628,50,978.868054
-0.569656,50,979.466748
-0.570383,50,979.941365
-0.919672,50,980.438105
-0.6658,50,980.907014
-0.442579,50,981.3856
-0.667786,50,981.874709
-0.605961,50,982.334469
-0.772359,50,982.81275
-0.810642,50,983.286149
-1.036511,50,983.762776
-0.853893,50,984.230895
-0.499713,50,984.707487
-0.806026,50,985.182726
-1.002026,50,985.687043
-1.23871,50,986.15064
-1.111199,50,986.620387
-0.756002,50,987.08538
-0.837363,50,987.558673
-0.423117,50,988.025443
-0.557396,50,988.496784
-0.623478,50,988.979153
-0.568328,50,989.568393
-0.749779,50,990.203205
-0.539402,50,990.870631
-0.675084,50,991.499328
-0.668025,50,992.229744
-0.624848,50,992.735996
-2.095956,50,993.224085
-0.566185,50,993.690323
-0.600296,50,994.172562
-0.967692,50,994.648356
-0.846444,50,995.127424
-0.557525,50,995.597381
-0.284921,50,996.07821
-0.460956,50,996.535818
-0.62821,50,997.019913
-0.813009,50,997.576256
-0.622078,50,998.077699
-0.647716,50,998.555631
-0.761761,50,999.044892
-0.631621,50,1000.282508
-1.277624,50,1000.742979
-1.636431,50,1001.237979
-0.433097,50,1001.70482
-0.816531,50,1002.229703
-0.618366,50,1002.902803
-0.678262,50,1003.571784
-0.455675,50,1004.312514
-0.530747,50,1004.996693
-0.615796,50,1005.725245
-0.587935,50,1006.22303
-0.419456,50,1006.737313
-0.635954,50,1007.250113
-0.724332,50,1007.771482
-0.723456,50,1008.268848
-0.406121,50,1008.782651
-0.951458,50,1009.301621
-1.334214,50,1009.868946
-0.621753,50,1010.393036
-0.656201,50,1010.93224
-0.969346,50,1011.440747
-0.453334,50,1011.979182
-0.686654,50,1012.486959
-1.470958,50,1013.043748
-0.643323,50,1013.541669
-1.083641,50,1014.097572
-1.466259,50,1014.630054
-0.607012,50,1015.16364
-0.681377,50,1015.738105
-0.438914,50,1016.492366
-0.741288,50,1017.233696
-0.621267,50,1017.964897
-0.921124,50,1018.700248
-0.938696,50,1019.418576
-0.641008,50,1019.929173
-0.723052,50,1020.449428
-0.450373,50,1020.970146
-0.657238,50,1021.492764
-0.426542,50,1022.026206
-0.668814,50,1022.56129
-0.738522,50,1023.069781
-1.054323,50,1023.582761
-0.425859,50,1024.091753
-0.695381,50,1024.612521
-0.853251,50,1025.136531
-0.621664,50,1025.684077
-0.717651,50,1026.193219
-0.682994,50,1026.716776
-0.532977,50,1027.244696
-1.372644,50,1027.834308
-0.581377,50,1028.323096
-1.108403,50,1028.817095
-0.985892,50,1029.365308
-1.579935,50,1030.062355
-1.563853,50,1030.770835
-0.655425,50,1031.445558
-0.55285,50,1032.127618
-0.69299,50,1032.800045
-0.650569,50,1033.286134
-0.939768,50,1033.775379
-0.73506,50,1034.262023
-0.66467,50,1034.741482
-0.497757,50,1035.203319
-0.933878,50,1035.660352
-0.426885,50,1036.153936
-0.513202,50,1036.619877
-0.537873,50,1037.106574
-0.774496,50,1037.569985
-0.596696,50,1038.063822
-0.555432,50,1038.532416
-0.717657,50,1039.023211
-0.809319,50,1039.493768
-0.541484,50,1039.974466
-0.564254,50,1040.462853
-0.436035,50,1040.95073
-0.821991,50,1041.409297
-0.76635,50,1041.875115
-0.536292,50,1042.353548
-0.820525,50,1042.952345
-0.843617,50,1043.58845
-0.896748,50,1044.270463
-1.582355,50,1044.914189
-0.519966,50,1045.611026
-0.594616,50,1046.111085
-0.671838,50,1046.581356
-1.156558,50,1047.056613
-0.66304,50,1047.529829
-0.656635,50,1048.006273
-0.791085,50,1048.497414
-0.850015,50,1048.965826
-0.653891,50,1049.441179
-0.948016,50,1049.908293
-0.532376,50,1050.392228
-0.555248,50,1050.861622
-0.633514,50,1051.31842
-0.612322,50,1051.794143
-0.585014,50,1052.26081
-0.402604,50,1052.731951
-1.04169,50,1053.212828
-0.603613,50,1053.679874
-0.753255,50,1054.161524
-0.513874,50,1054.637423
-0.592259,50,1055.1109
-0.830718,50,1055.589325
-0.784502,50,1056.226749
-0.613636,50,1056.847991
-0.52918,50,1057.530918
-1.356899,50,1058.199389
-0.663251,50,1058.944592
-0.622218,50,1059.426264
-0.610693,50,1059.907071
-0.747416,50,1060.378438
-1.099532,50,1060.856647
-0.633147,50,1061.325881
-0.772007,50,1061.788458
-0.897921,50,1062.315593
-0.652829,50,1062.806025
-0.748379,50,1063.293826
-0.681765,50,1063.754617
-0.733981,50,1064.250788
-0.735982,50,1064.717704
-0.724889,50,1065.210249
-1.000485,50,1065.689392
-0.634088,50,1066.175598
-0.603258,50,1066.639724
-0.426007,50,1067.122505
-0.836295,50,1067.585435
-0.572585,50,1068.062819
-0.744409,50,1068.545894
-0.881924,50,1069.086964
-0.676728,50,1069.758804
-0.724045,50,1070.44763
-0.637968,50,1071.106324
-0.686079,50,1071.770574
-0.574703,50,1072.380023
-0.725,50,1072.846194
-0.826253,50,1073.316164
-0.689229,50,1073.800223
-0.705201,50,1074.276102
-0.601298,50,1074.758962
-0.798548,50,1075.24484
-1.063999,50,1075.720093
-0.73172,50,1076.192483
-0.967842,50,1076.665548
-1.030225,50,1077.135702
-0.670986,50,1077.613618
-0.729778,50,1078.088603
-0.42759,50,1078.555386
-0.699133,50,1079.033044
-0.793353,50,1079.495359
-0.533981,50,1079.989204
-0.694442,50,1080.460207
-0.605942,50,1080.956161
-1.536412,50,1081.444998
-0.422246,50,1081.925001
-0.611343,50,1082.518912
-0.647154,50,1083.181003
-0.532396,50,1083.837729
-0.660849,50,1084.460982
-0.640006,50,1085.163403
-0.603395,50,1085.681146
-0.993644,50,1086.184063
-0.948397,50,1086.643517
-0.87505,50,1087.123783
-0.577019,50,1087.589573
-0.739131,50,1088.095729
-0.616801,50,1088.550493
-0.846221,50,1089.026328
-0.677283,50,1089.495323
-0.535764,50,1089.961977
-0.530693,50,1090.436105
-0.869877,50,1090.907665
-0.573501,50,1091.38377
-0.833874,50,1091.843494
-1.231263,50,1092.335007
-0.743534,50,1092.799365
-0.623131,50,1093.285627
-0.464319,50,1093.761717
-0.631301,50,1094.23483
-0.794373,50,1094.6932
-0.753636,50,1095.169623
-0.630374,50,1095.802589
-0.681054,50,1096.442077
-0.989364,50,1097.114121
-0.778443,50,1097.752267
-0.752883,50,1098.473098
-0.593757,50,1098.951529
-0.65582,50,1099.433449
-0.619345,50,1099.909617
-0.706394,50,1100.379454
-0.87024,50,1100.849959
-0.829409,50,1101.324908
-0.635163,50,1101.80945
-0.893501,50,1102.276121
-0.542329,50,1102.755013
-0.637161,50,1103.218637
-0.632423,50,1103.700869
-0.605501,50,1104.172497
-0.844033,50,1104.648336
-0.691204,50,1105.123706
-0.662596,50,1105.619157
-0.730461,50,1106.107925
-0.820129,50,1106.575053
-0.837563,50,1107.056524
-0.546721,50,1107.51646
-0.640467,50,1108.004869
-0.937285,50,1108.477592
-0.565112,50,1109.159431
-0.858204,50,1109.806925
-1.144797,50,1110.462259
-0.834068,50,1111.132183
-1.385859,50,1111.797905
-0.755062,50,1112.297172
-1.087494,50,1112.764048
-1.108848,50,1113.247622
-0.764128,50,1113.710575
-0.440598,50,1114.202645
-0.479754,50,1114.668401
-0.667992,50,1115.155453
-0.667694,50,1115.632335
-0.48642,50,1116.129568
-0.586166,50,1116.591453
-0.556972,50,1117.06264
-0.672534,50,1117.532426
-0.625513,50,1118.031465
-0.72885,50,1118.508866
-0.911793,50,1118.985958
-0.98624,50,1119.46555
-0.544,50,1119.935529
-0.652756,50,1120.418154
-0.794597,50,1120.887196
-0.60907,50,1121.357457
-0.429067,50,1121.930435
-1.144261,50,1122.597369
-0.608297,50,1123.243536
-0.685973,50,1123.88382
-0.46761,50,1124.566561
-0.724131,50,1125.114338
-0.686597,50,1125.590306
-0.627607,50,1126.065933
-0.623955,50,1126.548482
-2.396066,50,1127.03153
-1.736548,50,1127.500192
-0.742407,50,1127.983588
-0.456709,50,1128.452877
-0.496086,50,1128.93893
-0.672451,50,1129.407179
-0.78944,50,1129.888655
-0.633316,50,1130.371535
-0.554451,50,1130.862602
-1.593382,50,1131.352628
-0.724108,50,1131.834833
-0.580914,50,1132.306299
-0.592489,50,1132.793261
-0.645093,50,1133.276447
-0.757129,50,1133.749118
-1.305341,50,1134.250201
-0.973104,50,1134.715184
-0.465014,50,1135.380576
-0.616466,50,1136.046445
-0.875661,50,1136.704922
-0.884578,50,1137.371669
-0.562438,50,1138.073819
-0.606253,50,1138.549401
-0.547278,50,1139.039576
-0.846249,50,1139.534067
-0.600917,50,1140.009974
-0.73278,50,1140.492728
-0.669076,50,1140.964677
-1.594619,50,1141.467205
-0.777901,50,1141.938882
-0.64412,50,1142.419672
-0.839531,50,1142.914985
-0.540067,50,1143.408585
-0.467758,50,1143.883613
-0.743469,50,1144.360719
-1.494626,50,1144.849132
-0.711663,50,1145.336683
-1.087698,50,1145.814045
-0.593134,50,1146.276318
-0.495176,50,1146.760711
-0.580879,50,1147.235861
-0.562527,50,1147.714573
-0.714617,50,1148.358033
-0.477704,50,1149.007915
-0.777087,50,1149.715114
-0.978928,50,1150.360017
-1.081156,50,1151.074808
-0.868437,50,1151.560436
-0.952833,50,1152.047761
-0.466502,50,1152.513385
-0.701596,50,1152.995657
-0.511565,50,1153.460648
-0.784543,50,1153.942726
-0.758773,50,1154.396067
-0.597086,50,1154.877464
-0.660655,50,1155.361296
-0.83858,50,1155.838032
-0.570984,50,1156.306701
-0.584101,50,1156.800146
-0.421648,50,1157.272154
-0.483269,50,1157.738043
-1.849497,50,1158.225035
-0.6869,50,1158.680511
-0.732763,50,1159.162572
-1.185592,50,1159.615123
-0.663982,50,1160.108781
-0.926823,50,1160.600415
-0.490178,50,1161.094368
-0.617537,50,1161.76098
-0.815131,50,1162.406628
-1.07571,50,1163.078693
-0.989596,50,1163.736019
-0.629401,50,1164.419979
-0.888261,50,1164.906129
-0.587125,50,1165.381263
-0.431523,50,1165.840135
-0.44236,50,1166.320805
-0.458741,50,1166.794603
-0.496749,50,1167.273516
-0.728773,50,1167.743366
-0.871812,50,1168.212581
-0.749368,50,1168.698708
-0.451751,50,1169.167379
-0.681196,50,1169.659484
-0.778301,50,1170.127465
-0.461961,50,1170.596376
-0.537304,50,1171.06915
-0.47264,50,1171.550061
-0.578593,50,1172.017933
-0.702378,50,1172.497617
-1.03698,50,1172.959365
-0.761893,50,1173.432909
-1.345875,50,1173.913284
-0.616693,50,1174.401816
-0.626287,50,1175.078444
-0.74782,50,1175.754601
-0.742495,50,1176.389612
-0.674322,50,1177.034877
-0.610092,50,1177.659565
-0.481426,50,1178.173009
-0.843115,50,1178.638607
-0.654179,50,1179.126457
-0.717152,50,1179.598502
-0.90019,50,1180.107253
-1.003123,50,1180.573045
-0.627273,50,1181.067071
-0.747469,50,1181.532038
-0.333594,50,1182.029352
-0.866787,50,1182.486678
-0.945921,50,1182.980498
-0.594115,50,1183.456779
-0.487636,50,1183.949578
-0.726194,50,1184.414524
-0.646917,50,1184.884522
-2.097385,50,1185.377057
-0.683733,50,1185.840307
-0.665081,50,1186.313566
-0.82518,50,1186.780216
-0.717085,50,1187.249058
-0.816864,50,1187.827878
-0.486741,50,1188.478228
-0.610123,50,1189.157792
-0.853886,50,1189.781994
-0.647702,50,1190.489315
-0.73687,50,1191.041709
-0.806271,50,1191.525898
-0.444277,50,1191.999106
-1.338101,50,1192.491994
-0.43035,50,1192.953714
-0.650387,50,1193.428013
-0.479317,50,1193.892497
-0.638003,50,1194.374958
-0.801477,50,1194.838268
-0.669275,50,1195.313604
-0.774622,50,1195.784562
-0.783993,50,1196.272686
-1.396224,50,1196.753768
-0.855513,50,1197.223094
-0.56271,50,1197.701804
-0.574245,50,1198.178039
-0.601506,50,1198.650547
-0.487512,50,1199.120532
-0.486987,50,1199.599478
-0.602011,50,1200.080372
-0.639511,50,1200.548432
-0.563221,50,1201.15467
-0.612013,50,1201.793335
-0.441936,50,1202.47098
-0.574681,50,1203.0958
-0.504672,50,1203.815027
-0.686921,50,1204.306019
-1.01123,50,1204.775465
-0.906795,50,1205.268033
-0.449812,50,1205.734121
-1.660821,50,1206.247768
-0.765877,50,1206.729314
-0.640274,50,1207.211647
-0.749169,50,1207.675439
-0.705593,50,1208.177248
-0.564319,50,1208.637336
-0.491707,50,1209.120938
-0.623831,50,1209.59226
-0.722068,50,1210.081548
-0.554055,50,1210.551326
-0.65383,50,1211.028501
-0.731257,50,1211.492256
-0.76106,50,1211.96328
-0.422066,50,1212.435911
-0.52158,50,1212.898876
-0.421273,50,1213.368571
-1.511695,50,1213.842182
-0.611282,50,1214.531606
-0.743037,50,1215.184807
-1.844728,50,1215.858237
-0.493677,50,1216.511775
-0.57588,50,1217.155657
-0.654723,50,1217.649502
-0.466569,50,1218.121222
-0.754605,50,1218.601418
-0.895013,50,1219.078846
-0.424019,50,1219.552716
-0.65418,50,1220.023704
-0.597596,50,1220.538643
-0.381069,50,1221.01786
-0.742279,50,1221.496414
-0.519241,50,1221.96756
-0.73177,50,1222.436657
-0.717718,50,1222.927397
-0.761491,50,1223.394933
-0.748801,50,1223.886988
-0.455133,50,1224.388662
-0.635697,50,1224.889677
-0.883572,50,1225.368526
-0.803121,50,1225.841478
-0.740373,50,1226.306674
-0.762253,50,1226.783855
-0.666214,50,1227.374978
-0.496542,50,1228.040497
-0.749322,50,1228.693632
-2.166396,50,1229.382313
-0.38282,50,1230.079025
-0.599671,50,1230.592215
-0.824108,50,1231.098983
-1.283597,50,1231.569433
-1.061438,50,1232.064635
-0.506564,50,1232.521116
-0.945982,50,1232.999708
-0.775153,50,1233.461516
-1.312128,50,1233.949651
-0.719674,50,1234.425469
-0.736405,50,1234.894385
-0.563722,50,1235.386605
-0.589557,50,1235.863635
-0.762134,50,1236.331542
-0.532749,50,1236.79243
-1.589254,50,1237.286676
-1.193489,50,1237.746611
-0.343486,50,1238.241046
-0.569482,50,1238.709489
-0.615416,50,1239.194417
-0.4926,50,1239.661199
-1.992726,50,1240.155929
-0.547079,50,1240.830913
-1.477213,50,1241.521145
-1.169676,50,1242.167185
-0.823386,50,1242.820142
-0.669736,50,1243.49229
-0.826923,50,1243.959039
-0.594811,50,1244.437574
-0.709439,50,1244.907214
-0.596993,50,1245.370021
-0.860518,50,1245.850029
-0.478662,50,1246.31274
-0.965793,50,1246.788316
-0.528231,50,1247.254369
-0.739049,50,1247.73263
-0.622559,50,1248.198959
-0.837581,50,1248.677503
-1.727796,50,1249.167881
-0.57787,50,1249.644392
-0.612533,50,1250.107642
-0.607189,50,1250.557946
-0.351213,50,1251.03055
-0.813816,50,1251.510958
-0.627424,50,1251.993978
-0.61277,50,1252.459972
-0.611846,50,1252.950116
-0.57871,50,1253.442523
-0.509901,50,1254.110096
-0.795499,50,1254.79154
-1.055423,50,1255.435853
-0.949466,50,1256.087942
-0.30756,50,1256.70443
-1.075793,50,1257.198541
-1.006644,50,1257.673716
-1.362715,50,1258.179682
-0.682535,50,1258.653156
-0.690567,50,1259.154645
-0.593135,50,1259.639036
-0.754786,50,1260.824774
-0.474557,50,1261.315067
-0.773963,50,1261.789288
-0.833025,50,1262.295951
-0.617492,50,1262.77458
-0.77685,50,1263.291049
-0.707613,50,1263.760077
-1.195984,50,1264.269109
-0.843555,50,1264.740804
-0.53373,50,1265.244357
-1.527612,50,1265.729256
-0.50189,50,1266.198663
-1.006718,50,1266.775141
-0.512567,50,1267.473963
-0.915171,50,1268.143227
-0.532919,50,1268.82905
-0.547992,50,1269.487242
-0.788677,50,1270.067516
-0.794122,50,1270.526984
-0.9582,50,1271.00863
-0.359653,50,1271.478584
-0.736188,50,1271.983601
-0.622525,50,1272.466844
-0.700991,50,1272.962802
-0.749207,50,1273.439587
-0.644562,50,1273.922799
-0.646728,50,1274.39437
-0.71799,50,1274.879206
-0.61061,50,1275.354455
-0.719619,50,1275.83149
-0.715327,50,1276.293309
-0.563769,50,1276.742869
-2.057174,50,1277.238393
-1.721245,50,1277.704214
-0.730891,50,1278.1866
-0.858779,50,1278.667289
-0.596353,50,1279.146651
-1.078714,50,1279.638579
-0.737796,50,1280.281768
-0.544414,50,1280.926934
-0.520666,50,1281.596096
-0.748678,50,1282.215123
-0.55107,50,1282.907773
-0.817834,50,1283.392706
-0.709083,50,1283.859204
-0.683836,50,1284.33981
-1.105052,50,1284.822038
-0.77791,50,1285.309191
-0.919547,50,1285.776644
-0.628678,50,1286.268148
-0.695946,50,1286.73067
-0.95946,50,1287.208599
-0.950121,50,1287.678192
-0.7355,50,1288.153097
-0.451048,50,1288.632634
-1.834173,50,1289.123154
-0.641289,50,1289.610874
-1.149344,50,1290.093702
-0.646574,50,1290.568619
-0.584171,50,1291.037814
-0.876244,50,1291.517485
-1.862048,50,1292.002802
-0.519225,50,1292.478481
-0.604921,50,1292.952017
-0.535798,50,1293.63101
-1.482151,50,1294.302714
-0.707652,50,1294.956689
-0.443527,50,1295.615945
-0.6861,50,1296.265099
-0.543517,50,1296.738102
-0.428235,50,1297.216392
-0.915863,50,1297.698739
-1.740839,50,1298.190917
-0.888193,50,1298.687468
-0.762984,50,1299.174672
-0.656509,50,1299.644676
-0.770576,50,1300.134455
-0.36077,50,1300.605317
-0.425071,50,1301.077512
-0.647311,50,1301.531648
-0.549611,50,1302.015316
-0.813098,50,1302.492164
-0.777259,50,1302.97632
-0.559856,50,1303.443622
-0.632983,50,1303.928696
-1.27221,50,1304.412324
-1.722837,50,1304.911474
-0.859393,50,1305.434783
-0.784556,50,1305.911409
-0.431817,50,1306.516494
-0.673814,50,1307.171278
-0.451012,50,1307.827276
-0.744239,50,1308.477376
-0.888835,50,1309.199423
-0.538876,50,1309.707478
-0.65475,50,1310.182604
-0.700091,50,1310.674825
-1.176466,50,1311.149611
-0.513672,50,1311.616623
-0.724072,50,1312.084458
-0.818211,50,1312.558767
-0.507953,50,1313.020276
-0.646789,50,1313.487148
-0.444356,50,1313.951581
-0.543175,50,1314.435316
-0.72471,50,1314.900781
-0.664344,50,1315.365037
-0.793344,50,1315.834748
-0.906454,50,1316.300512
-0.413642,50,1316.774451
-0.986741,50,1317.233524
-0.876018,50,1317.711198
-0.674253,50,1318.180725
-0.838852,50,1318.660985
-0.454884,50,1319.123837
-0.489967,50,1319.76326
-0.512578,50,1320.393064
-0.599132,50,1321.065067
-0.616975,50,1321.688106
-0.638047,50,1322.381158
-0.754823,50,1322.89614
-0.481359,50,1323.353272
-0.72719,50,1323.831084
-1.026514,50,1324.301382
-0.866319,50,1324.775571
-0.627266,50,1325.247688
-0.435761,50,1325.724254
-0.610189,50,1326.206639
-0.634678,50,1326.68732
-0.746882,50,1327.184703
-0.571449,50,1327.650411
-0.431176,50,1328.133952
-0.630286,50,1328.614649
-0.683823,50,1329.128435
-1.010026,50,1329.587487
-1.240322,50,1330.076571
-0.90831,50,1330.558725
-1.822207,50,1331.072278
-0.671655,50,1331.541197
-0.739768,50,1332.01763
-0.732055,50,1332.492892
-0.76918,50,1333.178094
-0.912932,50,1333.835894
-0.60945,50,1334.477968
-0.745525,50,1335.130488
-0.835578,50,1335.77729
-0.810043,50,1336.246623
-0.947143,50,1336.723457
-0.847922,50,1337.198062
-0.754479,50,1337.675246
-1.178066,50,1338.161978
-0.611772,50,1338.640048
-0.483463,50,1339.116973
-0.676914,50,1339.606638
-0.783722,50,1340.07838
-0.781937,50,1340.552828
-0.762295,50,1341.030671
-0.500087,50,1341.514584
-1.434847,50,1342.017156
-0.665972,50,1342.490118
-0.681981,50,1342.979836
-0.617344,50,1343.450787
-0.528792,50,1343.937286
-0.634151,50,1344.410307
-0.630001,50,1344.908857
-0.692247,50,1345.382267
-0.658353,50,1346.001777
-0.736851,50,1346.642676
-0.524511,50,1347.330722
-0.472497,50,1347.988076
-0.488211,50,1348.666258
-0.934379,50,1349.185492
-0.636281,50,1349.661117
-1.370627,50,1350.172041
-0.713373,50,1350.637128
-0.463707,50,1351.125111
-0.675919,50,1351.599144
-0.619434,50,1352.081214
-0.565662,50,1352.546344
-0.460319,50,1353.031824
-0.705377,50,1353.502592
-1.110135,50,1353.984184
-0.490078,50,1354.444843
-0.887343,50,1354.911212
-0.911671,50,1355.394439
-0.739785,50,1355.874098
-0.741599,50,1356.366407
-0.804436,50,1356.848805
-0.402065,50,1357.338381
-0.63534,50,1357.822522
-0.57287,50,1358.306102
-0.850991,50,1358.803879
-0.773733,50,1359.511158
-0.50086,50,1360.149931
-0.545773,50,1360.807405
-1.841467,50,1361.497145
-1.064236,50,1362.127137
-2.410606,50,1362.608303
-2.01428,50,1363.095742
-0.778501,50,1363.571872
-0.561517,50,1364.064287
-0.402528,50,1364.546356
-0.515877,50,1365.02248
-0.576965,50,1365.488201
-0.889406,50,1365.971825
-0.516796,50,1366.430564
-0.980139,50,1366.917833
-0.611801,50,1367.386592
-0.52257,50,1367.885315
-1.131108,50,1368.355834
-0.706762,50,1368.838558
-0.712186,50,1369.322177
-0.578719,50,1369.814668
-0.724249,50,1370.286018
-0.761915,50,1370.76276
-0.425235,50,1371.237615
-0.82273,50,1371.72122
-0.650981,50,1372.326254
-0.662193,50,1372.979439
-0.645243,50,1373.656955
-0.495818,50,1374.312485
-0.552281,50,1375.019683
-0.730976,50,1375.542372
-0.536174,50,1376.040769
-0.460224,50,1376.518306
-0.897143,50,1377.018237
-0.738518,50,1377.493693
-0.562844,50,1377.978539
-0.524701,50,1378.464075
-0.41853,50,1378.948496
-0.984049,50,1379.444031
-0.734168,50,1379.926377
-0.806354,50,1380.408548
-0.606761,50,1380.884878
-0.518748,50,1381.35848
-0.741877,50,1381.82462
-0.703434,50,1382.321157
-0.51759,50,1382.787225
-0.63681,50,1383.269512
-0.510481,50,1383.734186
-0.777573,50,1384.226506
-0.376903,50,1384.682458
-0.901823,50,1385.170067
-0.576791,50,1385.889116
-0.708347,50,1386.580095
-0.513513,50,1387.210435
-0.856781,50,1387.88504
-0.583902,50,1388.546602
-0.649299,50,1389.066032
-0.783676,50,1389.544088
-0.816758,50,1390.014283
-1.329392,50,1390.485805
-0.974674,50,1390.981076
-0.672353,50,1391.435978
-0.568265,50,1391.921324
-0.787339,50,1392.372359
-0.507025,50,1392.849709
-0.456985,50,1393.31947
-0.680446,50,1393.791805
-0.669667,50,1394.269544
-0.75016,50,1394.741262
-0.547325,50,1395.218532
-0.440121,50,1395.679185
-0.687083,50,1396.1748
-0.7112,50,1396.640672
-0.86389,50,1397.137012
-0.358937,50,1397.608992
-0.545148,50,1398.095645
-0.541584,50,1398.670539
-0.67305,50,1399.330854
-1.048429,50,1399.989709
-0.537069,50,1400.623434
-0.535506,50,1401.333824
-1.315822,50,1401.938566
-0.886566,50,1402.431434
-0.511176,50,1402.900465
-0.47392,50,1403.398985
-0.552598,50,1403.895612
-0.650199,50,1404.376215
-0.651877,50,1404.852258
-0.52342,50,1405.341341
-0.558114,50,1405.806003
-0.659307,50,1406.301451
-0.575374,50,1406.763943
-0.51123,50,1407.257315
-0.589201,50,1407.720613
-0.766433,50,1408.185892
-0.828494,50,1408.658417
-0.417806,50,1409.132781
-1.228732,50,1409.621285
-0.508759,50,1410.095234
-0.665711,50,1410.568274
-0.677452,50,1411.045944
-0.58425,50,1411.524
-0.722629,50,1412.190613
-0.429888,50,1412.828642
-0.69832,50,1413.504818
-0.499217,50,1414.138534
-0.469001,50,1414.825465
-0.513464,50,1415.304631
-1.589492,50,1415.802807
-0.486577,50,1416.277813
-0.581074,50,1416.752369
-0.652243,50,1417.228746
-1.648937,50,1417.702044
-1.219698,50,1418.176434
-0.559695,50,1418.645269
-0.838849,50,1419.147943
-0.370504,50,1419.631491
-0.434507,50,1420.12223
-0.446561,50,1420.57952
-0.514039,50,1421.053645
-0.660838,50,1421.511639
-0.780286,50,1421.98975
-0.384596,50,1422.450157
-0.443313,50,1422.933613
-0.567694,50,1423.406592
-0.527378,50,1423.886963
-1.338586,50,1424.378277
-1.419701,50,1424.916821
-0.46951,50,1425.601982
-0.716339,50,1426.286415
-0.723287,50,1426.949044
-0.687721,50,1427.680703
-0.613104,50,1428.298026
-0.782232,50,1428.78298
-0.393646,50,1429.286579
-0.763601,50,1429.751304
-0.547452,50,1430.25518
-0.503391,50,1430.729841
-0.502504,50,1431.206429
-0.628915,50,1431.686195
-0.921149,50,1432.173617
-1.173136,50,1432.669856
-0.700161,50,1433.152827
-0.883516,50,1433.625581
-0.524239,50,1434.125873
-1.801608,50,1434.631897
-0.707853,50,1435.122757
-0.704116,50,1435.60057
-0.436773,50,1436.073739
-0.92908,50,1436.569291
-0.632966,50,1437.062296
-0.553773,50,1437.546313
-1.011841,50,1438.03573
-0.660468,50,1438.703532
-1.497613,50,1439.348027
-0.764712,50,1440.008947
-0.64873,50,1440.663562
-0.680076,50,1441.309424
-0.689397,50,1441.77928
-0.604284,50,1442.255076
-0.763794,50,1442.734373
-0.790282,50,1443.24696
-1.134589,50,1443.721769
-0.775013,50,1444.200047
-0.5322,50,1444.654547
-0.616837,50,1445.140382
-0.791631,50,1445.610883
-0.368805,50,1446.115519
-0.754942,50,1446.590037
-0.537039,50,1447.067609
-0.484174,50,1447.530082
-0.550269,50,1448.01139
-0.467561,50,1448.486334
-1.261705,50,1448.979256
-0.422526,50,1449.485596
-0.528756,50,1449.95614
-0.611852,50,1450.447623
-0.748616,50,1450.915406
-0.756864,50,1451.510058
-0.60243,50,1452.18831
-0.515425,50,1452.850677
-0.607128,50,1453.509959
-0.815528,50,1454.221486
-1.000458,50,1454.731081
-0.779524,50,1455.203528
-0.651103,50,1455.68539
-0.554296,50,1456.150994
-0.779554,50,1456.629204
-0.406907,50,1457.10654
-0.701101,50,1457.60455
-1.703963,50,1458.085806
-0.599425,50,1458.561284
-0.684879,50,1459.042856
-0.463813,50,1459.52336
-0.757834,50,1459.983579
-0.740131,50,1460.483382
-0.697803,50,1460.958255
-0.660236,50,1461.432753
-0.681014,50,1461.910808
-0.848827,50,1462.377233
-0.561997,50,1462.852778
-0.811988,50,1463.336753
-0.58672,50,1463.804288
-0.68334,50,1464.283151
-0.646097,50,1464.942898
-0.578477,50,1465.568896
-0.687358,50,1466.22402
-0.804093,50,1466.921016
-0.876477,50,1467.599972
-0.621066,50,1468.085724
-0.614014,50,1468.553762
-0.481043,50,1469.047499
-0.760305,50,1469.542782
-0.714121,50,1470.020026
-0.595524,50,1470.488266
-0.629977,50,1470.971149
-0.802824,50,1471.445963
-0.552839,50,1471.920094
-0.863568,50,1472.399921
-0.671328,50,1472.866893
-0.851037,50,1473.352218
-1.308174,50,1473.836213
-0.804682,50,1474.33281
-0.859842,50,1474.799381
-0.593945,50,1475.296223
-0.919898,50,1475.769307
-0.633007,50,1476.258229
-0.750123,50,1476.716084
-0.546476,50,1477.207049
-0.644387,50,1477.745806
-0.925268,50,1478.410814
-0.739949,50,1479.068717
-0.34712,50,1479.747081
-0.567024,50,1480.405073
-0.551814,50,1481.026377
-0.606893,50,1481.504872
-0.638133,50,1481.975449
-0.406831,50,1482.446411
-0.458782,50,1482.92774
-0.617671,50,1483.397871
-0.585945,50,1483.88394
-0.629643,50,1484.348893
-0.64844,50,1484.822275
-0.872713,50,1485.294632
-1.017568,50,1485.789274
-0.785212,50,1486.269408
-0.734308,50,1486.757896
-0.8299,50,1487.244987
-0.707841,50,1487.730208
-0.403065,50,1488.208397
-0.648209,50,1488.702251
-0.990881,50,1489.177181
-0.96757,50,1489.663188
-0.688474,50,1490.142638
-0.620531,50,1490.606383
-0.722636,50,1491.222412
-0.712093,50,1491.868786
-0.704835,50,1492.527049
-0.779922,50,1493.168813
-0.552656,50,1493.874252
-0.678428,50,1494.391854
-0.929939,50,1494.885801
-0.786974,50,1495.366493
-0.573447,50,1495.827468
-1.69914,50,1496.324894
-0.799003,50,1496.804495
-0.594894,50,1497.292988
-0.479628,50,1497.76465
-0.526504,50,1498.262597
-0.706478,50,1498.735806
-0.524913,50,1499.235338
-0.867022,50,1499.716608
-0.666993,50,1500.202591
-0.814358,50,1500.679576
-0.915847,50,1501.152349
-0.721052,50,1501.639844
-0.507265,50,1502.126771
-0.772795,50,1502.624905
-0.517244,50,1503.089895
-0.604944,50,1503.568108
-0.528646,50,1504.098045
-0.915166,50,1504.763553
-0.764908,50,1505.405009
-0.764948,50,1506.061627
-0.581807,50,1506.717746
-0.522122,50,1507.313716
-0.615762,50,1507.790737
-0.510345,50,1508.262314
-0.540068,50,1508.749486
-1.23794,50,1509.218661
-0.973637,50,1509.738174
-2.539976,50,1510.213346
-1.386068,50,1510.702978
-0.60824,50,1511.177625
-0.737808,50,1511.659783
-0.87304,50,1512.15636
-0.746763,50,1512.642362
-0.69948,50,1513.135395
-0.530972,50,1513.607192
-0.671574,50,1514.089474
-0.360218,50,1514.555331
-0.542907,50,1515.033381
-0.596087,50,1515.490233
-0.705722,50,1515.964528
-0.767269,50,1516.426383
-0.564214,50,1516.908467
-0.864122,50,1517.503756
-0.79967,50,1518.153231
-0.648503,50,1519.821283
-0.941898,50,1520.463838
-0.906234,50,1520.924085
-1.596932,50,1521.405258
-0.932264,50,1521.874929
-0.747137,50,1522.356556
-0.88211,50,1522.817466
-0.631907,50,1523.298658
-0.610765,50,1523.771443
-0.755742,50,1524.249244
-0.61062,50,1524.717496
-1.651988,50,1525.204856
-0.814564,50,1525.682048
-0.799177,50,1526.148275
-0.627445,50,1526.644958
-0.598172,50,1527.123217
-0.642968,50,1527.620782
-0.503089,50,1528.123408
-0.839827,50,1528.648166
-0.860779,50,1529.118561
-0.960224,50,1529.613786
-1.080695,50,1530.090699
-0.778681,50,1530.691412
-0.8519,50,1531.330331
-0.47871,50,1532.017195
-0.850695,50,1532.688684
-0.579295,50,1533.373134
-0.54019,50,1533.894579
-1.056217,50,1534.366766
-0.713615,50,1534.845198
-0.789597,50,1535.313858
-0.455154,50,1535.792317
-0.537456,50,1536.252214
-0.842989,50,1536.740237
-1.496052,50,1537.220803
-0.679235,50,1537.689033
-0.608628,50,1538.1781
-0.648282,50,1538.64847
-0.869646,50,1539.128214
-0.97678,50,1539.607217
-0.71257,50,1540.13019
-0.603962,50,1540.602891
-0.738642,50,1541.087054
-1.566777,50,1541.563712
-1.524805,50,1542.060804
-0.769741,50,1542.529593
-0.915589,50,1543.010588
-0.758615,50,1543.518169
-0.466836,50,1544.181388
-0.428826,50,1544.808402
-0.765246,50,1545.475547
-0.81085,50,1546.111491
-0.629953,50,1546.763819
-0.568475,50,1547.268391
-0.629852,50,1547.767845
-0.70002,50,1548.245746
-0.462191,50,1548.735382
-0.576523,50,1549.21126
-0.550021,50,1549.691421
-0.835819,50,1550.174965
-0.873415,50,1550.656765
-1.652647,50,1551.139741
-0.601068,50,1551.612278
-0.495688,50,1552.074775
-0.847143,50,1552.549039
-0.738847,50,1553.012212
-0.729762,50,1553.48014
-1.937943,50,1553.968713
-0.718542,50,1554.458489
-0.730135,50,1554.945957
-0.612577,50,1555.422039
-0.718531,50,1555.919894
-0.85945,50,1556.397428
-0.405383,50,1557.059031
-0.466204,50,1557.724604
-0.699327,50,1558.428316
-0.637692,50,1559.092989
-0.689867,50,1559.811554
-0.650871,50,1560.308094
-0.41745,50,1560.780248
-0.813645,50,1561.271353
-0.643276,50,1561.72296
-0.568972,50,1562.204003
-0.612977,50,1562.665999
-1.024247,50,1563.156191
-0.531191,50,1563.622517
-0.801041,50,1564.10941
-0.768631,50,1564.579411
-0.833213,50,1565.068619
-0.546254,50,1565.538527
-0.656376,50,1566.019162
-0.591153,50,1566.477336
-1.317144,50,1566.964284
-0.662616,50,1567.434516
-1.711016,50,1567.941949
-0.631041,50,1568.423202
-0.742095,50,1568.898473
-0.665949,50,1569.375013
-0.728111,50,1569.894863
-1.240188,50,1570.610705
-0.864951,50,1571.298876
-0.608503,50,1571.94211
-0.682853,50,1572.614357
-0.60533,50,1573.246714
-0.777965,50,1573.735784
-0.466312,50,1574.206576
-0.472194,50,1574.687873
-0.519778,50,1575.153308
-0.623978,50,1575.631707
-0.709909,50,1576.112503
-1.569718,50,1576.607781
-0.657896,50,1577.069094
-0.700701,50,1577.551702
-0.53552,50,1578.058538
-0.644585,50,1578.535431
-0.591693,50,1579.003952
-0.710173,50,1579.466656
-0.788214,50,1579.951508
-0.702058,50,1580.452626
-0.665047,50,1580.948381
-0.560847,50,1581.43385
-0.476778,50,1581.933136
-1.350741,50,1582.41696
-0.584852,50,1582.917271
-0.535062,50,1583.57552
-0.710572,50,1584.222847
-0.671114,50,1584.893754
-0.494852,50,1585.517809
-0.764486,50,1586.22917
-1.156785,50,1586.709153
-0.700706,50,1587.182707
-0.551772,50,1587.642442
-1.197034,50,1588.139571
-0.462475,50,1588.611784
-0.481843,50,1589.096733
-0.397614,50,1589.55647
-0.600329,50,1590.036523
-0.616371,50,1590.49181
-0.625801,50,1590.975706
-0.428013,50,1591.47026
-0.91952,50,1591.960083
-0.795606,50,1592.441598
-0.628415,50,1592.924536
-1.071917,50,1593.411628
-1.292992,50,1593.904113
-0.414811,50,1594.388349
-0.448409,50,1594.859807
-0.449833,50,1595.340165
-0.507,50,1595.803232
-0.464864,50,1596.346237
-0.520144,50,1596.999882
-0.393931,50,1597.683179
-0.4674,50,1598.326768
-0.539432,50,1598.967615
-0.559028,50,1599.562306
-0.677047,50,1600.062209
-0.555622,50,1600.536291
-0.643791,50,1600.998848
-0.629053,50,1601.467491
-0.598054,50,1601.936609
-0.433738,50,1602.406266
-0.525946,50,1602.886584
-0.491734,50,1603.357313
-0.317852,50,1603.82492
-0.694926,50,1604.299743
-0.616784,50,1604.778058
-0.505219,50,1605.252384
-1.691796,50,1605.74236
-0.879829,50,1606.224802
-0.430414,50,1606.692254
-0.290946,50,1607.151499
-0.344783,50,1607.616747
-0.531622,50,1608.099568
-0.680862,50,1608.583903
-0.726449,50,1609.077754
-1.71284,50,1609.695048
-1.894428,50,1610.356184
-0.439157,50,1611.006936
-0.806421,50,1611.631811
-0.809743,50,1612.308959
-0.470884,50,1612.839121
-0.357419,50,1613.314114
-0.75959,50,1613.766174
-0.606332,50,1614.247426
-0.618362,50,1614.706701
-0.653216,50,1615.181233
-0.609119,50,1615.639415
-1.160721,50,1616.126259
-0.507721,50,1616.598413
-0.400828,50,1617.081713
-0.580207,50,1617.543802
-0.924688,50,1618.00612
-0.563121,50,1618.484307
-0.671614,50,1618.95119
-0.432726,50,1619.427119
-0.417662,50,1619.893366
-0.652071,50,1620.385352
-0.638224,50,1620.849524
-0.631831,50,1621.332409
-0.383009,50,1621.788567
-0.583306,50,1622.271626
-1.505429,50,1622.870116
-0.329219,50,1623.502436
-0.634806,50,1624.178728
-0.923379,50,1624.819359
-1.2312,50,1625.546563
-0.768608,50,1626.048114
-0.547954,50,1626.533092
-0.541756,50,1627.010007
-0.625836,50,1627.496228
-0.34321,50,1627.975285
-0.403375,50,1628.509179
-0.656821,50,1628.993195
-0.821214,50,1629.458292
-0.577853,50,1629.941709
-0.480151,50,1630.436681
-0.750524,50,1630.92382
-0.435558,50,1631.383618
-0.935525,50,1631.858867
-0.574681,50,1632.329299
-0.375403,50,1632.804204
-0.456531,50,1633.272505
-1.671275,50,1633.754814
-0.714974,50,1634.225556
-0.568012,50,1634.712369
-0.676506,50,1635.178498
-0.320327,50,1635.651947
-0.620164,50,1636.339931
-0.356348,50,1637.023824
-0.440951,50,1637.66311
-1.651282,50,1638.347666
-0.788575,50,1638.998304
-0.642743,50,1639.462206
-1.259839,50,1639.934623
-0.444131,50,1640.427038
-0.776938,50,1640.889643
-1.840937,50,1641.381874
-0.607668,50,1641.839532
-0.681379,50,1642.316824
-0.691449,50,1642.776515
-0.681094,50,1643.260932
-0.506105,50,1643.716455
-0.775368,50,1644.203691
-0.502465,50,1644.670122
-0.628858,50,1645.165639
-0.874438,50,1645.633699
-0.582015,50,1646.099312
-0.63218,50,1646.579619
-0.336729,50,1647.051042
-0.460907,50,1647.528623
-1.242774,50,1648.010649
-0.717746,50,1648.488614
-0.765567,50,1649.099367
-0.508254,50,1649.746277
-0.490493,50,1650.4308
-0.539181,50,1651.065687
-0.632471,50,1651.745516
-1.872523,50,1652.320287
-0.638741,50,1652.796508
-0.589207,50,1653.267896
-0.722882,50,1653.74803
-1.518401,50,1654.239568
-0.686415,50,1654.709571
-0.676923,50,1655.176397
-4.759359,50,1655.65733
-6.049423,50,1656.116643
-8.603785,50,1656.576404
-3.425002,50,1657.073519
-2.59401,50,1657.558103
-1.036051,50,1658.039956
-0.63379,50,1658.51064
-0.648716,50,1658.994115
-0.457757,50,1659.468591
-1.717848,50,1659.975402
-0.73134,50,1660.476291
-0.517261,50,1660.95998
-0.675672,50,1661.439781
-0.595967,50,1661.925884
-0.715662,50,1662.589234
-0.526351,50,1663.241156
-0.700957,50,1663.90099
-0.855298,50,1664.545623
-0.707046,50,1665.249169
-0.500202,50,1665.724186
-0.500076,50,1666.221204
-0.575967,50,1666.685353
-0.472496,50,1667.169401
-0.410511,50,1667.634348
-0.585421,50,1668.113805
-0.437312,50,1668.602084
-0.486529,50,1669.077165
-0.640596,50,1669.562244
-1.46756,50,1670.05535
-0.325001,50,1670.540788
-0.629454,50,1671.020393
-0.406502,50,1671.492409
-2.195832,50,1671.98518
-0.701193,50,1672.472491
-1.004526,50,1672.955519
-1.27741,50,1673.459767
-0.449367,50,1673.939392
-0.712516,50,1674.423786
-0.835269,50,1674.9057
-1.0003,50,1675.52827
-0.341748,50,1676.162834
-0.622262,50,1676.849292
-0.548938,50,1677.49636
-0.982748,50,1678.230615
-0.352014,50,1678.754691
-0.687514,50,1679.214188
-0.577518,50,1679.675285
-0.508008,50,1680.137235
-0.727538,50,1680.616402
-0.839321,50,1681.093405
-0.692303,50,1681.553958
-0.572062,50,1682.037537
-1.008435,50,1682.503089
-0.787595,50,1682.981106
-0.847384,50,1683.44801
-0.823062,50,1683.926113
-0.980301,50,1684.399081
-0.967501,50,1684.89242
-0.563594,50,1685.364021
-0.548631,50,1685.833981
-0.61142,50,1686.301394
-0.818015,50,1686.757392
-0.679375,50,1687.247926
-0.547221,50,1687.701181
-0.409477,50,1688.17737
-0.536593,50,1688.776325
-0.516822,50,1689.424414
-0.419424,50,1690.094439
-0.609578,50,1690.742247
-1.468824,50,1691.465962
-0.568657,50,1691.95155
-1.011116,50,1692.432856
-0.765627,50,1692.914788
-1.388612,50,1693.403789
-0.492128,50,1693.862189
-0.677972,50,1694.334448
-0.620257,50,1694.801263
-1.474099,50,1695.303902
-1.055906,50,1695.768151
-0.839206,50,1696.26768
-0.4512,50,1696.732246
-0.452506,50,1697.194501
-0.802914,50,1697.665397
-0.629479,50,1698.130975
-0.345264,50,1698.613458
-1.94272,50,1699.093219
-0.958316,50,1699.572793
-0.60763,50,1700.03856
-0.586449,50,1700.567584
-0.525533,50,1701.032003
-0.560642,50,1701.496457
-0.761354,50,1702.149017
-0.811652,50,1702.806143
-0.585771,50,1703.445298
-0.542803,50,1704.092763
-0.785364,50,1704.75871
-0.393988,50,1705.237107
-0.745562,50,1705.708259
-0.76175,50,1706.18026
-0.675704,50,1706.646188
-0.445459,50,1707.132927
-0.703184,50,1707.600754
-0.674168,50,1708.083973
-0.621737,50,1708.547583
-0.474611,50,1709.032148
-0.532948,50,1709.534614
-0.936483,50,1710.032508
-0.871929,50,1710.50429
-0.708012,50,1710.988575
-0.576056,50,1711.44653
-0.71771,50,1711.924297
-0.598242,50,1712.40712
-0.366723,50,1712.88577
-0.69741,50,1713.36445
-0.427518,50,1713.829478
-0.595687,50,1714.30429
-0.906938,50,1714.843805
-0.457604,50,1715.514215
-0.620998,50,1716.177035
-0.828294,50,1716.804623
-0.578056,50,1717.477886
-0.728472,50,1718.064639
-1.411315,50,1718.554905
-0.49817,50,1719.024299
-0.355682,50,1719.510957
-0.441854,50,1719.989233
-0.59609,50,1720.471059
-0.55596,50,1720.967498
-0.739756,50,1721.446002
-1.407795,50,1721.928609
-0.53829,50,1722.403339
-0.664576,50,1722.878374
-0.651544,50,1723.371002
-0.999431,50,1723.831672
-0.607441,50,1724.299716
-0.554725,50,1724.77157
-0.402278,50,1725.24186
-0.512319,50,1725.719392
-0.732291,50,1726.190606
-0.500498,50,1726.663466
-0.447108,50,1727.134644
-0.510452,50,1727.60967
-0.560015,50,1728.207793
-0.477586,50,1728.875137
-0.637633,50,1729.569499
-0.59592,50,1730.250926
-0.576969,50,1730.977212
-0.598494,50,1731.444134
-0.459486,50,1731.929393
-0.474435,50,1732.393289
-0.439712,50,1732.874835
-0.638122,50,1733.340467
-1.516415,50,1733.834417
-0.621094,50,1734.310759
-0.533705,50,1734.770015
-0.654558,50,1735.241965
-0.525087,50,1735.699181
-0.63717,50,1736.168611
-0.477209,50,1736.622359
-0.437692,50,1737.101781
-0.600058,50,1737.571338
-0.621299,50,1738.044074
-0.47345,50,1738.49703
-0.501384,50,1738.971505
-0.470179,50,1739.437506
-0.58715,50,1739.902869
-0.733504,50,1740.3798
-0.588489,50,1740.847577
-0.470833,50,1741.482997
-0.580225,50,1742.10692
-0.98835,50,1742.764769
-0.572983,50,1743.392967
-0.560509,50,1744.089916
-0.505986,50,1744.581136
-0.759063,50,1745.044664
-0.583554,50,1745.520257
-0.715431,50,1745.991835
-0.710979,50,1746.465698
-0.632324,50,1746.930262
-1.673265,50,1747.429187
-0.47519,50,1747.901717
-0.505289,50,1748.364382
-0.499401,50,1748.843128
-0.637872,50,1749.311492
-0.848652,50,1749.792549
-1.22986,50,1750.270717
-0.827184,50,1750.774628
-0.826304,50,1751.242468
-0.551089,50,1751.716295
-0.710987,50,1752.187249
-0.452849,50,1752.670737
-0.569541,50,1753.137424
-0.468405,50,1753.613252
-0.509891,50,1754.075263
-0.627791,50,1754.710955
-0.968326,50,1755.336239
-0.767887,50,1755.995165
-0.67199,50,1756.600794
-0.659619,50,1757.319258
-0.414858,50,1757.775863
-0.522122,50,1758.262712
-0.541769,50,1758.728316
-0.672028,50,1759.219433
-0.486142,50,1759.680356
-0.432943,50,1760.160591
-0.55386,50,1760.647791
-0.710199,50,1761.136767
-0.55665,50,1761.593487
-0.66152,50,1762.071666
-0.777877,50,1762.528663
-0.715904,50,1763.000264
-0.69025,50,1763.477757
-0.604124,50,1763.946181
-0.752156,50,1764.42508
-0.637699,50,1764.882442
-1.589445,50,1765.372538
-0.59468,50,1765.828452
-0.772393,50,1766.300901
-0.408005,50,1766.755336
-0.613286,50,1767.234443
-0.616197,50,1767.89751
-0.661072,50,1768.550094
-0.589407,50,1769.206187
-0.720023,50,1769.841254
-0.958331,50,1770.531818
-0.612044,50,1770.998538
-0.555298,50,1771.47528
-0.447507,50,1771.937633
-0.44148,50,1772.408448
-0.724697,50,1772.891268
-0.29554,50,1773.355513
-0.416868,50,1773.830997
-0.43634,50,1774.300057
-0.484555,50,1774.771148
-0.535452,50,1775.243214
-0.582362,50,1775.723833
-0.53296,50,1776.938576
-1.067573,50,1777.404795
-0.744523,50,1777.889778
-0.489438,50,1778.347167
-0.551436,50,1778.824309
-0.623729,50,1779.299579
-0.695526,50,1779.776513
-0.827697,50,1780.249415
-0.618722,50,1780.888621
-0.573064,50,1781.507776
-0.480017,50,1782.166361
-0.641188,50,1782.774798
-0.486364,50,1783.478151
-1.040555,50,1784.010176
-0.792516,50,1784.480323
-0.920134,50,1784.941638
-0.632946,50,1785.42154
-0.431687,50,1785.891835
-0.680217,50,1786.381253
-0.706451,50,1786.852952
-0.919589,50,1787.350491
-0.671245,50,1787.8155
-0.564718,50,1788.305612
-0.62692,50,1788.775712
-0.45695,50,1789.289263
-1.062992,50,1789.779335
-0.94568,50,1790.292876
-0.644047,50,1790.792394
-0.492202,50,1791.280077
-1.083473,50,1791.75506
-0.566729,50,1792.223304
-0.663055,50,1792.692136
-0.968346,50,1793.176434
-0.666589,50,1793.643662
-0.872518,50,1794.319195
-1.015153,50,1794.984998
-0.479839,50,1795.639332
-1.288177,50,1796.303854
-0.351626,50,1796.951667
-0.716396,50,1797.431142
-0.488022,50,1797.919685
-0.377499,50,1798.383156
-0.631668,50,1798.858086
-0.558898,50,1799.330961
-1.346655,50,1799.830024
-0.687558,50,1800.302785
-0.694933,50,1800.780495
-0.321191,50,1801.241752
-0.586121,50,1801.710866
-0.947077,50,1802.196477
-0.780072,50,1802.646976
-0.643855,50,1803.118356
-0.636026,50,1803.576349
-1.316627,50,1804.070658
-1.430733,50,1804.547703
-0.666089,50,1805.024294
-0.468854,50,1805.485605
-0.426777,50,1805.956938
-0.762679,50,1806.418093
-0.648455,50,1806.940398
-0.635394,50,1807.58671
-0.840157,50,1808.25184
-0.798502,50,1808.884982
-0.45522,50,1809.537737
-0.607028,50,1810.159336
-0.592619,50,1810.609077
-0.712709,50,1811.114276
-0.773562,50,1811.586331
-1.379152,50,1812.070536
-0.593529,50,1812.546935
-0.608331,50,1813.020315
-0.6112,50,1813.495442
-0.662924,50,1813.962727
-0.75716,50,1814.446483
-0.507497,50,1814.90383
-0.511827,50,1815.379036
-0.530215,50,1815.843
-0.562089,50,1816.321422
-0.442155,50,1816.77445
-0.740343,50,1817.238029
-0.678963,50,1817.728724
-0.362143,50,1818.184506
-0.610769,50,1818.652005
-0.741014,50,1819.106881
-1.31438,50,1819.600057
-0.617496,50,1820.13933
-0.463195,50,1820.821389
-0.705686,50,1821.465006
-0.729954,50,1822.118154
-0.74635,50,1822.79709
-1.866979,50,1823.378789
-1.838116,50,1823.861408
-0.824236,50,1824.325402
-0.476676,50,1824.794767
-0.460022,50,1825.265589
-0.651447,50,1825.725384
-0.593641,50,1826.205626
-0.451331,50,1826.667184
-0.747466,50,1827.153231
-1.590683,50,1827.632031
-0.894154,50,1828.144576
-1.573123,50,1828.603425
-1.029488,50,1829.094417
-0.626388,50,1829.563524
-0.416595,50,1830.038411
-1.852862,50,1830.513983
-0.724352,50,1831.00502
-0.457443,50,1831.471681
-0.619945,50,1831.943354
-0.48754,50,1832.422594
-1.874825,50,1832.900415
-0.33901,50,1833.513595
-0.455317,50,1834.152343
-0.589671,50,1834.801546
-1.038903,50,1835.430366
-1.069732,50,1836.118475
-0.776706,50,1836.624801
-0.448269,50,1837.088126
-1.850552,50,1837.587726
-0.304102,50,1838.053145
-0.551392,50,1838.526936
-0.41912,50,1838.997944
-0.584936,50,1839.4857
-0.550422,50,1839.960592
-0.479733,50,1840.444636
-0.565852,50,1840.917142
-0.679495,50,1841.438757
-0.656423,50,1841.907401
-0.791538,50,1842.380492
-0.751237,50,1842.867677
-0.4395,50,1843.344223
-0.388544,50,1843.817104
-0.590765,50,1844.287044
-0.483319,50,1844.753446
-0.723179,50,1845.224746
-0.565163,50,1845.70659
-0.416021,50,1846.174384
-0.741192,50,1846.839812
-0.557774,50,1847.46657
-1.010413,50,1848.14218
-0.67362,50,1848.799593
-0.585577,50,1849.460349
-0.681596,50,1849.935426
-0.743844,50,1850.394462
-0.434472,50,1850.872561
-0.844828,50,1851.334826
-0.574483,50,1851.795155
-0.481512,50,1852.271889
-0.729159,50,1852.733991
-0.458422,50,1853.215733
-0.594939,50,1853.682031
-1.991429,50,1854.18468
-0.511317,50,1854.661718
-0.77367,50,1855.144707
-0.587387,50,1855.602827
-1.863693,50,1856.097911
-0.564822,50,1856.568686
-0.53433,50,1857.049205
-0.446401,50,1857.514656
-0.474995,50,1857.992961
-0.627473,50,1858.473646
-0.599451,50,1858.950641
-0.626287,50,1859.484315
-0.976202,50,1860.170188
-0.710613,50,1860.833781
-0.849224,50,1861.490074
-0.941887,50,1862.145983
-0.428249,50,1862.748112
-0.469651,50,1863.227542
-0.532593,50,1863.701449
-0.471087,50,1864.161569
-0.381904,50,1864.63402
-0.554972,50,1865.097256
-0.753793,50,1865.580728
-0.553189,50,1866.05721
-0.361165,50,1866.530923
-0.967808,50,1867.0085
-0.60528,50,1867.479643
-0.452463,50,1867.945078
-0.750941,50,1868.407371
-0.677409,50,1868.892534
-0.53459,50,1869.361632
-0.790004,50,1869.842314
-0.616862,50,1870.308622
-1.338805,50,1870.805725
-0.717474,50,1871.303707
-0.720389,50,1871.785499
-0.74432,50,1872.256992
-1.192365,50,1872.87213
-0.628216,50,1873.506404
-0.686269,50,1874.166551
-0.681671,50,1874.809886
-0.474165,50,1875.485456
-0.549359,50,1876.028182
-0.990634,50,1876.499765
-0.757967,50,1876.981212
-0.714242,50,1877.443243
-1.007141,50,1877.933337
-0.401668,50,1878.403493
-0.817639,50,1878.893312
-0.659643,50,1879.366044
-0.805417,50,1879.834261
-0.517328,50,1880.335579
-0.534958,50,1880.830324
-1.940886,50,1881.327904
-0.714698,50,1881.800286
-0.679872,50,1882.294196
-0.445503,50,1882.774367
-0.574443,50,1883.285473
-0.410179,50,1883.76082
-1.897022,50,1884.271566
-1.144343,50,1884.762885
-0.821179,50,1885.260723
-0.741183,50,1885.798238
-0.617814,50,1886.466594
-0.520351,50,1887.117609
-0.660999,50,1887.772578
-0.600579,50,1888.480115
-0.588016,50,1889.102057
-0.51855,50,1889.587856
-0.374279,50,1890.065587
-0.57304,50,1890.543124
-1.603592,50,1891.035773
-0.541219,50,1891.536449
-0.561533,50,1892.034889
-0.646825,50,1892.506615
-1.974709,50,1893.013922
-1.306894,50,1893.498767
-0.551598,50,1893.996481
-0.730524,50,1894.454025
-0.416721,50,1894.934219
-0.423285,50,1895.393847
-0.560361,50,1895.886042
-0.938687,50,1896.367743
-1.314733,50,1896.869961
-0.509231,50,1897.342216
-0.523272,50,1897.824775
-0.688187,50,1898.292777
-0.631346,50,1898.774486
-1.310604,50,1899.432072
-0.509199,50,1900.059117
-0.58734,50,1900.71972
-0.841354,50,1901.403624
-0.506322,50,1902.108589
-0.635557,50,1902.575144
-0.674812,50,1903.058266
-1.293868,50,1903.543633
-0.705694,50,1904.037809
-0.700506,50,1904.49325
-0.55017,50,1904.954329
-0.454412,50,1905.426535
-0.548408,50,1905.894607
-0.451198,50,1906.371636
-0.505946,50,1906.831321
-2.003967,50,1907.319841
-0.411263,50,1907.781928
-0.431513,50,1908.267478
-0.398107,50,1908.739197
-1.281585,50,1909.239954
-0.564131,50,1909.701702
-0.733931,50,1910.18382
-0.67513,50,1910.654339
-0.951507,50,1911.134479
-0.681565,50,1911.617502
-0.474299,50,1912.082284
-0.521364,50,1912.765874
-0.525321,50,1913.413946
-0.572985,50,1914.06874
-0.462189,50,1914.70607
-0.665935,50,1915.357455
-0.53755,50,1915.832317
-0.697361,50,1916.296498
-0.699371,50,1916.776433
-0.656167,50,1917.256948
-0.552857,50,1917.747524
-0.493386,50,1918.220555
-0.697058,50,1918.695565
-0.338814,50,1919.167292
-0.765481,50,1919.641694
-0.852626,50,1920.127722
-0.693244,50,1920.592832
-0.56058,50,1921.092173
-0.551274,50,1921.561951
-0.521294,50,1922.044941
-0.634222,50,1922.515459
-1.797551,50,1923.006634
-0.543114,50,1923.463287
-0.59361,50,1923.94315
-0.564262,50,1924.414144
-0.312127,50,1924.897734
-0.774076,50,1925.434857
-0.593389,50,1926.115158
-0.417034,50,1926.763228
-0.577643,50,1927.410997
-0.666439,50,1928.083081
-0.708274,50,1928.658029
-0.433099,50,1929.143708
-0.875251,50,1929.620701
-1.373895,50,1930.090458
-2.258663,50,1930.582134
-0.885763,50,1931.071764
-1.028308,50,1931.575423
-1.376418,50,1932.05426
-0.423341,50,1932.527346
-0.77556,50,1933.00157
-0.438256,50,1933.477069
-0.389859,50,1933.955379
-0.774531,50,1934.446669
-0.651302,50,1934.92498
-0.606538,50,1935.406035
-0.598871,50,1935.875751
-0.598162,50,1936.355736
-0.386662,50,1936.820403
-0.482608,50,1937.293641
-0.67065,50,1937.781968
-0.481206,50,1938.26088
-0.550863,50,1938.913404
-0.503226,50,1939.546649
-1.937277,50,1940.225297
-0.611066,50,1940.854055
-0.821541,50,1941.557666
-0.607099,50,1942.04171
-0.582795,50,1942.504638
-0.679503,50,1942.988653
-0.385674,50,1943.454524
-0.99984,50,1943.952485
-0.497202,50,1944.417481
-0.475894,50,1944.9106
-0.626356,50,1945.385769
-0.365245,50,1945.865124
-0.417962,50,1946.326156
-0.552548,50,1946.796704
-2.181667,50,1947.283359
-0.791396,50,1947.750641
-0.512233,50,1948.241161
-0.431318,50,1948.705622
-0.463548,50,1949.186257
-0.839255,50,1949.672773
-0.695641,50,1950.157264
-0.596964,50,1950.640751
-0.460337,50,1951.130303
-0.709307,50,1951.612174
-0.601596,50,1952.333859
-0.779814,50,1952.982044
-0.517742,50,1953.625389
-0.655595,50,1954.294834
-0.722764,50,1954.912623
-0.636327,50,1955.384532
-0.857004,50,1955.862829
-0.856476,50,1956.357474
-0.491577,50,1956.818516
-0.599698,50,1957.306649
-0.523503,50,1957.764128
-0.637746,50,1958.226669
-0.884886,50,1958.697592
-0.60595,50,1959.163957
-0.707749,50,1959.657102
-0.733477,50,1960.122217
-0.449341,50,1960.592345
-0.706077,50,1961.063881
-0.583739,50,1961.538074
-0.389586,50,1962.037127
-0.479474,50,1962.519343
-0.375109,50,1963.015272
-0.598846,50,1963.493907
-0.625537,50,1963.962492
-0.750448,50,1964.430191
-1.736897,50,1965.025333
-0.583142,50,1965.664294
-0.44185,50,1966.323513
-0.646442,50,1966.963649
-1.335796,50,1967.630723
-0.441234,50,1968.220523
-0.5772,50,1968.705247
-0.701289,50,1969.194259
-0.62828,50,1969.666214
-0.41759,50,1970.152537
-0.458209,50,1970.613341
-0.48849,50,1971.096482
-0.658178,50,1971.562227
-0.682801,50,1972.046813
-0.680779,50,1972.535742
-0.461219,50,1973.017232
-0.491745,50,1973.478641
-0.386426,50,1973.959733
-0.624684,50,1974.4316
-0.571561,50,1974.907092
-0.544849,50,1975.370407
-0.831302,50,1975.835667
-1.51775,50,1976.3292
-0.538433,50,1976.787558
-0.483047,50,1977.271483
-0.59581,50,1977.734405
-0.501638,50,1978.360631
-0.643943,50,1978.971261
-0.674765,50,1979.628271
-0.631803,50,1980.260155
-0.729601,50,1980.917891
-0.960062,50,1981.454678
-0.773576,50,1981.920557
-0.678694,50,1982.406277
-0.68365,50,1982.881253
-0.625513,50,1983.349229
-0.761898,50,1983.822531
-0.473948,50,1984.306374
-0.452097,50,1984.760834
-0.55097,50,1985.222615
-0.844575,50,1985.691733
-0.557379,50,1986.161392
-0.483918,50,1986.634414
-2.015186,50,1987.121302
-0.533438,50,1987.61126
-0.587727,50,1988.076488
-0.525075,50,1988.544994
-0.817375,50,1989.008677
-0.742659,50,1989.491107
-0.59121,50,1989.969407
-0.578427,50,1990.434155
-0.573744,50,1990.908379
-0.303153,50,1991.5034
-0.721426,50,1992.147475
-0.793662,50,1992.814579
-0.554476,50,1993.435611
-0.773757,50,1994.119613
-0.46479,50,1994.658101
-0.690045,50,1995.139927
-0.535335,50,1995.595501
-0.946123,50,1996.071829
-0.729488,50,1996.532488
-0.427969,50,1997.007383
-0.554321,50,1997.469426
-1.338417,50,1997.959218
-0.468797,50,1998.427719
-0.475725,50,1998.903094
-0.761956,50,1999.369428
-0.861041,50,1999.828841
-0.678436,50,2000.309681
-0.38358,50,2000.76905
-0.493374,50,2001.253175
-0.601639,50,2001.708461
-0.955607,50,2002.188367
-0.48038,50,2002.649013
-0.833036,50,2003.125373
-0.453591,50,2003.589561
-0.654224,50,2004.069951
-0.520292,50,2004.665633
-0.708602,50,2005.297807
-0.532387,50,2005.939621
-0.985341,50,2006.582296
-0.787049,50,2007.251151
-0.57212,50,2007.782744
-0.604328,50,2008.25938
-0.682451,50,2008.754659
-1.024788,50,2009.229358
-0.932537,50,2009.712434
-0.626825,50,2010.175394
-0.548379,50,2010.65481
-0.466805,50,2011.117613
-0.476954,50,2011.584056
-0.451871,50,2012.05151
-0.533297,50,2012.55037
-0.835558,50,2013.027698
-0.440697,50,2013.483695
-0.625559,50,2013.957565
-0.369117,50,2014.428566
-0.324723,50,2014.906458
-0.500812,50,2015.370245
-1.387465,50,2015.858273
-0.465541,50,2016.331882
-0.625627,50,2016.81253
-0.567677,50,2017.282775
-0.514067,50,2017.9056
-1.039227,50,2018.527531
-0.735627,50,2019.205474
-0.700535,50,2019.818833
-0.395246,50,2020.530695
-0.955461,50,2021.02012
-0.858049,50,2021.481613
-0.50295,50,2021.990106
-0.54113,50,2022.453145
-0.824385,50,2022.933971
-0.62043,50,2023.414523
-0.629303,50,2023.880978
-0.575945,50,2024.395746
-0.511622,50,2024.861349
-0.97479,50,2025.338667
-0.654969,50,2025.802471
-0.980571,50,2026.283111
-0.844909,50,2026.746511
-0.587894,50,2027.224581
-0.375131,50,2027.688943
-0.624752,50,2028.172889
-0.582914,50,2028.634112
-0.446733,50,2029.104782
-0.56626,50,2029.593099
-0.497595,50,2030.057465
-0.727582,50,2030.539275
-0.561009,50,2031.194862
-1.107267,50,2031.859412
-0.721229,50,2032.54072
-0.526365,50,2034.150535
-0.340896,50,2034.63097
-0.935346,50,2035.108885
-0.515433,50,2035.579503
-0.451777,50,2036.043586
-0.626345,50,2036.510298
-0.424976,50,2036.983265
-0.73184,50,2037.443644
-0.646024,50,2037.925657
-0.566117,50,2038.383329
-0.68039,50,2038.866501
-0.372196,50,2039.329825
-1.705747,50,2039.841532
-0.540154,50,2040.301504
-0.437282,50,2040.778653
-0.819019,50,2041.249361
-0.417185,50,2041.727279
-0.508252,50,2042.194699
-0.498374,50,2042.654664
-0.395408,50,2043.127446
-0.443631,50,2043.583949
-0.788259,50,2044.198454
-1.277462,50,2044.833563
-1.515072,50,2045.510616
-0.586907,50,2046.14566
-0.97281,50,2046.813186
-0.659716,50,2047.344482
-0.573183,50,2047.800214
-0.730765,50,2048.283287
-0.540594,50,2048.740971
-1.240173,50,2049.233153
-0.724038,50,2049.696283
-0.766516,50,2050.172367
-0.67583,50,2050.633081
-0.457804,50,2051.112732
-1.194428,50,2051.582865
-0.491489,50,2052.05649
-0.545023,50,2052.552211
-0.880155,50,2053.037251
-0.594233,50,2053.516537
-0.528761,50,2053.984427
-0.685722,50,2054.468339
-0.659,50,2054.933565
-1.747652,50,2055.423322
-0.529918,50,2055.896797
-0.458991,50,2056.374518
-0.602636,50,2056.844548
-0.491946,50,2057.493004
-0.454784,50,2058.132056
-0.818599,50,2058.810535
-0.615161,50,2059.435267
-1.102953,50,2060.133871
-0.728258,50,2060.621604
-0.698831,50,2061.097678
-0.743829,50,2061.566426
-0.699111,50,2062.025957
-0.556584,50,2062.488167
-0.511653,50,2062.969026
-0.569666,50,2063.443498
-0.686123,50,2063.921266
-1.55915,50,2064.416404
-0.430246,50,2064.902974
-0.545552,50,2065.372313
-0.547709,50,2065.847875
-0.672606,50,2066.322708
-0.686003,50,2066.799703
-0.574089,50,2067.267718
-0.716439,50,2067.747514
-0.568964,50,2068.216715
-0.625646,50,2068.685314
-0.639531,50,2069.175518
-0.712843,50,2069.640417
-0.546579,50,2070.120788
-0.480196,50,2070.771294
-0.712417,50,2071.407925
-0.625893,50,2072.060265
-0.591675,50,2072.695993
-0.567859,50,2073.347256
-0.871111,50,2073.801894
-0.761812,50,2074.280725
-0.67122,50,2074.740768
-1.857416,50,2075.224805
-0.544354,50,2075.681288
-0.506024,50,2076.156789
-0.483681,50,2076.619603
-1.796933,50,2077.118631
-0.452701,50,2077.580263
-0.327793,50,2078.043917
-0.47007,50,2078.515131
-0.658932,50,2078.982563
-1.288386,50,2079.474496
-0.694749,50,2079.939536
-0.523752,50,2080.4255
-0.441005,50,2080.889515
-0.474701,50,2081.355284
-0.522348,50,2081.80918
-0.400699,50,2082.320683
-1.758545,50,2082.800956
-0.620909,50,2083.317824
-0.535553,50,2083.996499
-0.71341,50,2084.666418
-0.6541,50,2085.311016
-0.563867,50,2085.984041
-0.750071,50,2086.622648
-0.614935,50,2087.104421
-1.54264,50,2087.599563
-0.573761,50,2088.060275
-0.430326,50,2088.518123
-0.389644,50,2089.00796
-0.606744,50,2089.481486
-0.70158,50,2089.95642
-0.445027,50,2090.417172
-0.792697,50,2090.919161
-0.635909,50,2091.400543
-0.569038,50,2091.885565
-0.453051,50,2092.348023
-0.687363,50,2092.83761
-0.701541,50,2093.3138
-0.541313,50,2093.795245
-0.388558,50,2094.255339
-0.66729,50,2094.71463
-2.175222,50,2095.212793
-0.40797,50,2095.66929
-0.52098,50,2096.143717
-0.568665,50,2096.711905
-0.485785,50,2097.354442
-1.134455,50,2098.036444
-0.484928,50,2098.655425
-0.50535,50,2099.340413
-0.832708,50,2099.88032
-0.363146,50,2100.356502
-0.909676,50,2100.822793
-0.509508,50,2101.310442
-0.56344,50,2101.777875
-0.568199,50,2102.256196
-0.596816,50,2102.73668
-0.524115,50,2103.223663
-0.360054,50,2103.687059
-0.346538,50,2104.15232
-0.567457,50,2104.636277
-0.666776,50,2105.110208
-0.844721,50,2105.593606
-1.087663,50,2106.058576
-1.192079,50,2106.533743
-0.747446,50,2107.002165
-0.46914,50,2107.467089
-1.756715,50,2107.946202
-0.557463,50,2108.41773
-0.609024,50,2108.889611
-0.377351,50,2109.361007
-0.474225,50,2109.956919
-0.597699,50,2110.57144
-0.734672,50,2111.264584
-0.567563,50,2111.900992
-0.535875,50,2112.609609
-0.471943,50,2113.149098
-0.461518,50,2113.673871
-0.514607,50,2114.148586
-0.614086,50,2114.608506
-1.605564,50,2115.106735
-0.497292,50,2115.56294
-0.666497,50,2116.031413
-0.617675,50,2116.478577
-0.730737,50,2116.95586
-0.70757,50,2117.423234
-0.526873,50,2117.915249
-0.571783,50,2118.369097
-0.421866,50,2118.843288
-0.798567,50,2119.320168
-0.623907,50,2119.777224
-0.376896,50,2120.25523
-0.436823,50,2120.712884
-1.020793,50,2121.188797
-0.891516,50,2121.64299
-0.578709,50,2122.123002
-0.555016,50,2122.588418
-0.615434,50,2123.181287
-1.330892,50,2123.812175
-0.473968,50,2124.476472
-0.870712,50,2125.124343
-0.775381,50,2125.790524
-0.544789,50,2126.322272
-0.723935,50,2126.775075
-0.747233,50,2127.252248
-0.511256,50,2127.710387
-0.607048,50,2128.184255
-0.44094,50,2128.644642
-0.47629,50,2129.103864
-0.545091,50,2129.576964
-0.752552,50,2130.040324
-0.417399,50,2130.507642
-0.499728,50,2130.97013
-0.589709,50,2131.432925
-0.62481,50,2131.894202
-0.415152,50,2132.370474
-0.574648,50,2132.830191
-0.692808,50,2133.299234
-1.20649,50,2133.766928
-0.758103,50,2134.243228
-0.397984,50,2134.710146
-0.734817,50,2135.182354
-1.393239,50,2135.672289
-0.588725,50,2136.267623
-0.76716,50,2136.907202
-0.597414,50,2137.595561
-0.508692,50,2138.212439
-0.810597,50,2138.862828
-0.712786,50,2139.420743
-0.698552,50,2139.894419
-0.438445,50,2140.360384
-0.686645,50,2140.835703
-0.660099,50,2141.302688
-0.326397,50,2141.775539
-0.590968,50,2142.243937
-0.486972,50,2142.733292
-0.67867,50,2143.204311
-0.555108,50,2143.662424
-0.689826,50,2144.142128
-0.612987,50,2144.600417
-0.87318,50,2145.081231
-0.745005,50,2145.546122
-0.544035,50,2146.02982
-0.439755,50,2146.489512
-0.413046,50,2146.961495
-2.033691,50,2147.433837
-0.707701,50,2147.919849
-0.635132,50,2148.389329
-0.601649,50,2148.853533
-0.601611,50,2149.471762
-0.638348,50,2150.124715
-0.641609,50,2150.77736
-1.976079,50,2151.43269
-0.589331,50,2152.112896
-0.574824,50,2152.628843
-0.557478,50,2153.08584
-0.72663,50,2153.556769
-0.747974,50,2154.022665
-0.447342,50,2154.499875
-0.46228,50,2154.980617
-0.441017,50,2155.466733
-0.847644,50,2155.929632
-0.548206,50,2156.408392
-0.657562,50,2156.867386
-0.544753,50,2157.32652
-0.578278,50,2157.804434
-0.707075,50,2158.27447
-0.419681,50,2158.744787
-0.418117,50,2159.207676
-1.846404,50,2159.695878
-1.611062,50,2160.177779
-0.726342,50,2160.639365
-0.817562,50,2161.106164
-0.69527,50,2161.587453
-0.59741,50,2162.044355
-1.670892,50,2162.648849
-0.448559,50,2163.256537
-0.722884,50,2163.911129
-0.579448,50,2164.519927
-0.687269,50,2165.184655
-0.613786,50,2165.711507
-0.734016,50,2166.174528
-0.84599,50,2166.633357
-0.405729,50,2167.100678
-0.527938,50,2167.554672
-0.576872,50,2168.023579
-0.478096,50,2168.484289
-0.761937,50,2168.960591
-0.452092,50,2169.423176
-0.763176,50,2169.903066
-0.538707,50,2170.361537
-0.457166,50,2170.826423
-1.792806,50,2171.302479
-0.606716,50,2171.763521
-0.528238,50,2172.235053
-0.834303,50,2172.719738
-0.521563,50,2173.18422
-0.698106,50,2173.649495
-0.799841,50,2174.123507
-0.511026,50,2174.571856
-1.276524,50,2175.055479
-0.411422,50,2175.619602
-0.757086,50,2176.248015
-0.670969,50,2176.878165
-0.76906,50,2177.506212
-2.020914,50,2178.185756
-0.52176,50,2178.728351
-0.351781,50,2179.187799
-0.487398,50,2179.651201
-0.676866,50,2180.111614
-0.654911,50,2180.629473
-2.099522,50,2181.097032
-0.766376,50,2181.565588
-0.485717,50,2182.026134
-1.840066,50,2182.511185
-0.735701,50,2182.980628
-0.483601,50,2183.439268
-1.308459,50,2183.902828
-0.745897,50,2184.355406
-0.542854,50,2184.811167
-0.530128,50,2185.284597
-0.4205,50,2185.756702
-0.608384,50,2186.215295
-1.211735,50,2186.693255
-0.533393,50,2187.144538
-1.26261,50,2187.622563
-0.80773,50,2188.101825
-0.671048,50,2188.643049
-0.563155,50,2189.289666
-0.447454,50,2189.943197
-0.715859,50,2190.584196
-0.583671,50,2191.224038
-0.53716,50,2191.803366
-0.730432,50,2192.278238
-0.459527,50,2192.73922
-0.592236,50,2193.213464
-0.911077,50,2193.684099
-1.119375,50,2194.167226
-0.81422,50,2194.643687
-0.492999,50,2195.114095
-0.94392,50,2195.583226
-0.527865,50,2196.060766
-0.445259,50,2196.517088
-0.509972,50,2196.990585
-0.460207,50,2197.452194
-0.719742,50,2197.930673
-0.488933,50,2198.385674
-0.760127,50,2198.835394
-0.533377,50,2199.342247
-0.689362,50,2199.79784
-0.511891,50,2200.273893
-0.656482,50,2200.726217
-0.563654,50,2201.195463
-0.643021,50,2201.727147
-0.355786,50,2202.371166
-0.4817,50,2203.033191
-0.632412,50,2203.661668
-0.377196,50,2204.320874
-0.887912,50,2204.94791
-0.435991,50,2205.418989
-0.469698,50,2205.872488
-0.65583,50,2206.332311
-0.367049,50,2206.790558
-0.450076,50,2207.248007
-0.398833,50,2207.715084
-0.45106,50,2208.174057
-0.566084,50,2208.646101
-0.701821,50,2209.106451
-0.532969,50,2209.580288
-0.692244,50,2210.060163
-0.617645,50,2210.528121
-0.612949,50,2210.982354
-0.464769,50,2211.434623
-0.677686,50,2211.915709
-0.831477,50,2212.369303
-0.560593,50,2212.834372
-0.465467,50,2213.295182
-0.561077,50,2213.764085
-0.79085,50,2214.217803
-0.951445,50,2214.714604
-0.583276,50,2215.364663
-0.413442,50,2215.999011
-0.421892,50,2216.638653
-0.842433,50,2217.275649
-0.346571,50,2217.932221
-0.511426,50,2218.410978
-0.713059,50,2218.887991
-0.462805,50,2219.341433
-0.573559,50,2219.799099
-0.671465,50,2220.281853
-0.442409,50,2220.738214
-0.925382,50,2221.229548
-0.522023,50,2221.68953
-1.253761,50,2222.169507
-0.442685,50,2222.628098
-0.65082,50,2223.10759
-0.601373,50,2223.562392
-0.716255,50,2224.049971
-0.442192,50,2224.508391
-0.511657,50,2224.969376
-0.49926,50,2225.448896
-0.859506,50,2225.925368
-0.579585,50,2226.389265
-0.502479,50,2226.848723
-0.719438,50,2227.317516
-0.742585,50,2227.778164
-0.514594,50,2228.408201
-0.684836,50,2229.025249
-0.467752,50,2229.675932
-0.727515,50,2230.287342
-0.484835,50,2230.987974
-0.573047,50,2231.461742
-0.532567,50,2231.918956
-0.584431,50,2232.377246
-0.64308,50,2232.880824
-0.547884,50,2233.337166
-0.837871,50,2233.799711
-0.773163,50,2234.271271
-0.68282,50,2234.751886
-0.378732,50,2235.207356
-0.707121,50,2235.674921
-0.98844,50,2236.137487
-0.480908,50,2236.605147
-0.326367,50,2237.069995
-0.67069,50,2237.524624
-0.562804,50,2237.996395
-0.509656,50,2238.454476
-0.581927,50,2238.928415
-0.555909,50,2239.384787
-0.422399,50,2239.858846
-0.532306,50,2240.320107
-0.617461,50,2240.826975
-0.827428,50,2241.441232
-0.525145,50,2242.073093
-0.53772,50,2242.721324
-0.75311,50,2243.334048
-0.658295,50,2244.018374
-0.531381,50,2244.494001
-0.618161,50,2244.965907
-0.683408,50,2245.422914
-0.644416,50,2245.879454
-0.814001,50,2246.339135
-0.443901,50,2246.795811
-0.58522,50,2247.261068
-0.597898,50,2247.712006
-0.526606,50,2248.18461
-0.458782,50,2248.638381
-0.498716,50,2249.104942
-0.493838,50,2249.561123
-0.681135,50,2250.037629
-0.382995,50,2250.503298
-0.844263,50,2250.973176
-0.656518,50,2251.438374
-0.283308,50,2251.902202
-0.541586,50,2252.372291
-0.57729,50,2252.82885
-0.875345,50,2253.297879
-1.791794,50,2253.771722
-0.612405,50,2254.322165
-2.210803,50,2254.952356
-1.119339,50,2255.596307
-2.234827,50,2256.219666
-1.370546,50,2256.883188
-0.572635,50,2257.455629
-0.703116,50,2257.91792
-0.613055,50,2258.376385
-0.561806,50,2258.848
-0.361639,50,2259.303161
-0.534864,50,2259.770211
-0.830606,50,2260.234867
-0.858327,50,2260.714703
-0.537087,50,2261.18229
-1.877075,50,2261.670692
-0.708424,50,2262.147936
-0.537608,50,2262.616983
-0.708193,50,2263.09893
-0.618316,50,2263.552004
-0.571441,50,2264.029081
-0.781455,50,2264.480337
-0.684943,50,2264.964501
-0.632822,50,2265.418802
-0.739201,50,2265.897287
-1.497584,50,2266.378016
-0.635329,50,2266.853502
-0.705108,50,2267.376009
-0.40054,50,2268.041901
-0.548676,50,2268.681622
-0.845769,50,2269.318092
-1.031438,50,2269.973757
-0.617781,50,2270.55394
-0.470308,50,2271.030341
-0.543995,50,2271.490841
-0.539799,50,2271.956996
-0.645119,50,2272.417858
-1.059235,50,2272.874994
-0.633911,50,2273.354362
-1.156339,50,2273.811359
-0.73682,50,2274.286331
-0.689513,50,2274.747448
-0.360512,50,2275.228302
-0.5841,50,2275.684117
-0.452254,50,2276.161449
-0.613142,50,2276.621644
-0.258096,50,2277.081964
-1.476976,50,2277.564969
-0.566296,50,2278.027974
-0.469502,50,2278.494238
-0.667192,50,2278.95434
-0.670607,50,2279.414014
-0.601152,50,2279.868284
-0.630199,50,2280.377439
-0.910097,50,2281.028043
-0.535164,50,2281.665021
-0.653369,50,2282.294724
-0.579485,50,2282.932189
-0.566464,50,2283.559717
-0.580665,50,2284.020748
-0.547161,50,2284.491154
-0.603069,50,2284.955071
-0.709058,50,2285.413433
-0.329495,50,2285.881849
-0.245075,50,2287.041086
-0.48385,50,2287.494012
-0.524094,50,2287.961723
-0.557353,50,2288.415035
-0.577342,50,2288.88591
-0.54086,50,2289.338362
-0.614517,50,2289.806404
-0.695531,50,2290.261631
-0.351479,50,2290.739066
-0.496009,50,2291.199506
-0.676947,50,2291.663635
-1.600169,50,2292.143539
-0.5608,50,2292.600554
-0.573084,50,2293.103037
-0.718979,50,2293.682549
-0.699606,50,2294.335935
-0.508547,50,2295.019381
-0.566928,50,2295.693217
-0.698408,50,2296.393252
-0.297758,50,2296.954197
-0.616671,50,2297.46786
-0.762255,50,2297.947555
-0.527649,50,2298.437637
-0.673502,50,2298.941387
-0.602597,50,2299.420952
-0.617898,50,2299.894853
-0.590235,50,2300.38667
-0.385911,50,2300.874661
-0.709061,50,2301.338457
-0.793588,50,2301.795982
-0.731567,50,2302.273062
-0.810438,50,2302.745262
-0.515329,50,2303.243399
-0.576925,50,2303.723686
-0.926361,50,2304.197875
-0.42644,50,2304.665595
-0.598893,50,2305.129122
-1.055122,50,2305.623508
-0.543906,50,2306.082159
-1.875964,50,2306.567379
-0.534269,50,2307.216794
-0.512039,50,2307.861611
-1.977247,50,2308.507766
-2.766537,50,2309.138824
-0.919295,50,2309.853366
-0.716783,50,2310.319522
-0.531495,50,2310.802292
-0.652163,50,2311.264293
-0.427918,50,2311.735201
-0.678237,50,2312.219384
-0.407349,50,2312.706789
-0.387805,50,2313.185479
-0.425663,50,2313.647472
-0.414243,50,2314.12458
-0.565106,50,2314.572258
-0.534981,50,2315.048872
-0.494264,50,2315.510133
-0.512155,50,2315.985558
-0.452117,50,2316.457365
-0.496286,50,2316.936484
-1.50076,50,2317.420687
-0.571773,50,2317.89652
-0.547509,50,2318.358608
-0.616639,50,2318.832458
-0.7506,50,2319.337215
-0.421069,50,2319.797788
-0.586557,50,2320.448588
-0.404674,50,2321.081692
-0.850998,50,2321.703022
-0.634746,50,2322.324456
-0.622706,50,2323.008703
-1.365354,50,2323.511437
-0.54393,50,2323.984719
-0.872337,50,2324.467817
-0.589791,50,2324.92363
-0.368576,50,2325.391737
-1.083784,50,2325.876951
-1.640329,50,2326.360271
-0.679102,50,2326.813595
-0.6653,50,2327.27994
-0.387233,50,2327.739181
-0.577327,50,2328.201023
-0.533225,50,2328.669103
-0.402478,50,2329.13695
-0.537248,50,2329.629436
-0.359905,50,2330.086387
-0.281066,50,2330.551273
-0.427588,50,2331.008535
-0.317377,50,2331.477223
-0.564926,50,2331.942048
-0.708295,50,2332.406047
-0.405439,50,2332.866452
-0.867676,50,2333.48886
-0.421166,50,2334.117756
-0.583303,50,2334.758857
-0.50407,50,2335.358467
-0.524681,50,2336.039644
-0.826684,50,2336.517672
-0.704844,50,2336.99542
-0.475054,50,2337.462763
-0.810205,50,2337.947477
-0.568781,50,2338.40797
-0.36499,50,2338.881137
-0.580089,50,2339.33639
-0.908696,50,2339.812183
-0.976747,50,2340.272142
-0.48176,50,2340.725585
-0.544576,50,2341.199057
-0.669763,50,2341.653143
-0.414994,50,2342.123001
-0.580288,50,2342.575496
-1.443534,50,2343.060455
-0.486539,50,2343.518045
-0.600113,50,2343.983849
-0.399963,50,2344.428003
-0.731997,50,2344.892632
-1.339701,50,2345.362574
-0.709669,50,2345.81935
-0.552213,50,2346.370924
-0.471285,50,2346.995028
-0.694223,50,2347.652336
-0.657747,50,2348.274293
-0.681075,50,2348.928926
-0.473613,50,2349.499034
-0.514283,50,2349.972314
-0.503045,50,2350.446371
-1.083515,50,2350.9072
-1.07106,50,2351.375094
-0.474139,50,2351.834673
-0.350627,50,2352.319145
-0.26448,50,2352.775363
-0.574084,50,2353.239785
-0.602606,50,2353.736814
-0.490469,50,2354.201143
-0.500728,50,2354.673244
-0.552465,50,2355.131503
-0.621888,50,2355.620814
-0.502616,50,2356.119912
-0.570505,50,2356.607279
-0.564011,50,2357.062469
-0.883322,50,2357.540591
-0.527749,50,2357.997195
-0.643748,50,2358.461176
-0.817214,50,2358.91572
-1.043431,50,2359.479504
-0.455263,50,2360.100891
-0.656723,50,2360.78002
-0.820666,50,2361.416862
-0.526228,50,2362.065897
-0.935465,50,2362.612628
-0.80769,50,2363.076945
-0.494431,50,2363.524122
-0.507306,50,2363.988088
-0.641157,50,2364.445168
-0.558391,50,2364.913092
-0.41653,50,2365.365259
-0.39702,50,2365.831571
-1.820641,50,2366.313732
-0.517295,50,2366.773206
-0.49125,50,2367.236596
-0.592321,50,2367.695112
-0.434935,50,2368.169788
-0.529704,50,2368.626094
-0.533188,50,2369.092864
-0.530903,50,2369.553638
-3.805584,50,2370.030313
-1.244735,50,2370.477943
-0.531799,50,2370.942478
-0.641044,50,2371.391243
-0.565398,50,2371.84877
-1.276383,50,2372.327639
-0.800444,50,2372.962615
-0.531412,50,2373.608875
-0.653817,50,2374.261635
-0.563125,50,2374.872643
-0.410559,50,2375.539311
-0.612321,50,2375.99611
-0.8105,50,2376.475859
-0.313395,50,2376.934119
-0.514974,50,2377.405016
-0.72936,50,2377.869174
-0.771021,50,2378.329941
-0.993372,50,2378.783278
-1.669552,50,2379.250049
-0.764888,50,2379.721535
-0.506787,50,2380.182219
-0.771916,50,2380.648933
-0.46733,50,2381.110055
-0.752035,50,2381.587927
-0.534831,50,2382.047255
-0.645229,50,2382.532389
-0.585814,50,2383.001384
-0.697986,50,2383.50003
-0.553985,50,2383.964717
-0.938341,50,2384.419444
-0.737839,50,2384.885662
-0.482337,50,2385.350623
-0.56837,50,2386.010496
-0.671985,50,2386.629051
-0.546921,50,2387.273917
-0.485781,50,2387.900417
-0.592235,50,2388.586558
-0.658913,50,2389.085989
-0.447926,50,2389.552408
-0.633088,50,2390.032046
-1.74685,50,2390.503706
-1.481287,50,2390.987031
-1.660155,50,2391.450952
-0.653976,50,2391.923729
-0.554086,50,2392.372897
-0.462345,50,2392.830395
-0.633279,50,2393.301401
-0.983101,50,2393.777631
-0.426595,50,2394.241819
-0.57954,50,2394.696563
-0.528591,50,2395.161207
-0.654819,50,2395.634631
-0.647442,50,2396.10434
-0.682574,50,2396.565059
-0.458213,50,2397.043293
-0.52821,50,2397.507509
-1.241018,50,2397.981837
-0.642498,50,2398.451006
-0.526447,50,2399.037457
-0.567157,50,2399.651724
-1.920109,50,2400.328877
-0.804404,50,2400.979219
-0.680773,50,2401.739857
-0.637817,50,2402.323493
-0.521354,50,2402.793267
-0.580085,50,2403.260189
-0.657363,50,2403.731636
-0.538744,50,2404.216075
-0.598263,50,2404.684138
-0.639266,50,2405.1458
-1.081525,50,2405.611517
-0.618567,50,2406.073489
-0.290714,50,2406.543511
-1.677521,50,2407.01902
-0.450621,50,2407.480736
-0.470804,50,2407.945433
-0.561118,50,2408.406017
-0.723144,50,2408.894624
-0.532546,50,2409.355
-0.559385,50,2409.827466
-0.392774,50,2410.29523
-0.609808,50,2410.769755
-0.628736,50,2411.25085
-0.603441,50,2411.737163
-0.714276,50,2412.316749
-0.607041,50,2412.927047
-0.790853,50,2413.604025
-0.571443,50,2414.246089
-1.094286,50,2414.9419
-0.802977,50,2415.452163
-0.509758,50,2415.925611
-0.610958,50,2416.390391
-0.469873,50,2416.943322
-0.86192,50,2417.416419
-0.710737,50,2417.890271
-0.457845,50,2418.359761
-0.585947,50,2418.83567
-1.002603,50,2419.308897
-0.960871,50,2419.766154
-0.637403,50,2420.236971
-0.502701,50,2420.715552
-0.592725,50,2421.187453
-0.840569,50,2421.644916
-0.62844,50,2422.134926
-0.455646,50,2422.591952
-0.474076,50,2423.056746
-0.602784,50,2423.51465
-0.649268,50,2423.984468
-0.765811,50,2424.469528
-0.664779,50,2424.933427
-0.368104,50,2425.542985
-0.727149,50,2426.159904
-0.824308,50,2426.823531
-0.632771,50,2427.460549
-0.492093,50,2428.167177
-0.606877,50,2428.674176
-0.655145,50,2429.129114
-0.355429,50,2429.602561
-0.624802,50,2430.077406
-0.519293,50,2430.554124
-0.553157,50,2431.014715
-0.594233,50,2431.472419
-0.438894,50,2431.946856
-0.802707,50,2432.409552
-0.802469,50,2432.877216
-0.542249,50,2433.324512
-0.381606,50,2433.79085
-0.584368,50,2434.256608
-0.655896,50,2434.725636
-0.611646,50,2435.1793
-0.645758,50,2435.643139
-0.726685,50,2436.094241
-0.545982,50,2436.588161
-0.291492,50,2437.087856
-0.59958,50,2437.549632
-0.583441,50,2438.024283
-0.617087,50,2438.603393
-0.351654,50,2439.246194
-0.494368,50,2439.922183
-0.475678,50,2440.544017
-0.863845,50,2441.215346
-0.743794,50,2441.735845
-0.836921,50,2442.211681
-0.527741,50,2442.670648
-0.422279,50,2443.143155
-0.513493,50,2443.595763
-0.330051,50,2444.106584
-0.460224,50,2444.573927
-0.396516,50,2445.048496
-0.753762,50,2445.522777
-0.812847,50,2445.988742
-0.700371,50,2446.45536
-0.499717,50,2446.915086
-0.37438,50,2447.380326
-0.836671,50,2447.838695
-1.246793,50,2448.328062
-0.578966,50,2448.802812
-0.574717,50,2449.290385
-0.648683,50,2449.753773
-0.411589,50,2450.229962
-0.788568,50,2450.685094
-1.841883,50,2451.161176
-0.597921,50,2451.764084
-0.600472,50,2452.40186
-0.389402,50,2453.04479
-0.479381,50,2453.66726
-0.586245,50,2454.329218
-0.567018,50,2454.883687
-0.436544,50,2455.340321
-0.438372,50,2455.811593
-0.49713,50,2456.272757
-0.584616,50,2456.756937
-0.453599,50,2457.232646
-0.580432,50,2457.732453
-0.519736,50,2458.202551
-0.401932,50,2458.673632
-0.625654,50,2459.139362
-1.486267,50,2459.610894
-0.567822,50,2460.089432
-0.35509,50,2460.555184
-0.452447,50,2461.034285
-0.457569,50,2461.487152
-0.67777,50,2461.961239
-0.51599,50,2462.418212
-0.410734,50,2462.894729
-1.63927,50,2463.368728
-0.663988,50,2463.852859
-0.435093,50,2464.314702
-0.734862,50,2464.907602
-0.814324,50,2465.526956
-0.52458,50,2466.197607
-0.596953,50,2466.832936
-0.394801,50,2467.505032
-0.435458,50,2468.032965
-0.486565,50,2468.500973
-0.833274,50,2468.973716
-0.64194,50,2469.452108
-0.548646,50,2469.92533
-0.365213,50,2470.391855
-0.573057,50,2470.847553
-0.555837,50,2471.320534
-0.580727,50,2471.779253
-0.469557,50,2472.254384
-0.454304,50,2472.7207
-0.749951,50,2473.194104
-0.568492,50,2473.649727
-0.495148,50,2474.14698
-0.464924,50,2474.620411
-0.77382,50,2475.093618
-0.736184,50,2475.562346
-0.784499,50,2476.032156
-0.906685,50,2476.503365
-0.422099,50,2476.959053
-0.499106,50,2477.426596
-0.619357,50,2478.016058
-0.484868,50,2478.664009
-0.976995,50,2479.311366
-0.388332,50,2479.942479
-0.451696,50,2480.652189
-0.398052,50,2481.178755
-0.823188,50,2481.676744
-0.376052,50,2482.144185
-0.376033,50,2482.613886
-0.729477,50,2483.075374
-0.645409,50,2483.531454
-0.524923,50,2484.006043
-0.356853,50,2484.474483
-0.442842,50,2484.954199
-0.729304,50,2485.422039
-0.695729,50,2485.894423
-0.49033,50,2486.370724
-0.639633,50,2486.855091
-0.866445,50,2487.315735
-2.099718,50,2487.795512
-0.703962,50,2488.258167
-0.526454,50,2488.71817
-0.462135,50,2489.187112
-0.620763,50,2489.642473
-0.608438,50,2490.128278
-0.547284,50,2490.595952
-0.316308,50,2491.18985
-0.870896,50,2491.821102
-0.648728,50,2492.494179
-0.920192,50,2493.122518
-0.500106,50,2493.772582
-0.771961,50,2494.312428
-0.46131,50,2494.770698
-0.348341,50,2495.253028
-0.653388,50,2495.710691
-0.619628,50,2496.185923
-0.387477,50,2496.640415
-0.698614,50,2497.105625
-0.597692,50,2497.574478
-0.456162,50,2498.039524
-1.070632,50,2498.51112
-0.811873,50,2498.986822
-0.55463,50,2499.454761
-0.481276,50,2499.932178
-0.573636,50,2500.406419
-0.391356,50,2500.877046
-0.427865,50,2501.345853
-0.573862,50,2501.803538
-0.494511,50,2502.273725
-0.562717,50,2502.742442
-0.545255,50,2503.203342
-0.500824,50,2503.672034
-0.54392,50,2504.283005
-0.806009,50,2504.932284
-0.519583,50,2505.575397
-0.793902,50,2506.187582
-0.741143,50,2506.838788
-1.944575,50,2507.412452
-0.520341,50,2507.881903
-0.489848,50,2508.341768
-0.755157,50,2508.814237
-0.906878,50,2509.297965
-0.527932,50,2509.807398
-0.343834,50,2510.279367
-0.514362,50,2510.743486
-0.440934,50,2511.225649
-0.533559,50,2511.68961
-0.66668,50,2512.170626
-0.364433,50,2512.632326
-0.403589,50,2513.110391
-0.684546,50,2513.560625
-0.805406,50,2514.028535
-0.627538,50,2514.493123
-0.626024,50,2514.991109
-0.49989,50,2515.445387
-0.720015,50,2515.918765
-0.786221,50,2516.394367
-0.411163,50,2516.862016
-0.471015,50,2517.4938
-1.007394,50,2518.156426
-1.079304,50,2518.804955
-0.489933,50,2519.434146
-0.287583,50,2520.102491
-0.475756,50,2520.657736
-0.438195,50,2521.116386
-0.375686,50,2521.591519
-0.417686,50,2522.052235
-0.450389,50,2522.527703
-0.472242,50,2522.986539
-1.020471,50,2523.47049
-0.611503,50,2523.936424
-0.289299,50,2524.411064
-0.559508,50,2524.876689
-0.550842,50,2525.334058
-0.450239,50,2525.802618
-0.564999,50,2526.299346
-0.337092,50,2526.796664
-0.469942,50,2527.26521
-0.611291,50,2527.736301
-0.780417,50,2528.216777
-0.499669,50,2528.684079
-0.694552,50,2529.155233
-0.468724,50,2529.627681
-1.156965,50,2530.103084
-0.662741,50,2530.683117
-0.682496,50,2531.32186
-0.543178,50,2531.965343
-0.776902,50,2532.579736
-1.587218,50,2533.279104
-0.414134,50,2533.830044
-1.84042,50,2534.351012
-1.726346,50,2534.834308
-0.739793,50,2535.297842
-0.820261,50,2535.752798
-0.543492,50,2536.234786
-0.52454,50,2536.694122
-0.754853,50,2537.190289
-0.567493,50,2537.664407
-0.578836,50,2538.150315
-0.602731,50,2538.620283
-0.480493,50,2539.090097
-0.445977,50,2540.275792
-0.697362,50,2540.738226
-0.658399,50,2541.217585
-1.236463,50,2541.697141
-0.434011,50,2542.179763
-0.587006,50,2542.634707
-0.385342,50,2543.098601
-0.463491,50,2543.586627
-0.535275,50,2544.235283
-0.595541,50,2544.866464
-0.616002,50,2545.526683
-0.720226,50,2546.158207
-1.293189,50,2546.797291
-1.198869,50,2547.252618
-0.270756,50,2547.718605
-0.86555,50,2548.196663
-0.431408,50,2548.669363
-0.941596,50,2549.144177
-0.616745,50,2549.615457
-0.315182,50,2550.069529
-0.520474,50,2550.533733
-0.759334,50,2550.998399
-0.521323,50,2551.464894
-0.545445,50,2551.925287
-0.309321,50,2552.396557
-0.548882,50,2552.891716
-0.422438,50,2553.350936
-0.630714,50,2553.825408
-0.417864,50,2554.288445
-0.664666,50,2554.758679
-0.495811,50,2555.210442
-0.538968,50,2555.679688
-0.517103,50,2556.143141
-0.32164,50,2556.609521
-0.549829,50,2557.250656
-0.559263,50,2557.869376
-0.550398,50,2558.510362
-1.417585,50,2559.153696
-0.752474,50,2559.832278
-0.57346,50,2560.299144
-0.939625,50,2560.756645
-1.001117,50,2561.233644
-0.516911,50,2561.689592
-0.543883,50,2562.158014
-1.179417,50,2562.631402
-0.470504,50,2563.110633
-0.582955,50,2563.562309
-0.879411,50,2564.036133
-0.733038,50,2564.537554
-0.478511,50,2565.00551
-0.400759,50,2565.464475
-0.568822,50,2565.928577
-0.330462,50,2566.396955
-0.931344,50,2566.857923
-0.475047,50,2567.327478
-2.013771,50,2567.803307
-0.342947,50,2568.284289
-0.641654,50,2568.744847
-1.980478,50,2569.236389
-0.501327,50,2569.696442
-0.377173,50,2570.343292
-0.788837,50,2570.948372
-1.001028,50,2571.591553
-0.713171,50,2572.207199
-0.604791,50,2572.904966
-0.550741,50,2573.372965
-0.462621,50,2573.823629
-0.936954,50,2574.31274
-0.631256,50,2574.766415
-0.429221,50,2575.224672
-0.356305,50,2575.693047
-0.823228,50,2576.168382
-0.724361,50,2576.64296
-0.611004,50,2577.103708
-0.625443,50,2577.581825
-0.648969,50,2578.04928
-0.28348,50,2578.535694
-1.105964,50,2579.015035
-0.513969,50,2579.488614
-0.295779,50,2579.951197
-0.569537,50,2580.410462
-0.561383,50,2580.889843
-0.722102,50,2581.353102
-0.396958,50,2581.847999
-0.497323,50,2582.301447
-0.666461,50,2582.763131
-0.555958,50,2583.377163
-1.279333,50,2583.997925
-0.620734,50,2584.647681
-1.404554,50,2585.285979
-0.734153,50,2585.97279
-0.605396,50,2586.425122
-0.338129,50,2586.891988
-0.421922,50,2587.335149
-0.410568,50,2587.791013
-0.570673,50,2588.265186
-1.893801,50,2588.736589
-0.593459,50,2589.205297
-0.440335,50,2589.658528
-0.438261,50,2590.13232
-1.780766,50,2590.601553
-0.506813,50,2591.070505
-0.374065,50,2591.544026
-0.509896,50,2592.026935
-0.38879,50,2592.486396
-0.578058,50,2592.944816
-0.598444,50,2593.419256
-0.840898,50,2593.886729
-0.523365,50,2594.400202
-0.642577,50,2594.854297
-0.507476,50,2595.310791
-1.180609,50,2595.768228
-0.621542,50,2596.358947
-0.410073,50,2596.97276
-0.644807,50,2597.640023
-0.666919,50,2598.28228
-1.690366,50,2599.039088
-0.374487,50,2599.554161
-1.534239,50,2600.025945
-0.73676,50,2600.502624
-0.97506,50,2600.982279
-0.65007,50,2601.459772
-0.399625,50,2601.921531
-0.970904,50,2602.386423
-0.436935,50,2602.860487
-1.739971,50,2603.328207
-0.914173,50,2603.79612
-0.372601,50,2604.251425
-0.511356,50,2604.721733
-1.001982,50,2605.196
-0.723248,50,2605.66274
-0.632825,50,2606.122471
-1.649607,50,2606.613821
-0.29748,50,2607.074066
-0.275623,50,2607.523969
-0.477193,50,2608.000464
-0.457599,50,2608.467797
-1.065448,50,2608.944999
-0.778746,50,2609.530348
-0.688025,50,2610.152613
-1.865008,50,2610.838866
-0.639299,50,2611.45602
-1.021077,50,2612.179472
-0.551404,50,2612.68681
-0.286056,50,2613.168031
-0.302409,50,2613.628176
-0.399625,50,2614.100948
-0.548488,50,2614.584214
-0.359451,50,2615.05885
-0.411775,50,2615.510513
-0.628895,50,2615.986799
-0.931301,50,2616.458972
-0.651975,50,2616.929322
-0.542681,50,2617.404445
-0.346353,50,2617.871304
-0.348665,50,2618.344408
-0.564136,50,2618.821226
-0.565399,50,2619.320606
-0.618035,50,2619.781156
-0.484909,50,2620.253614
-0.612017,50,2620.720201
-0.556475,50,2621.194459
-0.516154,50,2621.654902
-0.313203,50,2622.115843
-0.417913,50,2622.729558
-0.792361,50,2623.354407
-0.6201,50,2624.007676
-1.695458,50,2624.68761
-0.653642,50,2625.365448
-0.751851,50,2625.904122
-0.456152,50,2626.351387
-0.66049,50,2626.815061
-0.393416,50,2627.292265
-0.518869,50,2627.767625
-0.548777,50,2628.22925
-0.900687,50,2628.713778
-0.637471,50,2629.190532
-0.290435,50,2629.659194
-0.48527,50,2630.118237
-1.645229,50,2630.600601
-0.510459,50,2631.058958
-0.533278,50,2631.508995
-0.693362,50,2631.979214
-0.617056,50,2632.434577
-0.368673,50,2632.909484
-0.530523,50,2633.354114
-0.517308,50,2633.818396
-0.749102,50,2634.274545
-0.637434,50,2634.751665
-0.506774,50,2635.218757
-0.992375,50,2635.762606
-0.799572,50,2636.409488
-0.554042,50,2637.087444
-0.556783,50,2637.715845
-0.56896,50,2638.372894
-0.527999,50,2638.953005
-0.437361,50,2639.407825
-0.504534,50,2639.867179
-0.801224,50,2640.33208
-0.430431,50,2640.802659
-0.448129,50,2641.273474
-0.380091,50,2641.731613
-0.430988,50,2642.195054
-0.340875,50,2642.640916
-0.426666,50,2643.11194
-0.606426,50,2643.564799
-0.688935,50,2644.034902
-0.962002,50,2644.520902
-1.79333,50,2644.994714
-0.289503,50,2645.456154
-0.709507,50,2645.914404
-0.518999,50,2646.380177
-0.459911,50,2646.850058
-0.528541,50,2647.341783
-0.456022,50,2647.80672
-0.45113,50,2648.281629
-1.261786,50,2648.81222
-0.994115,50,2649.460625
-1.212176,50,2650.129486
-0.35432,50,2650.766066
-0.473999,50,2651.393777
-0.281991,50,2652.015418
-0.597052,50,2652.477263
-0.467472,50,2652.946188
-0.751251,50,2653.4086
-0.404498,50,2653.895232
-0.396525,50,2654.354104
-0.447465,50,2654.856828
-0.424557,50,2655.321868
-0.382112,50,2655.788283
-0.737841,50,2656.261267
-0.466729,50,2656.722463
-0.617812,50,2657.189133
-0.769411,50,2657.647473
-0.563606,50,2658.124581
-0.301092,50,2658.578669
-0.348309,50,2659.053546
-0.446331,50,2659.520837
-0.573281,50,2659.993355
-0.396104,50,2660.449207
-0.767944,50,2660.944553
-0.542079,50,2661.413097
-0.531491,50,2661.921046
-0.477932,50,2662.554296
-0.700716,50,2663.208443
-0.445096,50,2663.828272
-2.052619,50,2664.485879
-0.751005,50,2665.104547
-0.630302,50,2665.562105
-0.619669,50,2666.025165
-0.589021,50,2666.49149
-1.264449,50,2666.950482
-0.645113,50,2667.422144
-0.510794,50,2667.881982
-0.390951,50,2668.342954
-0.497934,50,2668.793934
-0.660791,50,2669.277948
-0.570086,50,2669.743777
-0.441024,50,2670.230321
-0.417674,50,2670.679828
-0.495876,50,2671.140695
-0.948964,50,2671.622995
-0.536955,50,2672.088634
-0.603512,50,2672.583981
-0.731969,50,2673.064826
-0.540798,50,2673.536293
-0.716186,50,2673.996436
-0.527283,50,2674.46361
-0.388161,50,2674.932591
-0.500706,50,2675.592746
-0.551179,50,2676.232444
-0.668047,50,2676.880192
-0.426539,50,2677.521242
-0.594878,50,2678.186311
-1.379368,50,2678.673216
-0.601412,50,2679.140355
-0.509186,50,2679.660814
-0.458163,50,2680.128997
-0.371762,50,2680.604313
-0.903068,50,2681.100459
-0.397392,50,2681.575351
-0.466726,50,2682.052508
-0.571919,50,2682.506517
-0.470073,50,2682.995623
-0.716837,50,2683.462698
-0.547673,50,2683.943662
-0.399599,50,2684.413494
-0.350068,50,2684.926302
-0.561556,50,2685.396897
-0.3681,50,2685.876083
-0.666954,50,2686.336007
-1.76514,50,2686.814815
-0.388889,50,2687.302182
-0.737376,50,2687.778197
-1.075258,50,2688.349126
-0.287372,50,2688.999847
-0.786397,50,2689.666082
-0.572601,50,2690.311606
-0.643691,50,2690.950265
-0.332851,50,2691.563077
-0.621245,50,2692.049587
-4.896748,50,2692.525643
-4.386382,50,2693.002651
-2.248127,50,2693.471455
-1.169189,50,2693.941201
-0.943003,50,2694.418346
-0.461394,50,2694.879296
-0.400882,50,2695.350433
-0.392338,50,2695.815759
-0.536175,50,2696.286279
-0.488286,50,2696.753217
-0.403882,50,2697.218928
-0.664685,50,2697.704139
-0.49039,50,2698.169928
-0.577165,50,2698.635818
-0.703493,50,2699.099058
-0.533861,50,2699.573167
-0.593222,50,2700.045116
-0.531423,50,2700.521764
-0.354614,50,2700.980952
-0.655126,50,2701.510212
-0.673433,50,2702.187256
-0.683743,50,2702.831836
-0.527863,50,2703.468045
-1.782169,50,2704.13794
-0.560083,50,2704.732842
-0.545297,50,2705.194472
-0.781509,50,2705.640076
-0.620128,50,2706.123758
-0.530226,50,2706.607073
-0.528536,50,2707.084282
-0.35066,50,2707.5625
-0.528105,50,2708.046424
-0.498401,50,2708.509531
-1.05548,50,2708.983399
-0.696595,50,2709.449442
-1.687667,50,2709.941177
-0.254974,50,2710.403834
-0.528073,50,2710.862588
-0.467445,50,2711.344467
-0.598387,50,2711.809563
-0.665422,50,2712.292498
-0.781668,50,2712.752278
-0.500949,50,2713.241464
-0.516237,50,2713.703444
-0.798256,50,2714.180497
-0.431844,50,2714.709314
-0.509454,50,2715.383278
-0.501016,50,2716.031564
-0.446686,50,2716.668459
-0.35223,50,2717.312554
-0.405363,50,2717.898298
-1.801919,50,2718.392966
-0.665213,50,2718.856996
-0.550696,50,2719.347665
-0.902829,50,2719.809379
-0.765065,50,2720.290716
-0.475626,50,2720.749229
-0.307002,50,2721.213436
-0.439782,50,2721.678458
-0.305028,50,2722.139182
-0.411767,50,2722.605211
-1.602295,50,2723.081047
-0.535695,50,2723.548395
-0.677169,50,2724.020944
-0.696315,50,2724.501318
-0.734759,50,2724.962961
-0.531904,50,2725.437878
-0.600686,50,2725.912786
-0.465036,50,2726.379268
-0.560469,50,2726.845221
-0.601607,50,2727.317729
-0.45133,50,2727.866984
-0.639416,50,2728.541126
-0.482137,50,2729.179284
-0.484858,50,2729.80519
-0.535919,50,2730.444177
-0.412268,50,2731.059561
-0.506414,50,2731.524374
-0.54479,50,2731.994244
-0.601392,50,2732.460845
-0.529845,50,2732.936184
-0.696721,50,2733.414191
-1.39986,50,2733.897917
-1.731358,50,2734.394307
-0.657333,50,2734.883292
-0.318445,50,2735.354338
-0.643528,50,2735.820883
-0.478132,50,2736.300085
-0.61101,50,2736.754518
-0.693952,50,2737.234633
-0.670742,50,2737.694202
-0.428832,50,2738.184659
-1.730091,50,2738.658528
-0.373578,50,2739.133529
-0.350109,50,2739.587508
-0.569044,50,2740.063705
-1.905663,50,2740.539564
-0.521967,50,2741.089899
-0.633434,50,2741.721941
-0.393135,50,2742.391142
-0.74867,50,2743.004138
-0.556714,50,2743.662532
-0.678925,50,2744.23152
-0.59341,50,2744.710583
-0.575637,50,2745.220711
-0.532521,50,2745.695272
-0.405057,50,2746.157922
-0.508358,50,2746.641608
-0.490035,50,2747.105332
-0.389329,50,2747.571323
-1.083699,50,2748.043666
-0.699772,50,2748.531395
-0.697957,50,2749.013606
-0.590258,50,2749.485519
-0.530352,50,2749.946032
-0.56475,50,2750.408549
-0.812991,50,2750.877807
-0.877402,50,2751.328751
-0.554226,50,2751.79075
-0.343367,50,2752.251112
-0.393224,50,2752.720599
-0.389432,50,2753.1816
-0.741899,50,2753.662527
-0.374975,50,2754.207196
-0.779462,50,2754.839072
-0.795949,50,2755.484113
-0.620131,50,2756.121212
-1.487162,50,2756.789209
-0.447286,50,2757.356231
-0.870499,50,2757.824529
-0.667455,50,2758.28793
-0.444254,50,2758.737761
-0.56881,50,2759.209371
-0.589868,50,2759.662311
-0.422801,50,2760.13143
-0.510439,50,2760.585199
-0.42734,50,2761.060226
-0.422107,50,2761.51682
-0.466964,50,2761.985114
-0.359843,50,2762.449716
-0.627139,50,2762.916584
-0.46235,50,2763.388498
-0.574482,50,2763.84178
-0.38491,50,2764.329444
-0.615993,50,2764.79069
-1.178526,50,2765.279667
-0.83954,50,2765.737194
-0.669876,50,2766.214836
-0.412966,50,2766.681942
-0.580022,50,2767.190981
-0.364079,50,2767.835588
-0.586182,50,2768.491762
-0.622101,50,2769.13819
-0.357527,50,2769.770487
-0.521688,50,2770.401501
-0.552719,50,2770.857781
-0.404722,50,2771.31438
-0.665802,50,2771.780368
-0.366453,50,2772.244209
-0.414701,50,2772.717733
-0.853558,50,2773.182177
-0.621759,50,2773.645034
-0.354542,50,2774.099183
-0.596933,50,2774.572069
-0.388517,50,2775.030028
-0.624066,50,2775.514688
-0.44939,50,2775.985792
-0.888374,50,2776.452725
-0.706757,50,2776.958351
-0.905881,50,2777.44313
-0.682953,50,2777.919719
-0.541541,50,2778.376552
-0.375785,50,2778.847085
-0.441066,50,2779.318451
-0.310381,50,2779.803967
-0.437788,50,2780.303087
-1.402316,50,2780.992959
-0.422638,50,2781.611763
-0.684389,50,2782.241569
-0.508781,50,2782.870912
-0.346122,50,2783.511476
-0.672709,50,2783.990226
-1.316804,50,2784.459021
-0.546579,50,2784.916409
-0.378496,50,2785.379094
-0.471783,50,2785.833447
-0.312053,50,2786.320012
-0.569329,50,2786.780338
-0.662701,50,2787.257493
-0.507718,50,2787.720226
-0.414504,50,2788.193184
-0.549719,50,2788.656528
-0.40253,50,2789.129871
-0.614415,50,2789.599296
-0.593001,50,2790.058637
-0.427261,50,2790.536362
-0.70973,50,2791.006096
-0.451815,50,2791.484054
-0.551254,50,2791.951072
-0.363118,50,2793.12372
-1.574824,50,2793.731301
-0.688689,50,2794.378695
-0.544851,50,2795.014178
-0.543498,50,2795.653607
-0.485129,50,2796.315089
-0.482507,50,2796.848854
-0.425954,50,2797.313429
-0.514069,50,2797.786595
-0.584003,50,2798.248398
-0.299874,50,2798.719303
-0.320038,50,2799.174742
-0.401985,50,2799.645176
-0.712526,50,2800.109364
-0.64434,50,2800.593749
-0.480942,50,2801.066438
-0.557509,50,2801.537246
-0.426839,50,2802.017273
-0.648714,50,2802.475739
-0.677567,50,2802.954575
-0.52432,50,2803.42851
-0.785472,50,2803.903799
-0.696801,50,2804.361269
-0.428644,50,2804.848794
-0.739032,50,2805.317249
-0.617833,50,2805.8257
-0.443066,50,2806.284391
-0.650363,50,2806.886756
-0.339778,50,2807.499466
-0.565507,50,2808.168919
-0.575396,50,2808.79379
-0.625971,50,2809.469764
-0.629301,50,2810.034377
-0.272141,50,2810.49967
-1.32745,50,2810.996214
-0.571893,50,2811.467553
-0.5193,50,2811.936693
-0.688107,50,2812.406385
-3.107932,50,2812.8825
-5.119592,50,2813.350656
-5.894419,50,2813.825846
-1.624464,50,2814.317637
-0.853405,50,2814.794419
-0.671354,50,2815.276701
-0.660219,50,2815.742563
-0.623566,50,2816.226551
-0.40369,50,2816.705089
-0.458466,50,2817.177079
-0.566948,50,2817.649606
-0.507795,50,2818.126046
-0.741178,50,2818.616448
-0.364924,50,2819.079247
-0.485858,50,2819.549549
-0.302716,50,2820.164783
-0.51195,50,2820.834778
-0.381758,50,2821.495403
-0.483979,50,2822.115732
-0.451789,50,2822.815844
-0.757169,50,2823.291632
-0.427533,50,2823.766825
-0.60333,50,2824.25282
-0.388037,50,2824.732152
-0.375797,50,2825.199981
-1.72687,50,2825.71417
-0.285959,50,2826.183546
-1.375353,50,2826.662953
-0.672625,50,2827.151161
-1.696445,50,2827.633045
-0.616183,50,2828.119068
-0.552229,50,2828.584525
-0.837274,50,2829.073497
-0.355462,50,2829.537505
-0.53631,50,2830.026279
-0.461613,50,2830.491654
-0.381423,50,2830.981636
-0.325013,50,2831.449715
-0.601612,50,2831.932839
-0.504309,50,2832.391377
-0.489639,50,2832.85829
-0.8312,50,2833.536828
-0.741946,50,2834.202575
-0.451324,50,2834.849809
-0.355542,50,2835.504621
-0.487834,50,2836.196511
-0.560726,50,2836.663231
-0.966604,50,2837.162294
-0.341062,50,2837.618193
-0.589703,50,2838.096098
-0.32827,50,2838.582331
-0.449257,50,2839.052489
-0.461614,50,2839.521428
-0.787935,50,2839.9865
-0.392354,50,2840.471074
-0.549352,50,2840.950583
-0.830068,50,2841.42574
-0.684774,50,2841.889261
-0.548805,50,2842.372409
-0.637437,50,2842.847459
-0.729838,50,2843.304137
-0.502061,50,2843.76708
-0.299518,50,2844.233366
-0.675366,50,2844.704025
-1.617944,50,2845.183854
-0.580885,50,2845.666699
-1.115881,50,2846.194603
-0.591164,50,2846.836382
-0.444359,50,2847.462781
-0.550313,50,2848.096042
-0.650446,50,2848.734364
-0.795237,50,2849.35724
-0.584745,50,2849.820787
-0.661118,50,2850.282954
-0.524786,50,2850.749862
-0.394512,50,2851.214192
-0.799353,50,2851.682204
-1.005144,50,2852.159544
-1.311218,50,2852.623549
-0.498828,50,2853.1035
-0.772524,50,2853.56036
-0.541289,50,2854.039463
-0.734733,50,2854.50714
-0.734997,50,2854.97993
-0.651986,50,2855.432047
-0.827828,50,2855.904518
-0.36176,50,2856.368167
-0.562458,50,2856.817724
-0.655395,50,2857.302087
-0.647549,50,2857.761106
-0.360424,50,2858.241242
-0.535751,50,2858.695156
-0.746893,50,2859.174659
-0.640697,50,2859.814464
-1.247169,50,2860.489758
-0.534596,50,2861.144105
-0.595862,50,2861.75246
-0.436553,50,2862.41714
-0.574121,50,2862.888724
-0.701533,50,2863.353967
-0.67008,50,2863.814211
-0.739028,50,2864.288177
-0.594646,50,2864.769762
-0.666369,50,2865.235543
-0.359765,50,2865.742112
-0.719612,50,2866.204318
-0.389126,50,2866.676449
-0.488042,50,2867.135525
-0.594237,50,2867.601203
-0.479993,50,2868.062017
-1.686193,50,2868.554476
-0.778605,50,2869.026001
-0.703749,50,2869.495434
-1.038271,50,2869.968461
-0.710395,50,2870.451737
-0.366303,50,2870.912684
-0.515257,50,2871.3753
-0.874058,50,2871.847911
-0.528739,50,2872.323579
-0.883353,50,2872.98547
-0.444929,50,2873.609828
-0.619619,50,2874.245533
-0.47266,50,2874.863339
-0.57961,50,2875.547712
-0.70247,50,2876.029588
-0.930104,50,2876.488714
-0.715539,50,2876.967129
-0.975535,50,2877.425868
-0.438419,50,2877.903464
-0.328078,50,2878.361892
-0.835932,50,2878.832555
-0.624153,50,2879.299556
-0.968354,50,2879.754173
-0.864159,50,2880.234927
-0.510784,50,2880.697105
-0.96089,50,2881.178458
-1.085099,50,2881.630055
-0.66465,50,2882.10199
-0.919863,50,2882.571889
-0.566664,50,2883.045549
-0.333326,50,2883.494532
-0.673295,50,2883.975713
-1.2228,50,2884.437785
-0.821777,50,2884.899538
-0.532535,50,2885.389096
-0.603064,50,2886.018998
-0.837163,50,2886.645374
-0.589879,50,2887.307185
-0.681242,50,2887.915672
-0.747217,50,2888.636728
-0.603515,50,2889.11052
-0.642937,50,2889.579142
-0.953233,50,2890.053443
-0.540288,50,2890.532544
-0.70178,50,2890.9931
-0.559542,50,2891.458265
-0.57263,50,2891.913443
-0.60241,50,2892.411689
-0.565535,50,2892.874917
-0.807323,50,2893.332279
-0.610648,50,2893.795094
-1.65097,50,2894.268184
-1.195378,50,2894.735541
-0.920076,50,2895.185224
-0.815441,50,2895.648372
-0.782831,50,2896.144817
-0.614687,50,2896.613312
-1.242071,50,2897.082614
-0.909519,50,2897.549093
-0.552753,50,2898.012633
-0.726639,50,2898.477603
-0.599067,50,2899.084642
-0.875392,50,2899.717849
-0.749253,50,2900.396537
-0.665041,50,2901.027744
-0.864031,50,2901.706987
-0.621945,50,2902.206449
-0.782786,50,2902.659211
-0.883367,50,2903.137323
-1.14817,50,2903.600017
-0.726337,50,2904.072162
-0.538918,50,2904.529678
-0.485912,50,2905.006275
-0.741053,50,2905.461462
-0.704221,50,2905.929065
-0.66368,50,2906.375414
-0.489084,50,2906.845493
-0.503278,50,2907.326319
-0.54975,50,2907.781303
-0.888764,50,2908.249164
-0.561616,50,2908.714081
-0.775268,50,2909.204467
-0.647107,50,2909.662205
-0.619117,50,2910.142194
-0.861522,50,2910.606623
-0.530176,50,2911.076046
-0.829402,50,2911.534014
-0.604004,50,2912.133375
-0.753343,50,2912.786354
-0.626691,50,2913.445043
-0.984842,50,2914.053263
-0.792749,50,2914.753365
-0.88646,50,2915.285095
-0.677623,50,2915.752258
-0.53974,50,2916.207257
-0.851161,50,2916.667823
-0.62585,50,2917.130274
-0.736132,50,2917.599382
-0.727732,50,2918.054385
-0.463983,50,2918.523291
-0.775615,50,2918.987255
-0.888482,50,2919.448828
-0.478392,50,2919.898348
-0.663631,50,2920.356069
-0.45259,50,2920.824214
-0.836022,50,2921.284337
-0.546796,50,2921.765039
-0.724893,50,2922.226397
-0.622213,50,2922.69764
-0.787224,50,2923.158173
-0.551623,50,2923.630477
-0.603855,50,2924.100939
-1.251893,50,2924.563488
-0.619369,50,2925.108579
-0.393773,50,2925.751475
-0.526677,50,2926.414292
-0.78435,50,2927.05026
-0.542073,50,2927.663561
-0.865397,50,2928.266168
-0.961076,50,2928.728294
-0.640616,50,2929.219556
-0.715932,50,2929.678347
-0.8097,50,2930.153169
-0.793517,50,2930.608739
-1.224717,50,2931.074464
-0.572718,50,2931.524957
-0.442867,50,2931.990232
-0.558328,50,2932.440907
-0.625508,50,2932.902501
-1.032451,50,2933.364156
-0.681886,50,2933.813105
-0.422843,50,2934.280492
-1.017389,50,2934.74638
-0.516261,50,2935.219681
-0.584256,50,2935.675947
-0.437618,50,2936.144941
-0.682972,50,2936.604615
-1.182919,50,2937.061009
-0.560276,50,2937.530585
-0.558487,50,2938.000029
-0.839395,50,2938.653563
-0.693212,50,2939.289456
-0.622927,50,2939.926082
-0.401665,50,2940.533669
-0.616789,50,2941.210989
-0.557187,50,2941.692389
-0.799239,50,2942.156914
-0.641523,50,2942.648057
-0.652739,50,2943.108478
-0.718255,50,2943.570612
-0.899767,50,2944.022065
-0.289742,50,2944.472945
-0.505149,50,2944.942368
-0.680769,50,2945.396957
-0.67517,50,2945.868011
-0.560142,50,2946.350052
-0.604814,50,2946.821437
-1.035561,50,2947.287593
-1.331806,50,2947.774871
-0.515285,50,2948.225564
-0.556514,50,2948.696199
-0.397786,50,2949.148097
-0.628033,50,2949.607325
-0.56106,50,2950.076468
-0.925298,50,2950.535412
-0.768318,50,2951.013775
-0.696,50,2951.607862
-0.49435,50,2952.220653
-1.598297,50,2952.905931
-0.80211,50,2953.511373
-0.512855,50,2954.225521
-0.760235,50,2954.721165
-0.912426,50,2955.196575
-0.926608,50,2955.653343
-0.868867,50,2956.159262
-0.901904,50,2956.624305
-0.63383,50,2957.118787
-0.874195,50,2957.582753
-0.664944,50,2958.05641
-0.594644,50,2958.521775
-1.077931,50,2959.01347
-0.606754,50,2959.508533
-0.615049,50,2959.974018
-0.814603,50,2960.457488
-0.833339,50,2960.925247
-0.590153,50,2961.398783
-0.812071,50,2961.855551
-0.491541,50,2962.326078
-0.535354,50,2962.782599
-0.334466,50,2963.259638
-0.809198,50,2963.720671
-0.607544,50,2964.180391
-0.85464,50,2964.826053
-0.432435,50,2965.44137
-0.504089,50,2966.095439
-0.669116,50,2966.711492
-0.366842,50,2967.399444
-0.699129,50,2967.886209
-1.147909,50,2968.352179
-0.369209,50,2968.819573
-1.427193,50,2969.308687
-0.855157,50,2969.790576
-0.723521,50,2970.246206
-0.59719,50,2970.714605
-0.842214,50,2971.173714
-0.550017,50,2971.637536
-0.806786,50,2972.102901
-0.688514,50,2972.580438
-0.506363,50,2973.054728
-0.611282,50,2973.518413
-0.75756,50,2973.994323
-0.569674,50,2974.450556
-0.491084,50,2974.928248
-0.708678,50,2975.390059
-0.47995,50,2975.857784
-0.669843,50,2976.316081
-0.78618,50,2976.788087
-0.655565,50,2977.253537
-0.525858,50,2977.833637
-1.310067,50,2978.467813
-0.735071,50,2979.142233
-0.833152,50,2979.746404
-1.162984,50,2980.402443
-0.553654,50,2980.932158
-0.45268,50,2981.380849
-0.898853,50,2981.826065
-0.503879,50,2982.289222
-0.519913,50,2982.735534
-0.759171,50,2983.20144
-0.900326,50,2983.656145
-0.531608,50,2984.130159
-0.944754,50,2984.590132
-0.468048,50,2985.064629
-0.455709,50,2985.521307
-0.511596,50,2985.970891
-0.832969,50,2986.463421
-0.355311,50,2986.920329
-0.719197,50,2987.384243
-0.574047,50,2987.845928
-1.121838,50,2988.314204
-0.816979,50,2988.785099
-0.341549,50,2989.268215
-0.455436,50,2989.736651
-0.315806,50,2990.198691
-0.552715,50,2990.685117
-0.503207,50,2991.310896
-0.967137,50,2991.926807
-0.534524,50,2992.547219
-0.434609,50,2993.181097
-0.681922,50,2993.816628
-0.872281,50,2994.272302
-0.624242,50,2994.734112
-1.891986,50,2995.20037
-0.729422,50,2995.67337
-0.507827,50,2996.139217
-0.608593,50,2996.602931
-0.409039,50,2997.065473
-0.500248,50,2997.513865
-0.887816,50,2997.983034
-0.541589,50,2998.435503
-1.55626,50,2998.922402
-0.291078,50,2999.376248
-0.494212,50,2999.841851
-0.61232,50,3000.301694
-0.731482,50,3000.786853
-1.227384,50,3001.244219
-1.830594,50,3001.708528
-0.852661,50,3002.169475
-0.624586,50,3002.624134
-1.707588,50,3003.111797
-0.419452,50,3003.561958
-0.549903,50,3004.179145
-0.304382,50,3004.781614
-0.594258,50,3005.436927
-0.844234,50,3006.057205
-0.754529,50,3006.719129
-0.485692,50,3007.23155
-0.627534,50,3007.689358
-0.611631,50,3008.172134
-0.522102,50,3008.637187
-0.516409,50,3009.103029
-0.736339,50,3009.556108
-0.586903,50,3010.019448
-0.492038,50,3010.486241
-0.999313,50,3010.946818
-0.842654,50,3011.418395
-0.831588,50,3011.877754
-0.552798,50,3012.343631
-0.497087,50,3012.798005
-0.735578,50,3013.281407
-0.54965,50,3013.738125
-0.492972,50,3014.209875
-0.375421,50,3014.662474
-0.473899,50,3015.119442
-1.056248,50,3015.583395
-0.710922,50,3016.043883
-0.758911,50,3016.591846
-0.52995,50,3017.161587
-0.503046,50,3017.782378
-0.542412,50,3018.431132
-0.707234,50,3019.057994
-0.543283,50,3019.723197
-1.019133,50,3020.26931
-0.483285,50,3020.763824
-0.817537,50,3021.228118
-1.204792,50,3021.701874
-0.432453,50,3022.156031
-0.419021,50,3022.650445
-0.619826,50,3023.106035
-0.395103,50,3023.554054
-0.642096,50,3024.02386
-0.778778,50,3024.474286
-1.279206,50,3024.950047
-0.723376,50,3025.404774
-0.628315,50,3025.873412
-0.581382,50,3026.333733
-0.646302,50,3026.798177
-0.947217,50,3027.257372
-0.574466,50,3027.705171
-1.217175,50,3028.212318
-0.959233,50,3028.680846
-0.742512,50,3029.146888
-0.494299,50,3029.599624
-0.650029,50,3030.143805
-0.631985,50,3030.77827
-1.405192,50,3031.456487
-0.43593,50,3032.099385
-0.624998,50,3032.749313
-0.614081,50,3033.329209
-0.544641,50,3033.776971
-0.394706,50,3034.249369
-0.471175,50,3034.705747
-0.656357,50,3035.174106
-0.778472,50,3035.615857
-0.458655,50,3036.069667
-0.682969,50,3036.534638
-0.838054,50,3036.996193
-0.779094,50,3037.466177
-0.600354,50,3037.930111
-0.669496,50,3038.392771
-0.541606,50,3038.862614
-0.372993,50,3039.333637
-1.005216,50,3039.782752
-0.584795,50,3040.247589
-0.604231,50,3040.700007
-1.20246,50,3041.172836
-0.420667,50,3041.642118
-0.614861,50,3042.099077
-1.071216,50,3042.583851
-1.359827,50,3043.062896
-0.885014,50,3043.737542
-0.502883,50,3044.367209
