#{"t_start": 1769179680.039594, "env_id": "FetchReach-v4"}
r,l,t
-50.0,50,0.381864
-45.0,50,0.410326
-50.0,50,0.438076
-38.0,50,0.466152
-50.0,50,0.508553
-50.0,50,0.538296
-50.0,50,0.567064
-50.0,50,0.594932
-50.0,50,0.623836
-50.0,50,0.652683
-50.0,50,0.680854
-50.0,50,0.708391
-49.0,50,0.73766
-50.0,50,0.764778
-50.0,50,0.795311
-50.0,50,0.822042
-50.0,50,0.851795
-48.0,50,0.880095
-50.0,50,0.911688
-50.0,50,0.940272
-50.0,50,0.968894
-50.0,50,0.999241
-46.0,50,1.027432
-50.0,50,1.05693
-50.0,50,1.085815
-50.0,50,1.114887
-50.0,50,1.14318
-50.0,50,1.17407
-50.0,50,1.202888
-50.0,50,1.231277
-50.0,50,1.263964
-50.0,50,1.29345
-50.0,50,1.32206
-47.0,50,1.349619
-42.0,50,1.378688
-41.0,50,1.410628
-47.0,50,1.439393
-50.0,50,1.467878
-50.0,50,1.496901
-50.0,50,1.52716
-50.0,50,1.555569
-50.0,50,1.585278
-50.0,50,1.614146
-50.0,50,1.641846
-50.0,50,1.670433
-50.0,50,1.698798
-39.0,50,1.729632
-50.0,50,1.757856
-50.0,50,1.787373
-50.0,50,1.816426
-50.0,50,1.844908
-46.0,50,1.872448
-50.0,50,1.901937
-50.0,50,1.930986
-50.0,50,1.960474
-50.0,50,1.988834
-50.0,50,2.018072
-47.0,50,2.046302
-50.0,50,2.076114
-50.0,50,2.103874
-42.0,50,2.131513
-50.0,50,2.163718
-50.0,50,2.193022
-50.0,50,2.222892
-50.0,50,2.251216
-50.0,50,2.279705
-50.0,50,2.321439
-50.0,50,2.350477
-50.0,50,2.382993
-47.0,50,2.411512
-50.0,50,2.440556
-50.0,50,2.469524
-50.0,50,2.498214
-50.0,50,2.52779
-50.0,50,2.556792
-50.0,50,2.58563
-50.0,50,2.615761
-50.0,50,2.643348
-50.0,50,2.67184
-50.0,50,2.700681
-50.0,50,2.730122
-50.0,50,2.759102
-50.0,50,2.787611
-46.0,50,2.816521
-50.0,50,2.845039
-50.0,50,2.875318
-50.0,50,2.906288
-49.0,50,2.935154
-43.0,50,2.963658
-50.0,50,2.992426
-50.0,50,3.023155
-50.0,50,3.052123
-44.0,50,3.082287
-50.0,50,3.112349
-50.0,50,3.141274
-50.0,50,3.170143
-50.0,50,3.198065
-48.0,50,3.225711
-38.0,50,3.255148
-50.0,50,3.285603
-50.0,50,3.609965
-50.0,50,3.91341
-50.0,50,4.219111
-50.0,50,4.55325
-50.0,50,4.86783
-50.0,50,5.184055
-50.0,50,5.499732
-50.0,50,5.827938
-50.0,50,6.142756
-50.0,50,6.456711
-50.0,50,6.763413
-50.0,50,7.112405
-50.0,50,7.434748
-50.0,50,7.742429
-50.0,50,8.058562
-48.0,50,8.394459
-50.0,50,8.718159
-50.0,50,9.018993
-50.0,50,9.326181
-50.0,50,9.645998
-50.0,50,9.958733
-50.0,50,10.265001
-50.0,50,10.583519
-50.0,50,10.909026
-50.0,50,11.235224
-50.0,50,11.539188
-50.0,50,11.842757
-50.0,50,12.171201
-50.0,50,12.48004
-50.0,50,12.78519
-50.0,50,13.096959
-50.0,50,13.425565
-50.0,50,13.73616
-50.0,50,14.042414
-50.0,50,14.35462
-41.0,50,14.686544
-50.0,50,14.993476
-50.0,50,15.299153
-50.0,50,15.60687
-50.0,50,15.957691
-36.0,50,16.277543
-50.0,50,16.587934
-50.0,50,16.913938
-43.0,50,17.264553
-50.0,50,17.577278
-50.0,50,17.884632
-50.0,50,18.186198
-50.0,50,18.511426
-50.0,50,18.822544
-50.0,50,19.138999
-50.0,50,19.453951
-50.0,50,19.814188
-50.0,50,20.143367
-50.0,50,20.474886
-50.0,50,20.791846
-50.0,50,21.128393
-50.0,50,21.436275
-50.0,50,21.738616
-50.0,50,22.064304
-50.0,50,22.419022
-50.0,50,22.722872
-50.0,50,23.033527
-50.0,50,23.353634
-50.0,50,23.699542
-50.0,50,24.025005
-50.0,50,24.364626
-50.0,50,24.696527
-50.0,50,25.070556
-50.0,50,25.390309
-50.0,50,25.720499
-50.0,50,26.022854
-44.0,50,26.346667
-50.0,50,26.649824
-50.0,50,26.955721
-50.0,50,27.278963
-50.0,50,27.615565
-50.0,50,27.953375
-50.0,50,28.276887
-42.0,50,28.609722
-49.0,50,28.938658
-50.0,50,29.264379
-50.0,50,29.589415
-50.0,50,29.899166
-50.0,50,30.235705
-47.0,50,30.55639
-50.0,50,30.872301
-50.0,50,31.183818
-50.0,50,31.505412
-50.0,50,31.809551
-50.0,50,32.112849
-50.0,50,32.424813
-50.0,50,32.753104
-50.0,50,33.060512
-50.0,50,33.399425
-50.0,50,33.743498
-50.0,50,34.073556
-50.0,50,34.410818
-50.0,50,34.758728
-50.0,50,35.096251
-42.0,50,35.471745
-50.0,50,35.809319
-42.0,50,36.126725
-50.0,50,36.449323
-49.0,50,36.786846
-50.0,50,37.105584
-50.0,50,37.415573
-50.0,50,37.740493
-50.0,50,38.078047
-50.0,50,38.404643
-50.0,50,38.7256
-50.0,50,39.09113
-50.0,50,39.46523
-46.0,50,39.802496
-50.0,50,40.120347
-50.0,50,40.44488
-50.0,50,40.783983
-50.0,50,41.102565
-50.0,50,41.415033
-50.0,50,41.728804
-50.0,50,42.072544
-50.0,50,42.387493
-50.0,50,42.709507
-50.0,50,43.025779
-50.0,50,43.380219
-50.0,50,43.699872
-50.0,50,44.016168
-50.0,50,44.333279
-50.0,50,44.663226
-49.0,50,44.975855
-50.0,50,45.287392
-50.0,50,45.594824
-50.0,50,45.939519
-50.0,50,46.256631
-50.0,50,46.571976
-50.0,50,46.887814
-50.0,50,47.229455
-50.0,50,47.545513
-50.0,50,47.861502
-50.0,50,48.175157
-50.0,50,48.529525
-50.0,50,48.845787
-50.0,50,49.156399
-50.0,50,49.468809
-50.0,50,49.811742
-43.0,50,50.136524
-50.0,50,50.455171
-47.0,50,50.772385
-50.0,50,51.129609
-46.0,50,51.449992
-50.0,50,51.769115
-45.0,50,52.084689
-46.0,50,52.420799
-44.0,50,52.739814
-50.0,50,53.055798
-50.0,50,53.374845
-50.0,50,53.747275
-50.0,50,54.069708
-50.0,50,54.397106
-47.0,50,54.730351
-50.0,50,55.074668
-50.0,50,55.399794
-50.0,50,55.720758
-49.0,50,56.041591
-50.0,50,56.397571
-50.0,50,56.713895
-50.0,50,57.029776
-50.0,50,57.341971
-50.0,50,57.67421
-50.0,50,57.989178
-50.0,50,58.303423
-50.0,50,58.61682
-43.0,50,58.970726
-50.0,50,59.289164
-50.0,50,59.602496
-50.0,50,59.92838
-48.0,50,60.27125
-50.0,50,60.592078
-50.0,50,60.909114
-50.0,50,61.229947
-50.0,50,61.586179
-50.0,50,61.909681
-50.0,50,62.230358
-50.0,50,62.54763
-50.0,50,62.896089
-50.0,50,63.226573
-50.0,50,63.554198
-50.0,50,63.883387
-48.0,50,64.251325
-50.0,50,64.583078
-50.0,50,64.911929
-50.0,50,65.232616
-50.0,50,65.573274
-50.0,50,65.892172
-50.0,50,66.209711
-50.0,50,66.524963
-50.0,50,66.876238
-50.0,50,67.198071
-50.0,50,67.51553
-50.0,50,67.83291
-33.0,50,68.176933
-50.0,50,68.49663
-49.0,50,68.814135
-47.0,50,69.131815
-50.0,50,69.483638
-50.0,50,69.806646
-50.0,50,70.137247
-50.0,50,70.464303
-50.0,50,70.80816
-50.0,50,71.135268
-49.0,50,71.455997
-50.0,50,71.775728
-50.0,50,72.131966
-50.0,50,72.453387
-50.0,50,72.775282
-49.0,50,73.095629
-50.0,50,73.438318
-50.0,50,73.765001
-45.0,50,74.092023
-50.0,50,74.416712
-50.0,50,74.793171
-50.0,50,75.138888
-50.0,50,75.464884
-49.0,50,75.789829
-50.0,50,76.13489
-50.0,50,76.454677
-49.0,50,76.772681
-50.0,50,77.088505
-50.0,50,77.439374
-50.0,50,77.758158
-49.0,50,78.073487
-50.0,50,78.387083
-50.0,50,78.724196
-50.0,50,79.059408
-50.0,50,79.394735
-50.0,50,79.716157
-50.0,50,80.082853
-50.0,50,80.41551
-50.0,50,80.737546
-50.0,50,81.058907
-9.0,50,81.408855
-50.0,50,81.731814
-14.0,50,82.052943
-50.0,50,82.374258
-50.0,50,82.737223
-50.0,50,83.063759
-50.0,50,83.384685
-45.0,50,83.706321
-50.0,50,84.0477
-50.0,50,84.376871
-50.0,50,84.699843
-50.0,50,85.022708
-50.0,50,85.378558
-38.0,50,85.706134
-50.0,50,86.027515
-50.0,50,86.34615
-50.0,50,86.68643
-47.0,50,87.009102
-50.0,50,87.328696
-50.0,50,87.646503
-50.0,50,87.997674
-37.0,50,88.317157
-50.0,50,88.634128
-50.0,50,88.952112
-50.0,50,89.28781
-41.0,50,89.618994
-50.0,50,89.94055
-50.0,50,90.27261
-50.0,50,90.631922
-50.0,50,90.967592
-50.0,50,91.297173
-50.0,50,91.624258
-50.0,50,91.985436
-50.0,50,92.315284
-42.0,50,92.645855
-50.0,50,92.97961
-38.0,50,93.334431
-48.0,50,93.666917
-50.0,50,93.996963
-50.0,50,94.331338
-50.0,50,94.705354
-50.0,50,95.041648
-50.0,50,95.372514
-50.0,50,95.698614
-50.0,50,96.050118
-50.0,50,96.381376
-50.0,50,96.722498
-50.0,50,97.042892
-50.0,50,97.407086
-50.0,50,97.740575
-39.0,50,98.061661
-50.0,50,98.387017
-50.0,50,98.727818
-50.0,50,99.05832
-50.0,50,99.376566
-50.0,50,99.701783
-50.0,50,100.059077
-50.0,50,100.39258
-50.0,50,100.713421
-50.0,50,101.042891
-46.0,50,101.394856
-50.0,50,101.71801
-50.0,50,102.043775
-50.0,50,102.36373
-50.0,50,102.720188
-50.0,50,103.046135
-50.0,50,103.364824
-31.0,50,103.686714
-50.0,50,104.037692
-38.0,50,104.371422
-50.0,50,104.693618
-50.0,50,105.021705
-50.0,50,105.367528
-50.0,50,105.686493
-50.0,50,106.00344
-3.0,50,106.31977
-24.0,50,106.661383
-50.0,50,106.981264
-50.0,50,107.297658
-50.0,50,107.615892
-50.0,50,107.960778
-50.0,50,108.276691
-50.0,50,108.59408
-50.0,50,108.915586
-50.0,50,109.267315
-50.0,50,109.592527
-50.0,50,109.911381
-50.0,50,110.23955
-50.0,50,110.593196
-50.0,50,110.920797
-50.0,50,111.239042
-50.0,50,111.559783
-50.0,50,111.91434
-50.0,50,112.244409
-50.0,50,112.579469
-9.0,50,112.910666
-50.0,50,113.260432
-50.0,50,113.59673
-50.0,50,113.925925
-50.0,50,114.255801
-50.0,50,114.630705
-50.0,50,114.965028
-50.0,50,115.304871
-47.0,50,115.627789
-50.0,50,115.976883
-50.0,50,116.301316
-50.0,50,116.626946
-36.0,50,116.94674
-50.0,50,117.29028
-50.0,50,117.616253
-50.0,50,117.935165
-33.0,50,118.254891
-49.0,50,118.613404
-19.0,50,118.93694
-48.0,50,119.253605
-46.0,50,119.576029
-50.0,50,119.919895
-50.0,50,120.247492
-50.0,50,120.570272
-50.0,50,120.888966
-46.0,50,121.235712
-44.0,50,121.565107
-50.0,50,121.889665
-50.0,50,122.211947
-50.0,50,122.570698
-50.0,50,122.893529
-2.0,50,123.211949
-50.0,50,123.528224
-50.0,50,123.870033
-45.0,50,124.195256
-50.0,50,124.511521
-50.0,50,124.829097
-50.0,50,125.168434
-50.0,50,125.498388
-50.0,50,125.815573
-50.0,50,126.134818
-50.0,50,126.485139
-37.0,50,126.805501
-50.0,50,127.124334
-50.0,50,127.439624
-50.0,50,127.777953
-49.0,50,128.099214
-45.0,50,128.415721
-50.0,50,128.731078
-50.0,50,129.066184
-50.0,50,129.389123
-50.0,50,129.706195
-50.0,50,130.025014
-50.0,50,130.375234
-50.0,50,130.703432
-50.0,50,131.036281
-50.0,50,131.36615
-50.0,50,131.721874
-50.0,50,132.060342
-50.0,50,132.392091
-50.0,50,132.727895
-50.0,50,133.089976
-50.0,50,133.425873
-48.0,50,133.749834
-50.0,50,134.08091
-36.0,50,134.432573
-46.0,50,135.005773
-50.0,50,135.351609
-50.0,50,135.691351
-50.0,50,136.036978
-50.0,50,136.369459
-50.0,50,136.697035
-50.0,50,137.026853
-50.0,50,137.381791
-49.0,50,137.708503
-50.0,50,138.02319
-50.0,50,138.344415
-50.0,50,138.701516
-50.0,50,139.024409
-50.0,50,139.366809
-50.0,50,139.698011
-48.0,50,140.041158
-50.0,50,140.368933
-50.0,50,140.687784
-45.0,50,141.014388
-50.0,50,141.360913
-50.0,50,141.689432
-50.0,50,142.01239
-50.0,50,142.331116
-50.0,50,142.685323
-50.0,50,143.011154
-50.0,50,143.334101
-49.0,50,143.654751
-50.0,50,144.000922
-37.0,50,144.328137
-22.0,50,144.648973
-50.0,50,144.969105
-48.0,50,145.309622
-50.0,50,145.640984
-50.0,50,145.971025
-50.0,50,146.293795
-50.0,50,146.652663
-50.0,50,146.977885
-50.0,50,147.299855
-50.0,50,147.623274
-50.0,50,147.967431
-43.0,50,148.289661
-50.0,50,148.611606
-50.0,50,148.929628
-50.0,50,149.272623
-48.0,50,149.592076
-50.0,50,149.909987
-50.0,50,150.227224
-50.0,50,150.584735
-50.0,50,150.910895
-50.0,50,151.24374
-50.0,50,151.574254
-50.0,50,151.925205
-47.0,50,152.255382
-50.0,50,152.588367
-50.0,50,152.920283
-50.0,50,153.269554
-50.0,50,153.609367
-50.0,50,153.942921
-50.0,50,154.266307
-50.0,50,154.628485
-50.0,50,154.9529
-50.0,50,155.278801
-25.0,50,155.608392
-50.0,50,155.963464
-49.0,50,156.294762
-50.0,50,156.625581
-47.0,50,156.957293
-50.0,50,157.312372
-50.0,50,157.64579
-50.0,50,157.974953
-50.0,50,158.290947
-46.0,50,158.643106
-48.0,50,158.960519
-50.0,50,159.278116
-7.0,50,159.594623
-50.0,50,159.929268
-50.0,50,160.249241
-50.0,50,160.571512
-50.0,50,160.89115
-49.0,50,161.239016
-50.0,50,161.574739
-50.0,50,161.904778
-5.0,50,162.226531
-45.0,50,162.580095
-50.0,50,162.902934
-50.0,50,163.221073
-50.0,50,163.535559
-2.0,50,163.880311
-50.0,50,164.206395
-50.0,50,164.526498
-50.0,50,164.848072
-4.0,50,165.1957
-50.0,50,165.52576
-50.0,50,165.845566
-46.0,50,166.171582
-48.0,50,166.522566
-18.0,50,166.843797
-50.0,50,167.160707
-50.0,50,167.472748
-50.0,50,167.81224
-50.0,50,168.136835
-8.0,50,168.455021
-48.0,50,168.784055
-50.0,50,169.159993
-48.0,50,169.5108
-50.0,50,169.84781
-3.0,50,170.202268
-50.0,50,170.582984
-50.0,50,170.910997
-47.0,50,171.23132
-50.0,50,171.553782
-50.0,50,171.900386
-50.0,50,172.220966
-50.0,50,172.538134
-50.0,50,172.897554
-50.0,50,173.295118
-50.0,50,173.645881
-47.0,50,173.997621
-49.0,50,174.336306
-50.0,50,174.686134
-11.0,50,175.021447
-13.0,50,175.360894
-50.0,50,175.692479
-50.0,50,176.046489
-50.0,50,176.386252
-50.0,50,176.70059
-4.0,50,177.030191
-50.0,50,177.390608
-50.0,50,177.716569
-50.0,50,178.033945
-49.0,50,178.348203
-50.0,50,178.700896
-50.0,50,179.041751
-50.0,50,179.396178
-3.0,50,179.737788
-50.0,50,180.080852
-50.0,50,180.404102
-27.0,50,180.719809
-49.0,50,181.036368
-40.0,50,181.385084
-48.0,50,181.718071
-48.0,50,182.050941
-50.0,50,182.37355
-49.0,50,182.733165
-48.0,50,183.068928
-3.0,50,183.401795
-48.0,50,183.731994
-50.0,50,184.082681
-45.0,50,184.410821
-50.0,50,184.734683
-3.0,50,185.068909
-50.0,50,185.436346
-50.0,50,185.77058
-50.0,50,186.100747
-3.0,50,186.433551
-50.0,50,186.767476
-21.0,50,187.086546
-50.0,50,187.404089
-50.0,50,187.720797
-12.0,50,188.055242
-40.0,50,188.37148
-50.0,50,188.686653
-50.0,50,189.00341
-44.0,50,189.355411
-50.0,50,189.678191
-50.0,50,189.997053
-50.0,50,190.315451
-50.0,50,190.65704
-3.0,50,190.978011
-50.0,50,191.294233
-50.0,50,191.614863
-3.0,50,191.963851
-50.0,50,192.288456
-50.0,50,192.607867
-50.0,50,192.929724
-50.0,50,193.290821
-23.0,50,193.614113
-50.0,50,193.934448
-50.0,50,194.256177
-50.0,50,194.600483
-48.0,50,194.921758
-3.0,50,195.244349
-50.0,50,195.577802
-50.0,50,195.926438
-50.0,50,196.266076
-50.0,50,196.603513
-50.0,50,196.945281
-50.0,50,197.323119
-50.0,50,197.651315
-50.0,50,197.979874
-50.0,50,198.296811
-50.0,50,198.638199
-50.0,50,198.95788
-50.0,50,199.280899
-50.0,50,199.619707
-50.0,50,199.96283
-50.0,50,200.284593
-50.0,50,200.609537
-50.0,50,200.926482
-26.0,50,201.268032
-50.0,50,201.596508
-50.0,50,201.919702
-50.0,50,202.241706
-50.0,50,202.602477
-50.0,50,202.927173
-50.0,50,203.2462
-50.0,50,203.565808
-50.0,50,203.93032
-12.0,50,204.268823
-50.0,50,204.596582
-50.0,50,204.922992
-50.0,50,205.27534
-50.0,50,205.609354
-27.0,50,205.941628
-50.0,50,206.271501
-50.0,50,206.622281
-50.0,50,206.942653
-50.0,50,207.259101
-50.0,50,207.575372
-4.0,50,207.927836
-50.0,50,208.246831
-48.0,50,208.559024
-50.0,50,208.873855
-50.0,50,209.206515
-3.0,50,209.527846
-50.0,50,209.842886
-18.0,50,210.162591
-50.0,50,210.502942
-50.0,50,210.822124
-47.0,50,211.138919
-50.0,50,211.456233
-48.0,50,211.802684
-50.0,50,212.13386
-50.0,50,212.466941
-48.0,50,212.79656
-50.0,50,213.166853
-50.0,50,213.496691
-50.0,50,213.828234
-36.0,50,214.160129
-50.0,50,214.514971
-50.0,50,214.849355
-50.0,50,215.184366
-50.0,50,215.517651
-50.0,50,215.88038
-50.0,50,216.220727
-49.0,50,216.5529
-50.0,50,216.884613
-48.0,50,217.233064
-50.0,50,217.565169
-48.0,50,217.896273
-50.0,50,218.219328
-50.0,50,218.587641
-50.0,50,218.917023
-33.0,50,219.236773
-50.0,50,219.555168
-50.0,50,219.888822
-50.0,50,220.203348
-50.0,50,220.525956
-46.0,50,220.836462
-50.0,50,221.174511
-50.0,50,221.492384
-43.0,50,221.816636
-50.0,50,222.145835
-50.0,50,222.491552
-50.0,50,222.815113
-48.0,50,223.133806
-45.0,50,223.456645
-50.0,50,223.817467
-50.0,50,224.143694
-50.0,50,224.465563
-50.0,50,224.789281
-37.0,50,225.12968
-50.0,50,225.459826
-3.0,50,225.783155
-50.0,50,226.093929
-45.0,50,226.431003
-50.0,50,226.747833
-2.0,50,227.068409
-48.0,50,227.388554
-38.0,50,227.720848
-50.0,50,228.041594
-50.0,50,228.363432
-39.0,50,228.684116
-50.0,50,229.035026
-50.0,50,229.357239
-50.0,50,229.672689
-50.0,50,229.988742
-50.0,50,230.32383
-49.0,50,230.649047
-43.0,50,230.965773
-50.0,50,231.285601
-50.0,50,231.625041
-47.0,50,231.941717
-50.0,50,232.274844
-20.0,50,232.595873
-50.0,50,232.94291
-50.0,50,233.272504
-40.0,50,233.596035
-50.0,50,233.923637
-50.0,50,234.289958
-50.0,50,234.62739
-50.0,50,234.956815
-40.0,50,235.282744
-21.0,50,235.631748
-50.0,50,235.96315
-47.0,50,236.289418
-36.0,50,236.621318
-50.0,50,236.973027
-44.0,50,237.295362
-50.0,50,237.616425
-46.0,50,237.942467
-4.0,50,238.293164
-50.0,50,238.614738
-23.0,50,238.936571
-50.0,50,239.25172
-50.0,50,239.611883
-50.0,50,239.932146
-50.0,50,240.247581
-41.0,50,240.560266
-50.0,50,240.890243
-50.0,50,241.206358
-5.0,50,241.528009
-46.0,50,241.84185
-29.0,50,242.192032
-48.0,50,242.513105
-50.0,50,242.837543
-50.0,50,243.154471
-50.0,50,243.499073
-41.0,50,243.820525
-48.0,50,244.136902
-34.0,50,244.452169
-50.0,50,244.788841
-49.0,50,245.108811
-47.0,50,245.433064
-48.0,50,245.761072
-40.0,50,246.13002
-50.0,50,246.457058
-50.0,50,246.788452
-50.0,50,247.11848
-49.0,50,247.455211
-41.0,50,247.774764
-50.0,50,248.090984
-50.0,50,248.41066
-44.0,50,248.752204
-50.0,50,249.07101
-50.0,50,249.385683
-49.0,50,249.700317
-41.0,50,250.039715
-47.0,50,250.355921
-47.0,50,250.67351
-33.0,50,250.992563
-50.0,50,251.341004
-50.0,50,251.668227
-11.0,50,252.035886
-48.0,50,252.382646
-50.0,50,252.759958
-48.0,50,253.086167
-28.0,50,253.414779
-50.0,50,253.734291
-39.0,50,254.089933
-50.0,50,254.411177
-50.0,50,254.729854
-45.0,50,255.06065
-50.0,50,255.427255
-50.0,50,255.749912
-1.0,50,256.103772
-50.0,50,256.428899
-50.0,50,256.771274
-5.0,50,257.102095
-50.0,50,257.423656
-45.0,50,257.751266
-50.0,50,258.094559
-44.0,50,258.418473
-18.0,50,258.740652
-48.0,50,259.053119
-50.0,50,259.403362
-50.0,50,259.716601
-49.0,50,260.035634
-50.0,50,260.352304
-2.0,50,260.709844
-1.0,50,261.041384
-42.0,50,261.354566
-50.0,50,261.666167
-43.0,50,261.99676
-50.0,50,262.321105
-50.0,50,262.634911
-2.0,50,262.951969
-2.0,50,263.28614
-50.0,50,263.598342
-50.0,50,263.913169
-49.0,50,264.240536
-49.0,50,264.588091
-49.0,50,264.902732
-2.0,50,265.214876
-2.0,50,265.529962
-50.0,50,265.862642
-50.0,50,266.175465
-50.0,50,266.485074
-47.0,50,266.794859
-50.0,50,267.144794
-2.0,50,267.463479
-3.0,50,267.784492
-43.0,50,268.102162
-49.0,50,268.448656
-3.0,50,268.775624
-5.0,50,269.093439
-49.0,50,269.426032
-50.0,50,269.782122
-48.0,50,270.102979
-49.0,50,270.419647
-50.0,50,270.738459
-50.0,50,271.076648
-50.0,50,271.392988
-50.0,50,271.709417
-48.0,50,272.026975
-43.0,50,272.377056
-17.0,50,272.712754
-50.0,50,273.032439
-48.0,50,273.343351
-13.0,50,273.705028
-2.0,50,274.030472
-33.0,50,274.350253
-5.0,50,274.668193
-2.0,50,275.007111
-21.0,50,275.334926
-47.0,50,275.644574
-29.0,50,275.963097
-2.0,50,276.306542
-49.0,50,276.655654
-2.0,50,277.041713
-48.0,50,277.403156
-39.0,50,277.733891
-45.0,50,278.070818
-45.0,50,278.390867
-4.0,50,278.71758
-3.0,50,279.066266
-48.0,50,279.38131
-21.0,50,279.692988
-48.0,50,280.004306
-48.0,50,280.337762
-47.0,50,280.672292
-2.0,50,280.990697
-2.0,50,281.310859
-2.0,50,281.651256
-50.0,50,281.970533
-48.0,50,282.289628
-9.0,50,282.614125
-50.0,50,282.967344
-50.0,50,283.290667
-50.0,50,283.610199
-46.0,50,283.927365
-1.0,50,284.270239
-46.0,50,284.592563
-3.0,50,284.91895
-48.0,50,285.23797
-50.0,50,285.593769
-21.0,50,285.913334
-49.0,50,286.229535
-50.0,50,286.55102
-50.0,50,286.902145
-23.0,50,287.229825
-13.0,50,287.549028
-49.0,50,287.861323
-48.0,50,288.205942
-48.0,50,288.519533
-2.0,50,288.839017
-3.0,50,289.156763
-48.0,50,289.495175
-17.0,50,289.815166
-47.0,50,290.131505
-50.0,50,290.446017
-7.0,50,290.798137
-5.0,50,291.122676
-48.0,50,291.4452
-48.0,50,291.763729
-46.0,50,292.103602
-50.0,50,292.424328
-24.0,50,292.754726
-48.0,50,293.073194
-35.0,50,293.425711
-46.0,50,293.753516
-24.0,50,294.078631
-42.0,50,294.393474
-45.0,50,294.735445
-48.0,50,295.055485
-48.0,50,295.373443
-50.0,50,295.70417
-2.0,50,296.068528
-26.0,50,296.405075
-47.0,50,296.734168
-33.0,50,297.076783
-2.0,50,297.432221
-3.0,50,297.759637
-4.0,50,298.085778
-9.0,50,298.415294
-50.0,50,298.770753
-50.0,50,299.091265
-16.0,50,299.413346
-50.0,50,299.738932
-47.0,50,300.076247
-3.0,50,300.582374
-46.0,50,300.901189
-47.0,50,301.216845
-1.0,50,301.573971
-49.0,50,301.89395
-48.0,50,302.210628
-48.0,50,302.529004
-48.0,50,302.882651
-50.0,50,303.211675
-50.0,50,303.534945
-10.0,50,303.864964
-32.0,50,304.234371
-49.0,50,304.560199
-50.0,50,304.891728
-50.0,50,305.214071
-49.0,50,305.560363
-50.0,50,305.888612
-10.0,50,306.219029
-3.0,50,306.550435
-49.0,50,306.919984
-49.0,50,307.252371
-2.0,50,307.583234
-23.0,50,307.902569
-47.0,50,308.237362
-50.0,50,308.5593
-50.0,50,308.878119
-50.0,50,309.191713
-3.0,50,309.541847
-40.0,50,309.855149
-46.0,50,310.173841
-46.0,50,310.483015
-41.0,50,310.818166
-47.0,50,311.138528
-3.0,50,311.455131
-48.0,50,311.767342
-34.0,50,312.111935
-19.0,50,312.429509
-50.0,50,312.758572
-50.0,50,313.08852
-46.0,50,313.439191
-1.0,50,313.773524
-45.0,50,314.096815
-50.0,50,314.419954
-47.0,50,314.79028
-5.0,50,315.122772
-50.0,50,315.445023
-40.0,50,315.773237
-3.0,50,316.129338
-50.0,50,316.46502
-37.0,50,316.791372
-49.0,50,317.123058
-48.0,50,317.480759
-50.0,50,317.803679
-46.0,50,318.119053
-2.0,50,318.445773
-48.0,50,318.79125
-3.0,50,319.124284
-2.0,50,319.447909
-42.0,50,319.766752
-3.0,50,320.130882
-3.0,50,320.461088
-50.0,50,320.796356
-18.0,50,321.116127
-9.0,50,321.450065
-49.0,50,321.762395
-49.0,50,322.083213
-50.0,50,322.402646
-4.0,50,322.757852
-36.0,50,323.074831
-41.0,50,323.395126
-50.0,50,323.717612
-24.0,50,324.068255
-48.0,50,324.383948
-43.0,50,324.698274
-49.0,50,325.018205
-44.0,50,325.364374
-45.0,50,325.692025
-26.0,50,326.009426
-4.0,50,326.33141
-42.0,50,326.669682
-48.0,50,326.98784
-43.0,50,327.310016
-2.0,50,327.631223
-48.0,50,327.99909
-23.0,50,328.329368
-50.0,50,328.67025
-31.0,50,328.992331
-50.0,50,329.335907
-50.0,50,329.653872
-30.0,50,329.968119
-49.0,50,330.280086
-34.0,50,330.63448
-12.0,50,330.956588
-8.0,50,331.279434
-23.0,50,331.602954
-21.0,50,331.940238
-1.0,50,332.268328
-47.0,50,332.587075
-46.0,50,332.906147
-41.0,50,333.273564
-50.0,50,333.601744
-32.0,50,333.927185
-37.0,50,334.253489
-2.0,50,334.608624
-49.0,50,334.933591
-37.0,50,335.258023
-1.0,50,335.588801
-45.0,50,335.951518
-13.0,50,336.290393
-44.0,50,336.636261
-2.0,50,336.966234
-49.0,50,337.300217
-42.0,50,337.616395
-30.0,50,337.926711
-23.0,50,338.23122
-46.0,50,338.572535
-2.0,50,338.890225
-38.0,50,339.196747
-3.0,50,339.514766
-13.0,50,339.854152
-35.0,50,340.164151
-10.0,50,340.468813
-35.0,50,340.771647
-45.0,50,341.114273
-23.0,50,341.430286
-22.0,50,341.732627
-3.0,50,342.043502
-5.0,50,342.37538
-24.0,50,342.682021
-42.0,50,342.986863
-49.0,50,343.297742
-2.0,50,343.638888
-29.0,50,343.954587
-6.0,50,344.266371
-29.0,50,344.57246
-33.0,50,344.89501
-3.0,50,345.209862
-3.0,50,345.516389
-30.0,50,345.820477
-50.0,50,346.161953
-5.0,50,346.476127
-9.0,50,346.779517
-9.0,50,347.089108
-13.0,50,347.414408
-14.0,50,347.723378
-33.0,50,348.028988
-4.0,50,348.34039
-2.0,50,348.684814
-16.0,50,348.993711
-8.0,50,349.299603
-50.0,50,349.608393
-3.0,50,349.932218
-8.0,50,350.239338
-3.0,50,350.552123
-17.0,50,350.860212
-20.0,50,351.185494
-1.0,50,351.495147
-11.0,50,351.80775
-2.0,50,352.113034
-7.0,50,352.455096
-2.0,50,352.763425
-5.0,50,353.073584
-4.0,50,353.376462
-37.0,50,353.700584
-7.0,50,354.006809
-43.0,50,354.312572
-38.0,50,354.616945
-3.0,50,354.94621
-2.0,50,355.271165
0.0,50,355.575236
-33.0,50,355.880353
-46.0,50,356.210564
-4.0,50,356.517142
-22.0,50,356.822381
-10.0,50,357.132454
-7.0,50,357.466497
-23.0,50,357.777697
-2.0,50,358.08838
-2.0,50,358.394404
-8.0,50,358.720715
-13.0,50,359.025896
0.0,50,359.328782
-3.0,50,359.630614
-2.0,50,359.958637
-35.0,50,360.278388
-9.0,50,360.581666
-2.0,50,360.883756
-47.0,50,361.214677
-37.0,50,361.521693
-4.0,50,361.829781
-1.0,50,362.133044
-1.0,50,362.465858
-7.0,50,362.773041
-2.0,50,363.084073
-2.0,50,363.392974
-20.0,50,363.73351
-1.0,50,364.041727
-8.0,50,364.345782
-4.0,50,364.648018
-6.0,50,364.97872
-12.0,50,365.285349
-16.0,50,365.590003
-31.0,50,365.893486
-5.0,50,366.232087
-3.0,50,366.550201
-10.0,50,366.856605
-38.0,50,367.160749
-2.0,50,367.487599
-2.0,50,367.794433
-26.0,50,368.102102
-36.0,50,368.408888
-5.0,50,368.751097
-23.0,50,369.057944
-2.0,50,369.369102
-31.0,50,369.673281
-16.0,50,369.999995
-3.0,50,370.315038
-2.0,50,370.627421
-31.0,50,370.931919
-50.0,50,371.276685
-8.0,50,371.584006
-18.0,50,371.887961
-4.0,50,372.200641
-50.0,50,372.526397
-3.0,50,372.839774
-34.0,50,373.142835
-19.0,50,373.445502
-29.0,50,373.781785
-1.0,50,374.094792
-5.0,50,374.40489
-34.0,50,374.709378
-50.0,50,375.034204
-1.0,50,375.341964
-36.0,50,375.647637
-2.0,50,375.961346
-2.0,50,376.305257
-22.0,50,376.612343
-35.0,50,376.919618
-50.0,50,377.225651
-35.0,50,377.554508
-36.0,50,377.863307
-3.0,50,378.173422
-3.0,50,378.476322
-3.0,50,378.819241
-1.0,50,379.131098
-2.0,50,379.434044
-2.0,50,379.743584
-5.0,50,380.073702
-3.0,50,380.385735
-50.0,50,380.689843
-16.0,50,380.991894
-1.0,50,381.335072
-15.0,50,381.642424
-6.0,50,381.946864
-50.0,50,382.250621
-50.0,50,382.574389
-7.0,50,382.882757
-44.0,50,383.187803
0.0,50,383.490901
-2.0,50,383.827406
-3.0,50,384.142853
-2.0,50,384.456553
-20.0,50,384.761804
-3.0,50,385.087601
-50.0,50,385.395469
-7.0,50,385.700504
-50.0,50,386.005091
-49.0,50,386.339471
-2.0,50,386.653021
-10.0,50,386.957791
-4.0,50,387.269715
-4.0,50,387.593932
-3.0,50,387.90539
-50.0,50,388.209057
-3.0,50,388.518207
-8.0,50,388.855626
-45.0,50,389.172157
-7.0,50,389.476393
-1.0,50,389.780408
-2.0,50,390.11287
-20.0,50,390.420254
-2.0,50,390.722937
0.0,50,391.026448
-3.0,50,391.362148
-50.0,50,391.66851
-7.0,50,391.974187
-1.0,50,392.278453
-9.0,50,392.604333
-7.0,50,392.90889
-15.0,50,393.213604
-3.0,50,393.51864
-1.0,50,393.86168
-4.0,50,394.175435
-50.0,50,394.481232
-7.0,50,394.789408
0.0,50,395.115234
-2.0,50,395.422323
-5.0,50,395.732445
-11.0,50,396.040735
-13.0,50,396.376795
-3.0,50,396.681703
-4.0,50,396.989608
-1.0,50,397.2941
-3.0,50,397.626184
-27.0,50,397.933875
-11.0,50,398.236875
-48.0,50,398.542998
-27.0,50,398.881413
-5.0,50,399.194984
-1.0,50,399.499874
-9.0,50,399.803834
-50.0,50,400.128171
-3.0,50,400.44652
-6.0,50,400.750614
-3.0,50,401.061456
-45.0,50,401.409265
-50.0,50,401.715704
-2.0,50,402.025608
-3.0,50,402.33677
-41.0,50,402.66469
-33.0,50,402.972602
-3.0,50,403.283118
-50.0,50,403.585689
-50.0,50,403.909753
-35.0,50,404.228158
-3.0,50,404.532613
-50.0,50,404.834961
-3.0,50,405.165751
-2.0,50,405.480497
-50.0,50,405.785202
-50.0,50,406.089645
-50.0,50,406.415097
-47.0,50,406.731544
-9.0,50,407.034742
-25.0,50,407.33944
-2.0,50,407.665204
-50.0,50,407.973473
-37.0,50,408.280609
-13.0,50,408.585371
-1.0,50,408.911323
-7.0,50,409.22909
-50.0,50,409.530438
-2.0,50,409.840913
-50.0,50,410.164134
-3.0,50,410.476512
-2.0,50,410.786296
-3.0,50,411.096725
-2.0,50,411.443685
-30.0,50,411.75479
-46.0,50,412.058205
-2.0,50,412.362756
-13.0,50,412.686032
-50.0,50,412.992025
-2.0,50,413.297241
-1.0,50,413.599567
-4.0,50,413.953317
-3.0,50,414.260845
-2.0,50,414.572859
-3.0,50,414.877133
-42.0,50,415.205364
-5.0,50,415.517392
-33.0,50,415.822075
-48.0,50,416.127069
-50.0,50,416.461939
-3.0,50,416.773329
-4.0,50,417.081117
-50.0,50,417.386375
-50.0,50,417.710594
-2.0,50,418.020327
-49.0,50,418.323284
-42.0,50,418.629826
-3.0,50,418.961114
-50.0,50,419.279366
-50.0,50,419.584369
-44.0,50,419.889149
-3.0,50,420.215658
-2.0,50,420.530661
-20.0,50,420.834683
-50.0,50,421.139477
-3.0,50,421.47265
-3.0,50,421.785552
-1.0,50,422.090129
0.0,50,422.395524
-38.0,50,422.739515
-3.0,50,423.057137
-33.0,50,423.361318
0.0,50,423.665155
-50.0,50,423.98953
-2.0,50,424.304136
-26.0,50,424.607977
-18.0,50,424.911247
-19.0,50,425.253177
-2.0,50,425.562077
-4.0,50,425.866936
-10.0,50,426.171446
-50.0,50,426.49778
-46.0,50,426.804542
-12.0,50,427.108037
-1.0,50,427.412173
-6.0,50,427.752263
-6.0,50,428.05866
-41.0,50,428.362188
-48.0,50,428.667391
-50.0,50,428.990664
-19.0,50,429.297848
-17.0,50,429.60272
-2.0,50,429.912313
-38.0,50,430.257179
-50.0,50,430.564875
-49.0,50,430.868217
-38.0,50,431.172779
-50.0,50,431.502403
-2.0,50,431.810277
-1.0,50,432.115153
-28.0,50,432.420465
-2.0,50,432.768334
0.0,50,433.072292
-6.0,50,433.376759
-2.0,50,433.682495
-9.0,50,434.005785
-46.0,50,434.315367
-1.0,50,434.625395
-45.0,50,434.926866
-50.0,50,435.269552
-6.0,50,435.575274
-7.0,50,435.879253
-3.0,50,436.182226
-3.0,50,436.504451
-18.0,50,436.810653
-50.0,50,437.11647
-3.0,50,437.426074
-19.0,50,437.765826
-3.0,50,438.074796
-2.0,50,438.38026
-13.0,50,438.682348
-8.0,50,439.004639
-4.0,50,439.311551
-15.0,50,439.616566
-2.0,50,439.918615
-10.0,50,440.262804
0.0,50,440.569532
-7.0,50,440.872347
-50.0,50,441.179399
-50.0,50,441.503872
-3.0,50,441.816844
-5.0,50,442.123111
-4.0,50,442.433887
-12.0,50,442.77702
-7.0,50,443.083063
-14.0,50,443.38707
-2.0,50,443.698584
-2.0,50,444.030269
-19.0,50,444.340204
-6.0,50,444.646757
-4.0,50,444.94756
-2.0,50,445.289684
-3.0,50,445.593765
-50.0,50,445.896908
-3.0,50,446.19926
-3.0,50,446.52836
-3.0,50,446.834451
-2.0,50,447.13754
-8.0,50,447.440765
-3.0,50,447.786655
-2.0,50,448.101538
-2.0,50,448.405924
-4.0,50,448.710642
-3.0,50,449.039322
-2.0,50,449.351163
-1.0,50,449.654416
-4.0,50,449.963812
-2.0,50,450.305178
-3.0,50,450.609993
-2.0,50,450.919513
0.0,50,451.223669
-2.0,50,451.548483
-8.0,50,451.857475
-3.0,50,452.162022
-46.0,50,452.464984
-4.0,50,452.814739
0.0,50,453.121717
-3.0,50,453.425302
-4.0,50,453.734571
-2.0,50,454.059846
-3.0,50,454.377995
-3.0,50,454.68367
-9.0,50,454.987376
-4.0,50,455.3386
-2.0,50,455.644504
-3.0,50,455.94951
-39.0,50,456.253594
-26.0,50,456.579582
-18.0,50,456.886748
-3.0,50,457.191255
-40.0,50,457.494566
-17.0,50,457.835606
-3.0,50,458.143335
-4.0,50,458.45417
-4.0,50,458.757258
-16.0,50,459.080822
-15.0,50,459.564325
-5.0,50,459.868742
-3.0,50,460.172145
0.0,50,460.51406
-14.0,50,460.82456
-1.0,50,461.13036
-3.0,50,461.435634
-3.0,50,461.760154
-3.0,50,462.073697
-2.0,50,462.379988
-1.0,50,462.683594
-3.0,50,463.034907
-18.0,50,463.343807
-5.0,50,463.655778
-6.0,50,463.959111
-41.0,50,464.283415
-50.0,50,464.593929
-4.0,50,464.904099
-4.0,50,465.207276
-1.0,50,465.544945
-4.0,50,465.852201
-7.0,50,466.156732
-1.0,50,466.46055
-4.0,50,466.791286
-1.0,50,467.098406
-39.0,50,467.405207
-41.0,50,467.710523
-4.0,50,468.0535
-5.0,50,468.361347
-9.0,50,468.66692
-3.0,50,468.971502
-2.0,50,469.294053
-1.0,50,469.602499
-14.0,50,469.907536
-1.0,50,470.212428
-13.0,50,470.551706
-1.0,50,470.859547
-3.0,50,471.164135
-39.0,50,471.467861
-47.0,50,471.791908
-2.0,50,472.100269
-3.0,50,472.412644
-3.0,50,472.716747
-3.0,50,473.059961
-2.0,50,473.365617
-8.0,50,473.667421
-3.0,50,473.973988
-26.0,50,474.298886
-4.0,50,474.616394
-2.0,50,474.927676
-37.0,50,475.234902
-6.0,50,475.576014
-3.0,50,475.883201
-8.0,50,476.187203
-1.0,50,476.490862
-2.0,50,476.815812
0.0,50,477.125379
-2.0,50,477.431451
-2.0,50,477.73441
-19.0,50,478.079258
-3.0,50,478.387947
-45.0,50,478.691122
-1.0,50,478.99327
-2.0,50,479.317571
-3.0,50,479.632336
-11.0,50,479.937151
-45.0,50,480.243189
-47.0,50,480.581344
-4.0,50,480.90903
-2.0,50,481.242006
-3.0,50,481.580918
-2.0,50,481.922348
-1.0,50,482.271732
-13.0,50,482.598876
-2.0,50,482.918936
-1.0,50,483.257311
-2.0,50,483.565641
-3.0,50,483.869483
-3.0,50,484.172791
-14.0,50,484.516098
0.0,50,484.82458
-4.0,50,485.130719
-4.0,50,485.440863
-2.0,50,485.766364
-50.0,50,486.073683
-5.0,50,486.383525
-3.0,50,486.694641
-3.0,50,487.045332
0.0,50,487.356249
-4.0,50,487.667001
-1.0,50,487.97116
-3.0,50,488.305277
-3.0,50,488.614718
-2.0,50,488.92589
0.0,50,489.231611
-17.0,50,489.554987
-39.0,50,489.862368
-3.0,50,490.164807
-2.0,50,490.466799
-16.0,50,490.808059
-11.0,50,491.115748
-49.0,50,491.418572
-45.0,50,491.721042
0.0,50,492.042578
-3.0,50,492.35534
0.0,50,492.659648
-2.0,50,492.963637
-48.0,50,493.288793
-2.0,50,493.593296
-1.0,50,493.895928
-1.0,50,494.199798
-3.0,50,494.542367
-3.0,50,494.85509
-29.0,50,495.157945
-48.0,50,495.46329
-30.0,50,495.786289
-1.0,50,496.098252
-2.0,50,496.401678
0.0,50,496.701248
-3.0,50,497.041867
-1.0,50,497.352942
0.0,50,497.658452
-2.0,50,497.968648
-3.0,50,498.292567
-3.0,50,498.596755
-1.0,50,498.902734
-3.0,50,499.206593
-1.0,50,499.535783
-1.0,50,499.841148
-5.0,50,500.144727
-3.0,50,500.448029
-29.0,50,500.786452
-1.0,50,501.096425
-4.0,50,501.409553
-3.0,50,501.713252
-2.0,50,502.041771
-3.0,50,502.35198
-2.0,50,502.661718
-1.0,50,502.964352
-50.0,50,503.290243
-12.0,50,503.600866
-3.0,50,503.906674
-43.0,50,504.212771
-3.0,50,504.56126
-3.0,50,504.870293
-3.0,50,505.180539
-8.0,50,505.482094
-1.0,50,505.806386
-1.0,50,506.112805
-20.0,50,506.419155
-2.0,50,506.719206
-38.0,50,507.062101
-3.0,50,507.380188
-30.0,50,507.686168
-1.0,50,507.991475
0.0,50,508.331045
-11.0,50,508.638529
-1.0,50,508.9411
-42.0,50,509.244431
-2.0,50,509.568966
-3.0,50,509.89552
-2.0,50,510.20603
-35.0,50,510.509988
-1.0,50,510.836731
-20.0,50,511.141197
-2.0,50,511.449088
-1.0,50,511.750167
-4.0,50,512.075067
-26.0,50,512.399335
-9.0,50,512.704865
-2.0,50,513.008707
-7.0,50,513.332133
0.0,50,513.636375
-2.0,50,513.939946
-2.0,50,514.243922
-2.0,50,514.577687
-3.0,50,514.88201
-1.0,50,515.183937
-3.0,50,515.487835
-2.0,50,515.827324
-3.0,50,516.134033
-2.0,50,516.441418
-2.0,50,516.749722
-4.0,50,517.078676
-6.0,50,517.389271
-2.0,50,517.700575
-2.0,50,518.010737
-3.0,50,518.336182
-3.0,50,518.649013
0.0,50,518.949873
-3.0,50,519.256269
-3.0,50,519.604407
-3.0,50,519.91625
-3.0,50,520.222112
-1.0,50,520.524553
-2.0,50,520.855851
-1.0,50,521.163087
-2.0,50,521.467226
-4.0,50,521.769115
-2.0,50,522.09191
0.0,50,522.40217
-1.0,50,522.707268
-25.0,50,523.012495
-2.0,50,523.337611
-2.0,50,523.645345
-2.0,50,523.955985
-3.0,50,524.258566
-9.0,50,524.591859
-3.0,50,524.899778
-3.0,50,525.207523
-3.0,50,525.509713
-2.0,50,525.831749
-3.0,50,526.140749
-2.0,50,526.444678
0.0,50,526.747805
-3.0,50,527.083787
-9.0,50,527.396036
-3.0,50,527.701276
-3.0,50,528.00442
-1.0,50,528.330569
-3.0,50,528.637945
-1.0,50,528.939177
-1.0,50,529.240511
-3.0,50,529.584824
-26.0,50,529.899832
-2.0,50,530.209523
-22.0,50,530.514437
-2.0,50,530.838257
-2.0,50,531.142734
-6.0,50,531.445112
-1.0,50,531.745895
-3.0,50,532.071483
-3.0,50,532.398844
-31.0,50,532.707361
-2.0,50,533.010421
-2.0,50,533.340081
-1.0,50,533.647274
-2.0,50,533.95303
-34.0,50,534.259475
-3.0,50,534.582704
-3.0,50,534.89115
-3.0,50,535.204908
-35.0,50,535.508225
-1.0,50,535.856861
-19.0,50,536.164223
-3.0,50,536.474156
-3.0,50,536.782105
-3.0,50,537.106025
0.0,50,537.416342
-3.0,50,537.720639
-4.0,50,538.023419
-3.0,50,538.362376
-2.0,50,538.682695
-5.0,50,538.988948
-5.0,50,539.290562
-2.0,50,539.623882
0.0,50,539.94024
-2.0,50,540.24654
-4.0,50,540.550309
-4.0,50,540.877711
-21.0,50,541.184721
-2.0,50,541.492664
-1.0,50,541.794692
-1.0,50,542.120383
0.0,50,542.440508
-3.0,50,542.744587
-2.0,50,543.05548
0.0,50,543.378841
-3.0,50,543.695504
-3.0,50,544.005816
-9.0,50,544.308383
-5.0,50,544.630385
-6.0,50,544.950403
-22.0,50,545.254709
-3.0,50,545.558429
-38.0,50,545.884153
-4.0,50,546.189381
-3.0,50,546.497806
-2.0,50,546.79853
-3.0,50,547.120774
-4.0,50,547.445481
-25.0,50,547.756017
0.0,50,548.058972
-45.0,50,548.381588
-17.0,50,548.690391
0.0,50,548.993623
-3.0,50,549.300553
-3.0,50,549.633081
-2.0,50,549.94978
-11.0,50,550.254421
-2.0,50,550.556846
-22.0,50,550.884528
-4.0,50,551.1932
-1.0,50,551.498558
-26.0,50,551.802921
-3.0,50,552.127944
-17.0,50,552.448934
-21.0,50,552.758268
-11.0,50,553.061363
-1.0,50,553.383894
-2.0,50,553.694637
-1.0,50,553.999459
-3.0,50,554.30763
-5.0,50,554.630828
-1.0,50,554.946738
-2.0,50,555.25831
-3.0,50,555.567049
-5.0,50,555.89034
-8.0,50,556.199491
0.0,50,556.505813
-1.0,50,556.808698
-3.0,50,557.141597
-9.0,50,557.458003
-2.0,50,557.771936
-3.0,50,558.076739
-1.0,50,558.402469
-32.0,50,558.713283
0.0,50,559.01758
-1.0,50,559.31956
-26.0,50,559.643078
-2.0,50,559.952174
-2.0,50,560.259724
-3.0,50,560.562724
-4.0,50,560.906195
-3.0,50,561.214331
-4.0,50,561.518594
-1.0,50,561.823953
-2.0,50,562.147546
-2.0,50,562.458802
-15.0,50,562.764227
-1.0,50,563.068878
-14.0,50,563.397224
-3.0,50,563.709668
-2.0,50,564.011883
-3.0,50,564.320664
-2.0,50,564.651431
-3.0,50,564.972072
-3.0,50,565.276122
-9.0,50,565.579853
-2.0,50,565.902695
-2.0,50,566.215322
-21.0,50,566.518366
-1.0,50,566.818817
-2.0,50,567.146608
-4.0,50,567.461527
-2.0,50,567.773744
-13.0,50,568.078164
-3.0,50,568.409651
-3.0,50,568.721089
-3.0,50,569.025336
-3.0,50,569.330096
-3.0,50,569.672417
-2.0,50,569.984121
-4.0,50,570.298076
-3.0,50,570.601586
-2.0,50,570.922079
-3.0,50,571.227212
-14.0,50,571.536894
-3.0,50,571.837193
-3.0,50,572.159896
-5.0,50,572.468443
-2.0,50,572.781531
-21.0,50,573.083264
-3.0,50,573.404508
-11.0,50,573.713038
-1.0,50,574.015751
-38.0,50,574.31667
-2.0,50,574.640107
-2.0,50,574.956504
0.0,50,575.268908
-1.0,50,575.57177
-2.0,50,575.904008
-2.0,50,576.217214
-2.0,50,576.527544
-3.0,50,576.828903
-3.0,50,577.160535
-4.0,50,577.490321
-3.0,50,577.79565
-3.0,50,578.098838
-2.0,50,578.421494
-3.0,50,578.731352
-6.0,50,579.039027
-3.0,50,579.346544
-1.0,50,579.672268
-3.0,50,579.98948
-4.0,50,580.296092
0.0,50,580.600578
-3.0,50,580.934374
-4.0,50,581.242664
-22.0,50,581.550061
-2.0,50,581.855512
-2.0,50,582.180061
-2.0,50,582.506127
-2.0,50,582.811449
0.0,50,583.112788
-2.0,50,583.439125
-3.0,50,583.751119
0.0,50,584.054046
-3.0,50,584.363912
-2.0,50,584.71177
-2.0,50,585.01942
-1.0,50,585.322921
-1.0,50,585.625656
-3.0,50,585.953547
-2.0,50,586.260764
-3.0,50,586.57181
-12.0,50,586.873476
-2.0,50,587.200447
-2.0,50,587.512473
-3.0,50,587.81795
-2.0,50,588.121726
-2.0,50,588.453496
-31.0,50,588.75814
-3.0,50,589.060035
-9.0,50,589.368299
0.0,50,589.707563
-7.0,50,590.017628
-4.0,50,590.327142
-3.0,50,590.62998
-3.0,50,590.955237
-2.0,50,591.262254
-2.0,50,591.569653
-1.0,50,591.869797
-3.0,50,592.201523
-2.0,50,592.510924
-3.0,50,592.824926
-3.0,50,593.130436
-34.0,50,593.459096
-3.0,50,593.764611
-2.0,50,594.075541
-3.0,50,594.378419
-3.0,50,594.701655
-9.0,50,595.028272
-3.0,50,595.338638
-2.0,50,595.647955
-2.0,50,595.971435
-3.0,50,596.280194
-3.0,50,596.582317
0.0,50,596.884442
-1.0,50,597.207535
-8.0,50,597.533066
-1.0,50,597.838747
-1.0,50,598.144075
-2.0,50,598.469561
-12.0,50,598.780304
-1.0,50,599.083014
-3.0,50,599.386628
-2.0,50,599.71249
-5.0,50,600.032105
-3.0,50,600.338928
-8.0,50,600.644555
-3.0,50,600.976872
-6.0,50,601.288308
-2.0,50,601.592157
-3.0,50,601.893592
-3.0,50,602.225358
-2.0,50,602.547669
-7.0,50,602.860826
-20.0,50,603.162611
-4.0,50,603.510883
-2.0,50,603.818315
-1.0,50,604.122042
0.0,50,604.425062
-3.0,50,604.754973
-5.0,50,605.082066
-2.0,50,605.387047
-2.0,50,605.692248
-1.0,50,606.015093
-2.0,50,606.320236
-2.0,50,606.626054
-3.0,50,606.9332
-2.0,50,607.271329
-3.0,50,607.586548
-10.0,50,607.891908
0.0,50,608.192466
-5.0,50,608.533496
-2.0,50,608.838913
0.0,50,609.14185
-2.0,50,609.447728
-5.0,50,609.772627
-2.0,50,610.099818
-11.0,50,610.40407
-3.0,50,610.712252
-1.0,50,611.039759
-13.0,50,611.346603
0.0,50,611.648357
-9.0,50,611.954074
-2.0,50,612.280529
-5.0,50,612.608856
-3.0,50,612.919744
-3.0,50,613.224083
-3.0,50,613.547566
-1.0,50,613.857054
-3.0,50,614.161167
-4.0,50,614.465959
-6.0,50,614.789226
-3.0,50,615.101299
-3.0,50,615.406082
-4.0,50,615.716302
-2.0,50,616.057541
-4.0,50,616.533278
-3.0,50,616.843374
-3.0,50,617.147008
-1.0,50,617.475598
-3.0,50,617.786432
0.0,50,618.088727
-7.0,50,618.394703
-3.0,50,618.725055
-40.0,50,619.035887
-3.0,50,619.338408
-3.0,50,619.644858
-3.0,50,619.989032
-4.0,50,620.302617
-4.0,50,620.606976
-6.0,50,620.911371
-11.0,50,621.235494
-8.0,50,621.541083
-45.0,50,621.844435
-2.0,50,622.15414
-3.0,50,622.487484
-22.0,50,622.797925
-4.0,50,623.103023
-1.0,50,623.40668
-26.0,50,623.733229
-3.0,50,624.045197
-2.0,50,624.34906
-2.0,50,624.651194
0.0,50,624.978852
-3.0,50,625.295532
-35.0,50,625.607312
-3.0,50,625.907501
-2.0,50,626.237275
-1.0,50,626.543747
-7.0,50,626.8466
-3.0,50,627.148336
-5.0,50,627.479711
-1.0,50,627.793045
-3.0,50,628.097102
-3.0,50,628.408327
-28.0,50,628.733158
-2.0,50,629.042575
-11.0,50,629.347905
-3.0,50,629.65678
-3.0,50,629.98298
-3.0,50,630.305985
-2.0,50,630.610606
-7.0,50,630.912189
-37.0,50,631.24081
-2.0,50,631.548522
-4.0,50,631.852382
-19.0,50,632.15564
-3.0,50,632.485015
0.0,50,632.807811
-1.0,50,633.112505
-3.0,50,633.421325
-17.0,50,633.759208
-3.0,50,634.072956
-5.0,50,634.378505
-4.0,50,634.682117
-4.0,50,635.009751
0.0,50,635.319549
-2.0,50,635.62195
-5.0,50,635.923559
-2.0,50,636.285264
-2.0,50,636.594964
-2.0,50,636.899414
-46.0,50,637.207263
-3.0,50,637.538321
-5.0,50,637.856159
-5.0,50,638.161948
-12.0,50,638.472073
-4.0,50,638.796125
-2.0,50,639.106917
-12.0,50,639.410362
-6.0,50,639.7108
-3.0,50,640.035078
-1.0,50,640.342566
-11.0,50,640.653668
-2.0,50,640.957157
-2.0,50,641.287502
-1.0,50,641.604722
-2.0,50,641.908211
0.0,50,642.209681
-3.0,50,642.534198
-1.0,50,642.848726
0.0,50,643.155692
-3.0,50,643.461565
-2.0,50,643.787791
-37.0,50,644.100024
-50.0,50,644.409956
-3.0,50,644.713002
-39.0,50,645.035239
-2.0,50,645.354659
-3.0,50,645.66395
-6.0,50,645.967035
-27.0,50,646.295028
0.0,50,646.602294
-3.0,50,646.906337
-5.0,50,647.211404
-2.0,50,647.538437
-11.0,50,647.863427
-1.0,50,648.166558
-1.0,50,648.469944
-1.0,50,648.806805
0.0,50,649.115328
-6.0,50,649.427128
-18.0,50,649.731206
0.0,50,650.072911
0.0,50,650.383615
-47.0,50,650.691483
-47.0,50,650.998137
-22.0,50,651.320815
-21.0,50,651.631946
-3.0,50,651.939457
-5.0,50,652.246085
-2.0,50,652.572844
0.0,50,652.880817
-3.0,50,653.189638
-4.0,50,653.49239
-3.0,50,653.816305
-2.0,50,654.12252
-3.0,50,654.430345
-2.0,50,654.730224
-1.0,50,655.054431
-4.0,50,655.377769
-2.0,50,655.681125
-4.0,50,655.984893
-3.0,50,656.317925
-2.0,50,656.628673
0.0,50,656.934606
-50.0,50,657.239401
-1.0,50,657.563566
-1.0,50,657.889057
-6.0,50,658.194829
-2.0,50,658.499115
-3.0,50,658.82681
-1.0,50,659.133494
0.0,50,659.436771
-21.0,50,659.747086
-50.0,50,660.072005
-4.0,50,660.395993
-5.0,50,660.709195
-1.0,50,661.012432
-50.0,50,661.335843
-28.0,50,661.646137
-3.0,50,661.95555
-50.0,50,662.257536
-4.0,50,662.600075
-6.0,50,662.908854
-28.0,50,663.221971
-3.0,50,663.528498
-3.0,50,663.851905
-5.0,50,664.162935
0.0,50,664.472119
-50.0,50,664.77389
-11.0,50,665.095607
-50.0,50,665.404693
-50.0,50,665.710145
-1.0,50,666.011305
-2.0,50,666.348817
-50.0,50,666.654085
-2.0,50,666.962942
-2.0,50,667.263983
-3.0,50,667.593309
-41.0,50,667.901251
-50.0,50,668.210364
-2.0,50,668.513679
-2.0,50,668.843003
-50.0,50,669.148492
-50.0,50,669.452381
-28.0,50,669.757459
-12.0,50,670.081477
-8.0,50,670.408073
-31.0,50,670.719802
-50.0,50,671.023321
-31.0,50,671.346225
-50.0,50,671.650816
-2.0,50,671.954687
-50.0,50,672.255985
-2.0,50,672.578709
-2.0,50,672.89682
-3.0,50,673.215294
-50.0,50,673.518962
-2.0,50,673.844175
-2.0,50,674.150901
-3.0,50,674.456422
-3.0,50,674.758778
-6.0,50,675.082891
-6.0,50,675.395777
-2.0,50,675.710755
-50.0,50,676.015872
-1.0,50,676.339691
-2.0,50,676.651162
-47.0,50,676.9596
-3.0,50,677.260479
-50.0,50,677.582841
-3.0,50,677.907716
-50.0,50,678.215642
-8.0,50,678.523073
-1.0,50,678.854174
-1.0,50,679.165434
-3.0,50,679.469212
-50.0,50,679.76953
-15.0,50,680.092831
-50.0,50,680.401611
-49.0,50,680.710416
-49.0,50,681.017396
-4.0,50,681.358868
-2.0,50,681.668017
-43.0,50,681.977792
-50.0,50,682.278263
-50.0,50,682.604403
-4.0,50,682.913177
-7.0,50,683.229946
-4.0,50,683.538988
-30.0,50,683.866661
-11.0,50,684.180948
-24.0,50,684.48701
0.0,50,684.790938
-1.0,50,685.118599
-50.0,50,685.435378
-6.0,50,685.737106
0.0,50,686.037562
-25.0,50,686.361475
-50.0,50,686.665786
-41.0,50,686.974147
-50.0,50,687.277459
-4.0,50,687.606077
-3.0,50,687.9276
-2.0,50,688.238846
-2.0,50,688.542994
-50.0,50,688.869791
0.0,50,689.174957
-4.0,50,689.485315
-3.0,50,689.787293
-2.0,50,690.123959
-45.0,50,690.435567
-3.0,50,690.74831
0.0,50,691.05053
-1.0,50,691.393406
-50.0,50,691.705525
-33.0,50,692.009578
-1.0,50,692.313618
-50.0,50,692.638229
-21.0,50,692.943042
-3.0,50,693.257063
-40.0,50,693.560727
-2.0,50,693.889822
-2.0,50,694.20229
-1.0,50,694.505936
0.0,50,694.806644
-3.0,50,695.12951
-1.0,50,695.45048
-32.0,50,695.75724
-50.0,50,696.060149
-3.0,50,696.39226
-45.0,50,696.697215
-50.0,50,697.002002
-9.0,50,697.312614
-32.0,50,697.661805
-3.0,50,697.975562
-3.0,50,698.284742
-10.0,50,698.588138
-3.0,50,698.927317
-50.0,50,699.238312
0.0,50,699.541471
-3.0,50,699.85087
-2.0,50,700.172471
0.0,50,700.491168
-1.0,50,700.795125
-33.0,50,701.09867
-1.0,50,701.422451
-25.0,50,701.728465
-50.0,50,702.031277
-50.0,50,702.333731
-50.0,50,702.660823
-32.0,50,702.983478
-46.0,50,703.297665
-4.0,50,703.607935
-3.0,50,703.938426
-37.0,50,704.250317
-3.0,50,704.562876
-8.0,50,704.86553
-6.0,50,705.193987
-3.0,50,705.510898
-1.0,50,705.815764
-19.0,50,706.118017
-2.0,50,706.440736
-50.0,50,706.746198
-50.0,50,707.054971
-2.0,50,707.362355
-8.0,50,707.694627
-3.0,50,708.010401
-2.0,50,708.324745
-3.0,50,708.629643
-50.0,50,708.952412
-2.0,50,709.257326
-49.0,50,709.560895
-3.0,50,709.870075
-50.0,50,710.204724
-3.0,50,710.517372
-5.0,50,710.820663
-4.0,50,711.130162
-1.0,50,711.47957
-1.0,50,711.786363
-50.0,50,712.0911
-1.0,50,712.395245
-40.0,50,712.728699
-1.0,50,713.035243
-50.0,50,713.343643
-50.0,50,713.647415
-2.0,50,713.970306
-50.0,50,714.274847
-50.0,50,714.581623
-50.0,50,714.882258
-50.0,50,715.207803
-50.0,50,715.525031
-3.0,50,715.83219
-2.0,50,716.143016
-17.0,50,716.471183
-2.0,50,716.77991
-5.0,50,717.097686
-6.0,50,717.406845
-3.0,50,717.740542
0.0,50,718.047397
-3.0,50,718.36671
-1.0,50,718.669947
-15.0,50,719.000938
-37.0,50,719.306892
-50.0,50,719.609676
-5.0,50,719.912682
-21.0,50,720.235946
-13.0,50,720.543349
0.0,50,720.849694
-1.0,50,721.152808
-3.0,50,721.500212
-10.0,50,721.807638
-1.0,50,722.112285
0.0,50,722.414828
-3.0,50,722.744687
-1.0,50,723.05216
-3.0,50,723.36801
-37.0,50,723.671193
-4.0,50,724.000805
-1.0,50,724.306997
-3.0,50,724.614548
-5.0,50,724.917879
-4.0,50,725.248776
-50.0,50,725.569517
-6.0,50,725.877468
0.0,50,726.17843
-2.0,50,726.51399
-2.0,50,726.819576
-3.0,50,727.128826
-2.0,50,727.437978
-1.0,50,727.760125
-9.0,50,728.074331
-50.0,50,728.394479
-5.0,50,728.704022
-3.0,50,729.027284
-26.0,50,729.334546
-2.0,50,729.639287
-1.0,50,729.94139
-34.0,50,730.264606
-4.0,50,730.5799
-4.0,50,730.886018
-3.0,50,731.196854
-5.0,50,731.543649
-5.0,50,731.856762
-6.0,50,732.161796
0.0,50,732.462945
-31.0,50,732.785175
-6.0,50,733.097015
-4.0,50,733.411463
-50.0,50,733.71506
-2.0,50,734.040631
-3.0,50,734.353766
-2.0,50,734.66486
-3.0,50,734.97184
-3.0,50,735.300571
-2.0,50,735.620182
-13.0,50,735.922966
-10.0,50,736.225624
-2.0,50,736.545891
-3.0,50,736.852599
-1.0,50,737.165444
-2.0,50,737.474264
0.0,50,737.803284
-13.0,50,738.115164
-11.0,50,738.437042
0.0,50,738.741674
-8.0,50,739.085653
-1.0,50,739.391577
-3.0,50,739.69674
-1.0,50,740.004959
-2.0,50,740.329949
-2.0,50,740.642035
0.0,50,740.959849
-2.0,50,741.263505
-1.0,50,741.58553
-2.0,50,741.894496
-3.0,50,742.199563
-9.0,50,742.501494
-1.0,50,742.824063
-8.0,50,743.142616
-1.0,50,743.453573
-14.0,50,743.766337
-4.0,50,744.093594
-7.0,50,744.39891
-3.0,50,744.709889
-7.0,50,745.01498
-2.0,50,745.356081
-1.0,50,745.67242
-1.0,50,745.978564
-2.0,50,746.279127
-3.0,50,746.602702
-2.0,50,746.907191
-2.0,50,747.217015
-19.0,50,747.518933
-2.0,50,747.848715
-6.0,50,748.163577
-1.0,50,748.472333
-13.0,50,748.776436
-2.0,50,749.09979
-1.0,50,749.410695
-3.0,50,749.716986
-8.0,50,750.017295
-1.0,50,750.33902
-5.0,50,750.655826
-8.0,50,750.964972
-1.0,50,751.268802
-2.0,50,751.593837
-4.0,50,751.903501
-4.0,50,752.207088
-1.0,50,752.510473
-3.0,50,752.847723
-3.0,50,753.157424
-2.0,50,753.474895
-7.0,50,753.779972
-3.0,50,754.10842
0.0,50,754.417119
-6.0,50,754.721915
0.0,50,755.024925
-2.0,50,755.36928
-6.0,50,755.674428
-9.0,50,755.984978
-10.0,50,756.29489
-3.0,50,756.634959
-6.0,50,756.945643
-2.0,50,757.251254
-7.0,50,757.553952
-2.0,50,757.88237
-1.0,50,758.18744
-5.0,50,758.496274
-2.0,50,758.800437
-1.0,50,759.125594
-2.0,50,759.433775
-10.0,50,759.738186
-14.0,50,760.048991
-6.0,50,760.392811
-3.0,50,760.706797
-13.0,50,761.0165
-1.0,50,761.319252
-6.0,50,761.644183
-3.0,50,761.949613
-13.0,50,762.261915
-1.0,50,762.564455
-2.0,50,762.908765
-1.0,50,763.216667
-10.0,50,763.536739
-1.0,50,763.844421
-11.0,50,764.168184
-1.0,50,764.474856
-3.0,50,764.783033
-4.0,50,765.086398
-2.0,50,765.409919
-11.0,50,765.728198
-27.0,50,766.036467
-3.0,50,766.344222
-4.0,50,766.671331
-2.0,50,766.988393
-1.0,50,767.292632
-7.0,50,767.601212
-3.0,50,767.927462
-3.0,50,768.246683
-3.0,50,768.563834
-14.0,50,768.866675
-1.0,50,769.197048
-3.0,50,769.50609
-1.0,50,769.811884
-3.0,50,770.115019
-1.0,50,770.451344
-3.0,50,770.761756
-4.0,50,771.068534
-2.0,50,771.372446
-3.0,50,771.723107
-5.0,50,772.029289
-1.0,50,772.334194
-4.0,50,772.637699
-4.0,50,772.966942
-2.0,50,773.456712
-21.0,50,773.768019
-2.0,50,774.07569
-39.0,50,774.422315
-3.0,50,774.733021
-3.0,50,775.038745
-1.0,50,775.343727
-1.0,50,775.669076
0.0,50,775.988685
-30.0,50,776.292115
-3.0,50,776.594609
-3.0,50,776.916135
-4.0,50,777.227708
0.0,50,777.532512
-4.0,50,777.839931
-1.0,50,778.167077
-3.0,50,778.488909
-4.0,50,778.79787
-5.0,50,779.103623
-11.0,50,779.432733
-3.0,50,779.746987
-1.0,50,780.049642
-2.0,50,780.350884
-2.0,50,780.673312
-3.0,50,780.980543
-1.0,50,781.288045
-2.0,50,781.5903
-12.0,50,781.936003
-4.0,50,782.240799
-4.0,50,782.542051
-21.0,50,782.849382
-1.0,50,783.173903
0.0,50,783.489983
-3.0,50,783.800323
-2.0,50,784.10287
-2.0,50,784.429608
-2.0,50,784.735929
-2.0,50,785.037953
-20.0,50,785.347331
-7.0,50,785.684675
0.0,50,786.004042
-2.0,50,786.309624
-10.0,50,786.618022
-3.0,50,786.948936
-2.0,50,787.254525
-3.0,50,787.559289
-2.0,50,787.862712
-3.0,50,788.19009
-4.0,50,788.50743
-3.0,50,788.825027
-3.0,50,789.13378
-3.0,50,789.462725
-3.0,50,789.767925
-1.0,50,790.072223
-3.0,50,790.375332
-12.0,50,790.707657
-3.0,50,791.022094
-2.0,50,791.331978
-2.0,50,791.634787
-1.0,50,791.97353
-3.0,50,792.286174
-5.0,50,792.591555
-1.0,50,792.894752
-2.0,50,793.221962
-3.0,50,793.531811
-3.0,50,793.837692
-2.0,50,794.14068
-2.0,50,794.465425
-4.0,50,794.77029
-1.0,50,795.081695
-2.0,50,795.3841
-1.0,50,795.709401
-2.0,50,796.02855
-7.0,50,796.335261
-3.0,50,796.636121
-3.0,50,796.964148
-3.0,50,797.27198
0.0,50,797.577107
-7.0,50,797.884779
-3.0,50,798.224155
-4.0,50,798.554465
-18.0,50,798.865297
0.0,50,799.166912
-7.0,50,799.496516
-1.0,50,799.802155
0.0,50,800.106968
-2.0,50,800.41179
-2.0,50,800.737058
-21.0,50,801.060906
-3.0,50,801.371643
-4.0,50,801.672698
-1.0,50,802.012279
-4.0,50,802.317356
-32.0,50,802.627197
-3.0,50,802.934125
-3.0,50,803.263427
-3.0,50,803.584256
-3.0,50,803.897252
-6.0,50,804.206193
-3.0,50,804.552362
-2.0,50,804.862448
-3.0,50,805.16791
-3.0,50,805.470046
-8.0,50,805.801165
-3.0,50,806.10689
-1.0,50,806.41568
-3.0,50,806.717256
-4.0,50,807.059061
-23.0,50,807.36935
-2.0,50,807.6741
0.0,50,807.97502
-1.0,50,808.298358
-3.0,50,808.60844
-14.0,50,808.924114
0.0,50,809.224967
-10.0,50,809.555569
-2.0,50,809.864203
-2.0,50,810.169003
-3.0,50,810.471234
-4.0,50,810.801379
-2.0,50,811.122975
-23.0,50,811.429756
-3.0,50,811.731425
-3.0,50,812.058645
-17.0,50,812.36449
-3.0,50,812.669273
-2.0,50,812.972779
-1.0,50,813.294094
-3.0,50,813.621857
-5.0,50,813.927935
-4.0,50,814.236881
-18.0,50,814.570216
-3.0,50,814.877732
0.0,50,815.180946
-2.0,50,815.483992
-3.0,50,815.814927
-2.0,50,816.134132
-2.0,50,816.43766
-1.0,50,816.740106
-3.0,50,817.062832
-3.0,50,817.379922
-1.0,50,817.686609
0.0,50,817.988282
-1.0,50,818.312695
-40.0,50,818.639204
-3.0,50,818.947338
-3.0,50,819.252163
-3.0,50,819.595457
-3.0,50,819.903533
-4.0,50,820.205861
-3.0,50,820.508849
-3.0,50,820.841158
-2.0,50,821.15381
-3.0,50,821.459386
0.0,50,821.763835
0.0,50,822.103828
-4.0,50,822.413998
-2.0,50,822.720183
-3.0,50,823.024444
-2.0,50,823.351023
-2.0,50,823.670449
-1.0,50,823.975734
0.0,50,824.279888
-1.0,50,824.60447
-3.0,50,824.921079
-3.0,50,825.225728
-2.0,50,825.529573
-1.0,50,825.852749
-2.0,50,826.17554
-24.0,50,826.480492
-6.0,50,826.789853
-5.0,50,827.115056
-3.0,50,827.429956
-5.0,50,827.733132
-2.0,50,828.043237
-3.0,50,828.368132
-1.0,50,828.688635
-17.0,50,829.000299
-19.0,50,829.304533
-1.0,50,829.634137
-2.0,50,829.944278
-3.0,50,830.24971
-2.0,50,830.552532
0.0,50,830.878999
-2.0,50,831.188692
-2.0,50,831.499336
-3.0,50,831.809716
-1.0,50,832.150756
-1.0,50,832.457059
-47.0,50,832.770619
-3.0,50,833.072706
-3.0,50,833.395462
-1.0,50,833.706892
-2.0,50,834.012796
-1.0,50,834.31736
-3.0,50,834.648143
-3.0,50,834.958049
0.0,50,835.261883
-7.0,50,835.563903
-6.0,50,835.905619
-4.0,50,836.227498
-2.0,50,836.532511
-47.0,50,836.841763
-3.0,50,837.167736
-4.0,50,837.477576
-48.0,50,837.792705
-2.0,50,838.096742
-3.0,50,838.427838
-5.0,50,838.75028
0.0,50,839.05373
-2.0,50,839.356812
-43.0,50,839.684076
-3.0,50,839.996686
-3.0,50,840.301023
-2.0,50,840.609105
-2.0,50,840.947265
-4.0,50,841.256785
-2.0,50,841.5621
-1.0,50,841.865458
-7.0,50,842.189674
-3.0,50,842.505211
-1.0,50,842.820643
-2.0,50,843.126084
-3.0,50,843.456117
-1.0,50,843.765899
-8.0,50,844.076449
-1.0,50,844.381084
-2.0,50,844.703956
-38.0,50,845.0144
-2.0,50,845.323273
0.0,50,845.625132
-1.0,50,845.954154
-3.0,50,846.271072
-1.0,50,846.576142
-3.0,50,846.878802
-2.0,50,847.202007
-2.0,50,847.507235
-1.0,50,847.816751
-1.0,50,848.118167
-2.0,50,848.440822
-2.0,50,848.776285
-3.0,50,849.086022
-10.0,50,849.395598
-5.0,50,849.733752
-1.0,50,850.039861
0.0,50,850.343478
-1.0,50,850.648181
-3.0,50,850.974351
-2.0,50,851.289191
-8.0,50,851.595709
-5.0,50,851.899617
-1.0,50,852.239266
-28.0,50,852.547963
-1.0,50,852.852188
-3.0,50,853.156174
-2.0,50,853.478934
-2.0,50,853.793027
-1.0,50,854.100297
-1.0,50,854.406135
-13.0,50,854.730934
-2.0,50,855.046185
0.0,50,855.357442
-7.0,50,855.662664
-2.0,50,856.002078
-3.0,50,856.307591
-5.0,50,856.61568
-4.0,50,856.917231
-1.0,50,857.242474
-3.0,50,857.551072
-2.0,50,857.856223
-3.0,50,858.166787
-7.0,50,858.502183
-27.0,50,858.820193
-1.0,50,859.123006
-2.0,50,859.433963
-1.0,50,859.775295
-15.0,50,860.085792
-2.0,50,860.388052
-2.0,50,860.689774
-3.0,50,861.016406
-2.0,50,861.33824
-3.0,50,861.647111
-1.0,50,861.952775
-2.0,50,862.278083
-2.0,50,862.593083
-2.0,50,862.899271
0.0,50,863.203391
-1.0,50,863.531176
-3.0,50,863.86464
-3.0,50,864.169999
-8.0,50,864.474793
-1.0,50,864.798376
-5.0,50,865.105186
-1.0,50,865.41277
0.0,50,865.717649
-2.0,50,866.042621
-1.0,50,866.351136
-2.0,50,866.659127
-3.0,50,866.96307
-7.0,50,867.304776
-2.0,50,867.61668
-1.0,50,867.925467
-1.0,50,868.227602
-3.0,50,868.554014
-2.0,50,868.869315
0.0,50,869.176099
-2.0,50,869.480915
-4.0,50,869.821572
-9.0,50,870.13447
-5.0,50,870.443205
-2.0,50,870.746363
-5.0,50,871.075802
-1.0,50,871.394679
-3.0,50,871.701015
-4.0,50,872.004947
-1.0,50,872.325774
-23.0,50,872.636804
-1.0,50,872.945116
-3.0,50,873.25048
-5.0,50,873.573687
-1.0,50,873.903175
-2.0,50,874.209891
-2.0,50,874.520996
0.0,50,874.859913
-4.0,50,875.167103
-2.0,50,875.478023
-3.0,50,875.783152
-2.0,50,876.106772
-2.0,50,876.415058
-1.0,50,876.719206
-1.0,50,877.021018
-2.0,50,877.360221
-3.0,50,877.668629
-1.0,50,877.972078
-3.0,50,878.27519
-2.0,50,878.598036
-2.0,50,878.911733
-2.0,50,879.216961
-2.0,50,879.521321
-2.0,50,879.851354
-3.0,50,880.15716
-4.0,50,880.460514
-2.0,50,880.770455
-1.0,50,881.091364
-2.0,50,881.409691
-3.0,50,881.719469
-3.0,50,882.030132
-1.0,50,882.354546
-3.0,50,882.659764
-1.0,50,882.970653
-1.0,50,883.274157
-3.0,50,883.616222
-3.0,50,883.93212
-2.0,50,884.23511
-2.0,50,884.546155
-3.0,50,884.869178
-2.0,50,885.178897
-4.0,50,885.491976
-1.0,50,885.797213
-3.0,50,886.122077
0.0,50,886.438236
0.0,50,886.741836
-1.0,50,887.044302
-2.0,50,887.37515
-2.0,50,887.681089
-2.0,50,887.984716
0.0,50,888.287157
-2.0,50,888.63981
0.0,50,888.95129
-2.0,50,889.258096
-1.0,50,889.561827
-2.0,50,889.889016
-1.0,50,890.200052
-3.0,50,890.505348
-2.0,50,890.808208
-1.0,50,891.131818
0.0,50,891.45536
-3.0,50,891.770336
-1.0,50,892.096421
-2.0,50,892.421787
-2.0,50,892.732014
-1.0,50,893.034907
-3.0,50,893.338126
-7.0,50,893.669532
0.0,50,893.990869
-3.0,50,894.299442
-3.0,50,894.605489
0.0,50,894.935911
-4.0,50,895.247258
-2.0,50,895.552992
-2.0,50,895.858058
-3.0,50,896.188901
-3.0,50,896.503017
-1.0,50,896.81012
-2.0,50,897.115752
-4.0,50,897.454878
-2.0,50,897.771014
-4.0,50,898.081202
-3.0,50,898.384429
-1.0,50,898.71143
-2.0,50,899.029338
-2.0,50,899.33655
-4.0,50,899.643409
-2.0,50,899.968266
0.0,50,900.275483
0.0,50,900.576814
-3.0,50,900.885007
-2.0,50,901.220887
-3.0,50,901.537899
-3.0,50,901.845627
-2.0,50,902.148426
-2.0,50,902.476794
-2.0,50,902.78623
-3.0,50,903.092098
-2.0,50,903.396464
0.0,50,903.7351
0.0,50,904.050699
-3.0,50,904.358104
-3.0,50,904.663045
-2.0,50,904.987095
-2.0,50,905.302978
-1.0,50,905.608128
-3.0,50,905.911334
-5.0,50,906.235174
-1.0,50,906.55519
-1.0,50,906.865785
-4.0,50,907.167739
-1.0,50,907.490792
-2.0,50,907.805576
-4.0,50,908.109798
-3.0,50,908.413961
-2.0,50,908.738373
-3.0,50,909.061917
0.0,50,909.366114
-3.0,50,909.670637
-2.0,50,910.001351
-3.0,50,910.31458
-3.0,50,910.61634
-2.0,50,910.919623
-1.0,50,911.242297
-1.0,50,911.553578
0.0,50,911.85548
-3.0,50,912.159138
-2.0,50,912.501898
-4.0,50,912.812504
0.0,50,913.11772
0.0,50,913.421082
-2.0,50,913.755853
-3.0,50,914.065874
-1.0,50,914.369565
-2.0,50,914.674013
-3.0,50,915.004476
-3.0,50,915.311655
-1.0,50,915.622176
-2.0,50,915.926563
-3.0,50,916.25752
-2.0,50,916.593441
-3.0,50,916.900672
0.0,50,917.202279
-3.0,50,917.532866
-1.0,50,917.845452
-2.0,50,918.155961
-3.0,50,918.458179
-1.0,50,918.782355
0.0,50,919.104303
-1.0,50,919.412867
-1.0,50,919.715202
-1.0,50,920.045075
-1.0,50,920.351498
-3.0,50,920.656214
-2.0,50,920.964815
-3.0,50,921.289
-2.0,50,921.597114
-1.0,50,921.900765
-3.0,50,922.201538
-2.0,50,922.546324
-1.0,50,922.858056
-3.0,50,923.166031
-3.0,50,923.467976
-1.0,50,923.792206
-2.0,50,924.10855
-1.0,50,924.413508
-3.0,50,924.715823
-3.0,50,925.045709
-3.0,50,925.350722
-1.0,50,925.660158
-2.0,50,925.965064
-2.0,50,926.288705
-2.0,50,926.611949
-4.0,50,926.917897
-2.0,50,927.219595
0.0,50,927.54244
0.0,50,927.851263
0.0,50,928.159638
-4.0,50,928.461445
0.0,50,928.783475
-1.0,50,929.104319
-3.0,50,929.415868
0.0,50,929.719991
-1.0,50,930.044547
-2.0,50,930.51593
-3.0,50,930.82671
-1.0,50,931.135654
0.0,50,931.465261
-4.0,50,931.775871
-3.0,50,932.080632
-3.0,50,932.383519
0.0,50,932.725706
-1.0,50,933.033307
-2.0,50,933.335307
-3.0,50,933.636997
-3.0,50,933.961706
-2.0,50,934.270106
-2.0,50,934.585022
-1.0,50,934.889591
-3.0,50,935.230597
-1.0,50,935.543555
-1.0,50,935.855491
-3.0,50,936.16568
-2.0,50,936.507054
-2.0,50,936.81497
-2.0,50,937.119185
-2.0,50,937.421773
-1.0,50,937.74707
-3.0,50,938.056919
0.0,50,938.365427
-2.0,50,938.667858
-2.0,50,938.993597
-3.0,50,939.301364
-3.0,50,939.608336
-2.0,50,939.912731
-2.0,50,940.241319
-1.0,50,940.54884
-2.0,50,940.854469
-1.0,50,941.157355
-2.0,50,941.491806
-3.0,50,941.799474
-2.0,50,942.110619
-2.0,50,942.417878
-3.0,50,942.740918
-3.0,50,943.056361
-3.0,50,943.358872
-3.0,50,943.661059
-2.0,50,943.986518
-2.0,50,944.29803
-2.0,50,944.608375
-2.0,50,944.915731
-2.0,50,945.245329
0.0,50,945.553282
-2.0,50,945.864478
-2.0,50,946.172514
-1.0,50,946.513659
-2.0,50,946.822159
-2.0,50,947.125597
-2.0,50,947.428933
-2.0,50,947.756172
-2.0,50,948.066285
-3.0,50,948.369756
-2.0,50,948.673473
-2.0,50,949.005451
-2.0,50,949.323194
-2.0,50,949.627428
-2.0,50,949.934181
-1.0,50,950.260818
-3.0,50,950.5664
-1.0,50,950.869822
-2.0,50,951.172298
-3.0,50,951.509253
0.0,50,951.819119
-1.0,50,952.126303
-1.0,50,952.428232
-3.0,50,952.750446
-2.0,50,953.066396
-2.0,50,953.370744
-1.0,50,953.674103
-1.0,50,953.998813
0.0,50,954.308346
-2.0,50,954.618311
-3.0,50,954.923065
-2.0,50,955.253363
-1.0,50,955.560246
-1.0,50,955.869166
-2.0,50,956.171229
-1.0,50,956.502482
-2.0,50,956.814782
-2.0,50,957.121779
-3.0,50,957.432142
-1.0,50,957.755952
-1.0,50,958.070111
-3.0,50,958.375659
-1.0,50,958.678233
-2.0,50,959.012006
-2.0,50,959.328105
-3.0,50,959.631274
-2.0,50,959.935063
-2.0,50,960.257853
-1.0,50,960.568397
-3.0,50,960.872088
-1.0,50,961.17513
-1.0,50,961.506855
-3.0,50,961.820772
-2.0,50,962.124693
-2.0,50,962.425812
-2.0,50,962.748717
-2.0,50,963.059332
0.0,50,963.369387
-3.0,50,963.671441
-3.0,50,963.994452
-1.0,50,964.309687
-2.0,50,964.61466
-3.0,50,964.919053
-3.0,50,965.243431
-1.0,50,965.548518
-1.0,50,965.852345
-2.0,50,966.15434
-3.0,50,966.495446
-2.0,50,966.808158
-2.0,50,967.11755
-1.0,50,967.419938
0.0,50,967.742542
-2.0,50,968.052564
-2.0,50,968.35648
0.0,50,968.658224
-2.0,50,968.997825
-1.0,50,969.308065
-2.0,50,969.619543
-3.0,50,969.930312
-2.0,50,970.254074
-2.0,50,970.569392
-1.0,50,970.879864
-2.0,50,971.180718
-2.0,50,971.522081
-2.0,50,971.828079
-3.0,50,972.132824
-3.0,50,972.441395
-3.0,50,972.789898
-3.0,50,973.105958
-2.0,50,973.419563
-1.0,50,973.721655
-2.0,50,974.048721
-1.0,50,974.359376
-1.0,50,974.663161
-3.0,50,974.967274
-1.0,50,975.30594
-2.0,50,975.612468
-3.0,50,975.922013
-2.0,50,976.225262
-1.0,50,976.573894
-2.0,50,976.890734
-3.0,50,977.201314
-2.0,50,977.506528
-3.0,50,977.833916
-3.0,50,978.149049
-2.0,50,978.455662
-2.0,50,978.758817
-3.0,50,979.083866
0.0,50,979.394563
-2.0,50,979.706432
-2.0,50,980.010982
-3.0,50,980.33474
-3.0,50,980.640906
-1.0,50,980.944013
-3.0,50,981.25288
-1.0,50,981.57827
-2.0,50,981.895146
-3.0,50,982.197777
-2.0,50,982.505434
-2.0,50,982.841866
-1.0,50,983.157938
-2.0,50,983.461872
-2.0,50,983.765873
-3.0,50,984.095593
-2.0,50,984.424492
0.0,50,984.727839
-2.0,50,985.037398
-2.0,50,985.367037
-2.0,50,985.682635
-2.0,50,985.988415
-1.0,50,986.291402
-3.0,50,986.61774
-2.0,50,986.926081
0.0,50,987.228623
-1.0,50,987.52924
-2.0,50,987.878271
-3.0,50,988.18919
-2.0,50,988.494048
-2.0,50,988.79844
-2.0,50,989.122529
-2.0,50,989.433576
-2.0,50,989.746924
-1.0,50,990.052079
0.0,50,990.375927
-2.0,50,990.682586
-2.0,50,990.986402
-1.0,50,991.289419
-2.0,50,991.628334
-3.0,50,991.941592
-1.0,50,992.251916
-2.0,50,992.558066
0.0,50,992.88218
-3.0,50,993.191003
-1.0,50,993.495096
-1.0,50,993.796858
-1.0,50,994.121471
-1.0,50,994.430404
-2.0,50,994.738768
-1.0,50,995.040517
-3.0,50,995.37418
-1.0,50,995.680041
-2.0,50,995.984013
-2.0,50,996.286955
-1.0,50,996.615202
0.0,50,996.934307
-1.0,50,997.237489
-1.0,50,997.539688
-3.0,50,997.871413
-1.0,50,998.180611
-1.0,50,998.490487
-1.0,50,998.79229
-2.0,50,999.135668
-2.0,50,999.459654
-3.0,50,999.778796
-1.0,50,1000.085641
-3.0,50,1000.425951
-1.0,50,1000.738796
-2.0,50,1001.042961
-2.0,50,1001.343332
-2.0,50,1001.666398
-3.0,50,1001.988818
-1.0,50,1002.293614
-3.0,50,1002.598371
-1.0,50,1002.922145
0.0,50,1003.231458
-3.0,50,1003.538994
-1.0,50,1003.843507
-3.0,50,1004.17119
0.0,50,1004.482375
-3.0,50,1004.784665
-3.0,50,1005.091935
-3.0,50,1005.419842
-2.0,50,1005.727198
-3.0,50,1006.040807
0.0,50,1006.344996
-1.0,50,1006.671441
0.0,50,1006.990769
-3.0,50,1007.298372
-2.0,50,1007.607747
-1.0,50,1007.938363
-3.0,50,1008.249519
0.0,50,1008.554321
-2.0,50,1008.859763
-3.0,50,1009.190614
-3.0,50,1009.515004
-3.0,50,1009.820589
-2.0,50,1010.125279
-2.0,50,1010.450087
-2.0,50,1010.757657
-2.0,50,1011.063479
0.0,50,1011.36309
-3.0,50,1011.685424
-3.0,50,1011.991977
-2.0,50,1012.297094
-2.0,50,1012.59893
0.0,50,1012.939221
-5.0,50,1013.255012
-2.0,50,1013.564733
-3.0,50,1013.87422
-2.0,50,1014.201123
-2.0,50,1014.517554
-1.0,50,1014.822443
-2.0,50,1015.124805
-3.0,50,1015.447212
-2.0,50,1015.754189
-2.0,50,1016.064257
-1.0,50,1016.366348
-2.0,50,1016.705987
-2.0,50,1017.019474
-4.0,50,1017.330538
-2.0,50,1017.633146
-2.0,50,1017.961188
-1.0,50,1018.277732
-1.0,50,1018.584842
-2.0,50,1018.886946
-3.0,50,1019.21396
-2.0,50,1019.525397
-3.0,50,1019.828816
-3.0,50,1020.137824
-1.0,50,1020.463252
-1.0,50,1020.771902
0.0,50,1021.079266
-2.0,50,1021.380707
-1.0,50,1021.712448
-1.0,50,1022.022545
-2.0,50,1022.326523
-3.0,50,1022.627405
-1.0,50,1022.956207
-3.0,50,1023.266671
-3.0,50,1023.574688
-2.0,50,1023.88462
-2.0,50,1024.217535
-1.0,50,1024.527404
-2.0,50,1024.832795
-1.0,50,1025.139798
-2.0,50,1025.463659
-3.0,50,1025.771044
-2.0,50,1026.0767
-1.0,50,1026.379923
-2.0,50,1026.709888
-3.0,50,1027.015737
-2.0,50,1027.327044
-1.0,50,1027.631386
-1.0,50,1027.972913
-1.0,50,1028.280838
-2.0,50,1028.590524
-2.0,50,1028.891847
-2.0,50,1029.215879
-1.0,50,1029.528673
-2.0,50,1029.833907
-2.0,50,1030.140275
-2.0,50,1030.481023
-1.0,50,1030.78746
-1.0,50,1031.096826
-1.0,50,1031.401689
-3.0,50,1031.737469
-1.0,50,1032.04361
-3.0,50,1032.349472
-1.0,50,1032.651694
-2.0,50,1032.98999
-3.0,50,1033.311316
-2.0,50,1033.613522
-3.0,50,1033.919658
-3.0,50,1034.251484
-2.0,50,1034.560662
-3.0,50,1034.863732
0.0,50,1035.165951
-3.0,50,1035.488812
0.0,50,1035.794881
-2.0,50,1036.101407
-3.0,50,1036.408037
-3.0,50,1036.758026
-1.0,50,1037.064384
-3.0,50,1037.367153
-2.0,50,1037.669485
-1.0,50,1037.99959
-3.0,50,1038.308177
-3.0,50,1038.61256
-2.0,50,1038.921173
-3.0,50,1039.244778
0.0,50,1039.553139
-1.0,50,1039.856367
-3.0,50,1040.165216
-2.0,50,1040.487882
-2.0,50,1040.797282
-2.0,50,1041.106784
-3.0,50,1041.40869
-1.0,50,1041.750792
-2.0,50,1042.06581
-3.0,50,1042.371395
-1.0,50,1042.67557
-2.0,50,1043.00749
-1.0,50,1043.315759
-2.0,50,1043.624678
-2.0,50,1043.928106
-2.0,50,1044.27249
-2.0,50,1044.588041
0.0,50,1044.891947
-4.0,50,1045.19871
-1.0,50,1045.522527
-2.0,50,1045.83903
-2.0,50,1046.142998
-2.0,50,1046.447314
-3.0,50,1046.777268
-1.0,50,1047.093927
-2.0,50,1047.396818
-3.0,50,1047.707659
-1.0,50,1048.033664
-2.0,50,1048.339045
-3.0,50,1048.644988
-2.0,50,1048.948633
-2.0,50,1049.279311
-5.0,50,1049.602845
-1.0,50,1049.916132
0.0,50,1050.220015
-3.0,50,1050.551028
-2.0,50,1050.856606
0.0,50,1051.159978
-2.0,50,1051.465859
-3.0,50,1051.78746
0.0,50,1052.091631
-4.0,50,1052.402199
-2.0,50,1052.70975
-2.0,50,1053.059885
-2.0,50,1053.369197
-2.0,50,1053.674087
-3.0,50,1053.982888
-1.0,50,1054.307328
-3.0,50,1054.625786
0.0,50,1054.93109
-1.0,50,1055.23483
0.0,50,1055.573823
-2.0,50,1055.879472
-1.0,50,1056.182247
-3.0,50,1056.485105
-2.0,50,1056.808295
-3.0,50,1057.127432
-1.0,50,1057.432068
-2.0,50,1057.745092
-1.0,50,1058.075723
-2.0,50,1058.382006
-4.0,50,1058.689041
-3.0,50,1058.993639
-1.0,50,1059.317523
-3.0,50,1059.639726
0.0,50,1059.943554
-1.0,50,1060.245099
-3.0,50,1060.567787
-2.0,50,1060.884071
-1.0,50,1061.187963
0.0,50,1061.490078
-3.0,50,1061.828634
-3.0,50,1062.136405
-2.0,50,1062.444228
0.0,50,1062.746933
-1.0,50,1063.069188
-3.0,50,1063.376032
-3.0,50,1063.682346
-3.0,50,1063.991425
-1.0,50,1064.318513
-5.0,50,1064.631897
0.0,50,1064.937871
-2.0,50,1065.241942
-1.0,50,1065.567609
-4.0,50,1065.879311
0.0,50,1066.184965
-3.0,50,1066.487553
-3.0,50,1066.81194
-2.0,50,1067.120225
-1.0,50,1067.42448
0.0,50,1067.726906
-2.0,50,1068.051925
-1.0,50,1068.364018
-2.0,50,1068.667258
-2.0,50,1068.974472
-3.0,50,1069.299794
-1.0,50,1069.612201
-2.0,50,1069.922091
-2.0,50,1070.233522
-2.0,50,1070.560609
-2.0,50,1070.869627
-3.0,50,1071.178728
-1.0,50,1071.483154
-3.0,50,1071.81958
-2.0,50,1072.129975
-3.0,50,1072.437318
-2.0,50,1072.740934
-2.0,50,1073.065618
-1.0,50,1073.384528
-3.0,50,1073.69269
-2.0,50,1073.995841
-1.0,50,1074.31997
-2.0,50,1074.631163
0.0,50,1074.936502
-2.0,50,1075.240318
-3.0,50,1075.564503
-2.0,50,1075.874232
-1.0,50,1076.177157
-3.0,50,1076.483808
-1.0,50,1076.825977
-2.0,50,1077.133971
0.0,50,1077.435593
-2.0,50,1077.73897
0.0,50,1078.062555
-3.0,50,1078.369793
-3.0,50,1078.672332
-3.0,50,1078.97554
-3.0,50,1079.297704
-1.0,50,1079.611657
0.0,50,1079.916291
0.0,50,1080.221032
-2.0,50,1080.546175
-2.0,50,1080.864192
-1.0,50,1081.165869
0.0,50,1081.467768
-2.0,50,1081.790423
-1.0,50,1082.099381
0.0,50,1082.403538
-2.0,50,1082.709967
-2.0,50,1083.037058
-1.0,50,1083.345545
-1.0,50,1083.659823
-2.0,50,1083.9678
-4.0,50,1084.2958
-2.0,50,1084.605122
-2.0,50,1084.911953
-3.0,50,1085.217554
-2.0,50,1085.556763
-1.0,50,1085.873443
-2.0,50,1086.178085
-1.0,50,1086.48745
-1.0,50,1086.813162
-3.0,50,1087.295406
-3.0,50,1087.598458
-3.0,50,1087.90033
-3.0,50,1088.22314
-2.0,50,1088.539418
-2.0,50,1088.844225
-3.0,50,1089.147207
-1.0,50,1089.469291
-2.0,50,1089.779996
-3.0,50,1090.096503
-2.0,50,1090.400525
-3.0,50,1090.737943
-2.0,50,1091.062537
-6.0,50,1091.36922
-3.0,50,1091.675558
-2.0,50,1092.019265
-1.0,50,1092.32633
-2.0,50,1092.633197
-2.0,50,1092.943439
-2.0,50,1093.267638
-4.0,50,1093.573968
-3.0,50,1093.902557
-2.0,50,1094.213092
-2.0,50,1094.53859
-2.0,50,1094.844074
-4.0,50,1095.148505
-3.0,50,1095.448478
-1.0,50,1095.768796
-2.0,50,1096.088356
-2.0,50,1096.390039
-2.0,50,1096.690349
-3.0,50,1097.017904
-2.0,50,1097.320962
-2.0,50,1097.622959
-4.0,50,1097.932709
-3.0,50,1098.275667
-2.0,50,1098.599512
-3.0,50,1098.900384
-2.0,50,1099.201868
-2.0,50,1099.528639
-1.0,50,1099.837078
-2.0,50,1100.139868
-2.0,50,1100.444589
-3.0,50,1100.771618
-1.0,50,1101.087513
-3.0,50,1101.390798
-2.0,50,1101.693628
-3.0,50,1102.029571
-1.0,50,1102.334223
-2.0,50,1102.637977
0.0,50,1102.941979
-2.0,50,1103.266815
-2.0,50,1103.588576
-3.0,50,1103.891748
-1.0,50,1104.198288
-3.0,50,1104.542796
-3.0,50,1104.851223
-3.0,50,1105.156072
0.0,50,1105.459114
-1.0,50,1105.780029
-2.0,50,1106.096333
-3.0,50,1106.398511
-4.0,50,1106.706769
0.0,50,1107.045176
0.0,50,1107.349227
-1.0,50,1107.650863
-3.0,50,1107.95423
-2.0,50,1108.297388
-1.0,50,1108.620238
-1.0,50,1108.92281
-1.0,50,1109.227117
-3.0,50,1109.551679
-1.0,50,1109.858135
-2.0,50,1110.160692
-3.0,50,1110.462164
-2.0,50,1110.804705
-1.0,50,1111.122435
-2.0,50,1111.42457
-3.0,50,1111.733708
-2.0,50,1112.053028
-1.0,50,1112.361397
-2.0,50,1112.66398
-2.0,50,1112.971306
-3.0,50,1113.316428
-1.0,50,1113.631526
-2.0,50,1113.93434
0.0,50,1114.236985
-1.0,50,1114.577475
-3.0,50,1114.890152
-2.0,50,1115.193543
-2.0,50,1115.501227
-1.0,50,1115.822132
-2.0,50,1116.142852
-1.0,50,1116.445855
-1.0,50,1116.748514
-2.0,50,1117.070954
-2.0,50,1117.375502
-3.0,50,1117.676947
-1.0,50,1117.97821
-3.0,50,1118.30018
-2.0,50,1118.617097
-2.0,50,1118.920796
-2.0,50,1119.225613
-2.0,50,1119.553857
-2.0,50,1119.86044
-2.0,50,1120.166126
-1.0,50,1120.466956
-2.0,50,1120.797081
-2.0,50,1121.114235
-1.0,50,1121.417009
-1.0,50,1121.719382
-3.0,50,1122.044767
-2.0,50,1122.347825
-1.0,50,1122.648837
-3.0,50,1122.951894
-3.0,50,1123.292404
-3.0,50,1123.614431
-2.0,50,1123.921081
-3.0,50,1124.224789
0.0,50,1124.546856
-3.0,50,1124.85002
-1.0,50,1125.150896
-1.0,50,1125.452206
-1.0,50,1125.789579
-3.0,50,1126.099116
-2.0,50,1126.400086
-3.0,50,1126.705913
-2.0,50,1127.026905
-2.0,50,1127.335635
-3.0,50,1127.642401
-3.0,50,1127.945012
-1.0,50,1128.266953
-2.0,50,1128.571893
-3.0,50,1128.875632
-2.0,50,1129.177018
-2.0,50,1129.505249
-2.0,50,1129.821968
-3.0,50,1130.129086
-2.0,50,1130.43628
-2.0,50,1130.774729
-2.0,50,1131.083776
-3.0,50,1131.383441
-2.0,50,1131.683674
-2.0,50,1132.003626
-2.0,50,1132.320865
-3.0,50,1132.622949
-1.0,50,1132.924581
-1.0,50,1133.246324
-1.0,50,1133.548715
-2.0,50,1133.851984
-2.0,50,1134.153634
-1.0,50,1134.477422
-3.0,50,1134.804491
-4.0,50,1135.107849
0.0,50,1135.410267
0.0,50,1135.733106
-2.0,50,1136.037077
-1.0,50,1136.334541
-1.0,50,1136.632201
-3.0,50,1136.929158
-3.0,50,1137.234301
-3.0,50,1137.536466
-2.0,50,1137.836676
-2.0,50,1138.137242
-1.0,50,1138.436252
-3.0,50,1138.74133
-3.0,50,1139.038852
-2.0,50,1139.342794
-2.0,50,1139.642515
-2.0,50,1139.938372
-1.0,50,1140.236672
-1.0,50,1140.535793
-1.0,50,1140.834865
-3.0,50,1141.132323
-3.0,50,1141.428927
-3.0,50,1141.725362
-2.0,50,1142.023602
-1.0,50,1142.319882
-2.0,50,1142.618095
-2.0,50,1142.942694
-1.0,50,1143.255228
-1.0,50,1143.553136
-1.0,50,1143.855757
-1.0,50,1144.156672
-1.0,50,1144.454874
-2.0,50,1144.75088
-4.0,50,1145.046048
-3.0,50,1145.345038
-1.0,50,1145.643474
-2.0,50,1145.94534
-2.0,50,1146.24731
-3.0,50,1146.543424
-4.0,50,1146.846253
-1.0,50,1147.142229
-2.0,50,1147.435963
-2.0,50,1147.730872
-2.0,50,1148.030417
-2.0,50,1148.327252
-3.0,50,1148.621599
-2.0,50,1148.94376
-2.0,50,1149.257164
-1.0,50,1149.555566
-1.0,50,1149.851928
-1.0,50,1150.14855
0.0,50,1150.45006
-2.0,50,1150.751845
-3.0,50,1151.05539
-1.0,50,1151.35211
-2.0,50,1151.655124
-2.0,50,1151.951993
-3.0,50,1152.247885
-2.0,50,1152.544038
-2.0,50,1152.84059
-3.0,50,1153.141986
-2.0,50,1153.438814
-3.0,50,1153.739115
-1.0,50,1154.068919
-2.0,50,1154.374691
-2.0,50,1154.674791
-2.0,50,1154.971599
-3.0,50,1155.277553
-3.0,50,1155.577871
-2.0,50,1155.879958
-3.0,50,1156.176435
-2.0,50,1156.472922
-1.0,50,1156.770948
-3.0,50,1157.07047
-2.0,50,1157.369631
-2.0,50,1157.665378
0.0,50,1157.961482
-2.0,50,1158.259901
-1.0,50,1158.555685
-1.0,50,1158.852808
-1.0,50,1159.149286
-4.0,50,1159.444654
0.0,50,1159.742333
-2.0,50,1160.04702
-3.0,50,1160.34347
-2.0,50,1160.639487
-2.0,50,1160.962017
-3.0,50,1161.283327
-3.0,50,1161.577991
-2.0,50,1161.872769
-3.0,50,1162.167463
0.0,50,1162.46256
-1.0,50,1162.756882
-2.0,50,1163.052242
-2.0,50,1163.347873
-1.0,50,1163.642254
-1.0,50,1163.937129
-3.0,50,1164.233715
-2.0,50,1164.529776
-3.0,50,1164.826985
-1.0,50,1165.120312
-1.0,50,1165.415052
-3.0,50,1165.714955
-2.0,50,1166.011249
0.0,50,1166.306283
0.0,50,1166.601889
-1.0,50,1166.915212
-2.0,50,1167.227934
-1.0,50,1167.523852
-3.0,50,1167.824097
-2.0,50,1168.121767
-2.0,50,1168.418351
0.0,50,1168.71455
-2.0,50,1169.01429
-3.0,50,1169.313441
-1.0,50,1169.610777
-3.0,50,1169.90689
-1.0,50,1170.203718
-1.0,50,1170.501331
-2.0,50,1170.803858
-3.0,50,1171.102982
-1.0,50,1171.405512
-1.0,50,1171.704975
0.0,50,1172.003566
-1.0,50,1172.299855
0.0,50,1172.593699
-1.0,50,1172.908018
-3.0,50,1173.220099
-3.0,50,1173.515624
-1.0,50,1173.813734
-2.0,50,1174.110958
0.0,50,1174.405479
-1.0,50,1174.700154
-2.0,50,1174.996512
0.0,50,1175.291263
-2.0,50,1175.589707
-3.0,50,1175.887396
-1.0,50,1176.182029
-2.0,50,1176.477601
0.0,50,1176.773427
-3.0,50,1177.067562
-2.0,50,1177.368676
-1.0,50,1177.662344
-1.0,50,1177.957498
-2.0,50,1178.254076
-1.0,50,1178.549124
-1.0,50,1178.845749
-1.0,50,1179.171384
-3.0,50,1179.469516
-2.0,50,1179.76693
-2.0,50,1180.061251
-2.0,50,1180.358433
-3.0,50,1180.657431
-3.0,50,1180.960797
-3.0,50,1181.259445
-3.0,50,1181.555495
-2.0,50,1181.854215
-2.0,50,1182.151034
-2.0,50,1182.446367
-2.0,50,1182.742459
-1.0,50,1183.040062
-2.0,50,1183.339289
-2.0,50,1183.640346
-3.0,50,1183.935872
-1.0,50,1184.23757
-3.0,50,1184.536351
0.0,50,1184.833329
-1.0,50,1185.180176
-2.0,50,1185.475652
-1.0,50,1185.770212
-1.0,50,1186.065458
-2.0,50,1186.367489
-3.0,50,1186.66104
-3.0,50,1186.955629
-3.0,50,1187.254157
-2.0,50,1187.551027
-2.0,50,1187.852294
-2.0,50,1188.145625
-2.0,50,1188.446582
0.0,50,1188.741243
0.0,50,1189.032901
-3.0,50,1189.330372
-3.0,50,1189.621445
0.0,50,1189.915777
0.0,50,1190.209365
-2.0,50,1190.502727
-3.0,50,1190.798536
-2.0,50,1191.144575
-3.0,50,1191.445186
-3.0,50,1191.742944
-1.0,50,1192.041977
-2.0,50,1192.346053
-1.0,50,1192.642991
0.0,50,1192.939028
-2.0,50,1193.235751
-2.0,50,1193.532679
-2.0,50,1193.831184
-3.0,50,1194.135262
-1.0,50,1194.432436
-2.0,50,1194.731229
-4.0,50,1195.03318
-1.0,50,1195.335742
-1.0,50,1195.631471
-1.0,50,1195.929032
-2.0,50,1196.233669
-1.0,50,1196.534094
-3.0,50,1196.831074
-3.0,50,1197.175365
-2.0,50,1197.469029
-1.0,50,1197.765318
-2.0,50,1198.060958
-3.0,50,1198.358456
-1.0,50,1198.653456
-3.0,50,1198.94924
-2.0,50,1199.245016
-3.0,50,1199.541393
-1.0,50,1199.837139
-3.0,50,1200.140108
-1.0,50,1200.435417
-2.0,50,1200.730557
-3.0,50,1201.032966
-2.0,50,1201.32986
-1.0,50,1201.625663
-1.0,50,1201.921055
-2.0,50,1202.217223
-2.0,50,1202.51378
-2.0,50,1202.817652
-2.0,50,1203.148845
-2.0,50,1203.444813
-2.0,50,1203.738932
-1.0,50,1204.033329
-3.0,50,1204.334757
-1.0,50,1204.629321
-2.0,50,1204.925236
-2.0,50,1205.221259
-1.0,50,1205.517465
-2.0,50,1205.814188
0.0,50,1206.109064
-2.0,50,1206.406374
-4.0,50,1206.701837
-3.0,50,1206.99902
-3.0,50,1207.293369
-3.0,50,1207.593318
-3.0,50,1207.896818
-2.0,50,1208.191889
-1.0,50,1208.485986
-3.0,50,1208.782253
-3.0,50,1209.109635
0.0,50,1209.405684
-1.0,50,1209.701423
-3.0,50,1209.996557
-2.0,50,1210.306764
0.0,50,1210.600246
-1.0,50,1210.897937
-2.0,50,1211.193707
-3.0,50,1211.487061
-2.0,50,1211.782383
-1.0,50,1212.080163
-1.0,50,1212.375707
0.0,50,1212.670155
-2.0,50,1212.96395
-2.0,50,1213.265404
-3.0,50,1213.561835
-3.0,50,1213.85728
-2.0,50,1214.15539
0.0,50,1214.451268
-2.0,50,1214.750059
-2.0,50,1215.080445
-2.0,50,1215.387054
-2.0,50,1215.683011
-1.0,50,1215.979348
0.0,50,1216.279486
-2.0,50,1216.582431
-2.0,50,1216.876716
-3.0,50,1217.175802
-1.0,50,1217.473556
-2.0,50,1217.769278
-1.0,50,1218.062961
-3.0,50,1218.366368
-1.0,50,1218.663386
-3.0,50,1218.961162
-1.0,50,1219.257619
-3.0,50,1219.560183
-2.0,50,1219.857718
-1.0,50,1220.154843
-2.0,50,1220.457354
-3.0,50,1220.751507
-2.0,50,1221.048187
-3.0,50,1221.345653
-3.0,50,1221.641821
-3.0,50,1221.962715
-1.0,50,1222.282722
-5.0,50,1222.582625
-2.0,50,1222.878341
-4.0,50,1223.177644
-3.0,50,1223.47265
-3.0,50,1223.770916
-3.0,50,1224.064272
-4.0,50,1224.366883
-2.0,50,1224.666652
-1.0,50,1224.969905
-1.0,50,1225.267836
-1.0,50,1225.566271
0.0,50,1225.862219
-1.0,50,1226.15839
-1.0,50,1226.455988
0.0,50,1226.75188
-2.0,50,1227.080877
-1.0,50,1227.379802
-1.0,50,1227.6757
-3.0,50,1227.973849
-1.0,50,1228.271299
-2.0,50,1228.569055
-2.0,50,1228.864937
-1.0,50,1229.163338
-2.0,50,1229.463535
-2.0,50,1229.762183
-2.0,50,1230.065379
-3.0,50,1230.368512
-2.0,50,1230.667707
-1.0,50,1230.96649
-2.0,50,1231.26533
-3.0,50,1231.570301
-2.0,50,1231.869844
-2.0,50,1232.170142
-2.0,50,1232.468578
-2.0,50,1232.767758
0.0,50,1233.097869
-3.0,50,1233.402341
-1.0,50,1233.699568
-3.0,50,1234.004573
-1.0,50,1234.314194
-3.0,50,1234.617842
-3.0,50,1234.913128
-2.0,50,1235.209954
-2.0,50,1235.51246
-2.0,50,1235.811039
-2.0,50,1236.109738
0.0,50,1236.404073
-1.0,50,1236.701866
0.0,50,1236.998041
0.0,50,1237.29362
-2.0,50,1237.596564
-2.0,50,1237.900597
-2.0,50,1238.197313
-3.0,50,1238.500826
-3.0,50,1238.797002
-2.0,50,1239.27946
-3.0,50,1239.579504
-2.0,50,1239.875977
-1.0,50,1240.172815
-2.0,50,1240.474099
-2.0,50,1240.77548
-3.0,50,1241.074689
0.0,50,1241.371859
-3.0,50,1241.66903
-1.0,50,1241.967425
-3.0,50,1242.266829
-2.0,50,1242.563393
-3.0,50,1242.86712
0.0,50,1243.163717
-2.0,50,1243.461893
-1.0,50,1243.762143
0.0,50,1244.077717
-1.0,50,1244.387857
-1.0,50,1244.686702
0.0,50,1244.986463
-2.0,50,1245.293484
-2.0,50,1245.598139
-2.0,50,1245.901397
-3.0,50,1246.198457
-1.0,50,1246.497874
-1.0,50,1246.79654
-2.0,50,1247.095021
-3.0,50,1247.396786
-2.0,50,1247.695902
-3.0,50,1247.998722
0.0,50,1248.296202
-3.0,50,1248.593721
-3.0,50,1248.895355
-2.0,50,1249.196112
-1.0,50,1249.494178
-2.0,50,1249.794018
-1.0,50,1250.146028
-2.0,50,1250.446288
-3.0,50,1250.747873
-3.0,50,1251.044887
-1.0,50,1251.344916
-2.0,50,1251.643614
-2.0,50,1251.942159
-3.0,50,1252.239538
-1.0,50,1252.537787
-2.0,50,1252.845105
-3.0,50,1253.146846
-1.0,50,1253.446655
-2.0,50,1253.746462
-3.0,50,1254.046914
-3.0,50,1254.351656
0.0,50,1254.651115
-1.0,50,1254.955588
-2.0,50,1255.255576
-1.0,50,1255.556323
-1.0,50,1255.860745
0.0,50,1256.188175
-2.0,50,1256.486502
0.0,50,1256.784357
-3.0,50,1257.08173
-1.0,50,1257.385371
-2.0,50,1257.68875
-1.0,50,1257.986768
-1.0,50,1258.283344
-2.0,50,1258.579078
-2.0,50,1258.877787
-3.0,50,1259.174214
-2.0,50,1259.475972
-3.0,50,1259.771498
-2.0,50,1260.067204
-2.0,50,1260.371449
-1.0,50,1260.666855
-3.0,50,1260.96232
-2.0,50,1261.26097
-1.0,50,1261.561339
-2.0,50,1261.857912
-2.0,50,1262.186238
-1.0,50,1262.483095
0.0,50,1262.779199
-1.0,50,1263.074997
-3.0,50,1263.3713
0.0,50,1263.666975
-3.0,50,1263.963417
-1.0,50,1264.259213
-2.0,50,1264.558162
-1.0,50,1264.855202
-2.0,50,1265.158383
-1.0,50,1265.453789
-3.0,50,1265.755372
-2.0,50,1266.051761
-2.0,50,1266.3477
-2.0,50,1266.642514
0.0,50,1266.936858
-1.0,50,1267.23173
-5.0,50,1267.527867
-1.0,50,1267.822862
-2.0,50,1268.149247
-1.0,50,1268.446863
-1.0,50,1268.742236
-1.0,50,1269.04388
-2.0,50,1269.342356
0.0,50,1269.638618
-2.0,50,1269.939663
-2.0,50,1270.242673
0.0,50,1270.538341
-3.0,50,1270.837981
-2.0,50,1271.133136
-3.0,50,1271.428454
-1.0,50,1271.725902
-1.0,50,1272.02298
0.0,50,1272.32105
-2.0,50,1272.621427
-1.0,50,1272.923944
-3.0,50,1273.226161
-2.0,50,1273.52495
-2.0,50,1273.82454
-3.0,50,1274.167554
-2.0,50,1274.465386
-2.0,50,1274.766804
-3.0,50,1275.068335
-1.0,50,1275.365644
-3.0,50,1275.667762
0.0,50,1275.962947
-3.0,50,1276.258684
-2.0,50,1276.561492
-1.0,50,1276.860822
0.0,50,1277.155334
-2.0,50,1277.452436
-8.0,50,1277.749414
-1.0,50,1278.050366
-1.0,50,1278.3488
-1.0,50,1278.644098
-2.0,50,1278.937348
-1.0,50,1279.231012
-3.0,50,1279.532111
-3.0,50,1279.834771
-2.0,50,1280.186503
0.0,50,1280.481511
-2.0,50,1280.777027
-1.0,50,1281.073071
-1.0,50,1281.367673
-2.0,50,1281.661722
-2.0,50,1281.959862
-3.0,50,1282.25515
-2.0,50,1282.550247
-2.0,50,1282.843389
-2.0,50,1283.146295
-2.0,50,1283.441433
-2.0,50,1283.736315
-3.0,50,1284.034988
-3.0,50,1284.332018
-2.0,50,1284.626897
-3.0,50,1284.928442
-2.0,50,1285.224539
-2.0,50,1285.522506
-1.0,50,1285.820713
-1.0,50,1286.141279
-2.0,50,1286.429284
0.0,50,1286.710475
-3.0,50,1286.99793
-2.0,50,1287.280627
0.0,50,1287.563854
-3.0,50,1287.850004
-2.0,50,1288.138252
-2.0,50,1288.422238
-3.0,50,1288.701949
-1.0,50,1288.984692
-3.0,50,1289.266329
-1.0,50,1289.548793
0.0,50,1289.83109
-1.0,50,1290.115176
-1.0,50,1290.398429
-3.0,50,1290.684524
-1.0,50,1290.96898
-2.0,50,1291.251709
0.0,50,1291.533734
-2.0,50,1291.817453
-2.0,50,1292.105116
-2.0,50,1292.395121
-2.0,50,1292.676868
-2.0,50,1292.966869
-2.0,50,1293.250982
-2.0,50,1293.535814
-3.0,50,1293.818866
-2.0,50,1294.142902
-2.0,50,1294.430378
-1.0,50,1294.712948
-1.0,50,1294.999527
-2.0,50,1295.280445
-2.0,50,1295.563316
-2.0,50,1295.845277
-3.0,50,1296.126929
-2.0,50,1296.410755
-2.0,50,1296.694512
-2.0,50,1296.976296
-1.0,50,1297.258207
0.0,50,1297.541909
-2.0,50,1297.830231
-2.0,50,1298.114645
-2.0,50,1298.398582
0.0,50,1298.680053
-3.0,50,1298.968104
-1.0,50,1299.253998
0.0,50,1299.537588
-1.0,50,1299.822316
-2.0,50,1300.110192
-2.0,50,1300.392882
-1.0,50,1300.673348
-2.0,50,1300.956245
-2.0,50,1301.236093
-3.0,50,1301.517192
0.0,50,1301.796282
-3.0,50,1302.09841
-2.0,50,1302.377615
-2.0,50,1302.65694
-2.0,50,1302.938003
-3.0,50,1303.233456
-2.0,50,1303.514292
-3.0,50,1303.795051
-1.0,50,1304.079173
-2.0,50,1304.359208
-2.0,50,1304.645158
-1.0,50,1304.92436
-2.0,50,1305.202689
-1.0,50,1305.484963
-3.0,50,1305.770812
-2.0,50,1306.049572
-1.0,50,1306.329961
-3.0,50,1306.617292
-2.0,50,1306.896592
-2.0,50,1307.176169
-2.0,50,1307.455739
-2.0,50,1307.735814
-2.0,50,1308.01857
-2.0,50,1308.300216
-2.0,50,1308.582314
-3.0,50,1308.871691
-3.0,50,1309.15957
-1.0,50,1309.443149
-3.0,50,1309.725062
-2.0,50,1310.009956
-3.0,50,1310.294412
-1.0,50,1310.583031
-2.0,50,1310.89348
-3.0,50,1311.207103
-3.0,50,1311.49537
-2.0,50,1311.778271
0.0,50,1312.059951
-1.0,50,1312.341212
-3.0,50,1312.624395
0.0,50,1312.906234
-2.0,50,1313.191897
0.0,50,1313.474564
0.0,50,1313.757342
0.0,50,1314.039655
-2.0,50,1314.329329
-2.0,50,1314.612231
-1.0,50,1314.900805
-2.0,50,1315.184106
-3.0,50,1315.470275
-2.0,50,1315.757892
-2.0,50,1316.040314
0.0,50,1316.322552
-3.0,50,1316.607818
-1.0,50,1316.889539
-1.0,50,1317.176857
-3.0,50,1317.465554
-2.0,50,1317.75395
-3.0,50,1318.099141
-1.0,50,1318.381285
-1.0,50,1318.662846
-3.0,50,1318.956462
-1.0,50,1319.244933
-2.0,50,1319.527714
0.0,50,1319.809504
-2.0,50,1320.091618
-2.0,50,1320.375084
-1.0,50,1320.65692
0.0,50,1320.938253
-1.0,50,1321.21939
-2.0,50,1321.50256
-3.0,50,1321.790836
-1.0,50,1322.073015
-1.0,50,1322.356002
-1.0,50,1322.643034
-1.0,50,1322.925864
-3.0,50,1323.210942
0.0,50,1323.492568
0.0,50,1323.776022
-1.0,50,1324.063458
-1.0,50,1324.341477
-2.0,50,1324.627031
-2.0,50,1324.905287
0.0,50,1325.185325
0.0,50,1325.464048
-1.0,50,1325.743635
-3.0,50,1326.030671
-3.0,50,1326.316998
-3.0,50,1326.602879
0.0,50,1326.906972
-3.0,50,1327.201193
-1.0,50,1327.480542
-5.0,50,1327.760195
-2.0,50,1328.039927
-3.0,50,1328.325194
-1.0,50,1328.61104
-2.0,50,1328.890413
-1.0,50,1329.169693
-2.0,50,1329.450386
-3.0,50,1329.730238
-1.0,50,1330.009846
-1.0,50,1330.288595
0.0,50,1330.570572
-2.0,50,1330.851704
-1.0,50,1331.132866
-2.0,50,1331.415468
-2.0,50,1331.699226
0.0,50,1331.981871
-2.0,50,1332.267868
-2.0,50,1332.555877
-1.0,50,1332.845031
-3.0,50,1333.127079
-1.0,50,1333.407652
-3.0,50,1333.68804
-2.0,50,1333.970833
-2.0,50,1334.2561
-2.0,50,1334.539098
-2.0,50,1334.820121
-3.0,50,1335.145972
-3.0,50,1335.428971
-2.0,50,1335.713113
-2.0,50,1335.995953
-1.0,50,1336.290045
-3.0,50,1336.569669
-3.0,50,1336.848535
-2.0,50,1337.225246
-2.0,50,1337.513141
-2.0,50,1337.794888
-1.0,50,1338.072928
-1.0,50,1338.353466
-3.0,50,1338.635913
-3.0,50,1338.915932
-2.0,50,1339.202095
-3.0,50,1339.487669
-3.0,50,1339.774747
-3.0,50,1340.055269
-2.0,50,1340.333747
-3.0,50,1340.612684
-1.0,50,1340.893281
-2.0,50,1341.174097
-2.0,50,1341.453151
-2.0,50,1341.733952
-2.0,50,1342.015217
-2.0,50,1342.294953
-1.0,50,1342.575672
-2.0,50,1342.857795
-2.0,50,1343.146833
-3.0,50,1343.435678
-2.0,50,1343.718098
-1.0,50,1343.999979
-2.0,50,1344.290398
-1.0,50,1344.574142
-1.0,50,1344.860006
-3.0,50,1345.142044
-2.0,50,1345.42451
-2.0,50,1345.709891
-2.0,50,1345.992527
-1.0,50,1346.275261
0.0,50,1346.558431
0.0,50,1346.839656
-2.0,50,1347.128721
0.0,50,1347.409943
-1.0,50,1347.693306
-3.0,50,1347.982196
-2.0,50,1348.26504
-2.0,50,1348.547872
-1.0,50,1348.830977
-3.0,50,1349.114996
-3.0,50,1349.397794
-1.0,50,1349.680317
-2.0,50,1349.963676
-1.0,50,1350.245447
-2.0,50,1350.531045
0.0,50,1350.814553
0.0,50,1351.09782
-3.0,50,1351.378712
-3.0,50,1351.678122
-1.0,50,1351.961392
-2.0,50,1352.273121
-2.0,50,1352.55647
-1.0,50,1352.841664
-2.0,50,1353.12916
-2.0,50,1353.410527
-2.0,50,1353.69803
0.0,50,1353.97917
-3.0,50,1354.268555
-3.0,50,1354.557136
-2.0,50,1354.844565
0.0,50,1355.125511
-1.0,50,1355.407036
-2.0,50,1355.690496
-2.0,50,1355.972238
-3.0,50,1356.257182
-1.0,50,1356.540273
-2.0,50,1356.82292
-2.0,50,1357.104289
-2.0,50,1357.386046
0.0,50,1357.668666
-2.0,50,1357.951777
-3.0,50,1358.23318
-2.0,50,1358.520485
-2.0,50,1358.807435
-2.0,50,1359.097797
-1.0,50,1359.379325
-2.0,50,1359.661784
-2.0,50,1359.970992
-3.0,50,1360.280432
-2.0,50,1360.563801
-2.0,50,1360.847588
-3.0,50,1361.129842
-3.0,50,1361.41784
-2.0,50,1361.704449
-3.0,50,1361.992651
-3.0,50,1362.281435
-2.0,50,1362.565358
-3.0,50,1362.853194
-2.0,50,1363.137092
-3.0,50,1363.425015
0.0,50,1363.708007
-2.0,50,1363.994531
-2.0,50,1364.274384
-1.0,50,1364.555004
-2.0,50,1364.837899
-2.0,50,1365.117626
-2.0,50,1365.396929
0.0,50,1365.67726
0.0,50,1365.957631
-1.0,50,1366.236644
-2.0,50,1366.517828
-2.0,50,1366.797903
0.0,50,1367.078636
-1.0,50,1367.363548
-2.0,50,1367.642578
-2.0,50,1367.922751
0.0,50,1368.23981
-2.0,50,1368.525272
-3.0,50,1368.80615
-2.0,50,1369.093804
-2.0,50,1369.380624
-1.0,50,1369.660776
-3.0,50,1369.940645
-3.0,50,1370.226553
-1.0,50,1370.50861
-2.0,50,1370.791684
-2.0,50,1371.073911
-1.0,50,1371.356696
-3.0,50,1371.639759
-1.0,50,1371.921643
-1.0,50,1372.203679
-2.0,50,1372.486969
-2.0,50,1372.769065
-3.0,50,1373.058754
-3.0,50,1373.346965
-1.0,50,1373.634627
-3.0,50,1373.916724
-3.0,50,1374.204454
-1.0,50,1374.486216
-2.0,50,1374.769809
-3.0,50,1375.057547
-2.0,50,1375.339808
0.0,50,1375.621722
-1.0,50,1375.903688
-1.0,50,1376.242891
-2.0,50,1376.530977
-1.0,50,1376.813192
-2.0,50,1377.09991
-2.0,50,1377.38806
-1.0,50,1377.670709
-2.0,50,1377.953891
-2.0,50,1378.241114
-2.0,50,1378.522825
0.0,50,1378.804373
-1.0,50,1379.087383
-3.0,50,1379.378246
-2.0,50,1379.660838
-3.0,50,1379.94937
-2.0,50,1380.231335
0.0,50,1380.512731
0.0,50,1380.795606
-3.0,50,1381.078198
-2.0,50,1381.359211
-2.0,50,1381.640096
-2.0,50,1381.930001
-2.0,50,1382.211492
0.0,50,1382.492094
-1.0,50,1382.77519
0.0,50,1383.057707
-2.0,50,1383.338817
-3.0,50,1383.621071
-1.0,50,1383.933161
0.0,50,1384.449578
0.0,50,1384.746574
-2.0,50,1385.050084
-2.0,50,1385.34823
-1.0,50,1385.646099
-2.0,50,1385.950434
-2.0,50,1386.246684
-3.0,50,1386.542915
-2.0,50,1386.845749
0.0,50,1387.141852
-2.0,50,1387.439093
-3.0,50,1387.741421
-2.0,50,1388.044048
-1.0,50,1388.341022
0.0,50,1388.63691
-3.0,50,1388.940057
-1.0,50,1389.293852
-2.0,50,1389.595539
-3.0,50,1389.89296
-1.0,50,1390.188914
-3.0,50,1390.492527
-1.0,50,1390.78997
-1.0,50,1391.084658
-2.0,50,1391.38186
-2.0,50,1391.681857
-3.0,50,1391.977661
-3.0,50,1392.276437
-2.0,50,1392.573172
-2.0,50,1392.876609
-1.0,50,1393.178608
-3.0,50,1393.473259
-3.0,50,1393.774807
-2.0,50,1394.071322
0.0,50,1394.36757
-2.0,50,1394.670004
-3.0,50,1394.985078
-2.0,50,1395.305368
-5.0,50,1395.602659
0.0,50,1395.897424
-2.0,50,1396.191007
-2.0,50,1396.487549
0.0,50,1396.781901
-2.0,50,1397.081261
-2.0,50,1397.377053
-2.0,50,1397.67132
-1.0,50,1397.966401
-2.0,50,1398.266473
-2.0,50,1398.559448
-2.0,50,1398.853922
-1.0,50,1399.145415
-2.0,50,1399.437121
0.0,50,1399.72911
-2.0,50,1400.022282
-2.0,50,1400.32299
-2.0,50,1400.617745
-1.0,50,1400.915145
-1.0,50,1401.265281
-2.0,50,1401.560218
-3.0,50,1401.856668
-2.0,50,1402.152579
-2.0,50,1402.447877
-3.0,50,1402.743466
-1.0,50,1403.037399
-3.0,50,1403.33412
-2.0,50,1403.637115
-2.0,50,1403.933607
-3.0,50,1404.235461
-2.0,50,1404.531205
-3.0,50,1404.826213
-1.0,50,1405.121027
-1.0,50,1405.4164
-3.0,50,1405.710862
-1.0,50,1406.006576
-3.0,50,1406.307819
-1.0,50,1406.603468
-2.0,50,1406.905681
0.0,50,1407.23222
0.0,50,1407.526649
-2.0,50,1407.826957
-2.0,50,1408.120563
-1.0,50,1408.416335
-2.0,50,1408.712011
-1.0,50,1409.013069
-3.0,50,1409.313202
-2.0,50,1409.61212
0.0,50,1409.906924
-2.0,50,1410.203579
-2.0,50,1410.50514
-2.0,50,1410.808027
-2.0,50,1411.102071
-1.0,50,1411.397899
-3.0,50,1411.699299
0.0,50,1411.994583
-2.0,50,1412.294643
-2.0,50,1412.594736
-2.0,50,1412.88802
-3.0,50,1413.212612
0.0,50,1413.508178
-2.0,50,1413.81205
-1.0,50,1414.108962
-1.0,50,1414.405386
-3.0,50,1414.701422
-2.0,50,1415.000054
0.0,50,1415.294715
-2.0,50,1415.59086
-3.0,50,1415.890081
0.0,50,1416.185911
-2.0,50,1416.481387
-3.0,50,1416.783916
-2.0,50,1417.080506
-3.0,50,1417.37594
-1.0,50,1417.67198
-1.0,50,1417.966981
-1.0,50,1418.262742
-1.0,50,1418.557289
-2.0,50,1418.856101
-2.0,50,1419.154485
-2.0,50,1419.456107
-2.0,50,1419.754363
-1.0,50,1420.0573
0.0,50,1420.353271
-1.0,50,1420.648679
-2.0,50,1420.944508
-1.0,50,1421.240263
-1.0,50,1421.533987
-2.0,50,1421.831381
-3.0,50,1422.12734
-2.0,50,1422.424535
-2.0,50,1422.723445
-2.0,50,1423.018769
-2.0,50,1423.315757
-1.0,50,1423.612245
-2.0,50,1423.910505
-2.0,50,1424.212327
-2.0,50,1424.515684
-2.0,50,1424.819383
-1.0,50,1425.116866
-1.0,50,1425.411516
-2.0,50,1425.707135
-2.0,50,1426.036226
-2.0,50,1426.346189
-1.0,50,1426.642976
-1.0,50,1426.939124
-2.0,50,1427.234015
-2.0,50,1427.528227
-1.0,50,1427.82423
-3.0,50,1428.119027
-3.0,50,1428.416147
-2.0,50,1428.712103
-2.0,50,1429.009851
-1.0,50,1429.305973
-2.0,50,1429.603059
-2.0,50,1429.899437
-1.0,50,1430.19348
-1.0,50,1430.490822
-1.0,50,1430.79098
-3.0,50,1431.086915
-1.0,50,1431.382454
-2.0,50,1431.678349
-2.0,50,1431.978417
-2.0,50,1432.305146
-2.0,50,1432.602362
-2.0,50,1432.898412
-1.0,50,1433.198466
-2.0,50,1433.500619
-1.0,50,1433.798996
-1.0,50,1434.095088
-1.0,50,1434.391729
-3.0,50,1434.694648
-2.0,50,1434.992131
-2.0,50,1435.294207
-1.0,50,1435.589129
-2.0,50,1435.885087
-2.0,50,1436.188918
-1.0,50,1436.485342
-2.0,50,1436.787952
-1.0,50,1437.094049
-3.0,50,1437.390056
-3.0,50,1437.695805
-2.0,50,1438.038914
-2.0,50,1438.348633
-2.0,50,1438.649919
-3.0,50,1438.949379
-3.0,50,1439.244171
-3.0,50,1439.543819
-2.0,50,1439.838355
-2.0,50,1440.131689
0.0,50,1440.425696
-1.0,50,1440.727888
-3.0,50,1441.027762
0.0,50,1441.321702
-3.0,50,1441.621515
-2.0,50,1441.916395
0.0,50,1442.211161
-2.0,50,1442.503792
-2.0,50,1442.797894
-2.0,50,1443.094968
-3.0,50,1443.388494
-2.0,50,1443.682521
0.0,50,1443.992305
-2.0,50,1444.304261
0.0,50,1444.601198
-2.0,50,1444.897066
-1.0,50,1445.191577
-1.0,50,1445.49236
-2.0,50,1445.789486
-2.0,50,1446.083465
-2.0,50,1446.377686
-2.0,50,1446.674815
-2.0,50,1446.977678
-2.0,50,1447.273949
-4.0,50,1447.567839
-2.0,50,1447.86401
-3.0,50,1448.16504
-2.0,50,1448.466235
-4.0,50,1448.763629
-2.0,50,1449.06227
-1.0,50,1449.357684
-2.0,50,1449.653139
-1.0,50,1449.951267
-2.0,50,1450.28134
-2.0,50,1450.576936
-1.0,50,1450.875191
-3.0,50,1451.172414
-2.0,50,1451.467516
-2.0,50,1451.768129
0.0,50,1452.064693
0.0,50,1452.360002
-1.0,50,1452.656446
-1.0,50,1452.956617
-1.0,50,1453.252057
-2.0,50,1453.553105
-3.0,50,1453.850333
-2.0,50,1454.147701
-1.0,50,1454.444043
-2.0,50,1454.740553
-2.0,50,1455.037358
-3.0,50,1455.332546
-2.0,50,1455.633092
-1.0,50,1455.931455
-2.0,50,1456.281709
0.0,50,1456.575728
-2.0,50,1456.872478
-1.0,50,1457.16648
-3.0,50,1457.463034
-2.0,50,1457.765854
-3.0,50,1458.064024
0.0,50,1458.357812
-2.0,50,1458.653316
-2.0,50,1458.949017
-2.0,50,1459.244466
-3.0,50,1459.544554
-3.0,50,1459.839687
-1.0,50,1460.138589
-3.0,50,1460.439905
-2.0,50,1460.735545
-3.0,50,1461.032166
-3.0,50,1461.326694
-2.0,50,1461.626658
-3.0,50,1461.929003
-1.0,50,1462.256806
-3.0,50,1462.557819
-1.0,50,1462.854244
0.0,50,1463.149267
-1.0,50,1463.443113
-1.0,50,1463.739475
-3.0,50,1464.033027
-2.0,50,1464.327297
0.0,50,1464.62179
-1.0,50,1464.915582
-1.0,50,1465.209527
-3.0,50,1465.502651
-1.0,50,1465.798692
-2.0,50,1466.099487
-3.0,50,1466.39402
-1.0,50,1466.688804
0.0,50,1466.982965
-2.0,50,1467.283177
-2.0,50,1467.575066
0.0,50,1467.868672
-3.0,50,1468.209417
-2.0,50,1468.503081
-2.0,50,1468.799594
-3.0,50,1469.094047
-3.0,50,1469.392678
-3.0,50,1469.696137
-1.0,50,1469.992369
-1.0,50,1470.288283
-2.0,50,1470.587001
-3.0,50,1470.88323
-3.0,50,1471.17779
-1.0,50,1471.473471
-1.0,50,1471.769906
-1.0,50,1472.066236
0.0,50,1472.360612
-2.0,50,1472.659359
-2.0,50,1472.957255
-1.0,50,1473.259648
-2.0,50,1473.554742
-3.0,50,1473.851843
-3.0,50,1474.147558
-2.0,50,1474.443224
-1.0,50,1474.738882
-1.0,50,1475.078301
-2.0,50,1475.395898
0.0,50,1475.690439
-3.0,50,1475.987058
-2.0,50,1476.283249
-2.0,50,1476.580853
-1.0,50,1476.880408
-3.0,50,1477.180102
-2.0,50,1477.48209
-1.0,50,1477.783298
0.0,50,1478.079129
0.0,50,1478.374301
0.0,50,1478.669798
-3.0,50,1478.964299
0.0,50,1479.261322
-2.0,50,1479.558514
0.0,50,1479.855081
0.0,50,1480.167859
-2.0,50,1480.465551
-1.0,50,1480.762585
-2.0,50,1481.05862
0.0,50,1481.366645
-3.0,50,1481.662093
-3.0,50,1481.964488
-2.0,50,1482.259122
-2.0,50,1482.553481
-1.0,50,1482.854221
-3.0,50,1483.148571
-1.0,50,1483.44841
-3.0,50,1483.748624
-3.0,50,1484.043276
-1.0,50,1484.33635
-2.0,50,1484.632245
-2.0,50,1484.927514
-1.0,50,1485.222898
-3.0,50,1485.517472
-2.0,50,1485.812875
0.0,50,1486.107402
-1.0,50,1486.404999
-2.0,50,1486.701638
-3.0,50,1487.006927
-1.0,50,1487.323032
-1.0,50,1487.618799
-2.0,50,1487.92032
-3.0,50,1488.218672
-1.0,50,1488.511756
-3.0,50,1488.813166
-2.0,50,1489.110392
-2.0,50,1489.404173
-1.0,50,1489.69925
-2.0,50,1490.001615
0.0,50,1490.295643
-1.0,50,1490.590471
-2.0,50,1490.887994
-3.0,50,1491.188942
-3.0,50,1491.490938
-2.0,50,1491.79117
0.0,50,1492.085295
-1.0,50,1492.379149
-2.0,50,1492.674223
-3.0,50,1493.007624
-1.0,50,1493.332266
-3.0,50,1493.634036
-1.0,50,1493.938372
-2.0,50,1494.241138
-2.0,50,1494.539218
-3.0,50,1494.842729
-2.0,50,1495.146218
-1.0,50,1495.443352
-2.0,50,1495.744067
-3.0,50,1496.041295
-1.0,50,1496.337137
-3.0,50,1496.633094
-3.0,50,1496.928312
-3.0,50,1497.228448
-1.0,50,1497.5239
-1.0,50,1497.826131
0.0,50,1498.123185
-2.0,50,1498.420464
-2.0,50,1498.716488
-2.0,50,1499.060283
-3.0,50,1499.373117
0.0,50,1499.669238
-2.0,50,1499.967523
-1.0,50,1500.263166
-2.0,50,1500.559275
-2.0,50,1500.860325
-1.0,50,1501.156224
-2.0,50,1501.45749
0.0,50,1501.753861
-2.0,50,1502.048841
-2.0,50,1502.34264
-2.0,50,1502.644309
-2.0,50,1502.946056
-2.0,50,1503.242367
-1.0,50,1503.536489
-2.0,50,1503.831902
-2.0,50,1504.128443
-1.0,50,1504.429568
-2.0,50,1504.726501
-2.0,50,1505.04008
0.0,50,1505.349848
-1.0,50,1505.646242
0.0,50,1505.943585
-1.0,50,1506.241314
-2.0,50,1506.537752
-2.0,50,1506.839357
-2.0,50,1507.138046
0.0,50,1507.435048
-1.0,50,1507.731234
-2.0,50,1508.035154
-2.0,50,1508.329808
-1.0,50,1508.626801
-3.0,50,1508.928934
-2.0,50,1509.225601
-1.0,50,1509.520418
-3.0,50,1509.816926
-1.0,50,1510.113624
-1.0,50,1510.417212
-1.0,50,1510.711491
-3.0,50,1511.025659
-1.0,50,1511.336577
-2.0,50,1511.633563
-3.0,50,1511.93133
-1.0,50,1512.22806
-2.0,50,1512.527335
-4.0,50,1512.824851
-2.0,50,1513.121186
-2.0,50,1513.424055
-2.0,50,1513.721696
-2.0,50,1514.019872
-3.0,50,1514.319209
-2.0,50,1514.615014
-3.0,50,1514.912273
-1.0,50,1515.208347
-3.0,50,1515.509398
-3.0,50,1515.812389
-2.0,50,1516.113569
-1.0,50,1516.41026
-10.0,50,1516.707709
-1.0,50,1517.021536
-1.0,50,1517.330216
-2.0,50,1517.628257
-2.0,50,1517.924163
-3.0,50,1518.217288
-3.0,50,1518.510938
-3.0,50,1518.81098
-3.0,50,1519.10285
-2.0,50,1519.404779
-2.0,50,1519.700035
0.0,50,1519.99445
-1.0,50,1520.290091
-1.0,50,1520.584894
-2.0,50,1520.883519
-1.0,50,1521.177216
-2.0,50,1521.472052
-1.0,50,1521.76771
-2.0,50,1522.068668
-3.0,50,1522.362079
-2.0,50,1522.657101
-1.0,50,1522.967213
-2.0,50,1523.317185
-2.0,50,1523.61253
-2.0,50,1523.908155
-1.0,50,1524.203414
-2.0,50,1524.498498
-2.0,50,1524.79274
-2.0,50,1525.088223
-1.0,50,1525.383151
-2.0,50,1525.684591
0.0,50,1525.979676
-1.0,50,1526.280403
-2.0,50,1526.576115
-2.0,50,1526.871804
-2.0,50,1527.169839
-2.0,50,1527.465423
-1.0,50,1527.76016
-2.0,50,1528.058589
-3.0,50,1528.359784
-3.0,50,1528.655377
-1.0,50,1528.962929
-1.0,50,1529.301207
0.0,50,1529.597151
-2.0,50,1529.892186
-1.0,50,1530.189569
-1.0,50,1530.486801
-2.0,50,1530.782012
-1.0,50,1531.079728
-3.0,50,1531.376178
-3.0,50,1531.678993
-3.0,50,1531.973737
0.0,50,1532.269342
-2.0,50,1532.565007
-3.0,50,1532.861305
0.0,50,1533.156559
-2.0,50,1533.452335
-2.0,50,1533.747128
-1.0,50,1534.248134
-2.0,50,1534.545554
-2.0,50,1534.841395
0.0,50,1535.137695
-2.0,50,1535.436421
0.0,50,1535.736377
-3.0,50,1536.040661
-3.0,50,1536.335506
-2.0,50,1536.639104
-2.0,50,1536.937654
-2.0,50,1537.233952
-3.0,50,1537.530435
-1.0,50,1537.826928
-2.0,50,1538.123848
-2.0,50,1538.419489
-1.0,50,1538.716362
-1.0,50,1539.011743
-3.0,50,1539.307483
-2.0,50,1539.608929
0.0,50,1539.915673
-2.0,50,1540.264163
-5.0,50,1540.56408
-2.0,50,1540.860308
-1.0,50,1541.156954
-2.0,50,1541.458555
-3.0,50,1541.752615
-2.0,50,1542.050277
-3.0,50,1542.344337
-2.0,50,1542.646931
-3.0,50,1542.949063
-3.0,50,1543.247037
-1.0,50,1543.542216
-1.0,50,1543.839592
-1.0,50,1544.13605
-2.0,50,1544.430104
-3.0,50,1544.725047
0.0,50,1545.023383
-3.0,50,1545.317973
-2.0,50,1545.621013
-1.0,50,1545.918637
-1.0,50,1546.248443
-1.0,50,1546.54714
-2.0,50,1546.843703
-1.0,50,1547.13878
-1.0,50,1547.434315
-1.0,50,1547.730338
-2.0,50,1548.032221
-2.0,50,1548.326961
-3.0,50,1548.628544
-2.0,50,1548.931713
-1.0,50,1549.227047
-1.0,50,1549.520978
-2.0,50,1549.816573
0.0,50,1550.112393
-1.0,50,1550.407145
-1.0,50,1550.70285
-3.0,50,1551.0052
-3.0,50,1551.301046
-2.0,50,1551.596807
-2.0,50,1551.899353
-2.0,50,1552.228537
-1.0,50,1552.523478
-1.0,50,1552.825008
-1.0,50,1553.126968
-3.0,50,1553.422079
-1.0,50,1553.717432
-2.0,50,1554.011709
-2.0,50,1554.311018
-2.0,50,1554.611327
-1.0,50,1554.906689
0.0,50,1555.200012
0.0,50,1555.493924
-2.0,50,1555.786902
-2.0,50,1556.08107
0.0,50,1556.373733
-1.0,50,1556.668084
0.0,50,1556.962577
-2.0,50,1557.260475
-1.0,50,1557.554299
-1.0,50,1557.848506
-2.0,50,1558.149343
0.0,50,1558.443139
-2.0,50,1558.743486
-2.0,50,1559.03833
-1.0,50,1559.333681
-2.0,50,1559.634024
-1.0,50,1559.930115
-2.0,50,1560.225517
-3.0,50,1560.541108
-2.0,50,1560.837071
-1.0,50,1561.131688
-1.0,50,1561.425211
-1.0,50,1561.719076
-2.0,50,1562.017557
-2.0,50,1562.311692
-3.0,50,1562.612399
-1.0,50,1562.906572
-3.0,50,1563.200449
-3.0,50,1563.492869
-3.0,50,1563.793133
-2.0,50,1564.094697
-3.0,50,1564.387771
-3.0,50,1564.688675
-2.0,50,1565.015572
-1.0,50,1565.327408
-3.0,50,1565.625094
-3.0,50,1565.918748
-2.0,50,1566.212199
-3.0,50,1566.509826
-3.0,50,1566.805967
-3.0,50,1567.101318
-1.0,50,1567.396002
-3.0,50,1567.692531
-2.0,50,1567.986364
-2.0,50,1568.287489
-3.0,50,1568.587998
-3.0,50,1568.890782
-3.0,50,1569.187491
-1.0,50,1569.480315
-1.0,50,1569.772508
-1.0,50,1570.067351
-3.0,50,1570.36119
-2.0,50,1570.654563
-2.0,50,1570.953073
-3.0,50,1571.282897
0.0,50,1571.57821
-2.0,50,1571.880786
-2.0,50,1572.176708
-3.0,50,1572.476123
-1.0,50,1572.772307
-1.0,50,1573.068054
-3.0,50,1573.362187
-3.0,50,1573.658331
-2.0,50,1573.958934
-1.0,50,1574.255113
-1.0,50,1574.55131
-3.0,50,1574.849757
-2.0,50,1575.148791
-1.0,50,1575.444438
-2.0,50,1575.739833
-1.0,50,1576.035842
-3.0,50,1576.331241
-3.0,50,1576.632733
-2.0,50,1576.92916
-1.0,50,1577.272965
-2.0,50,1577.56969
-2.0,50,1577.866336
-3.0,50,1578.164174
-2.0,50,1578.461775
-3.0,50,1578.757051
-2.0,50,1579.053765
-3.0,50,1579.355019
-1.0,50,1579.650721
-1.0,50,1579.947117
-2.0,50,1580.242128
-2.0,50,1580.537966
0.0,50,1580.837359
-2.0,50,1581.133647
-3.0,50,1581.430498
0.0,50,1581.726428
-2.0,50,1582.028692
-2.0,50,1582.326668
-3.0,50,1582.621607
-2.0,50,1582.924623
-2.0,50,1583.249749
-2.0,50,1583.543864
0.0,50,1583.838179
-1.0,50,1584.142064
-2.0,50,1584.443349
0.0,50,1584.736831
-1.0,50,1585.031863
0.0,50,1585.326441
0.0,50,1585.620424
-2.0,50,1585.914185
-2.0,50,1586.211309
-2.0,50,1586.512404
-1.0,50,1586.806538
0.0,50,1587.099915
-2.0,50,1587.393936
-2.0,50,1587.687186
-2.0,50,1587.98406
-2.0,50,1588.27722
-2.0,50,1588.570245
0.0,50,1588.86422
-2.0,50,1589.180942
-2.0,50,1589.477495
-3.0,50,1589.779542
-1.0,50,1590.075815
-2.0,50,1590.385696
-1.0,50,1590.681563
-2.0,50,1590.979317
-2.0,50,1591.274164
-3.0,50,1591.570557
-2.0,50,1591.866011
-2.0,50,1592.166317
-3.0,50,1592.467675
-3.0,50,1592.764127
0.0,50,1593.058003
-2.0,50,1593.353219
-2.0,50,1593.651838
-2.0,50,1593.946957
-2.0,50,1594.242534
-1.0,50,1594.538603
-2.0,50,1594.836594
-2.0,50,1595.168964
-2.0,50,1595.466376
-1.0,50,1595.761333
-2.0,50,1596.056146
-2.0,50,1596.359883
-1.0,50,1596.653917
-2.0,50,1596.948913
-3.0,50,1597.249457
0.0,50,1597.545068
-2.0,50,1597.839361
-2.0,50,1598.136437
-3.0,50,1598.43705
-2.0,50,1598.730625
0.0,50,1599.023597
-2.0,50,1599.320587
-3.0,50,1599.621905
-3.0,50,1599.923636
-2.0,50,1600.216938
-3.0,50,1600.510387
-3.0,50,1600.805894
-1.0,50,1601.100889
-1.0,50,1601.395071
-1.0,50,1601.689944
-2.0,50,1602.041578
-1.0,50,1602.362995
0.0,50,1602.658225
-1.0,50,1602.952722
-1.0,50,1603.249465
-2.0,50,1603.54641
-2.0,50,1603.848605
-3.0,50,1604.143906
0.0,50,1604.438661
-3.0,50,1604.738754
0.0,50,1605.034962
-2.0,50,1605.335763
0.0,50,1605.63216
-2.0,50,1605.932352
-2.0,50,1606.235371
0.0,50,1606.530752
-1.0,50,1606.826085
-2.0,50,1607.14433
-2.0,50,1607.443183
-2.0,50,1607.742876
-1.0,50,1608.045616
-2.0,50,1608.356547
-1.0,50,1608.653004
-3.0,50,1608.949813
-2.0,50,1609.25129
-3.0,50,1609.549624
-3.0,50,1609.85253
-1.0,50,1610.149871
-1.0,50,1610.449026
-1.0,50,1610.746232
0.0,50,1611.042888
-1.0,50,1611.336441
-2.0,50,1611.635071
-2.0,50,1611.932553
-1.0,50,1612.233809
-1.0,50,1612.529136
-1.0,50,1612.824091
-3.0,50,1613.12776
0.0,50,1613.423455
-3.0,50,1613.717985
-2.0,50,1614.017613
-1.0,50,1614.334174
-2.0,50,1614.637327
-1.0,50,1614.934015
-3.0,50,1615.237162
-3.0,50,1615.534088
-1.0,50,1615.831811
-3.0,50,1616.130923
-2.0,50,1616.426823
-2.0,50,1616.723383
0.0,50,1617.021969
-2.0,50,1617.317136
0.0,50,1617.613045
-3.0,50,1617.913151
-2.0,50,1618.210731
-2.0,50,1618.511572
-1.0,50,1618.809417
-2.0,50,1619.110973
-2.0,50,1619.406032
-2.0,50,1619.707637
-2.0,50,1620.036781
-1.0,50,1620.350135
-2.0,50,1620.646931
-2.0,50,1620.942211
-2.0,50,1621.23781
-3.0,50,1621.535829
-2.0,50,1621.831684
-3.0,50,1622.13242
-3.0,50,1622.426878
-1.0,50,1622.723063
-1.0,50,1623.021799
-1.0,50,1623.317547
-2.0,50,1623.614127
-2.0,50,1623.915594
-2.0,50,1624.211959
0.0,50,1624.505814
-1.0,50,1624.801261
-2.0,50,1625.098483
-1.0,50,1625.393137
-2.0,50,1625.689244
-3.0,50,1626.002148
-2.0,50,1626.313382
-2.0,50,1626.61205
-2.0,50,1626.908573
-2.0,50,1627.2058
0.0,50,1627.501783
-3.0,50,1627.805522
-1.0,50,1628.10132
-2.0,50,1628.398761
-2.0,50,1628.695031
-2.0,50,1628.997889
-2.0,50,1629.294725
-2.0,50,1629.591149
-2.0,50,1629.886778
-1.0,50,1630.186275
-3.0,50,1630.482512
-2.0,50,1630.779485
-1.0,50,1631.075915
-2.0,50,1631.378929
-2.0,50,1631.674938
-2.0,50,1631.987098
-2.0,50,1632.318253
0.0,50,1632.6163
-2.0,50,1632.913876
-1.0,50,1633.209655
-1.0,50,1633.506083
-2.0,50,1633.801403
-2.0,50,1634.101577
-1.0,50,1634.396334
-2.0,50,1634.693388
-2.0,50,1634.988081
-2.0,50,1635.285194
-3.0,50,1635.580257
-3.0,50,1635.885587
0.0,50,1636.18209
-2.0,50,1636.479295
-3.0,50,1636.782313
0.0,50,1637.078154
-1.0,50,1637.375055
-3.0,50,1637.673711
-2.0,50,1637.987507
-3.0,50,1638.313982
-2.0,50,1638.615127
-1.0,50,1638.910482
-3.0,50,1639.211657
-3.0,50,1639.514254
-2.0,50,1639.815227
-2.0,50,1640.112099
-2.0,50,1640.408527
-3.0,50,1640.71092
-2.0,50,1641.006984
-2.0,50,1641.303068
-2.0,50,1641.600322
-1.0,50,1641.896179
-2.0,50,1642.199867
-2.0,50,1642.497729
-2.0,50,1642.795209
-3.0,50,1643.094129
-3.0,50,1643.390002
-1.0,50,1643.687587
-1.0,50,1644.00117
0.0,50,1644.315001
-1.0,50,1644.610847
-2.0,50,1644.906337
-2.0,50,1645.201874
-2.0,50,1645.499106
-1.0,50,1645.794512
-1.0,50,1646.089962
-2.0,50,1646.386337
-1.0,50,1646.683587
-2.0,50,1646.98017
-2.0,50,1647.279655
-2.0,50,1647.580996
-1.0,50,1647.877006
-2.0,50,1648.17491
-1.0,50,1648.471343
-2.0,50,1648.766857
-2.0,50,1649.069245
-2.0,50,1649.370292
-2.0,50,1649.672821
-3.0,50,1649.984045
-1.0,50,1650.294498
-2.0,50,1650.589852
0.0,50,1650.885514
-1.0,50,1651.181321
-3.0,50,1651.475553
-1.0,50,1651.768968
-2.0,50,1652.070173
-3.0,50,1652.366888
-1.0,50,1652.66095
-2.0,50,1652.95578
-1.0,50,1653.256313
-1.0,50,1653.550577
-2.0,50,1653.848132
-2.0,50,1654.142792
-2.0,50,1654.438123
-2.0,50,1654.73416
-1.0,50,1655.029517
-3.0,50,1655.326778
-3.0,50,1655.620197
-2.0,50,1655.915726
-2.0,50,1656.26681
-1.0,50,1656.561787
-3.0,50,1656.859987
-2.0,50,1657.152528
-3.0,50,1657.448278
-2.0,50,1657.747205
0.0,50,1658.041841
-2.0,50,1658.342795
-2.0,50,1658.642302
-2.0,50,1658.936037
-1.0,50,1659.230296
-2.0,50,1659.526746
-2.0,50,1659.826607
-1.0,50,1660.122726
-2.0,50,1660.417062
-1.0,50,1660.711464
-1.0,50,1661.006795
-3.0,50,1661.301044
-2.0,50,1661.594623
-2.0,50,1661.888505
0.0,50,1662.237674
-3.0,50,1662.53578
-3.0,50,1662.834716
-2.0,50,1663.134917
-2.0,50,1663.430486
-3.0,50,1663.723419
-2.0,50,1664.018787
-2.0,50,1664.319681
-2.0,50,1664.614838
-1.0,50,1664.909177
-1.0,50,1665.203692
-2.0,50,1665.498493
0.0,50,1665.792459
-3.0,50,1666.086711
-2.0,50,1666.384501
-3.0,50,1666.679552
-2.0,50,1666.97988
0.0,50,1667.273857
-2.0,50,1667.567095
-1.0,50,1667.867243
-3.0,50,1668.202943
-2.0,50,1668.506457
-3.0,50,1668.802788
-2.0,50,1669.101821
-2.0,50,1669.403861
-2.0,50,1669.706229
-3.0,50,1670.001523
-2.0,50,1670.304608
-2.0,50,1670.601401
-2.0,50,1670.903688
-1.0,50,1671.200238
-2.0,50,1671.496279
-3.0,50,1671.798071
-2.0,50,1672.093437
-2.0,50,1672.389165
0.0,50,1672.684383
-2.0,50,1672.981059
-2.0,50,1673.27729
-3.0,50,1673.580796
-1.0,50,1673.876195
-2.0,50,1674.210928
-2.0,50,1674.507143
-1.0,50,1674.803064
-2.0,50,1675.098436
-1.0,50,1675.395716
-2.0,50,1675.690518
-2.0,50,1675.987403
-1.0,50,1676.283562
-2.0,50,1676.581002
-2.0,50,1676.881169
-3.0,50,1677.180503
-1.0,50,1677.479563
-2.0,50,1677.781379
-2.0,50,1678.085268
0.0,50,1678.37985
-1.0,50,1678.675201
-2.0,50,1678.97321
-2.0,50,1679.26781
-2.0,50,1679.570396
-2.0,50,1679.872833
-2.0,50,1680.187919
-1.0,50,1680.486967
-1.0,50,1680.783012
0.0,50,1681.078853
-2.0,50,1681.394806
-2.0,50,1681.694921
-2.0,50,1681.987995
-1.0,50,1682.284238
-2.0,50,1682.579054
-2.0,50,1682.875811
-2.0,50,1683.175062
0.0,50,1683.467962
0.0,50,1683.945062
-3.0,50,1684.239283
-2.0,50,1684.537826
-2.0,50,1684.837917
-1.0,50,1685.13594
-3.0,50,1685.436645
0.0,50,1685.731299
-3.0,50,1686.027523
-3.0,50,1686.325766
-3.0,50,1686.620513
-1.0,50,1686.919047
-1.0,50,1687.214805
-3.0,50,1687.524981
-3.0,50,1687.820516
-2.0,50,1688.122477
-3.0,50,1688.416112
-3.0,50,1688.717202
-2.0,50,1689.019069
-3.0,50,1689.321335
0.0,50,1689.615441
-2.0,50,1689.912201
-2.0,50,1690.215754
-2.0,50,1690.51267
-2.0,50,1690.808204
-2.0,50,1691.105935
0.0,50,1691.401375
-1.0,50,1691.697052
-2.0,50,1692.014468
-1.0,50,1692.342306
-3.0,50,1692.637264
-3.0,50,1692.937014
-2.0,50,1693.234275
-2.0,50,1693.532158
-1.0,50,1693.826955
-2.0,50,1694.122077
0.0,50,1694.415506
-2.0,50,1694.716284
-3.0,50,1695.010565
0.0,50,1695.305066
0.0,50,1695.599174
-1.0,50,1695.893734
-3.0,50,1696.194019
-3.0,50,1696.490614
0.0,50,1696.784485
-2.0,50,1697.080649
-3.0,50,1697.382134
-1.0,50,1697.675921
-2.0,50,1697.974328
-2.0,50,1698.301398
-1.0,50,1698.601283
-2.0,50,1698.894489
-2.0,50,1699.193512
-1.0,50,1699.488001
-3.0,50,1699.782241
-2.0,50,1700.080581
-1.0,50,1700.375485
-2.0,50,1700.674677
-2.0,50,1700.972948
-1.0,50,1701.269829
0.0,50,1701.564736
-3.0,50,1701.864936
-3.0,50,1702.159693
-2.0,50,1702.452444
-2.0,50,1702.745908
-2.0,50,1703.043472
-3.0,50,1703.344012
-1.0,50,1703.638142
-1.0,50,1703.933174
-2.0,50,1704.272065
-1.0,50,1704.568211
-2.0,50,1704.870681
-1.0,50,1705.172811
-2.0,50,1705.473143
-3.0,50,1705.768064
-2.0,50,1706.063582
-3.0,50,1706.366707
-3.0,50,1706.664846
0.0,50,1706.959498
-1.0,50,1707.255754
-3.0,50,1707.558324
-2.0,50,1707.854967
-1.0,50,1708.150896
-2.0,50,1708.447238
-2.0,50,1708.743798
-2.0,50,1709.039136
-3.0,50,1709.336933
-1.0,50,1709.632437
-2.0,50,1709.92995
-2.0,50,1710.269366
-1.0,50,1710.565586
-3.0,50,1710.86212
-1.0,50,1711.155956
-1.0,50,1711.451838
-3.0,50,1711.747224
-3.0,50,1712.040904
-2.0,50,1712.336029
0.0,50,1712.630959
-2.0,50,1712.931879
0.0,50,1713.225499
-1.0,50,1713.519591
-1.0,50,1713.82248
-2.0,50,1714.119145
-2.0,50,1714.41491
-2.0,50,1714.71503
-1.0,50,1715.012625
0.0,50,1715.308033
-1.0,50,1715.604641
-2.0,50,1715.899403
-3.0,50,1716.235603
-1.0,50,1716.530456
-1.0,50,1716.824054
-1.0,50,1717.118697
-2.0,50,1717.422012
-3.0,50,1717.715297
-1.0,50,1718.011187
-3.0,50,1718.308996
-2.0,50,1718.609992
-2.0,50,1718.908155
-2.0,50,1719.203051
-3.0,50,1719.501269
-2.0,50,1719.796481
-2.0,50,1720.090302
0.0,50,1720.386051
-1.0,50,1720.67982
-3.0,50,1720.977956
-2.0,50,1721.273492
-3.0,50,1721.571109
0.0,50,1721.864739
-2.0,50,1722.181659
0.0,50,1722.479253
-2.0,50,1722.775284
-3.0,50,1723.070421
-2.0,50,1723.387197
-1.0,50,1723.683848
0.0,50,1723.980072
-1.0,50,1724.276342
-2.0,50,1724.573011
-2.0,50,1724.868678
-2.0,50,1725.164135
-3.0,50,1725.464278
-3.0,50,1725.760428
-1.0,50,1726.063695
-1.0,50,1726.366119
-3.0,50,1726.666103
-1.0,50,1726.963121
0.0,50,1727.257774
-1.0,50,1727.551831
-1.0,50,1727.846925
-2.0,50,1728.143042
-2.0,50,1728.43859
-3.0,50,1728.733858
-1.0,50,1729.047395
-2.0,50,1729.358836
-1.0,50,1729.654723
-3.0,50,1729.949471
0.0,50,1730.245824
0.0,50,1730.541815
-2.0,50,1730.838423
-3.0,50,1731.133709
-2.0,50,1731.436817
-2.0,50,1731.732216
-2.0,50,1732.029765
-2.0,50,1732.325265
-2.0,50,1732.627991
-3.0,50,1732.924403
-3.0,50,1733.220527
-1.0,50,1733.516576
-2.0,50,1733.811764
-2.0,50,1734.109804
-1.0,50,1734.411882
-1.0,50,1734.706828
0.0,50,1735.018756
-2.0,50,1735.329902
-3.0,50,1735.630941
-3.0,50,1735.926251
0.0,50,1736.223443
-3.0,50,1736.521313
-2.0,50,1736.817611
-1.0,50,1737.116623
-1.0,50,1737.414331
-2.0,50,1737.709787
-3.0,50,1738.013151
-1.0,50,1738.309671
-1.0,50,1738.605701
-3.0,50,1738.901264
-2.0,50,1739.198257
-1.0,50,1739.494598
-1.0,50,1739.790147
-2.0,50,1740.086901
0.0,50,1740.383484
-3.0,50,1740.68071
-1.0,50,1740.991273
-2.0,50,1741.312238
-3.0,50,1741.607009
-1.0,50,1741.903218
-1.0,50,1742.197501
-2.0,50,1742.500126
-1.0,50,1742.794102
-2.0,50,1743.094046
-1.0,50,1743.394886
-2.0,50,1743.694989
-2.0,50,1743.995378
-3.0,50,1744.295647
-3.0,50,1744.595516
-1.0,50,1744.897927
-1.0,50,1745.192163
-2.0,50,1745.495231
0.0,50,1745.787235
-1.0,50,1746.080393
-3.0,50,1746.375775
-2.0,50,1746.675081
-2.0,50,1746.976674
-3.0,50,1747.302159
-3.0,50,1747.60107
-2.0,50,1747.904568
-1.0,50,1748.202522
-3.0,50,1748.499127
-3.0,50,1748.803426
-2.0,50,1749.09879
-1.0,50,1749.396144
-2.0,50,1749.700505
-2.0,50,1749.996823
-2.0,50,1750.299931
-1.0,50,1750.596969
-2.0,50,1750.891448
-2.0,50,1751.187163
-2.0,50,1751.485936
-2.0,50,1751.788544
-3.0,50,1752.090572
-1.0,50,1752.38731
-2.0,50,1752.683782
-1.0,50,1752.996254
-3.0,50,1753.321568
0.0,50,1753.616672
-2.0,50,1753.912348
0.0,50,1754.207824
0.0,50,1754.504431
-1.0,50,1754.799561
-3.0,50,1755.09616
-3.0,50,1755.392394
-1.0,50,1755.69018
-1.0,50,1755.98649
-2.0,50,1756.283105
-2.0,50,1756.585169
-2.0,50,1756.880604
0.0,50,1757.176527
-2.0,50,1757.478899
-2.0,50,1757.774543
-3.0,50,1758.073597
-2.0,50,1758.375697
-4.0,50,1758.671142
0.0,50,1758.969674
-1.0,50,1759.294364
-3.0,50,1759.590124
-1.0,50,1759.884626
-1.0,50,1760.179862
-1.0,50,1760.478647
-1.0,50,1760.774167
-1.0,50,1761.070113
-1.0,50,1761.366043
-1.0,50,1761.661848
-2.0,50,1761.957114
0.0,50,1762.250999
-2.0,50,1762.547178
0.0,50,1762.845102
-2.0,50,1763.138558
-2.0,50,1763.438087
-1.0,50,1763.735707
-1.0,50,1764.033501
-1.0,50,1764.327158
-3.0,50,1764.622931
-3.0,50,1764.919087
-1.0,50,1765.244947
-3.0,50,1765.547344
-1.0,50,1765.84117
-2.0,50,1766.135962
-2.0,50,1766.431294
-1.0,50,1766.726294
-3.0,50,1767.033732
0.0,50,1767.329099
0.0,50,1767.623596
0.0,50,1767.917639
-1.0,50,1768.211161
-3.0,50,1768.51073
-2.0,50,1768.806505
-1.0,50,1769.100328
-3.0,50,1769.398332
-2.0,50,1769.693494
0.0,50,1769.986821
-2.0,50,1770.282079
-2.0,50,1770.577566
-1.0,50,1770.871675
-2.0,50,1771.189892
-2.0,50,1771.487129
-2.0,50,1771.781395
-1.0,50,1772.078168
-1.0,50,1772.387984
-2.0,50,1772.683512
-2.0,50,1772.979043
-1.0,50,1773.274352
-4.0,50,1773.568741
-2.0,50,1773.863956
-2.0,50,1774.159931
-3.0,50,1774.457822
-2.0,50,1774.754175
-3.0,50,1775.056502
-2.0,50,1775.353981
-1.0,50,1775.648957
-2.0,50,1775.947428
0.0,50,1776.242537
-2.0,50,1776.538523
-1.0,50,1776.833666
-2.0,50,1777.129887
-2.0,50,1777.425919
-2.0,50,1777.721326
-1.0,50,1778.059902
-2.0,50,1778.378591
-2.0,50,1778.674435
-1.0,50,1778.968851
0.0,50,1779.262911
-2.0,50,1779.55831
-1.0,50,1779.852754
-2.0,50,1780.150324
-2.0,50,1780.446233
-2.0,50,1780.741666
-1.0,50,1781.037482
-3.0,50,1781.33919
-3.0,50,1781.633199
-2.0,50,1781.934463
-2.0,50,1782.234036
-1.0,50,1782.527199
-2.0,50,1782.824582
-2.0,50,1783.120536
0.0,50,1783.414811
-2.0,50,1783.711316
-2.0,50,1784.028984
-5.0,50,1784.339932
-1.0,50,1784.638203
-2.0,50,1784.934089
-2.0,50,1785.229549
-3.0,50,1785.526723
0.0,50,1785.822224
0.0,50,1786.116398
-3.0,50,1786.418332
-2.0,50,1786.721658
-3.0,50,1787.021025
-2.0,50,1787.316591
-1.0,50,1787.611842
-2.0,50,1787.906276
-2.0,50,1788.207814
-2.0,50,1788.500822
-3.0,50,1788.797799
-1.0,50,1789.092621
-1.0,50,1789.387065
-2.0,50,1789.687715
-2.0,50,1789.999834
-2.0,50,1790.31257
-2.0,50,1790.616591
-2.0,50,1790.912967
-2.0,50,1791.2143
0.0,50,1791.512847
-2.0,50,1791.808807
-2.0,50,1792.110943
-2.0,50,1792.414057
-2.0,50,1792.71556
0.0,50,1793.01188
0.0,50,1793.306429
-3.0,50,1793.602982
0.0,50,1793.89906
-7.0,50,1794.195018
0.0,50,1794.491658
-2.0,50,1794.78861
-2.0,50,1795.092001
-1.0,50,1795.391624
-2.0,50,1795.696124
-2.0,50,1796.009417
-3.0,50,1796.319911
-1.0,50,1796.614549
-1.0,50,1796.907891
-3.0,50,1797.210908
-2.0,50,1797.509483
-2.0,50,1797.811677
-1.0,50,1798.107289
-2.0,50,1798.410982
-2.0,50,1798.706608
-2.0,50,1799.003414
-2.0,50,1799.304512
-2.0,50,1799.600492
-2.0,50,1799.896313
-1.0,50,1800.191192
-3.0,50,1800.487463
-2.0,50,1800.787046
-2.0,50,1801.087173
-2.0,50,1801.389862
-2.0,50,1801.685302
-2.0,50,1801.985018
0.0,50,1802.30822
-2.0,50,1802.605715
-3.0,50,1802.901156
-2.0,50,1803.198871
-2.0,50,1803.496537
-2.0,50,1803.796871
-2.0,50,1804.095984
-1.0,50,1804.391131
-2.0,50,1804.687777
-1.0,50,1804.98278
-3.0,50,1805.277377
-3.0,50,1805.57624
-2.0,50,1805.871322
-3.0,50,1806.167567
-3.0,50,1806.467055
-2.0,50,1806.762676
-1.0,50,1807.058183
-1.0,50,1807.35401
-2.0,50,1807.650549
0.0,50,1807.94901
-1.0,50,1808.284266
-1.0,50,1808.57884
-3.0,50,1808.871101
-2.0,50,1809.168948
-2.0,50,1809.465323
-1.0,50,1809.759732
-1.0,50,1810.053734
-3.0,50,1810.348534
-2.0,50,1810.643921
-3.0,50,1810.938812
-1.0,50,1811.234203
-2.0,50,1811.527866
-2.0,50,1811.822834
-3.0,50,1812.115867
-3.0,50,1812.415291
-2.0,50,1812.710883
0.0,50,1813.009091
-3.0,50,1813.302752
-2.0,50,1813.597448
-1.0,50,1813.891898
-1.0,50,1814.20458
0.0,50,1814.499407
-2.0,50,1814.793519
-3.0,50,1815.085393
-3.0,50,1815.403605
0.0,50,1815.697161
-1.0,50,1815.991322
0.0,50,1816.287232
-2.0,50,1816.584293
-1.0,50,1816.88657
-2.0,50,1817.181661
-2.0,50,1817.47674
-1.0,50,1817.77078
0.0,50,1818.064097
-2.0,50,1818.358201
-1.0,50,1818.652591
-1.0,50,1818.94648
-3.0,50,1819.240387
-1.0,50,1819.535235
-2.0,50,1819.836072
-3.0,50,1820.130849
-3.0,50,1820.426964
-2.0,50,1820.726972
-2.0,50,1821.048426
-2.0,50,1821.372278
-2.0,50,1821.668264
0.0,50,1821.962368
-2.0,50,1822.264734
-1.0,50,1822.56116
-2.0,50,1822.856106
-3.0,50,1823.158339
-2.0,50,1823.457442
-3.0,50,1823.760287
-1.0,50,1824.060432
-2.0,50,1824.358567
-1.0,50,1824.654836
-2.0,50,1824.95152
-3.0,50,1825.245478
-3.0,50,1825.54869
-1.0,50,1825.843893
-1.0,50,1826.156191
-3.0,50,1826.451962
-3.0,50,1826.754154
-2.0,50,1827.053546
-1.0,50,1827.362347
0.0,50,1827.659877
-2.0,50,1827.957316
-3.0,50,1828.25336
-2.0,50,1828.551087
-2.0,50,1828.853848
-3.0,50,1829.154599
-1.0,50,1829.450983
-3.0,50,1829.748706
-1.0,50,1830.044292
-3.0,50,1830.345004
-2.0,50,1830.641716
-3.0,50,1830.944556
-2.0,50,1831.238947
-2.0,50,1831.535138
-2.0,50,1831.829289
0.0,50,1832.124385
-2.0,50,1832.42529
0.0,50,1832.719953
-2.0,50,1833.037695
