#{"t_start": 1769185642.193214, "env_id": "FetchReachDense-v4"}
r,l,t
-8.677838,50,0.860707
-12.434723,50,0.889883
-7.934922,50,0.918602
-9.629781,50,0.947357
-12.635338,50,0.986566
-9.928131,50,1.014965
-10.524756,50,1.044559
-11.582397,50,1.073224
-12.930361,50,1.104847
-7.800001,50,1.13194
-9.794602,50,1.160103
-14.624035,50,1.188985
-9.996443,50,1.217793
-13.860073,50,1.248742
-10.8764,50,1.278677
-6.774408,50,1.307922
-12.718389,50,1.335953
-10.112999,50,1.362803
-9.5922,50,1.3907
-8.645762,50,1.418532
-11.512476,50,1.449536
-11.719869,50,1.478274
-18.565312,50,1.505986
-10.104993,50,1.534581
-11.003431,50,1.56199
-6.834785,50,1.591168
-13.715105,50,1.620248
-12.567171,50,1.649989
-13.071533,50,1.678675
-13.20986,50,1.706722
-4.863677,50,1.73474
-13.226491,50,1.765086
-9.241436,50,1.79414
-7.838368,50,1.821412
-4.497328,50,1.848651
-10.45812,50,1.876073
-7.369463,50,1.90518
-8.272419,50,1.93354
-15.09918,50,1.961213
-9.885442,50,1.988705
-14.022523,50,2.020646
-8.514268,50,2.049267
-6.920868,50,2.077419
-9.529566,50,2.105744
-8.534508,50,2.133086
-8.835564,50,2.16417
-9.610399,50,2.193918
-12.269945,50,2.223729
-12.34066,50,2.251942
-15.559665,50,2.281081
-7.319433,50,2.30847
-11.09865,50,2.337576
-11.019491,50,2.365688
-11.391198,50,2.39741
-9.988977,50,2.425836
-7.132279,50,2.454646
-7.107783,50,2.482631
-14.245497,50,2.510218
-9.751028,50,2.538934
-10.217806,50,2.566497
-17.598982,50,2.593883
-11.734725,50,2.621554
-11.047657,50,2.650311
-10.03553,50,2.679012
-10.403585,50,2.709611
-7.224671,50,2.738986
-10.219564,50,2.768117
-16.743286,50,2.795663
-10.78508,50,2.824338
-7.897812,50,2.852726
-11.782012,50,2.881294
-9.169418,50,2.909244
-8.751725,50,2.938062
-7.005238,50,2.967694
-6.057151,50,2.99569
-13.339055,50,3.025172
-9.212497,50,3.055157
-11.846584,50,3.082818
-7.86097,50,3.110844
-7.213436,50,3.139895
-9.20622,50,3.169654
-8.610003,50,3.200771
-8.275114,50,3.228433
-16.317345,50,3.258151
-6.183107,50,3.286646
-10.025273,50,3.315045
-11.5591,50,3.343546
-9.094697,50,3.372358
-7.92512,50,3.400011
-4.899202,50,3.428651
-13.175124,50,3.456231
-7.055431,50,3.484156
-6.073758,50,3.511675
-4.187254,50,3.542096
-6.125055,50,3.569334
-3.603313,50,3.597452
-11.8262,50,3.626658
-7.329877,50,3.655436
-6.614248,50,3.685557
-8.900962,50,3.712731
-5.957764,50,4.097825
-8.993405,50,4.452454
-16.592715,50,4.812752
-7.05413,50,5.164159
-14.495759,50,5.509771
-9.89764,50,5.862511
-11.317707,50,6.194837
-8.991552,50,6.573295
-10.276317,50,6.918181
-9.498557,50,7.262455
-18.958535,50,7.599793
-16.839515,50,7.985143
-12.010122,50,8.315859
-8.593476,50,8.654249
-13.918964,50,8.981106
-19.448703,50,9.347363
-7.393474,50,9.6785
-6.657489,50,10.002714
-12.016115,50,10.327704
-12.402897,50,10.678325
-11.413027,50,11.019274
-12.003615,50,11.347735
-15.018378,50,11.672484
-13.620803,50,12.03432
-16.932806,50,12.368521
-7.831843,50,12.710296
-5.596503,50,13.05069
-18.162639,50,13.420705
-13.244103,50,13.771474
-7.509011,50,14.106855
-12.097372,50,14.442901
-13.061832,50,14.817526
-10.657111,50,15.162293
-16.181452,50,15.511266
-15.860044,50,15.834744
-13.090517,50,16.190213
-13.530646,50,16.521264
-17.645653,50,16.904895
-13.689803,50,17.269373
-7.049434,50,17.655031
-15.524839,50,18.027798
-18.036925,50,18.387475
-15.002045,50,18.747727
-11.374985,50,19.112027
-15.757024,50,19.461342
-11.00108,50,19.806753
-11.593415,50,20.150296
-21.720936,50,20.522621
-16.429631,50,20.87142
-13.311111,50,21.215957
-23.642745,50,21.607869
-12.349661,50,22.036807
-13.001575,50,22.410901
-12.353413,50,22.745769
-10.527731,50,23.072489
-19.166597,50,23.423849
-13.877308,50,23.749156
-18.634747,50,24.084413
-20.450914,50,24.408457
-14.84302,50,24.757804
-8.993557,50,25.087531
-9.605003,50,25.410982
-20.114762,50,25.733491
-9.340173,50,26.099338
-12.063666,50,26.428492
-12.750949,50,26.752012
-15.01299,50,27.074016
-17.483473,50,27.42339
-5.275375,50,27.752074
-7.888999,50,28.091426
-11.605834,50,28.417803
-8.20822,50,28.781661
-11.312289,50,29.108387
-21.542224,50,29.444316
-17.403485,50,29.776355
-9.743597,50,30.150913
-11.744407,50,30.48056
-13.087364,50,30.805581
-17.957466,50,31.129111
-19.190265,50,31.501451
-16.809221,50,31.831061
-10.494215,50,32.211048
-14.404928,50,32.539151
-16.15858,50,32.915043
-13.568558,50,33.276624
-7.519864,50,33.615176
-11.886835,50,33.944643
-15.571848,50,34.301118
-8.702522,50,34.662233
-7.18946,50,35.007034
-17.923641,50,35.331662
-13.469498,50,35.683487
-20.924859,50,36.039838
-14.31874,50,36.376282
-8.342532,50,36.714677
-7.332287,50,37.105252
-16.468545,50,37.443922
-11.53204,50,37.778842
-6.378031,50,38.109663
-8.962598,50,38.494041
-15.31343,50,38.825161
-9.912336,50,39.158619
-14.787092,50,39.503891
-6.214059,50,39.888424
-7.79887,50,40.243753
-9.690862,50,40.569148
-8.507193,50,40.906502
-9.754681,50,41.29248
-7.701059,50,41.641569
-10.165607,50,41.964008
-14.683557,50,42.30515
-6.62914,50,42.67475
-8.091321,50,42.998841
-17.488709,50,43.325218
-12.504119,50,43.649318
-12.961901,50,44.026852
-5.06675,50,44.362878
-6.932799,50,44.689416
-7.829077,50,45.021723
-4.971609,50,45.409021
-8.362189,50,45.744717
-7.785749,50,46.087521
-5.341441,50,46.434072
-9.677535,50,46.792683
-5.139001,50,47.139642
-3.59093,50,47.467517
-10.829236,50,47.796077
-6.567255,50,48.190749
-4.842769,50,48.536999
-5.416162,50,48.872163
-11.058734,50,49.221346
-6.094001,50,49.603498
-3.143235,50,49.93466
-5.194884,50,50.252838
-10.639009,50,50.581695
-6.205306,50,50.95989
-4.016827,50,51.300368
-6.455319,50,51.639806
-6.498065,50,51.976742
-9.478956,50,52.333378
-5.954395,50,52.670143
-8.974901,50,52.99501
-8.131727,50,53.325596
-11.130526,50,53.716989
-3.355928,50,54.057997
-5.153305,50,54.386789
-4.985054,50,54.714412
-7.471641,50,55.060501
-3.430155,50,55.39718
-8.337778,50,55.724302
-9.075189,50,56.061902
-4.047554,50,56.422027
-10.585313,50,56.74623
-7.224505,50,57.066791
-3.609996,50,57.388823
-7.257318,50,57.735019
-2.422641,50,58.063545
-8.611744,50,58.401384
-5.643789,50,58.725517
-4.332423,50,59.085917
-2.628463,50,59.411556
-2.842878,50,59.735669
-4.741436,50,60.053622
-3.313829,50,60.403116
-2.973719,50,60.726769
-6.397505,50,61.045803
-2.87831,50,61.366809
-3.582903,50,61.727695
-3.612913,50,62.053024
-2.668701,50,62.373985
-3.854404,50,62.690354
-2.643922,50,63.036686
-5.218945,50,63.375099
-4.798779,50,63.700496
-4.165138,50,64.021872
-3.124863,50,64.365432
-2.776426,50,64.702174
-3.749297,50,65.025167
-3.161359,50,65.346065
-4.378901,50,65.704635
-3.455016,50,66.035556
-5.411108,50,66.357135
-2.32019,50,66.675454
-3.258402,50,67.021575
-3.540259,50,67.352058
-4.345526,50,67.687083
-2.94119,50,68.015707
-2.441753,50,68.3896
-2.309359,50,68.727152
-2.647666,50,69.085862
-1.928303,50,69.405097
-2.092926,50,69.756903
-2.593591,50,70.104166
-2.927038,50,70.48451
-1.920387,50,70.903238
-3.318393,50,71.30992
-2.286104,50,71.781414
-2.687064,50,72.166552
-2.212939,50,72.553256
-2.395024,50,72.889906
-1.760537,50,73.268603
-2.673044,50,73.652737
-2.685334,50,74.015032
-2.30685,50,74.365118
-1.839661,50,74.695171
-2.659036,50,75.028837
-2.504852,50,75.354305
-2.37032,50,75.704841
-2.713526,50,76.030368
-1.82321,50,76.35664
-3.058203,50,76.677287
-2.455642,50,77.036764
-2.794127,50,77.359057
-1.699379,50,77.688933
-1.942089,50,78.013859
-2.076003,50,78.361088
-2.764063,50,78.683084
-1.989631,50,79.01662
-1.951468,50,79.368777
-2.479734,50,79.76089
-1.891507,50,80.093243
-2.383904,50,80.438305
-2.061665,50,80.78468
-2.388115,50,81.145866
-2.475081,50,81.482985
-1.949048,50,81.839042
-2.661799,50,82.185872
-2.725078,50,82.557532
-1.928829,50,82.897732
-1.966218,50,83.227321
-2.863774,50,83.566431
-2.34135,50,83.930707
-1.550907,50,84.265789
-2.498776,50,84.589877
-1.759227,50,84.912409
-2.285952,50,85.273327
-2.016535,50,85.595644
-2.113756,50,85.921342
-2.276309,50,86.248591
-2.324928,50,86.594814
-2.309576,50,86.931595
-1.983542,50,87.248395
-2.367088,50,87.580157
-2.564832,50,87.945208
-2.404542,50,88.270921
-2.178058,50,88.624027
-2.464644,50,88.96187
-1.789609,50,89.334826
-2.466442,50,89.673966
-1.972443,50,89.999649
-2.000257,50,90.336138
-2.801283,50,90.692236
-1.7113,50,91.031177
-2.409602,50,91.3756
-1.970998,50,91.702028
-2.628365,50,92.090579
-2.899586,50,92.415729
-2.103362,50,92.737834
-2.402508,50,93.061329
-2.457326,50,93.410364
-2.439021,50,93.745229
-3.079164,50,94.070345
-2.42511,50,94.391763
-2.132063,50,94.745761
-1.539789,50,95.070008
-2.220229,50,95.393226
-1.927131,50,95.718309
-1.200671,50,96.090684
-2.303216,50,96.419388
-3.029271,50,96.741786
-3.031446,50,97.066736
-1.931462,50,97.412416
-2.024068,50,97.748732
-1.942186,50,98.070426
-1.645294,50,98.390386
-2.077663,50,98.748725
-1.771501,50,99.071537
-2.293669,50,99.390884
-1.927095,50,99.712434
-2.833548,50,100.059307
-1.860939,50,100.395521
-1.439006,50,100.719196
-1.675736,50,101.044319
-1.824138,50,101.389803
-1.858012,50,101.728463
-2.126411,50,102.069697
-1.584481,50,102.396939
-1.557315,50,102.763005
-2.375249,50,103.085405
-1.619942,50,103.408189
-1.735502,50,103.742775
-1.777485,50,104.135804
-1.624786,50,104.483973
-2.284589,50,104.825345
-1.507004,50,105.167947
-1.669627,50,105.55061
-2.146307,50,105.911963
-1.668851,50,106.252984
-1.971359,50,106.578653
-2.926752,50,106.942542
-2.407263,50,107.277579
-1.402174,50,107.635707
-1.928063,50,107.960655
-2.13422,50,108.314582
-1.532397,50,108.660921
-2.157969,50,108.997272
-2.33284,50,109.322446
-2.092839,50,109.697263
-1.728497,50,110.026947
-1.891549,50,110.351234
-1.683603,50,110.707242
-1.863584,50,111.064762
-1.726387,50,111.409317
-1.643264,50,111.733793
-1.788332,50,112.058066
-2.086583,50,112.412415
-1.751778,50,112.739601
-1.495936,50,113.064163
-2.375185,50,113.396142
-2.197287,50,113.765998
-2.738108,50,114.096334
-1.980356,50,114.423481
-2.206457,50,114.753856
-1.929014,50,115.106864
-1.590957,50,115.450611
-2.467432,50,115.782696
-2.166874,50,116.103569
-2.319214,50,116.454069
-1.968249,50,116.782271
-2.654384,50,117.104366
-2.020094,50,117.425719
-2.261733,50,117.791081
-2.597479,50,118.113876
-1.622746,50,118.436227
-1.727179,50,118.762131
-2.310517,50,119.10743
-2.155582,50,119.447644
-1.936759,50,119.772753
-1.548576,50,120.10125
-1.616451,50,120.45229
-2.759797,50,120.79966
-1.638653,50,121.12273
-1.739235,50,121.447626
-1.95359,50,121.808852
-2.396044,50,122.134943
-1.654528,50,122.466817
-1.810962,50,122.795047
-2.379601,50,123.162398
-1.539836,50,123.513845
-2.082874,50,123.848215
-1.539825,50,124.184413
-1.496834,50,124.546451
-2.062626,50,124.883764
-1.795143,50,125.206286
-2.313971,50,125.533569
-1.793167,50,125.886135
-1.873617,50,126.212066
-1.559354,50,126.563677
-1.89333,50,126.890331
-1.556488,50,127.279012
-1.639899,50,127.613249
-1.74427,50,127.952824
-1.332269,50,128.30541
-1.470431,50,128.661209
-1.439845,50,129.000185
-1.747357,50,129.36141
-1.448001,50,129.690058
-1.220108,50,130.053452
-1.639592,50,130.378597
-2.102829,50,130.71371
-1.790199,50,131.041358
-1.351377,50,131.396536
-2.351775,50,131.743234
-1.602336,50,132.078225
-1.317765,50,132.403551
-1.588894,50,132.768568
-1.705264,50,133.09661
-1.598114,50,133.426863
-1.334571,50,133.753681
-1.720179,50,134.112267
-1.675783,50,134.452109
-2.189931,50,134.776842
-1.829156,50,135.116893
-1.946125,50,135.467573
-2.161443,50,135.790296
-1.434167,50,136.115045
-1.316031,50,136.439762
-1.999315,50,136.830372
-1.504568,50,137.165288
-1.219507,50,137.517566
-1.516772,50,137.856687
-1.334585,50,138.21496
-1.739503,50,138.554
-1.614179,50,138.897037
-1.351801,50,139.233659
-1.247311,50,139.614305
-1.143768,50,139.95223
-1.239835,50,140.305588
-1.984697,50,140.640222
-1.425086,50,141.01242
-1.556061,50,141.549201
-1.330271,50,141.887068
-1.260473,50,142.286575
-1.922662,50,142.654856
-2.182213,50,143.022179
-1.220826,50,143.387486
-1.183793,50,143.760558
-0.961172,50,144.136964
-0.890043,50,144.49828
-1.212387,50,144.832101
-1.576177,50,145.161414
-1.021655,50,145.514247
-1.24455,50,145.870578
-1.264646,50,146.243394
-0.974124,50,146.600718
-0.987264,50,146.955919
-1.872566,50,147.28461
-0.98497,50,147.618268
-1.630027,50,147.95486
-1.473217,50,148.372207
-1.202613,50,148.731405
-0.927396,50,149.076622
-1.601158,50,149.425032
-1.233931,50,149.784248
-1.611418,50,150.126114
-1.309806,50,150.458164
-1.107732,50,150.784736
-0.993395,50,151.141627
-1.512436,50,151.469451
-1.813224,50,151.79999
-1.402715,50,152.126259
-1.419237,50,152.490425
-1.143621,50,152.814584
-0.966784,50,153.13798
-1.595653,50,153.461979
-0.978593,50,153.811823
-1.707572,50,154.153356
-1.221212,50,154.481748
-1.2071,50,154.809426
-2.416878,50,155.168136
-1.325234,50,155.496467
-2.657744,50,155.823925
-2.286948,50,156.156067
-1.750452,50,156.527798
-1.605804,50,156.854026
-2.5618,50,157.179093
-1.175771,50,157.521549
-1.757962,50,157.882856
-1.313269,50,158.227904
-1.817685,50,158.556792
-1.27827,50,158.888491
-2.724896,50,159.253489
-1.738525,50,159.584194
-1.401646,50,159.907801
-1.558361,50,160.231471
-1.416707,50,160.581891
-1.790502,50,160.921151
-2.483166,50,161.246283
-1.861025,50,161.57627
-2.398732,50,161.927593
-1.131225,50,162.267788
-2.040573,50,162.604335
-0.974282,50,162.935845
-2.102243,50,163.296491
-2.534488,50,163.626118
-1.596026,50,163.959529
-1.78618,50,164.292843
-2.136239,50,164.668125
-2.110754,50,165.007831
-2.578248,50,165.340268
-2.079073,50,165.668544
-1.803885,50,166.026677
-1.460007,50,166.371181
-1.9284,50,166.698082
-2.926862,50,167.028717
-2.67745,50,167.376105
-2.874098,50,167.707246
-1.50449,50,168.040205
-1.941547,50,168.379121
-1.293945,50,168.740816
-2.730864,50,169.067744
-3.243257,50,169.394063
-3.848004,50,169.720902
-3.320011,50,170.066854
-3.031976,50,170.403635
-2.852727,50,170.734126
-2.54138,50,171.058446
-3.166284,50,171.409589
-1.656336,50,171.734797
-3.502502,50,172.061526
-2.366108,50,172.385149
-2.829071,50,172.750391
-3.875985,50,173.077557
-2.747996,50,173.403806
-2.899469,50,173.735429
-2.552966,50,174.092598
-2.510661,50,174.428003
-2.594474,50,174.752094
-4.546057,50,175.080664
-2.376715,50,175.437445
-3.483005,50,175.777134
-2.880774,50,176.102277
-3.17511,50,176.428666
-3.163383,50,176.794897
-4.270339,50,177.128407
-2.874516,50,177.456442
-2.721059,50,177.783336
-3.64505,50,178.133604
-3.143828,50,178.472498
-4.177597,50,178.797763
-2.662069,50,179.130829
-2.658833,50,179.491384
-4.21012,50,179.817106
-3.260692,50,180.139439
-2.572673,50,180.469923
-3.626409,50,180.842448
-2.396397,50,181.176974
-3.305665,50,181.505215
-3.605626,50,181.834542
-4.465678,50,182.206166
-4.655816,50,182.554067
-3.034752,50,182.882415
-4.094947,50,183.208518
-4.814678,50,183.56278
-4.583894,50,183.898095
-3.925031,50,184.222932
-3.508763,50,184.556973
-2.991147,50,184.934493
-3.748515,50,185.271402
-4.284466,50,185.594888
-4.284183,50,185.92137
-3.038053,50,186.292536
-3.749035,50,186.625673
-4.943777,50,186.961273
-3.833473,50,187.290125
-4.749429,50,187.644772
-4.122965,50,187.990558
-5.554535,50,188.323523
-4.750284,50,188.651894
-4.4188,50,189.006176
-4.309834,50,189.337111
-5.318909,50,189.664294
-4.830802,50,189.990344
-4.649662,50,190.356936
-4.337167,50,190.685165
-4.104872,50,191.022444
-2.466388,50,191.352759
-3.918693,50,191.702283
-4.654972,50,192.042184
-4.543612,50,192.37152
-4.767431,50,192.701316
-4.739584,50,193.067617
-3.32929,50,193.402428
-4.8103,50,193.727328
-4.155095,50,194.060029
-4.080373,50,194.410063
-4.913972,50,194.749392
-4.332601,50,195.085393
-4.19664,50,195.410633
-4.389235,50,195.762817
-3.702897,50,196.088747
-2.780796,50,196.419087
-4.412857,50,196.790488
-3.30926,50,197.18117
-4.640779,50,197.519808
-4.009123,50,197.868799
-3.696481,50,198.212988
-4.459454,50,198.57412
-4.093739,50,198.918478
-3.529741,50,199.252146
-3.580012,50,199.599879
-3.810973,50,199.964845
-3.354381,50,200.310412
-2.29719,50,200.663216
-2.979337,50,201.004855
-2.965041,50,201.370768
-3.41304,50,201.717829
-3.523449,50,202.054309
-3.711695,50,202.380531
-2.120065,50,202.739866
-2.19394,50,203.087658
-1.609485,50,203.432877
-1.359275,50,203.787718
-3.492316,50,204.163012
-1.419889,50,204.517756
-3.076995,50,204.855014
-2.145052,50,205.204499
-2.069444,50,205.571152
-1.254487,50,205.915918
-2.633195,50,206.247372
-1.094116,50,206.571441
-2.421669,50,206.926472
-2.165435,50,207.262058
-1.267695,50,207.593838
-1.550592,50,207.92108
-1.193856,50,208.288125
-2.48246,50,208.618472
-1.675641,50,208.947494
-1.986574,50,209.276014
-1.019024,50,209.638418
-2.589174,50,209.983735
-1.195284,50,210.316127
-1.978269,50,210.650896
-2.057369,50,211.006176
-2.989261,50,211.333099
-0.981659,50,211.659122
-2.045172,50,211.989571
-2.39665,50,212.353963
-1.369267,50,212.681484
-2.411353,50,213.008142
-1.217617,50,213.331565
-1.136157,50,213.701915
-1.197344,50,214.055785
-2.306554,50,214.383922
-1.79128,50,214.71506
-0.914403,50,215.08216
-1.495727,50,215.423976
-2.052499,50,215.750447
-1.30724,50,216.079098
-1.463849,50,216.455038
-0.683841,50,216.791229
-1.190441,50,217.137135
-1.656485,50,217.468126
-0.931943,50,217.839089
-2.266858,50,218.177351
-0.971692,50,218.504087
-1.188038,50,218.844155
-0.84555,50,219.216757
-1.596296,50,219.542273
-1.341012,50,219.86741
-0.904366,50,220.192515
-1.162726,50,220.541307
-1.694732,50,220.879516
-2.26023,50,221.204429
-1.192231,50,221.535583
-1.012459,50,221.913603
-2.673913,50,222.269276
-1.041824,50,222.606393
-1.333543,50,222.951582
-1.085906,50,223.32167
-0.836239,50,223.652056
-1.800079,50,223.98704
-1.657247,50,224.316842
-0.999022,50,224.679337
-1.932657,50,225.078924
-1.141822,50,225.437836
-1.91834,50,225.79941
-1.477126,50,226.166319
-1.600169,50,226.52244
-1.475557,50,226.850076
-1.769448,50,227.183294
-1.65642,50,227.554464
-0.974978,50,227.886235
-0.753796,50,228.216664
-1.728248,50,228.54356
-2.324485,50,228.907359
-0.831321,50,229.270207
-2.167856,50,229.615646
-0.971722,50,229.94831
-1.189944,50,230.314134
-0.92658,50,230.64332
-1.212221,50,230.972465
-1.035779,50,231.316195
-1.55873,50,231.692585
-2.01787,50,232.037937
-1.706439,50,232.370719
-1.548485,50,232.730827
-1.158225,50,233.087063
-1.031044,50,233.43033
-1.347264,50,233.755646
-1.000846,50,234.080638
-0.823084,50,234.431047
-0.565878,50,234.758643
-0.593539,50,235.08345
-1.253334,50,235.40629
-1.397038,50,235.77447
-2.337207,50,236.102015
-2.060385,50,236.428125
-1.136335,50,236.758895
-0.742878,50,237.11382
-1.006723,50,237.449098
-0.810784,50,237.779424
-0.819768,50,238.107191
-0.646073,50,238.48203
-1.191971,50,238.826181
-1.126969,50,239.166685
-0.584336,50,239.497167
-0.648673,50,239.851402
-0.981801,50,240.192084
-1.059027,50,240.518778
-0.834472,50,240.870278
-0.791973,50,241.23886
-1.330222,50,241.603405
-1.561498,50,242.002233
-0.889177,50,242.384815
-1.934534,50,242.720923
-1.066011,50,243.070919
-1.261168,50,243.397291
-0.99713,50,243.736568
-1.013815,50,244.135896
-0.658339,50,244.510922
-0.701053,50,244.854547
-1.665843,50,245.191231
-0.664974,50,245.555509
-1.503418,50,245.897452
-1.258641,50,246.227132
-0.745554,50,246.560659
-0.957116,50,246.963857
-0.540738,50,247.314982
-1.378117,50,247.659017
-0.596505,50,248.006979
-1.005464,50,248.390525
-0.956545,50,248.743875
-0.973007,50,249.071397
-0.784278,50,249.398114
-0.908546,50,249.75595
-0.684763,50,250.095589
-0.744373,50,250.425611
-1.187534,50,250.75208
-0.798967,50,251.126246
-0.632785,50,251.461283
-0.803287,50,251.791393
-0.629774,50,252.123722
-0.890616,50,252.47863
-1.159394,50,252.824903
-1.042853,50,253.157694
-0.747861,50,253.488864
-0.580333,50,253.855217
-1.079738,50,254.183642
-1.249341,50,254.509838
-1.055635,50,254.835631
-1.03235,50,255.186083
-0.667837,50,255.525589
-1.058224,50,255.859744
-0.79404,50,256.188331
-1.072795,50,256.552296
-0.987554,50,256.878973
-0.760286,50,257.209908
-0.806895,50,257.548203
-0.802187,50,257.902314
-0.622631,50,258.260975
-0.507213,50,258.621133
-0.68027,50,258.964249
-0.816897,50,259.329098
-0.613027,50,259.661694
-1.032995,50,260.008132
-0.866017,50,260.346677
-0.820792,50,260.712651
-0.988824,50,261.064356
-0.674148,50,261.39699
-1.113635,50,261.72976
-0.50472,50,262.093538
-0.88809,50,262.428102
-1.573617,50,262.773483
-0.906546,50,263.121991
-0.921242,50,263.506888
-0.769338,50,263.861912
-0.568331,50,264.20164
-1.013787,50,264.53889
-1.207066,50,264.913699
-0.827473,50,265.25892
-0.925809,50,265.613255
-1.829542,50,265.967562
-0.700729,50,266.328654
-0.718476,50,266.687115
-0.736364,50,267.036061
-0.775472,50,267.390257
-0.844061,50,267.760071
-0.619012,50,268.091893
-0.66904,50,268.431722
-0.941835,50,268.770823
-0.628222,50,269.148758
-0.674067,50,269.503239
-0.824748,50,269.853364
-0.489539,50,270.187484
-0.596361,50,270.572475
-0.674805,50,270.906402
-0.805457,50,271.250765
-0.7523,50,271.58217
-0.639617,50,271.937478
-0.628381,50,272.276721
-0.801576,50,272.60371
-0.710431,50,272.951643
-0.863059,50,273.329255
-0.950996,50,273.693995
-0.70118,50,274.037468
-1.504869,50,274.380198
-0.865229,50,274.74904
-0.705724,50,275.105924
-0.799055,50,275.438376
-0.521069,50,275.774656
-0.765765,50,276.146614
-0.766901,50,276.484876
-0.72082,50,276.822937
-0.747526,50,277.175214
-0.819738,50,277.556294
-0.752356,50,277.909582
-0.824068,50,278.248301
-0.661053,50,278.608902
-0.828985,50,278.996968
-0.933344,50,279.325467
-0.847286,50,279.654299
-0.680285,50,279.98004
-0.766748,50,280.333667
-0.700053,50,280.661121
-0.854371,50,280.986871
-0.795262,50,281.313199
-0.717441,50,281.680906
-1.285643,50,282.014618
-0.707217,50,282.343159
-0.480852,50,282.669143
-1.045821,50,283.023466
-0.95128,50,283.351355
-0.538993,50,283.680872
-0.798614,50,284.008018
-0.502351,50,284.374788
-0.674641,50,284.700692
-0.979429,50,285.025084
-0.711459,50,285.353489
-0.778323,50,285.71413
-0.654946,50,286.04319
-0.810743,50,286.369827
-0.541131,50,286.696695
-1.061671,50,287.066212
-0.565513,50,287.392759
-0.820878,50,287.72086
-0.625461,50,288.045239
-0.707639,50,288.394907
-0.836161,50,288.725437
-0.819679,50,289.052073
-0.571815,50,289.375345
-0.960207,50,289.74432
-1.856383,50,290.079153
-0.586676,50,290.407333
-0.910455,50,290.735864
-0.721917,50,291.086408
-1.171891,50,291.417376
-0.835238,50,291.745102
-0.67762,50,292.074079
-0.61771,50,292.438875
-0.503366,50,292.766286
-0.792236,50,293.091927
-0.809485,50,293.416059
-1.214679,50,293.774534
-0.849816,50,294.099715
-0.807871,50,294.424412
-0.676822,50,294.750944
-0.919626,50,295.119668
-1.064529,50,295.451456
-0.839342,50,295.782834
-0.697052,50,296.129953
-0.875091,50,296.518658
-0.904338,50,296.851979
-1.085551,50,297.204833
-0.888417,50,297.537101
-0.75158,50,297.915487
-0.821623,50,298.248373
-1.077211,50,298.578649
-0.645667,50,298.918484
-1.202141,50,299.301349
-0.889542,50,299.633281
-0.8975,50,299.963266
-0.623326,50,300.29164
-0.796108,50,300.665307
-0.617231,50,301.002616
-1.035329,50,301.35932
-0.847057,50,301.782007
-0.881392,50,302.131655
-1.073279,50,302.474572
-0.801847,50,302.80682
-0.683938,50,303.137723
-0.800619,50,303.509147
-0.6497,50,303.845889
-0.668872,50,304.18041
-0.794998,50,304.523318
-0.850012,50,304.888738
-0.630185,50,305.218649
-1.02916,50,305.545141
-0.630365,50,305.874233
-1.549246,50,306.254364
-1.295479,50,306.618341
-0.972917,50,307.002515
-0.788621,50,307.353396
-1.076622,50,307.716475
-0.600794,50,308.076632
-0.895071,50,308.429272
-0.660936,50,308.761435
-0.951017,50,309.13592
-1.084501,50,309.469146
-0.811446,50,309.803833
-0.65501,50,310.137773
-1.04185,50,310.51892
-1.026617,50,310.863991
-0.684212,50,311.196842
-1.159439,50,311.538706
-0.9672,50,311.925877
-0.652501,50,312.258021
-0.638182,50,312.587996
-0.936085,50,312.939947
-1.242113,50,313.32008
-0.587673,50,313.826629
-0.65239,50,314.164699
-1.040387,50,314.561132
-0.811708,50,314.949126
-1.241688,50,315.297842
-0.655635,50,315.632671
-1.033214,50,315.968916
-0.967862,50,316.336151
-0.526797,50,316.678987
-1.044702,50,317.023072
-1.112105,50,317.378041
-0.49541,50,317.747006
-0.868181,50,318.077546
-1.115039,50,318.40736
-0.859457,50,318.740059
-0.782607,50,319.100997
-1.206907,50,319.430807
-0.973082,50,319.760099
-0.798336,50,320.09597
-1.779954,50,320.480638
-0.785693,50,320.810413
-0.815392,50,321.162364
-0.507202,50,321.516094
-0.425953,50,321.88711
-0.623858,50,322.249846
-1.049399,50,322.599681
-0.528265,50,322.945513
-0.718625,50,323.321801
-1.412203,50,323.665393
-0.705652,50,324.013132
-1.240224,50,324.364765
-0.517552,50,324.747563
-0.790935,50,325.104689
-0.885338,50,325.439573
-0.882718,50,325.771762
-0.92423,50,326.158844
-0.648763,50,326.494879
-0.639677,50,326.831373
-0.96943,50,327.157617
-0.747792,50,327.523723
-0.462339,50,327.852083
-0.580863,50,328.177513
-0.573811,50,328.504469
-0.706519,50,328.929321
-0.703787,50,329.305569
-0.692376,50,329.646153
-1.898926,50,330.000185
-0.846531,50,330.392061
-0.997172,50,330.733081
-0.908808,50,331.073828
-0.767924,50,331.414373
-0.805194,50,331.781431
-1.107335,50,332.121339
-1.086713,50,332.477562
-0.673682,50,332.820542
-0.665484,50,333.196431
-0.959636,50,333.526367
-0.518464,50,333.859751
-0.690192,50,334.190694
-0.761345,50,334.576322
-1.130613,50,334.915261
-1.142497,50,335.259591
-1.450259,50,335.597617
-0.398107,50,335.976633
-1.041288,50,336.318438
-0.599471,50,336.646946
-0.620152,50,336.976737
-0.754586,50,337.330865
-0.895975,50,337.662511
-0.899441,50,337.99674
-0.856972,50,338.337443
-0.736863,50,338.705998
-0.944008,50,339.034313
-0.804129,50,339.362344
-1.783444,50,339.697901
-0.882162,50,340.05125
-0.853631,50,340.396335
-0.961819,50,340.728914
-0.582375,50,341.063154
-0.649269,50,341.435071
-0.958144,50,341.766018
-0.595584,50,342.096577
-0.715951,50,342.423884
-0.989452,50,342.781126
-0.768664,50,343.109642
-0.822312,50,343.438087
-0.731274,50,343.765908
-0.698291,50,344.141391
-0.526365,50,344.474131
-0.785387,50,344.806069
-0.817693,50,345.136774
-0.925368,50,345.491877
-0.636355,50,345.8244
-0.505501,50,346.152702
-0.703732,50,346.484506
-0.750124,50,346.859683
-1.088397,50,347.199044
-0.69663,50,347.528128
-0.512835,50,347.856677
-0.645669,50,348.212744
-0.894674,50,348.541264
-0.749963,50,348.86731
-0.880509,50,349.194999
-0.48831,50,349.561908
-1.0706,50,349.894002
-0.878954,50,350.2228
-0.61563,50,350.556768
-0.915486,50,350.910988
-0.823923,50,351.240238
-0.567666,50,351.564899
-1.390539,50,351.899261
-0.958305,50,352.268559
-0.915544,50,352.594483
-0.783698,50,352.923915
-0.887803,50,353.256724
-1.042335,50,353.615695
-0.966703,50,353.948164
-1.218218,50,354.276081
-0.833616,50,354.601669
-0.779305,50,354.97297
-0.789892,50,355.299942
-0.707582,50,355.629716
-0.858222,50,355.960415
-1.43814,50,356.321968
-0.826944,50,356.653345
-0.834066,50,356.980725
-0.922428,50,357.308975
-1.090883,50,357.677868
-1.475811,50,358.016806
-0.98709,50,358.346858
-1.229636,50,358.676781
-1.795709,50,359.037245
-0.950131,50,359.3685
-0.699673,50,359.696015
-0.848239,50,360.028114
-0.700856,50,360.400117
-0.789452,50,360.729635
-0.740067,50,361.060215
-0.845096,50,361.389071
-0.83702,50,361.742795
-0.821571,50,362.07363
-0.746266,50,362.404371
-0.963479,50,362.736329
-0.723938,50,363.104781
-1.060226,50,363.431805
-0.606081,50,363.758237
-1.114946,50,364.085214
-1.20371,50,364.440761
-0.764862,50,364.773203
-0.946409,50,365.103005
-0.705924,50,365.431524
-1.030425,50,365.804167
-0.948994,50,366.131814
-0.581992,50,366.491376
-0.667705,50,366.827177
-0.873848,50,367.183544
-0.683334,50,367.516415
-0.730703,50,367.846315
-1.142258,50,368.179825
-0.927628,50,368.553519
-1.096368,50,368.888359
-0.999021,50,369.243423
-1.151777,50,369.575258
-1.091002,50,369.934471
-0.845202,50,370.268298
-1.14283,50,370.601338
-0.781856,50,370.932482
-1.091216,50,371.30465
-0.866587,50,371.634769
-1.169206,50,371.964231
-0.930071,50,372.29504
-1.054204,50,372.651777
-0.970134,50,372.984987
-0.822018,50,373.32097
-0.870572,50,373.647675
-1.013551,50,374.043917
-0.885486,50,374.376558
-1.179855,50,374.708822
-1.121422,50,375.040913
-0.752075,50,375.392935
-1.253745,50,375.731243
-0.95873,50,376.067686
-1.16292,50,376.409574
-0.952656,50,376.783445
-1.006475,50,377.116006
-0.785353,50,377.443187
-0.942458,50,377.772327
-1.219496,50,378.126756
-1.26127,50,378.460703
-1.165908,50,378.792301
-0.995312,50,379.1234
-0.99958,50,379.49686
-1.208867,50,379.828617
-1.251216,50,380.160617
-1.058867,50,380.489758
-1.110319,50,380.851168
-1.186773,50,381.182623
-0.964717,50,381.518738
-1.168933,50,381.848416
-1.199283,50,382.224223
-1.035325,50,382.558404
-1.143311,50,382.896744
-1.088386,50,383.228673
-0.969731,50,383.586222
-1.213377,50,383.916838
-1.090816,50,384.247783
-1.194077,50,384.579491
-0.954273,50,384.950635
-1.163702,50,385.282034
-1.450021,50,385.615221
-1.329933,50,385.944328
-1.029109,50,386.322199
-1.135384,50,386.665506
-0.911507,50,386.994621
-1.120017,50,387.32418
-0.992623,50,387.687547
-1.3216,50,388.019736
-1.157237,50,388.35093
-0.958679,50,388.685521
-1.158904,50,389.073738
-1.170307,50,389.42612
-1.175533,50,389.758702
-1.186297,50,390.098335
-0.907017,50,390.47205
-1.055868,50,390.808145
-1.197882,50,391.139188
-1.421753,50,391.468911
-1.152866,50,391.82485
-1.024265,50,392.158055
-1.135423,50,392.487582
-1.453064,50,392.81719
-1.284159,50,393.190901
-1.267773,50,393.524219
-1.143242,50,393.857353
-1.199295,50,394.193934
-1.883842,50,394.554324
-1.236864,50,394.88614
-1.314385,50,395.21342
-1.03738,50,395.54103
-1.636962,50,395.916533
-0.948805,50,396.245454
-1.301848,50,396.579841
-1.255795,50,396.907719
-1.32735,50,397.274175
-1.12646,50,397.606125
-1.249273,50,397.937884
-1.216268,50,398.268494
-1.423089,50,398.624797
-1.252604,50,398.953248
-0.991863,50,399.280476
-1.188316,50,399.609831
-1.128849,50,399.977588
-1.162296,50,400.304516
-0.963098,50,400.63013
-1.315409,50,400.961694
-1.14176,50,401.332882
-1.132683,50,401.661563
-0.988704,50,401.989029
-1.311839,50,402.314909
-1.265993,50,402.667817
-0.990577,50,402.998451
-0.989746,50,403.328508
-1.083256,50,403.6587
-1.112188,50,404.02861
-1.134227,50,404.359081
-1.042672,50,404.688856
-1.131143,50,405.018813
-1.331721,50,405.379425
-1.30024,50,405.712415
-0.84681,50,406.043883
-1.350097,50,406.381602
-1.323801,50,406.753703
-1.373995,50,407.084145
-1.256428,50,407.413818
-1.302853,50,407.741479
-1.53138,50,408.100156
-0.984848,50,408.431783
-1.374602,50,408.762289
-1.23236,50,409.092409
-1.447521,50,409.464273
-1.042032,50,409.798847
-1.456854,50,410.126371
-1.234562,50,410.458338
-1.041516,50,410.811097
-1.134855,50,411.13944
-1.248898,50,411.469272
-1.27749,50,411.797678
-1.235653,50,412.168659
-1.17568,50,412.497901
-1.255157,50,412.828385
-1.363395,50,413.159303
-1.306335,50,413.514572
-1.287353,50,413.845509
-1.010454,50,414.175037
-1.284607,50,414.504207
-1.225086,50,414.877725
-1.287819,50,415.20456
-1.044165,50,415.532699
-1.233605,50,415.8603
-1.127753,50,416.214934
-1.198178,50,416.544429
-1.31873,50,416.874367
-1.178877,50,417.204695
-1.245394,50,417.571811
-1.146587,50,417.901086
-1.235002,50,418.231002
-0.996969,50,418.556822
-1.283507,50,418.928396
-1.113593,50,419.258835
-0.922873,50,419.587873
-1.021741,50,419.917823
-1.183588,50,420.292881
-1.031901,50,420.626566
-1.115829,50,420.954833
-1.123942,50,421.285377
-1.211348,50,421.640506
-1.466022,50,421.973225
-1.732939,50,422.309064
-1.261947,50,422.634276
-1.378109,50,423.009785
-1.478266,50,423.343471
-1.132609,50,423.669709
-1.124929,50,423.996929
-1.051855,50,424.351852
-1.209883,50,424.682084
-1.267388,50,425.016619
-0.958512,50,425.346314
-1.360114,50,425.720706
-1.140773,50,426.051242
-1.204574,50,426.379121
-1.338381,50,426.709314
-1.266344,50,427.06248
-1.251768,50,427.390764
-1.395014,50,427.720662
-1.147817,50,428.047259
-1.256865,50,428.413131
-1.047204,50,428.744475
-0.886655,50,429.071281
-1.123521,50,429.397708
-1.055347,50,429.754631
-1.273915,50,430.089183
-1.065202,50,430.419164
-1.610754,50,430.747787
-1.277315,50,431.117697
-1.185136,50,431.444041
-1.421145,50,431.773726
-1.503909,50,432.105387
-1.203441,50,432.460595
-1.066234,50,432.803583
-1.021532,50,433.136853
-1.720704,50,433.47994
-0.954371,50,433.845919
-0.930678,50,434.177707
-1.092986,50,434.509586
-1.100812,50,434.840685
-1.306422,50,435.194247
-1.283033,50,435.559731
-1.399078,50,435.894115
-1.410595,50,436.229592
-1.038772,50,436.602123
-1.131122,50,436.934735
-1.162817,50,437.263231
-1.156713,50,437.599002
-1.174288,50,437.954132
-1.077065,50,438.283812
-1.425692,50,438.610285
-1.018863,50,438.938528
-1.290539,50,439.313256
-0.877927,50,439.645726
-1.123331,50,439.977638
-1.093701,50,440.306146
-1.233378,50,440.664456
-1.15553,50,440.992609
-1.349026,50,441.319525
-0.99753,50,441.646321
-1.264232,50,442.019099
-1.251833,50,442.34999
-1.426467,50,442.679095
-1.154428,50,443.007449
-1.176232,50,443.35951
-0.931807,50,443.688449
-1.128208,50,444.020723
-0.988574,50,444.349801
-1.063697,50,444.720767
-1.093095,50,445.053342
-1.107158,50,445.384175
-1.279653,50,445.716278
-1.226995,50,446.098266
-0.83692,50,446.426597
-1.206484,50,446.753726
-1.178918,50,447.083238
-0.952811,50,447.453447
-1.33215,50,447.789475
-1.145478,50,448.124851
-0.902974,50,448.45932
-1.036863,50,448.841885
-1.098751,50,449.208609
-1.084358,50,449.563632
-1.267039,50,449.903883
-0.799863,50,450.277321
-1.265683,50,450.610169
-1.195313,50,450.939626
-1.188048,50,451.271619
-1.932146,50,451.634699
-1.020564,50,451.967536
-1.168394,50,452.295917
-1.201624,50,452.628656
-0.991134,50,453.004629
-1.382761,50,453.336099
-1.419554,50,453.672254
-0.816467,50,454.002861
-1.378268,50,454.370091
-1.315191,50,454.703821
-1.039555,50,455.034909
-0.850786,50,455.413746
-1.284806,50,455.811108
-0.919356,50,456.162913
-0.657894,50,456.503909
-0.913466,50,456.838091
-1.872218,50,457.202744
-1.273026,50,457.536433
-0.975509,50,457.876845
-0.823198,50,458.207216
-1.074854,50,458.614877
-0.856979,50,458.952187
-0.838777,50,459.287557
-1.228111,50,459.644405
-1.078014,50,460.030674
-0.729035,50,460.380442
-1.19325,50,460.726103
-1.081307,50,461.072092
-1.08089,50,461.429773
-0.982722,50,461.774128
-1.13464,50,462.117096
-1.020191,50,462.457778
-0.9273,50,462.830458
-0.975126,50,463.163671
-1.17716,50,463.498368
-0.960232,50,463.843786
-0.951215,50,464.224863
-1.085949,50,464.587586
-1.187745,50,464.940638
-0.958543,50,465.296627
-1.108673,50,465.690923
-0.741424,50,466.035162
-0.967347,50,466.37675
-1.137471,50,466.722992
-1.144986,50,467.080812
-0.975906,50,467.413756
-0.684833,50,467.754983
-1.381534,50,468.120778
-1.01139,50,468.480644
-1.064616,50,468.836914
-0.852417,50,469.182504
-1.082754,50,469.514636
-0.807328,50,469.883494
-1.059708,50,470.214854
-1.257603,50,470.551839
-0.957542,50,470.898077
-1.357037,50,471.269245
-1.340777,50,471.619854
-0.820743,50,471.970278
-1.004664,50,472.316145
-1.172416,50,472.697404
-1.082307,50,473.033946
-0.823269,50,473.393485
-1.169096,50,473.748347
-1.536563,50,474.12376
-0.853705,50,474.475276
-1.044359,50,474.808031
-0.674041,50,475.145932
-1.087583,50,475.551137
-1.12966,50,475.888473
-0.953121,50,476.22614
-1.768981,50,476.565833
-0.729236,50,476.942491
-1.282045,50,477.278481
-1.068642,50,477.612181
-0.789724,50,477.949508
-0.885139,50,478.324714
-0.766141,50,478.672034
-0.812144,50,479.038248
-0.893214,50,479.396958
-0.518163,50,479.77142
-0.83756,50,480.123277
-0.785264,50,480.473072
-0.821883,50,480.82538
-1.60307,50,481.207719
-0.807445,50,481.551512
-0.788925,50,481.895997
-1.106385,50,482.227743
-0.892034,50,482.59103
-1.063702,50,482.946084
-0.777281,50,483.281843
-0.953011,50,483.634578
-1.143196,50,484.027622
-0.566502,50,484.37693
-1.551932,50,484.719129
-0.899181,50,485.079189
-1.357975,50,485.456007
-0.819504,50,485.980136
-1.046196,50,486.334637
-0.63648,50,486.682251
-0.810457,50,487.080562
-0.632943,50,487.42811
-0.609121,50,487.763478
-0.657941,50,488.120185
-1.383876,50,488.489341
-0.736901,50,488.823449
-1.668457,50,489.163347
-0.960799,50,489.506307
-1.218141,50,489.890604
-0.636006,50,490.226314
-1.100238,50,490.559759
-0.69152,50,490.901403
-0.97179,50,491.280405
-0.699832,50,491.63916
-0.875396,50,491.993841
-0.736445,50,492.355645
-0.904328,50,492.730734
-0.843149,50,493.078687
-0.629664,50,493.414032
-0.945155,50,493.75221
-0.689242,50,494.116436
-1.371234,50,494.466595
-0.836325,50,494.817995
-1.246024,50,495.188935
-0.567735,50,495.571063
-0.527457,50,495.922563
-0.909511,50,496.271656
-0.84224,50,496.626326
-0.89234,50,496.987322
-1.172798,50,497.322757
-1.225822,50,497.661064
-0.541212,50,497.997432
-0.67371,50,498.378971
-0.667439,50,498.714564
-1.140781,50,499.057449
-0.778856,50,499.403528
-0.98804,50,499.770313
-1.03598,50,500.120297
-0.667868,50,500.457871
-0.850077,50,500.793124
-0.627153,50,501.176316
-1.489429,50,501.527905
-1.049612,50,501.883128
-0.9837,50,502.233614
-1.093544,50,502.623622
-0.424571,50,502.97734
-0.978283,50,503.330949
-0.565558,50,503.671042
-0.780951,50,504.033413
-0.943754,50,504.397428
-0.555004,50,504.748915
-0.891684,50,505.106702
-0.896592,50,505.476462
-0.72088,50,505.82438
-0.814087,50,506.170808
-0.752746,50,506.506166
-1.954754,50,506.897735
-0.901655,50,507.23884
-0.632902,50,507.572483
-0.503442,50,507.911945
-0.86176,50,508.272118
-0.727249,50,508.607681
-1.287912,50,508.954853
-0.978465,50,509.294282
-0.622762,50,509.676075
-0.688291,50,510.014941
-0.773716,50,510.358061
-0.800852,50,510.708419
-0.957146,50,511.090888
-0.570185,50,511.466186
-0.630802,50,511.843632
-1.021638,50,512.236539
-0.74732,50,512.61079
-0.842911,50,512.958133
-0.913891,50,513.295481
-0.416275,50,513.634011
-0.568523,50,514.003098
-1.162733,50,514.349497
-1.239011,50,514.704607
-0.659117,50,515.057481
-0.683006,50,515.445339
-1.088518,50,515.806147
-0.737678,50,516.15125
-0.643589,50,516.490089
-1.62621,50,516.862005
-0.707272,50,517.201078
-0.675481,50,517.544629
-0.982278,50,517.88701
-0.818882,50,518.269636
-0.500329,50,518.610884
-0.639667,50,518.961988
-0.752461,50,519.301915
-0.755659,50,519.668902
-0.813627,50,520.00874
-0.604021,50,520.350302
-0.761849,50,520.6855
-0.658248,50,521.072355
-0.666564,50,521.416279
-1.000228,50,521.761329
-0.818158,50,522.10658
-0.732649,50,522.469486
-0.673557,50,522.805617
-0.456567,50,523.147632
-0.712602,50,523.484148
-0.733512,50,523.888516
-0.870271,50,524.231423
-0.590594,50,524.567122
-0.618572,50,524.905431
-0.890191,50,525.272907
-0.830702,50,525.606848
-0.705524,50,525.94039
-0.850027,50,526.276214
-0.537166,50,526.678442
-0.641666,50,527.016479
-0.742454,50,527.36378
-0.764453,50,527.70423
-0.885064,50,528.065836
-0.720526,50,528.423661
-0.675473,50,528.759499
-0.780716,50,529.104602
-0.922935,50,529.467404
-0.681551,50,529.805132
-0.967346,50,530.142828
-0.635313,50,530.47965
-1.410944,50,530.869214
-0.568728,50,531.207581
-0.815012,50,531.558789
-0.768442,50,531.901941
-1.674003,50,532.269516
-0.700838,50,532.611216
-0.909855,50,532.958966
-0.898177,50,533.29765
-0.787057,50,533.676522
-0.958509,50,534.031115
-0.661126,50,534.373295
-0.441372,50,534.717801
-0.723614,50,535.081437
-0.633987,50,535.422054
-0.773441,50,535.763006
-0.735295,50,536.099367
-0.624651,50,536.481073
-0.534714,50,536.825875
-0.867816,50,537.175109
-0.650557,50,537.511345
-0.697466,50,537.875725
-0.739655,50,538.21303
-0.664877,50,538.547353
-0.63899,50,538.895793
-0.695438,50,539.300891
-0.497279,50,539.66454
-0.774749,50,540.01935
-0.419952,50,540.363335
-0.587554,50,540.737132
-0.816663,50,541.083596
-0.579014,50,541.422212
-0.700481,50,541.803833
-0.673658,50,542.193542
-0.708599,50,542.536947
-0.656541,50,542.8758
-0.684188,50,543.212451
-1.4571,50,543.585543
-0.620946,50,543.964738
-0.698549,50,544.310213
-0.467081,50,544.667568
-0.59555,50,545.057215
-0.85175,50,545.402443
-0.606809,50,545.747187
-0.588556,50,546.086464
-0.451134,50,546.449286
-1.67979,50,546.798012
-0.578722,50,547.13785
-0.644485,50,547.471876
-0.770012,50,547.864181
-0.630829,50,548.204521
-0.607952,50,548.546814
-0.743258,50,548.883245
-0.418252,50,549.244642
-0.64845,50,549.581878
-0.742899,50,549.919864
-0.81025,50,550.253789
-0.775369,50,550.628123
-0.716189,50,550.963208
-0.724309,50,551.296962
-0.619353,50,551.631142
-0.700051,50,551.994591
-0.414661,50,552.342658
-0.784562,50,552.675514
-0.652855,50,553.008003
-0.807666,50,553.364911
-0.485233,50,553.698736
-0.666931,50,554.036462
-0.69769,50,554.370327
-0.81912,50,554.752888
-0.790831,50,555.136487
-0.696369,50,555.492816
-0.554411,50,555.833433
-0.700826,50,556.20786
-0.649746,50,556.551892
-0.739874,50,556.895764
-0.799843,50,557.238357
-0.619944,50,557.641635
-0.614433,50,557.990103
-0.359818,50,558.33545
-0.567925,50,558.674551
-0.660778,50,559.042866
-0.513413,50,559.387772
-0.659867,50,559.73116
-0.720834,50,560.080089
-0.49842,50,560.466496
-0.619156,50,560.817611
-1.031682,50,561.164728
-0.403082,50,561.501273
-0.70508,50,561.860546
-0.533966,50,562.207448
-0.64383,50,562.54461
-0.580495,50,562.877104
-0.621788,50,563.252846
-0.655258,50,563.589466
-0.535431,50,563.928932
-0.623797,50,564.268668
-0.702402,50,564.640808
-0.613805,50,564.987465
-0.645744,50,565.326162
-0.542129,50,565.659993
-0.66839,50,566.069303
-0.601489,50,566.415631
-0.635406,50,566.755732
-0.501081,50,567.127289
-0.637172,50,567.519472
-0.53934,50,567.859026
-0.866392,50,568.200744
-0.562353,50,568.551487
-0.609369,50,568.971972
-0.482898,50,569.330375
-0.596312,50,569.668018
-0.481599,50,570.023748
-0.365775,50,570.388622
-0.846126,50,570.729318
-0.613029,50,571.066218
-0.609077,50,571.407945
-0.64704,50,571.807049
-0.556549,50,572.165084
-0.554691,50,572.50372
-0.781984,50,572.839069
-0.517787,50,573.220573
-0.567743,50,573.569789
-0.518129,50,573.918502
-0.710175,50,574.273785
-0.55159,50,574.634829
-0.819863,50,574.978926
-0.628465,50,575.319446
-0.686155,50,575.664447
-0.612082,50,576.048601
-0.729163,50,576.406148
-0.83884,50,576.745429
-0.600784,50,577.083305
-0.557321,50,577.45296
-0.818009,50,577.803675
-0.941018,50,578.145392
-0.595099,50,578.507855
-0.882987,50,578.884611
-1.257531,50,579.233026
-0.547519,50,579.574931
-0.485633,50,579.92048
-0.505486,50,580.301424
-0.535514,50,580.663608
-0.577222,50,581.00905
-0.752649,50,581.351446
-0.645547,50,581.737578
-0.942009,50,582.098506
-1.01593,50,582.493123
-0.584106,50,582.842881
-0.728442,50,583.22976
-0.686915,50,583.571064
-0.519525,50,583.944509
-0.499841,50,584.319165
-0.441704,50,584.69499
-0.540108,50,585.054576
-0.466691,50,585.395982
-0.647508,50,585.736901
-0.585735,50,586.09927
-0.335748,50,586.436253
-0.513292,50,586.773727
-0.532041,50,587.121485
-0.749226,50,587.50618
-1.11785,50,587.849185
-0.749791,50,588.205619
-0.61888,50,588.54155
-0.652501,50,588.922649
-0.381311,50,589.280043
-0.572552,50,589.623623
-0.593731,50,589.981704
-0.6177,50,590.343521
-0.674235,50,590.677329
-0.740754,50,591.03476
-0.559356,50,591.385136
-0.501422,50,591.769813
-0.46727,50,592.109617
-0.613152,50,592.462427
-0.637719,50,592.808168
-0.749733,50,593.189856
-0.599688,50,593.547963
-0.67327,50,593.885115
-0.799208,50,594.225725
-0.557416,50,594.590769
-0.68989,50,594.948744
-0.620428,50,595.298319
-0.71615,50,595.642045
-0.681851,50,596.035866
-0.56397,50,596.378208
-0.41154,50,596.717064
-0.956458,50,597.061891
-0.462544,50,597.425134
-0.525835,50,597.7817
-0.473034,50,598.119363
-0.548083,50,598.471688
-0.580059,50,598.843088
-0.614152,50,599.185985
-0.597929,50,599.520933
-0.77613,50,599.855824
-0.599367,50,600.269468
-0.567844,50,600.624668
-0.605229,50,600.965179
-0.584215,50,601.307216
-0.544482,50,601.686105
-0.720092,50,602.050878
-0.932288,50,602.413929
-0.877397,50,602.774417
-0.74138,50,603.145626
-0.613888,50,603.4885
-0.705845,50,603.8553
-0.629235,50,604.220284
-0.709281,50,604.6066
-1.379594,50,605.007519
-0.59438,50,605.358171
-0.488925,50,605.743322
-0.618635,50,606.098227
-0.49142,50,606.451765
-1.703248,50,606.803593
-0.657871,50,607.14808
-0.63574,50,607.511874
-0.75646,50,607.851479
-0.631755,50,608.194286
-0.559697,50,608.534574
-0.836719,50,608.911719
-0.476993,50,609.255237
-0.790002,50,609.595372
-0.607011,50,609.941698
-0.851901,50,610.351009
-0.531235,50,610.716341
-0.394377,50,611.073523
-0.507176,50,611.423293
-0.654536,50,611.790617
-0.450484,50,612.136689
-0.950518,50,612.489851
-0.538332,50,612.831826
-0.472722,50,613.214021
-0.62146,50,613.56689
-0.607677,50,613.915559
-0.515922,50,614.254636
-0.735697,50,614.615952
-0.920238,50,614.972123
-0.671754,50,615.311135
-0.850888,50,615.650271
-0.855386,50,616.011265
-0.772339,50,616.348708
-0.898927,50,616.689206
-0.517175,50,617.024176
-0.59286,50,617.403275
-1.35524,50,617.755511
-0.619697,50,618.105076
-0.806612,50,618.480156
-0.667528,50,618.87908
-0.663662,50,619.253807
-0.676269,50,619.612151
-1.444472,50,620.038807
-0.472991,50,620.387071
-0.983599,50,620.768254
-0.538363,50,621.14707
-1.20273,50,621.56448
-0.763326,50,621.937119
-0.531866,50,622.303591
-0.527983,50,622.653085
-0.667829,50,622.997775
-0.67179,50,623.364614
-0.601291,50,623.729808
-0.417083,50,624.072326
-0.583302,50,624.419396
-0.564814,50,624.784894
-0.725708,50,625.144012
-0.799767,50,625.487203
-0.718174,50,625.825552
-0.494221,50,626.213293
-0.519868,50,626.572673
-0.670658,50,626.915661
-0.332799,50,627.256197
-0.405092,50,627.619817
-0.717159,50,627.978038
-0.432857,50,628.338861
-0.583392,50,628.702676
-0.57571,50,629.082537
-1.230032,50,629.429697
-0.627462,50,629.768517
-0.599969,50,630.108298
-0.664672,50,630.47216
-0.442577,50,630.823698
-0.384455,50,631.17011
-0.531298,50,631.522314
-0.583162,50,631.908298
-0.408492,50,632.258722
-0.476968,50,632.597094
-0.553845,50,632.939675
-0.730884,50,633.31861
-0.54635,50,633.654597
-0.583062,50,633.996061
-0.548678,50,634.333489
-0.673067,50,634.712273
-0.518961,50,635.045129
-0.647396,50,635.364513
-0.380612,50,635.689142
-0.611591,50,636.062578
-0.379479,50,636.394379
-0.419532,50,636.722584
-0.424644,50,637.049259
-0.48171,50,637.411746
-0.476148,50,637.750669
-0.619652,50,638.077441
-0.513512,50,638.397552
-1.760184,50,638.757012
-0.630811,50,639.085391
-0.726693,50,639.404548
-0.616329,50,639.735062
-0.668209,50,640.116705
-0.603002,50,640.459684
-0.638802,50,640.797729
-0.508353,50,641.122028
-0.46162,50,641.482213
-0.754688,50,641.81744
-0.684977,50,642.14257
-0.799979,50,642.461915
-0.583942,50,642.813704
-0.695937,50,643.140647
-0.611562,50,643.462831
-0.615834,50,643.78471
-0.684226,50,644.147879
-0.447752,50,644.470261
-0.557221,50,644.795415
-0.469299,50,645.11892
-0.48676,50,645.468926
-0.61784,50,645.804342
-0.637665,50,646.128178
-0.52757,50,646.453135
-0.651429,50,646.808048
-0.686232,50,647.141653
-0.78314,50,647.462525
-0.603275,50,647.786286
-0.638258,50,648.153205
-0.565669,50,648.475493
-0.655257,50,648.811378
-0.743147,50,649.146221
-0.46134,50,649.500748
-0.604248,50,649.834694
-0.60781,50,650.171878
-1.422686,50,650.508844
-0.514667,50,650.902077
-0.707943,50,651.232239
-0.75302,50,651.554766
-0.473637,50,651.886485
-0.699938,50,652.250173
-0.808329,50,652.599046
-0.746833,50,652.923906
-0.558415,50,653.249499
-0.594217,50,653.654071
-0.479869,50,653.992436
-0.563192,50,654.31977
-0.832329,50,654.645693
-0.780127,50,655.004363
-0.69568,50,655.369059
-0.747639,50,655.704057
-0.583118,50,656.02622
-0.56825,50,656.385696
-0.503877,50,656.70601
-0.557485,50,657.042152
-0.651155,50,657.3913
-0.835559,50,657.794673
-0.640203,50,658.127823
-0.791594,50,658.459351
-0.491424,50,658.783994
-0.701066,50,659.154521
-0.403052,50,659.493892
-0.594222,50,659.833012
-1.226121,50,660.175618
-0.961947,50,660.535406
-0.592533,50,660.858484
-0.823157,50,661.187542
-0.514491,50,661.508051
-0.4987,50,661.885283
-0.647736,50,662.410377
-0.582338,50,662.741402
-0.378251,50,663.078747
-0.661448,50,663.436251
-0.611292,50,663.767307
-0.559849,50,664.096608
-0.386448,50,664.42493
-0.533087,50,664.796938
-0.557936,50,665.129742
-0.414869,50,665.460627
-0.618762,50,665.791033
-0.553343,50,666.166221
-0.329384,50,666.511627
-0.377541,50,666.842214
-0.466149,50,667.173146
-0.473572,50,667.529152
-0.599424,50,667.876753
-0.494433,50,668.21683
-0.458563,50,668.554725
-0.44177,50,668.938155
-0.630237,50,669.277773
-0.70554,50,669.609595
-0.659928,50,669.945516
-0.53547,50,670.318755
-0.912425,50,670.662598
-0.560906,50,670.991852
-0.532538,50,671.328423
-0.481309,50,671.743722
-1.855645,50,672.094922
-0.713446,50,672.427359
-0.541437,50,672.764936
-0.381559,50,673.128964
-0.551978,50,673.479686
-0.679844,50,673.815984
-1.830762,50,674.169247
-0.827714,50,674.530246
-0.473333,50,674.862084
-0.436754,50,675.198891
-0.514031,50,675.528119
-0.492185,50,675.898455
-0.588139,50,676.229918
-0.691885,50,676.560658
-0.627705,50,676.893862
-0.648321,50,677.261492
-0.523498,50,677.609127
-0.548202,50,677.94197
-0.67565,50,678.27379
-0.461504,50,678.629987
-0.319267,50,678.960347
-0.43909,50,679.293626
-0.837905,50,679.629249
-0.586645,50,680.01001
-0.672243,50,680.359945
-0.786579,50,680.706307
-0.916794,50,681.05561
-0.358363,50,681.422092
-0.382729,50,681.765146
-0.799319,50,682.109076
-0.438578,50,682.441343
-1.481687,50,682.813678
-0.434501,50,683.143201
-0.534466,50,683.471731
-0.540724,50,683.798487
-0.587622,50,684.166834
-0.651875,50,684.499024
-0.907598,50,684.836025
-0.658757,50,685.165159
-0.596401,50,685.537325
-0.748983,50,685.87942
-1.264445,50,686.215178
-0.575445,50,686.54606
-0.587785,50,686.904665
-0.761668,50,687.236592
-0.531824,50,687.567872
-0.753917,50,687.90202
-0.772707,50,688.284904
-0.650565,50,688.638215
-0.63874,50,688.968848
-0.735065,50,689.299927
-0.497548,50,689.654061
-0.509315,50,689.983568
-0.460474,50,690.314996
-0.624086,50,690.651312
-0.516909,50,691.030036
-0.664688,50,691.360268
-0.874834,50,691.685791
-0.965673,50,692.014575
-0.489942,50,692.384346
-1.327369,50,692.732192
-0.596038,50,693.060354
-0.698773,50,693.388334
-0.622285,50,693.742425
-0.550357,50,694.088571
-0.847504,50,694.419092
-0.55313,50,694.745361
-0.579033,50,695.112384
-0.57484,50,695.459376
-0.813016,50,695.795205
-0.645563,50,696.125901
-0.433581,50,696.528114
-0.646569,50,696.883615
-0.761463,50,697.227324
-0.668062,50,697.556996
-0.543844,50,697.94835
-0.738181,50,698.282638
-0.580997,50,698.621119
-0.537832,50,698.954712
-0.543773,50,699.333069
-0.708726,50,699.687677
-0.651728,50,700.038095
-0.583933,50,700.372236
-0.499568,50,700.796525
-0.580076,50,701.154088
-0.395386,50,701.494807
-0.428339,50,701.844413
-0.658506,50,702.278461
-0.55833,50,702.629637
-0.518341,50,702.968231
-0.760499,50,703.329166
-0.678656,50,703.712631
-0.52376,50,704.060313
-0.625201,50,704.398518
-0.539028,50,704.745834
-0.578589,50,705.114161
-0.480423,50,705.456118
-0.433722,50,705.815528
-0.818579,50,706.183035
-0.480248,50,706.556213
-0.594281,50,706.912768
-0.491107,50,707.257648
-0.50309,50,707.612524
-0.567227,50,707.99468
-0.647228,50,708.337637
-0.575769,50,708.676857
-0.691085,50,709.008463
-0.506198,50,709.387473
-1.061457,50,709.737259
-0.666117,50,710.070774
-0.499422,50,710.401736
-0.425334,50,710.772905
-1.189389,50,711.123234
-0.684146,50,711.460997
-0.660253,50,711.796154
-0.654389,50,712.15675
-0.786343,50,712.50574
-0.730057,50,712.841437
-0.80182,50,713.18253
-0.891569,50,713.557762
-0.852445,50,713.902
-0.514429,50,714.239813
-0.616428,50,714.574351
-0.602654,50,714.955362
-0.83696,50,715.311687
-0.777414,50,715.65634
-0.749926,50,715.992016
-0.81781,50,716.383278
-0.53321,50,716.719671
-0.704377,50,717.0543
-0.505755,50,717.387734
-1.022441,50,717.77514
-0.480091,50,718.134023
-0.545145,50,718.466679
-0.491321,50,718.797785
-0.585329,50,719.187919
-0.718393,50,719.523648
-0.381562,50,719.854909
-1.739532,50,720.193494
-0.438878,50,720.569915
-0.801484,50,720.926895
-1.436446,50,721.271386
-0.567534,50,721.603961
-0.818822,50,721.992897
-0.749435,50,722.336304
-0.715881,50,722.666162
-0.599051,50,722.994474
-0.407512,50,723.349947
-0.5792,50,723.708137
-1.024912,50,724.047537
-0.389955,50,724.378656
-0.809858,50,724.745809
-0.840443,50,725.086247
-0.633004,50,725.417822
-0.705691,50,725.753471
-0.788781,50,726.12815
-0.76105,50,726.48098
-0.640767,50,726.814247
-0.561406,50,727.148582
-0.654396,50,727.536484
-0.339911,50,727.878155
-0.598304,50,728.211214
-0.644787,50,728.541325
-0.778549,50,728.899215
-0.640168,50,729.253763
-1.594441,50,729.592255
-0.715746,50,729.926326
-0.720301,50,730.313437
-0.687298,50,730.656713
-0.618343,50,730.994222
-0.670621,50,731.329127
-0.560148,50,731.688327
-0.598559,50,732.032748
-0.443721,50,732.367265
-0.546528,50,732.699413
-0.356851,50,733.093362
-0.440622,50,733.433931
-0.606635,50,733.768442
-0.608216,50,734.101256
-0.51289,50,734.466466
-0.625094,50,734.816862
-0.433391,50,735.147777
-0.614984,50,735.478225
-0.549503,50,735.84741
-0.344701,50,736.191106
-0.795623,50,736.530937
-0.470583,50,736.860517
-1.281543,50,737.226211
-0.502505,50,737.576844
-0.475265,50,737.910624
-0.415316,50,738.244857
-0.619001,50,738.627028
-0.30042,50,738.968453
-0.367421,50,739.299365
-0.462498,50,739.628248
-0.647781,50,740.019434
-0.620644,50,740.359685
-0.524053,50,740.698636
-0.432568,50,741.033558
-0.625872,50,741.394971
-0.74492,50,741.752797
-0.697846,50,742.089663
-1.396372,50,742.428324
-0.516712,50,742.790859
-0.631976,50,743.134637
-0.790745,50,743.46881
-0.444877,50,743.802351
-0.602316,50,744.201648
-1.458221,50,744.55294
-1.733261,50,744.894507
-0.470881,50,745.231559
-0.596734,50,745.589901
-0.5703,50,745.944142
-0.638309,50,746.280949
-0.815532,50,746.613566
-0.68084,50,746.998256
-0.445394,50,747.341156
-0.636851,50,747.674327
-0.501209,50,748.006192
-0.829768,50,748.362911
-0.641763,50,748.714856
-1.196714,50,749.052402
-0.542226,50,749.386924
-0.532726,50,749.756324
-0.647821,50,750.100146
-0.695491,50,750.431392
-0.788196,50,750.769812
-0.868004,50,751.128857
-0.669656,50,751.47208
-0.545951,50,751.804543
-0.744308,50,752.134285
-0.567769,50,752.530158
-0.455801,50,752.873386
-0.316209,50,753.205435
-0.393514,50,753.538667
-0.401298,50,753.915797
-0.425743,50,754.272989
-0.400923,50,754.603573
-0.528243,50,754.935696
-0.417529,50,755.325836
-0.488336,50,755.665812
-0.642609,50,756.005114
-0.700778,50,756.346683
-0.74512,50,756.701804
-0.812298,50,757.054598
-0.798261,50,757.391088
-0.829663,50,757.724026
-0.696049,50,758.09189
-0.635002,50,758.434504
-0.485123,50,758.768973
-0.748929,50,759.102173
-1.761331,50,759.466923
-0.617319,50,759.80922
-0.613162,50,760.140773
-0.5892,50,760.473745
-0.285554,50,760.850167
-0.35305,50,761.194238
-0.307098,50,761.526875
-1.546162,50,761.86709
-0.725389,50,762.2433
-0.688476,50,762.583604
-0.661794,50,762.917863
-0.47428,50,763.2487
-0.430922,50,763.646847
-0.65346,50,763.98802
-0.558008,50,764.322953
-0.542239,50,764.651853
-0.365904,50,765.009873
-0.542165,50,765.363638
-0.324541,50,765.695328
-0.481356,50,766.033875
-0.498587,50,766.396624
-0.417348,50,766.749396
-0.386264,50,767.083498
-0.473891,50,767.417215
-0.558496,50,767.802283
-0.595834,50,768.148246
-0.73526,50,768.481392
-0.609124,50,768.815814
-0.77262,50,769.175694
-0.621316,50,769.534559
-0.590092,50,769.868801
-0.623029,50,770.203622
-0.81191,50,770.561426
-0.476597,50,770.918956
-0.45465,50,771.254445
-1.817507,50,771.595949
-0.449224,50,771.962051
-0.561193,50,772.304096
-0.430865,50,772.641492
-0.393099,50,772.971279
-0.57359,50,773.348453
-0.47985,50,773.70069
-0.617687,50,774.036017
-0.342057,50,774.374608
-0.374946,50,774.734812
-0.339764,50,775.075922
-0.391306,50,775.412327
-0.380844,50,775.743611
-1.827688,50,776.149933
-0.442984,50,776.492743
-0.638039,50,776.822619
-0.559766,50,777.155581
-0.438708,50,777.529005
-0.505662,50,777.870378
-0.92404,50,778.21085
-0.383148,50,778.540512
-0.801293,50,778.899683
-0.639337,50,779.243491
-0.288696,50,779.577501
-0.363411,50,779.912038
-0.501117,50,780.313816
-0.594532,50,780.660426
-0.531064,50,780.999247
-0.529773,50,781.333796
-0.985541,50,781.695725
-0.70744,50,782.039109
-1.716185,50,782.382437
-0.875558,50,782.720198
-0.824078,50,783.101971
-0.610857,50,783.445088
-0.321137,50,783.784188
-0.404587,50,784.115367
-0.524039,50,784.495121
-0.46138,50,784.849303
-0.607304,50,785.183838
-0.653474,50,785.517055
-0.5561,50,785.892036
-0.581728,50,786.236045
-0.417698,50,786.567087
-0.535432,50,786.897055
-0.65442,50,787.264051
-0.429129,50,787.604551
-0.589787,50,787.937392
-0.382776,50,788.271972
-0.591937,50,788.66779
-1.50812,50,789.014372
-0.487701,50,789.345311
-1.636659,50,789.683387
-0.255877,50,790.058847
-0.494185,50,790.411402
-0.535425,50,790.74496
-0.349611,50,791.079815
-0.536664,50,791.471732
-0.564784,50,791.816812
-0.555884,50,792.147437
-1.370146,50,792.487808
-0.503441,50,792.845129
-0.585365,50,793.184645
-0.624344,50,793.518462
-0.545974,50,793.850612
-0.521736,50,794.244324
-0.531062,50,794.585192
-1.526765,50,794.924468
-0.401991,50,795.256
-0.624429,50,795.620188
-0.614114,50,795.985163
-0.532996,50,796.318372
-0.706969,50,796.650036
-0.674169,50,797.03865
-0.747965,50,797.383712
-0.676708,50,797.720472
-0.92662,50,798.06064
-1.150385,50,798.439388
-0.586873,50,798.794402
-0.496935,50,799.128535
-1.853419,50,799.469055
-0.553158,50,799.846023
-0.422637,50,800.187389
-0.367882,50,800.52908
-0.519354,50,800.868217
-0.567924,50,801.266253
-0.49821,50,801.612043
-0.475008,50,801.94578
-0.642805,50,802.282756
-0.589421,50,802.670589
-0.58445,50,803.018271
-0.662298,50,803.356625
-0.487919,50,803.691479
-0.304092,50,804.079765
-0.620224,50,804.432173
-0.680536,50,804.76625
-0.469744,50,805.100155
-0.455471,50,805.477325
-0.282848,50,805.831657
-0.631636,50,806.178837
-0.440763,50,806.512628
-0.658763,50,806.870565
-0.63801,50,807.22648
-0.626606,50,807.560007
-0.335153,50,807.891168
-0.435896,50,808.26383
-0.311234,50,808.603555
-1.055754,50,808.941139
-0.702515,50,809.278937
-0.299183,50,809.651103
-0.423731,50,810.010941
-0.684888,50,810.355102
-0.243907,50,810.691665
-0.538941,50,811.074667
-1.298819,50,811.427652
-0.285852,50,811.762992
-0.422839,50,812.093439
-1.490611,50,812.474717
-0.573044,50,812.841556
-0.595888,50,813.176351
-0.5461,50,813.522563
-0.550452,50,813.885096
-0.460635,50,814.237648
-0.553632,50,814.585637
-0.552711,50,814.922419
-0.461116,50,815.309304
-0.596839,50,815.658354
-0.4403,50,815.998872
-0.755341,50,816.337006
-0.823143,50,816.714154
-0.726697,50,817.057705
-0.660164,50,817.393519
-1.450606,50,817.737098
-0.580997,50,818.115586
-1.062617,50,818.465552
-1.175912,50,818.807947
-0.770386,50,819.140185
-0.5982,50,819.522062
-0.418496,50,819.872742
-1.655019,50,820.211808
-0.54169,50,820.546178
-0.475287,50,820.937964
-0.592285,50,821.284763
-0.837735,50,821.622221
-0.481317,50,821.956239
-0.519988,50,822.33304
-0.396419,50,822.696876
-0.62935,50,823.031519
-0.542615,50,823.367834
-0.637023,50,823.755308
-0.390212,50,824.094924
-0.505999,50,824.426162
-0.623067,50,824.755962
-0.465013,50,825.120606
-0.301951,50,825.474337
-0.992399,50,825.816408
-0.589817,50,826.153612
-0.259285,50,826.541186
-0.493308,50,826.883835
-0.41925,50,827.218929
-0.371568,50,827.552848
-0.500285,50,827.929383
-0.4696,50,828.276313
-1.356028,50,828.615877
-0.687172,50,828.946837
-0.31018,50,829.329229
-0.403323,50,829.672045
-0.431278,50,830.003996
-0.746754,50,830.338982
-0.635441,50,830.725401
-0.684295,50,831.074323
-0.550932,50,831.410929
-0.709094,50,831.74748
-0.814506,50,832.12708
-0.535306,50,832.481054
-0.399601,50,832.815084
-0.678291,50,833.146419
-1.177175,50,833.52866
-0.825389,50,833.872053
-0.648449,50,834.207214
-0.528371,50,834.536345
-0.461172,50,834.908946
-0.464424,50,835.250736
-0.426355,50,835.58232
-0.5153,50,835.913513
-0.353692,50,836.291926
-0.645834,50,836.818157
-0.416789,50,837.149128
-0.504728,50,837.481402
-0.591902,50,837.841728
-0.52745,50,838.194847
-0.46351,50,838.525849
-0.392485,50,838.856187
-0.448293,50,839.242669
-0.505603,50,839.588571
-0.514731,50,839.925842
-0.60147,50,840.259499
-0.686492,50,840.634615
-0.821393,50,840.989402
-1.412806,50,841.339777
-0.809066,50,841.680144
-0.870536,50,842.066395
-0.973512,50,842.407542
-0.890716,50,842.745991
-0.69774,50,843.076716
-0.499696,50,843.453099
-0.653093,50,843.812239
-0.512593,50,844.144788
-0.642885,50,844.47501
-0.895655,50,844.843624
-1.017048,50,845.185801
-0.71155,50,845.520645
-0.938913,50,845.853854
-0.682021,50,846.227066
-0.69355,50,846.572379
-0.950834,50,846.912902
-1.360476,50,847.25176
-0.785253,50,847.624148
-0.566944,50,847.967121
-0.490323,50,848.303508
-0.510972,50,848.638048
-0.49403,50,849.022104
-0.637956,50,849.373779
-0.549672,50,849.710461
-0.545484,50,850.047104
-0.452713,50,850.405306
-0.79928,50,850.759668
-0.40188,50,851.095652
-0.970453,50,851.428662
-0.733055,50,851.80751
-0.758091,50,852.150038
-0.714712,50,852.484082
-0.822192,50,852.813965
-0.92775,50,853.172504
-0.961829,50,853.517857
-0.851285,50,853.849977
-0.897905,50,854.187868
-0.60326,50,854.58008
-0.671086,50,854.921787
-0.496267,50,855.252815
-0.773848,50,855.583844
-0.595016,50,855.943568
-0.547148,50,856.301507
-0.81596,50,856.635316
-0.837975,50,856.96703
-0.798365,50,857.328161
-0.692565,50,857.675002
-0.632592,50,858.010364
-0.516814,50,858.34436
-0.79497,50,858.719354
-0.78199,50,859.060531
-0.625068,50,859.392901
-0.612937,50,859.725137
-1.274525,50,860.105564
-0.727503,50,860.461196
-0.860529,50,860.794842
-0.518566,50,861.129678
-0.894054,50,861.498153
-0.703886,50,861.8404
-0.714449,50,862.178881
-0.396605,50,862.508772
-1.183968,50,862.890039
-0.716343,50,863.2441
-0.976971,50,863.584622
-1.079314,50,863.918308
-0.718053,50,864.27947
-0.777504,50,864.61987
-0.52338,50,864.95124
-0.697787,50,865.27995
-0.806291,50,865.675998
-0.54745,50,866.021394
-1.041313,50,866.368038
-0.658463,50,866.705827
-0.673195,50,867.063534
-0.773197,50,867.415915
-0.724966,50,867.757972
-0.952573,50,868.092819
-0.78607,50,868.44198
-0.756436,50,868.784984
-0.688709,50,869.122006
-0.666722,50,869.457111
-0.649827,50,869.842195
-0.667831,50,870.187323
-0.432151,50,870.521295
-0.743196,50,870.857407
-1.054794,50,871.238566
-0.795535,50,871.580661
-0.582763,50,871.913299
-0.79292,50,872.247795
-0.774028,50,872.60555
-0.716941,50,872.959651
-0.550669,50,873.299115
-0.832903,50,873.628862
-0.664925,50,873.99092
-0.901532,50,874.332253
-0.730083,50,874.669896
-0.593418,50,875.000144
-0.589151,50,875.37428
-0.654258,50,875.718149
-0.483391,50,876.051073
-0.627896,50,876.386252
-0.707207,50,876.769164
-0.763365,50,877.109528
-0.575383,50,877.446909
-0.756602,50,877.777586
-0.827646,50,878.170663
-0.709859,50,878.510302
-0.886821,50,878.841196
-0.619924,50,879.170551
-0.813607,50,879.558372
-1.102487,50,879.927967
-1.320231,50,880.267541
-0.790113,50,880.599982
-0.831143,50,880.971455
-0.740793,50,881.319254
-0.451854,50,881.660953
-0.543342,50,881.992171
-0.722187,50,882.366346
-0.734362,50,882.719481
-0.673614,50,883.054234
-0.443168,50,883.384632
-0.527161,50,883.744242
-0.897881,50,884.102309
-1.023526,50,884.435935
-0.471917,50,884.784101
-0.481682,50,885.165849
-0.574325,50,885.507631
-0.807786,50,885.842783
-0.713023,50,886.178068
-0.581257,50,886.562013
-0.809604,50,886.917002
-0.753474,50,887.25015
-0.85833,50,887.581897
-0.833529,50,887.941958
-0.794519,50,888.284999
-0.74595,50,888.62076
-0.715424,50,888.955246
-0.604966,50,889.332068
-0.726742,50,889.672872
-0.7171,50,890.006057
-0.766306,50,890.344406
-0.699813,50,890.700192
-0.590224,50,891.057837
-0.847256,50,891.399263
-0.859329,50,891.739268
-0.649345,50,892.112247
-0.910695,50,892.453719
-0.75295,50,892.785892
-0.755462,50,893.118056
-0.718679,50,893.497636
-0.871172,50,893.840265
-0.629046,50,894.174526
-0.624381,50,894.507487
-0.746632,50,894.901934
-0.775965,50,895.247708
-0.60495,50,895.582628
-0.57088,50,895.916647
-0.836576,50,896.290968
-0.629437,50,896.63736
-0.832953,50,896.974676
-0.947047,50,897.311136
-0.740493,50,897.682798
-0.633015,50,898.031463
-0.954727,50,898.371403
-0.851358,50,898.706495
-0.751214,50,899.066324
-0.677374,50,899.421895
-1.416943,50,899.758035
-0.861156,50,900.090535
-1.246106,50,900.453751
-0.933897,50,900.798887
-1.314741,50,901.136721
-0.842602,50,901.498285
-0.524352,50,901.86966
-0.567817,50,902.213193
-1.165994,50,902.557323
-1.235368,50,902.895072
-0.788758,50,903.275602
-0.786123,50,903.620461
-0.866348,50,903.955953
-0.544945,50,904.288238
-0.928248,50,904.657764
-0.533159,50,905.006791
-0.701419,50,905.340143
-0.980299,50,905.671542
-0.900831,50,906.048905
-0.93376,50,906.397788
-0.55504,50,906.734639
-1.579382,50,907.077553
-0.608761,50,907.453875
-0.696647,50,907.811507
-0.515347,50,908.1517
-0.522254,50,908.482159
-0.366886,50,908.841378
-0.422063,50,909.194493
-0.539644,50,909.537663
-0.520337,50,909.873318
-0.721772,50,910.249997
-1.316549,50,910.596734
-0.494716,50,910.929803
-0.283883,50,911.268206
-0.474127,50,911.653467
-0.73983,50,911.996263
-0.545262,50,912.336937
-0.389159,50,912.673508
-0.59072,50,913.065136
-0.542093,50,913.413894
-0.358963,50,913.748972
-0.399494,50,914.08813
-0.551197,50,914.445188
-0.288674,50,914.797965
-0.529493,50,915.131173
-0.452677,50,915.461081
-0.338786,50,915.823659
-0.447957,50,916.177969
-0.587173,50,916.5138
-0.489947,50,916.847721
-0.52951,50,917.218904
-0.539165,50,917.565751
-1.068617,50,917.908508
-0.865652,50,918.244071
-0.575845,50,918.621302
-0.579288,50,918.974257
-0.816891,50,919.31077
-0.681392,50,919.643016
-0.681366,50,920.024198
-0.273503,50,920.364203
-0.782833,50,920.69949
-0.459936,50,921.029434
-0.92178,50,921.439216
-0.466125,50,921.781826
-0.587152,50,922.113936
-0.709585,50,922.451256
-0.661322,50,922.829381
-0.488128,50,923.172128
-0.533869,50,923.511417
-0.398578,50,923.844141
-0.573001,50,924.217039
-0.864074,50,924.565669
-0.531268,50,924.901438
-0.451025,50,925.236443
-0.329908,50,925.607085
-0.641228,50,925.949549
-1.8114,50,926.293266
-0.559243,50,926.640771
-0.780905,50,927.018048
-0.51502,50,927.37195
-1.429811,50,927.712261
-0.578254,50,928.04459
-0.418776,50,928.408829
-0.69626,50,928.764899
-0.630838,50,929.097484
-0.84463,50,929.429445
-0.521614,50,929.808982
-0.412415,50,930.153687
-0.467464,50,930.484796
-0.545784,50,930.815369
-0.296918,50,931.215675
-0.543004,50,931.561762
-0.327551,50,931.899485
-0.382764,50,932.237654
-0.507065,50,932.597274
-0.567263,50,932.948118
-0.712659,50,933.280632
-0.719115,50,933.613137
-0.66755,50,934.009927
-0.527457,50,934.352208
-0.493276,50,934.685949
-0.314852,50,935.016816
-0.352048,50,935.400173
-0.449865,50,935.75449
-0.492511,50,936.087153
-0.708119,50,936.428052
-0.643567,50,936.789142
-0.718711,50,937.14074
-0.618903,50,937.477598
-0.495108,50,937.819791
-0.521039,50,938.187313
-0.520718,50,938.529262
-0.522065,50,938.861097
-0.632572,50,939.191898
-0.5775,50,939.567108
-0.63058,50,939.907772
-1.266169,50,940.251577
-0.493269,50,940.585861
-0.583608,50,940.961459
-0.523009,50,941.313877
-0.280754,50,941.652836
-0.512806,50,941.987629
-0.540732,50,942.367594
-0.409239,50,942.723889
-0.507593,50,943.065594
-0.732181,50,943.418677
-1.616524,50,943.786994
-0.649604,50,944.143143
-0.333308,50,944.475767
-0.331485,50,944.807665
-0.527555,50,945.16905
-1.136093,50,945.524254
-0.38339,50,945.857114
-0.378099,50,946.188961
-0.446951,50,946.567256
-0.417364,50,946.914421
-1.712692,50,947.257105
-0.484163,50,947.591077
-0.678995,50,947.968974
-0.631144,50,948.319482
-0.590268,50,948.660908
-0.886559,50,948.997949
-0.647531,50,949.377917
-0.646846,50,949.725845
-0.433019,50,950.060712
-0.42615,50,950.3924
-0.622939,50,950.769873
-0.294077,50,951.127605
-0.534873,50,951.463549
-0.430892,50,951.797205
-0.655312,50,952.176424
-0.360912,50,952.530975
-0.642353,50,952.867532
-0.604059,50,953.19898
-0.499245,50,953.584169
-0.549841,50,953.925866
-0.398608,50,954.260725
-0.40076,50,954.593574
-0.535143,50,954.966136
-0.940095,50,955.322404
-0.314839,50,955.6578
-0.665531,50,955.993444
-0.322877,50,956.383312
-0.787205,50,956.737562
-0.443306,50,957.076306
-0.673613,50,957.411771
-0.382732,50,957.771347
-0.40132,50,958.128108
-0.343617,50,958.462237
-0.530813,50,958.798184
-0.693863,50,959.165877
-0.709486,50,959.50869
-0.555394,50,959.840546
-0.484237,50,960.17593
-0.28223,50,960.575434
-0.424482,50,960.917256
-0.478,50,961.248875
-1.688114,50,961.593349
-0.473223,50,961.950734
-0.628311,50,962.292829
-0.480749,50,962.625051
-0.390003,50,962.957789
-0.496606,50,963.328955
-0.305804,50,963.673688
-0.32075,50,964.008784
-1.039893,50,964.351576
-0.973026,50,964.713763
-0.469659,50,965.068151
-0.795857,50,965.409688
-1.539751,50,965.750733
-0.423645,50,966.13534
-0.485546,50,966.487728
-0.609177,50,966.826546
-0.462173,50,967.159849
-0.550559,50,967.517366
-0.539254,50,967.868053
-0.678622,50,968.204868
-0.531446,50,968.535887
-0.352386,50,968.933184
-1.847265,50,969.285501
-0.633464,50,969.628165
-0.59044,50,969.96409
-1.424636,50,970.329531
-0.441671,50,970.68684
-0.749994,50,971.025023
-0.705014,50,971.360261
-1.529957,50,971.742517
-0.638514,50,972.085491
-0.571432,50,972.425397
-0.523605,50,972.765744
-0.363145,50,973.133257
-0.870138,50,973.482576
-0.622767,50,973.817002
-0.677247,50,974.148308
-0.622348,50,974.524609
-0.62092,50,974.871086
-0.490104,50,975.201724
-1.756101,50,975.540089
-0.941417,50,975.904308
-1.339307,50,976.265525
-0.471732,50,976.602716
-0.795724,50,976.936607
-0.614039,50,977.314895
-0.847539,50,977.66828
-0.616762,50,978.000001
-0.607757,50,978.3339
-0.498175,50,978.694086
-0.411349,50,979.04982
-0.362862,50,979.386554
-0.730985,50,979.726092
-0.718047,50,980.116717
-0.506989,50,980.462902
-0.506447,50,980.801571
-0.535685,50,981.135699
-0.827143,50,981.528748
-0.652597,50,981.877289
-0.401809,50,982.211048
-0.960362,50,982.551922
-0.819439,50,982.926666
-0.842672,50,983.270714
-0.501327,50,983.602795
-0.290112,50,983.934759
-0.282986,50,984.296163
-0.29905,50,984.651797
-0.615256,50,984.992698
-0.391337,50,985.327607
-0.610663,50,985.713103
-0.322046,50,986.06042
-0.473012,50,986.398182
-0.591313,50,986.7479
-0.554196,50,987.127253
-0.500183,50,987.471742
-0.735595,50,987.804597
-1.565898,50,988.142759
-0.950887,50,988.534927
-1.545969,50,988.885052
-0.785417,50,989.220856
-0.739074,50,989.556482
-0.942324,50,989.932883
-1.067628,50,990.298413
-0.585807,50,990.632411
-0.560006,50,990.965361
-0.852012,50,991.324907
-0.74193,50,991.687231
-0.584457,50,992.022502
-0.560428,50,992.363863
-0.773446,50,992.72711
-0.765604,50,993.072583
-0.577942,50,993.404182
-0.816447,50,993.739066
-0.664933,50,994.135642
-0.546817,50,994.485905
-0.271128,50,994.823468
-0.35124,50,995.164194
-0.53385,50,995.526656
-0.295159,50,995.897584
-0.486316,50,996.231933
-0.309143,50,996.567318
-0.650911,50,996.962313
-0.492032,50,997.302053
-0.627068,50,997.63507
-0.572131,50,997.967129
-0.456311,50,998.34373
-0.280636,50,998.686008
-1.024318,50,999.027099
-0.428503,50,999.363453
-0.322414,50,999.744676
-0.581554,50,1000.090402
-0.321382,50,1000.423113
-0.353462,50,1000.755315
-0.516439,50,1001.122852
-0.683994,50,1001.478252
-0.622719,50,1001.826519
-0.408071,50,1002.166445
-0.235254,50,1002.546102
-0.529108,50,1002.904722
-0.56125,50,1003.237468
-0.596687,50,1003.573962
-0.330485,50,1003.956924
-0.424445,50,1004.299034
-0.693485,50,1004.639764
-0.275891,50,1004.973945
-0.54822,50,1005.35539
-0.476674,50,1005.698278
-0.52729,50,1006.031321
-0.367537,50,1006.363653
-0.29196,50,1006.74253
-0.466223,50,1007.089034
-0.633474,50,1007.420807
-0.506672,50,1007.754341
-0.593732,50,1008.123227
-0.246821,50,1008.476706
-0.453771,50,1008.811401
-0.536944,50,1009.14802
-0.339058,50,1009.536348
-0.304156,50,1009.87873
-0.452648,50,1010.213146
-0.649249,50,1010.547962
-0.480107,50,1010.93537
-0.694247,50,1011.46502
-0.582515,50,1011.806424
-0.55146,50,1012.145739
-0.375423,50,1012.520616
-0.497911,50,1012.886563
-0.544668,50,1013.226046
-2.082648,50,1013.570795
-0.431674,50,1013.931136
-0.233778,50,1014.274479
-0.260688,50,1014.61036
-1.828977,50,1014.951732
-0.553062,50,1015.356195
-0.51447,50,1015.704891
-0.322407,50,1016.043966
-0.438887,50,1016.381962
-0.530888,50,1016.778584
-0.536865,50,1017.12395
-0.411926,50,1017.461801
-0.675284,50,1017.799125
-0.442236,50,1018.184723
-0.278155,50,1018.529739
-0.548717,50,1018.862156
-1.144743,50,1019.201445
-0.249826,50,1019.596063
-1.840494,50,1019.959963
-0.409664,50,1020.296074
-0.424713,50,1020.631727
-0.464738,50,1020.995429
-0.562117,50,1021.341098
-0.861084,50,1021.684363
-0.528811,50,1022.03819
-0.706862,50,1022.432318
-0.587612,50,1022.784064
-0.502602,50,1023.122872
-0.547297,50,1023.474764
-0.488803,50,1023.842544
-0.590407,50,1024.189973
-0.279494,50,1024.523271
-1.045885,50,1024.863331
-0.306931,50,1025.242451
-1.636545,50,1025.597502
-0.345414,50,1025.93928
-0.329502,50,1026.272565
-0.39558,50,1026.643024
-1.567196,50,1027.0054
-0.422718,50,1027.34624
-0.654821,50,1027.686854
-0.19899,50,1028.057224
-0.505984,50,1028.405526
-0.406788,50,1028.739548
-0.33811,50,1029.07286
-0.337214,50,1029.434924
-0.400648,50,1029.787043
-0.561986,50,1030.12788
-0.354303,50,1030.463582
-0.292089,50,1030.823107
-0.498279,50,1031.168585
-0.384832,50,1031.504463
-0.365928,50,1031.86811
-0.491539,50,1032.248422
-0.707208,50,1032.592269
-1.03964,50,1032.933624
-0.818116,50,1033.271388
-0.520154,50,1033.638513
-1.839869,50,1033.987984
-0.448798,50,1034.32667
-0.448722,50,1034.662815
-0.501123,50,1035.061833
-0.428312,50,1035.407064
-0.290301,50,1035.739327
-0.307668,50,1036.070793
-0.354589,50,1036.448334
-2.059494,50,1036.812528
-1.745828,50,1037.155226
-0.267649,50,1037.490035
-0.631886,50,1037.855211
-1.443442,50,1038.214767
-0.570136,50,1038.547108
-0.488002,50,1038.878817
-0.531296,50,1039.240995
-0.286548,50,1039.585948
-0.4447,50,1039.922236
-1.906946,50,1040.263318
-0.505675,50,1040.64559
-1.876687,50,1040.998913
-0.569185,50,1041.342627
-0.288172,50,1041.677753
-0.494991,50,1042.053639
-0.498294,50,1042.401483
-0.507139,50,1042.740616
-0.478088,50,1043.078353
-0.55515,50,1043.438029
-0.309524,50,1043.799679
-0.242928,50,1044.139058
-0.592406,50,1044.477514
-0.412501,50,1044.849369
-0.593774,50,1045.193352
-0.512832,50,1045.532309
-0.533848,50,1045.863834
-0.649673,50,1046.225131
-0.537325,50,1046.569047
-0.604244,50,1046.927707
-0.450935,50,1047.262729
-0.298378,50,1047.649402
-0.490926,50,1047.992897
-0.514425,50,1048.327354
-0.513721,50,1048.665305
-0.552199,50,1049.042608
-0.537032,50,1049.40506
-0.274466,50,1049.736764
-0.733924,50,1050.071381
-0.386054,50,1050.42775
-0.294716,50,1050.784114
-0.473055,50,1051.120972
-0.21496,50,1051.454157
-0.357853,50,1051.817385
-0.621567,50,1052.176257
-0.266046,50,1052.511114
-0.580753,50,1052.846873
-0.457178,50,1053.236543
-0.676663,50,1053.585563
-0.454483,50,1053.924381
-0.283443,50,1054.259033
-0.596735,50,1054.651471
-0.269713,50,1054.997709
-0.424953,50,1055.339805
-0.362952,50,1055.673346
-0.311405,50,1056.036417
-0.62347,50,1056.39726
-0.639078,50,1056.730923
-0.656281,50,1057.088501
-0.530644,50,1057.46561
-0.336384,50,1057.809969
-0.210955,50,1058.144597
-0.336535,50,1058.477256
-0.378672,50,1058.8403
-0.357481,50,1059.189032
-0.501336,50,1059.524299
-0.355601,50,1059.859359
-0.61752,50,1060.244162
-0.719007,50,1060.596395
-0.228241,50,1060.93005
-0.457577,50,1061.275845
-0.343579,50,1061.654349
-0.443753,50,1062.011092
-0.401196,50,1062.349845
-0.598987,50,1062.683353
-0.363274,50,1063.06442
-0.301099,50,1063.418875
-0.463103,50,1063.75309
-0.495293,50,1064.089716
-0.445384,50,1064.479298
-0.410511,50,1064.824465
-0.551911,50,1065.161665
-0.464284,50,1065.502019
-0.914983,50,1065.887512
-0.59127,50,1066.241342
-0.544275,50,1066.578971
-1.476639,50,1066.925267
-0.490976,50,1067.316111
-0.65436,50,1067.66707
-0.615929,50,1068.009795
-0.279524,50,1068.347712
-0.324422,50,1068.711566
-0.373987,50,1069.054783
-0.407031,50,1069.390528
-0.509071,50,1069.724464
-0.409087,50,1070.143398
-0.381705,50,1070.488036
-0.330357,50,1070.825376
-0.431141,50,1071.169117
-0.560242,50,1071.551393
-0.42334,50,1071.909644
-0.489644,50,1072.252951
-0.62211,50,1072.590956
-0.459673,50,1072.948597
-0.541032,50,1073.301429
-0.295792,50,1073.633519
-1.806928,50,1073.972288
-0.366511,50,1074.36117
-0.467941,50,1074.710758
-0.316113,50,1075.045575
-0.326553,50,1075.382648
-0.358129,50,1075.743553
-0.404992,50,1076.086611
-0.542288,50,1076.422966
-0.357509,50,1076.758375
-0.454053,50,1077.1644
-0.672102,50,1077.508865
-0.54346,50,1077.843717
-0.500045,50,1078.177674
-0.378751,50,1078.5542
-0.372695,50,1078.910611
-0.418589,50,1079.246704
-0.319637,50,1079.583489
-0.329955,50,1079.942882
-0.419996,50,1080.302591
-0.31716,50,1080.64078
-0.291415,50,1080.973035
-0.28968,50,1081.35285
-0.484275,50,1081.693398
-0.399107,50,1082.039896
-0.354135,50,1082.377941
-0.331752,50,1082.758743
-0.56511,50,1083.100874
-0.391229,50,1083.432798
-0.584614,50,1083.772477
-0.419976,50,1084.170191
-0.341212,50,1084.519293
-0.932176,50,1084.865141
-0.461835,50,1085.203215
-1.395105,50,1085.587951
-0.360185,50,1085.94365
-0.27568,50,1086.281157
-0.382593,50,1086.624829
-0.498298,50,1087.018344
-0.449814,50,1087.364185
-0.69659,50,1087.704218
-0.329832,50,1088.044035
-1.961755,50,1088.428443
-0.407606,50,1088.775302
-0.429327,50,1089.111918
-0.245536,50,1089.446904
-0.296035,50,1089.82772
-0.365265,50,1090.175792
-0.291962,50,1090.514759
-0.33533,50,1090.848073
-0.530727,50,1091.228892
-0.364698,50,1091.585249
-0.415551,50,1091.92046
-0.411713,50,1092.259844
-1.677123,50,1092.630102
-0.608671,50,1092.988906
-0.686616,50,1093.326603
-0.276059,50,1093.663925
-0.237966,50,1094.041373
-1.228352,50,1094.389405
-0.353188,50,1094.722002
-0.393558,50,1095.055706
-0.275595,50,1095.453191
-0.401519,50,1095.803936
-0.657426,50,1096.141995
-0.577159,50,1096.47763
-0.955194,50,1096.859649
-0.359204,50,1097.220232
-1.000484,50,1097.564937
-0.57033,50,1097.897995
-0.32073,50,1098.256647
-0.362455,50,1098.61222
-1.966504,50,1098.952934
-0.591303,50,1099.288901
-0.444142,50,1099.679626
-0.455795,50,1100.026244
-0.437249,50,1100.360217
-0.499799,50,1100.696131
-0.440654,50,1101.055904
-0.622407,50,1101.401306
-0.468653,50,1101.738507
-0.348171,50,1102.084552
-0.420097,50,1102.501022
-0.309629,50,1102.84709
-0.430031,50,1103.185894
-0.284483,50,1103.520405
-0.542229,50,1103.907714
-0.438165,50,1104.255614
-0.918182,50,1104.605635
-0.385397,50,1104.944752
-0.552179,50,1105.324731
-0.382778,50,1105.671228
-0.353777,50,1106.008699
-0.286011,50,1106.344682
-0.578898,50,1106.72141
-0.593335,50,1107.083363
-0.465288,50,1107.426747
-0.40858,50,1107.764447
-0.430549,50,1108.127235
-0.540259,50,1108.482798
-0.480575,50,1108.815372
-2.1009,50,1109.156778
-0.461858,50,1109.523355
-0.253441,50,1109.869068
-0.525008,50,1110.211176
-0.694418,50,1110.549933
-0.652045,50,1110.93023
-0.597363,50,1111.270783
-0.457681,50,1111.603215
-0.650793,50,1111.935067
-0.260709,50,1112.327136
-2.034486,50,1112.678422
-0.591301,50,1113.018113
-0.474477,50,1113.352725
-0.500249,50,1113.725944
-0.237772,50,1114.08181
-0.508512,50,1114.414358
-0.336906,50,1114.748707
-0.333901,50,1115.118924
-0.329046,50,1115.461302
-0.543689,50,1115.803017
-0.555427,50,1116.140519
-0.391737,50,1116.530918
-0.399246,50,1116.875416
-0.441994,50,1117.228714
-0.547206,50,1117.564175
-0.48723,50,1117.933758
-0.421509,50,1118.280271
-0.305711,50,1118.617113
-0.504184,50,1118.954286
-0.314856,50,1119.314921
-0.381135,50,1119.669828
-0.467091,50,1120.013756
-0.517838,50,1120.348466
-0.388316,50,1120.716069
-0.336037,50,1121.05915
-0.356952,50,1121.395657
-0.414722,50,1121.733762
-0.259948,50,1122.111865
-0.54709,50,1122.458955
-0.365544,50,1122.795245
-0.39191,50,1123.127748
-0.378082,50,1123.499122
-0.455855,50,1123.845053
-0.345559,50,1124.181183
-0.424271,50,1124.515875
-0.517297,50,1124.919594
-0.380348,50,1125.264175
-0.267049,50,1125.600615
-0.480752,50,1125.93414
-0.386378,50,1126.292284
-0.298859,50,1126.647042
-0.775897,50,1126.986361
-0.58,50,1127.326757
-1.881985,50,1127.724469
-0.516077,50,1128.067975
-0.359209,50,1128.411124
-0.370275,50,1128.747178
-0.551507,50,1129.10888
-0.289789,50,1129.452107
-0.420298,50,1129.785619
-0.478635,50,1130.11922
-0.252157,50,1130.542792
-0.204855,50,1130.891114
-0.372664,50,1131.227559
-0.444854,50,1131.563176
-0.242213,50,1131.924676
-0.428243,50,1132.283099
-0.22165,50,1132.623272
-0.573064,50,1132.962063
-0.533183,50,1133.356368
-0.564001,50,1133.702532
-0.471638,50,1134.047519
-0.50006,50,1134.386593
-0.400056,50,1134.763461
-0.395978,50,1135.116314
-0.5442,50,1135.451091
-0.475616,50,1135.785968
-0.399715,50,1136.17508
-0.674312,50,1136.522997
-0.538575,50,1136.861082
-0.471042,50,1137.201791
-0.622207,50,1137.580236
-0.265204,50,1137.928869
-0.296606,50,1138.264199
-0.366896,50,1138.596044
-0.239393,50,1138.977187
-0.580818,50,1139.328766
-0.769333,50,1139.664559
-0.998293,50,1139.99558
-0.909252,50,1140.371948
-1.054103,50,1140.730601
-0.889571,50,1141.070464
-0.865307,50,1141.402693
-0.608525,50,1141.790417
-0.609825,50,1142.141124
-0.5962,50,1142.483819
-0.438569,50,1142.828272
-0.52943,50,1143.205562
-0.446919,50,1143.560583
-0.483295,50,1143.896954
-0.439563,50,1144.232743
-0.517807,50,1144.590781
-0.370023,50,1144.945258
-0.358344,50,1145.284018
-0.59852,50,1145.617679
-0.579146,50,1146.021087
-0.451277,50,1146.365374
-0.313639,50,1146.699341
-0.354303,50,1147.032673
-0.462229,50,1147.410357
-0.289883,50,1147.756267
-0.514601,50,1148.094904
-0.588861,50,1148.43736
-0.380136,50,1148.816489
-0.598652,50,1149.166632
-0.395525,50,1149.503336
-0.634296,50,1149.841848
-0.347583,50,1150.24309
-0.484339,50,1150.587785
-0.372318,50,1150.923561
-0.470649,50,1151.261078
-0.45893,50,1151.626445
-0.455194,50,1151.981606
-0.28668,50,1152.329562
-0.297197,50,1152.675708
-0.31989,50,1153.036182
-0.559875,50,1153.391041
-0.254895,50,1153.724319
-0.416646,50,1154.05891
-0.500419,50,1154.417556
-0.597838,50,1154.774526
-0.393575,50,1155.115166
-0.390322,50,1155.450006
-0.408502,50,1155.821177
-0.433353,50,1156.172481
-0.449485,50,1156.505746
-0.402108,50,1156.838377
-0.489478,50,1157.199634
-0.384522,50,1157.556449
-2.137339,50,1157.89878
-0.510626,50,1158.231371
-0.384918,50,1158.609203
-0.467917,50,1158.96448
-0.363094,50,1159.299094
-0.260703,50,1159.632529
-0.997032,50,1160.01841
-0.549335,50,1160.369859
-0.526714,50,1160.706058
-0.677805,50,1161.044628
-0.668488,50,1161.419463
-0.369053,50,1161.764072
-0.374977,50,1162.102595
-0.372437,50,1162.44262
-0.417109,50,1162.814861
-2.163902,50,1163.165148
-0.28391,50,1163.498379
-0.924091,50,1163.838039
-1.918557,50,1164.227012
-0.45951,50,1164.571331
-0.607767,50,1164.906126
-0.494706,50,1165.23762
-0.391551,50,1165.599512
-0.467579,50,1165.958572
-0.539386,50,1166.298477
-0.626523,50,1166.636958
-0.402261,50,1167.031895
-0.500967,50,1167.391277
-0.275584,50,1167.727937
-0.528365,50,1168.070439
-0.604838,50,1168.444492
-0.347568,50,1168.78999
-0.429913,50,1169.127062
-0.585905,50,1169.466963
-0.381661,50,1169.843252
-0.329128,50,1170.200276
-0.500387,50,1170.534715
-0.466807,50,1170.86774
-0.411792,50,1171.229481
-0.269673,50,1171.585216
-0.393295,50,1171.920679
-0.490655,50,1172.262802
-0.473107,50,1172.64893
-0.362339,50,1172.998759
-0.391252,50,1173.335074
-0.404381,50,1173.67205
-0.39774,50,1174.033196
-0.470021,50,1174.388389
-0.365341,50,1174.721694
-0.30021,50,1175.053406
-0.476136,50,1175.432627
-0.550467,50,1175.790145
-0.549293,50,1176.126494
-0.460585,50,1176.463845
-0.517433,50,1176.860143
-0.266426,50,1177.201488
-0.374687,50,1177.539536
-1.088063,50,1177.882864
-1.832658,50,1178.260006
-0.321891,50,1178.602729
-0.384218,50,1178.943173
-0.539935,50,1179.27653
-0.373395,50,1179.669011
-0.342019,50,1180.011054
-0.46918,50,1180.349452
-0.536014,50,1180.686892
-0.247311,50,1181.049145
-0.421227,50,1181.408791
-0.423769,50,1181.746291
-0.433103,50,1182.084942
-0.443604,50,1182.498971
-0.338898,50,1182.841398
-0.684545,50,1183.183656
-0.461668,50,1183.519259
-0.676287,50,1183.899246
-0.409822,50,1184.254803
-0.243009,50,1184.586793
-0.476381,50,1184.925564
-0.35269,50,1185.287832
-0.42883,50,1185.63383
-0.452309,50,1185.966127
-0.522456,50,1186.29814
-0.35731,50,1186.673088
-0.488861,50,1187.186932
-0.454357,50,1187.540501
-0.531774,50,1187.876569
-0.477504,50,1188.237671
-0.236671,50,1188.591964
-0.170905,50,1188.925344
-0.308977,50,1189.260623
-0.308523,50,1189.638354
-0.286381,50,1189.995087
-0.370267,50,1190.332236
-0.459036,50,1190.670237
-0.416245,50,1191.030105
-0.375145,50,1191.384514
-0.790945,50,1191.721603
-0.617596,50,1192.056753
-1.02556,50,1192.456436
-0.517381,50,1192.806629
-0.461052,50,1193.145775
-1.556038,50,1193.490051
-0.501968,50,1193.876617
-0.696254,50,1194.226587
-0.466879,50,1194.564885
-0.494573,50,1194.902654
-0.262599,50,1195.263792
-0.520241,50,1195.62242
-0.27404,50,1195.955155
-0.293005,50,1196.288815
-0.219831,50,1196.672254
-1.606495,50,1197.022979
-0.522103,50,1197.372685
-0.339716,50,1197.711942
-0.31024,50,1198.074904
-0.325077,50,1198.417315
-0.249912,50,1198.751015
-0.300968,50,1199.085004
-0.873725,50,1199.488386
-0.243662,50,1199.831941
-0.254455,50,1200.167864
-0.450124,50,1200.501498
-0.415166,50,1200.888333
-0.317871,50,1201.246253
-0.434245,50,1201.584823
-0.986793,50,1201.926184
-0.520306,50,1202.289898
-0.497999,50,1202.650747
-0.436272,50,1202.985236
-0.315773,50,1203.319528
-0.357887,50,1203.679664
-0.281871,50,1204.02346
-0.326743,50,1204.359815
-0.466855,50,1204.70167
-0.501735,50,1205.102028
-0.340426,50,1205.453478
-0.542218,50,1205.784981
-0.464956,50,1206.121314
-0.290263,50,1206.499652
-0.41813,50,1206.854217
-0.384564,50,1207.193786
-0.536639,50,1207.535233
-0.434459,50,1207.904234
-0.412876,50,1208.259758
-0.395844,50,1208.595916
-0.375568,50,1208.93686
-0.438653,50,1209.313966
-0.528233,50,1209.662855
-0.400916,50,1210.000458
-0.255491,50,1210.334635
-0.434913,50,1210.736944
-0.474684,50,1211.081496
-0.239103,50,1211.41844
-0.310968,50,1211.754397
-0.463515,50,1212.117169
-0.503809,50,1212.478225
-0.552585,50,1212.814312
-0.472564,50,1213.147501
-0.485891,50,1213.523934
-0.47138,50,1213.876844
-0.369338,50,1214.214278
-0.495017,50,1214.547697
-0.531096,50,1214.933204
-0.561342,50,1215.290611
-1.619386,50,1215.635291
-0.545334,50,1215.975444
-0.744839,50,1216.339717
-0.771246,50,1216.688879
-0.897386,50,1217.029202
-1.302341,50,1217.36659
-0.941707,50,1217.761166
-0.942569,50,1218.110037
-0.858764,50,1218.448261
-0.651179,50,1218.791521
-0.636985,50,1219.169323
-0.496227,50,1219.524965
-0.437354,50,1219.864019
-0.425765,50,1220.202794
-0.458648,50,1220.579539
-0.420395,50,1220.92698
-0.681411,50,1221.272421
-0.925928,50,1221.612727
-0.336192,50,1222.038514
-0.446595,50,1222.385362
-0.503783,50,1222.724724
-0.404952,50,1223.059957
-0.235041,50,1223.422198
-0.480574,50,1223.764816
-0.38987,50,1224.100518
-1.27561,50,1224.441563
-0.32748,50,1224.845821
-0.875706,50,1225.198014
-0.453424,50,1225.535802
-0.245639,50,1225.871351
-0.347779,50,1226.254093
-0.440474,50,1226.609824
-0.491173,50,1226.948611
-0.531359,50,1227.284745
-0.329869,50,1227.660963
-0.356375,50,1228.005904
-0.553408,50,1228.343727
-1.428583,50,1228.683467
-0.310176,50,1229.049005
-0.36174,50,1229.403457
-0.478498,50,1229.738398
-0.476796,50,1230.071125
-0.243279,50,1230.458258
-0.403241,50,1230.805925
-0.553843,50,1231.146849
-0.259875,50,1231.483548
-0.390436,50,1231.842407
-0.231251,50,1232.199347
-0.732357,50,1232.542121
-1.078447,50,1232.885749
-0.500769,50,1233.252463
-0.460065,50,1233.607062
-0.502256,50,1233.941804
-0.567103,50,1234.277382
-0.726508,50,1234.655941
-0.500346,50,1235.01273
-0.61769,50,1235.350204
-0.29059,50,1235.685376
-0.37409,50,1236.072536
-0.529529,50,1236.416639
-0.329441,50,1236.755502
-0.353891,50,1237.091001
-0.615209,50,1237.475731
-0.354228,50,1237.825755
-0.370902,50,1238.160085
-0.363048,50,1238.493326
-0.336517,50,1238.871936
-0.476103,50,1239.215045
-0.542863,50,1239.55023
-0.464859,50,1239.891255
-0.425252,50,1240.277129
-0.271663,50,1240.620745
-0.570525,50,1240.953458
-0.245152,50,1241.288173
-0.234559,50,1241.679848
-0.319049,50,1242.043268
-0.374982,50,1242.379939
-0.680558,50,1242.728191
-0.345926,50,1243.095856
-0.454104,50,1243.453917
-0.290875,50,1243.788811
-0.276498,50,1244.123289
-0.526842,50,1244.486753
-0.325621,50,1244.840352
-0.42533,50,1245.17905
-0.385178,50,1245.517659
-0.409506,50,1245.893311
-0.406386,50,1246.239491
-0.513428,50,1246.576089
-0.325113,50,1246.915568
-0.555134,50,1247.275824
-0.238013,50,1247.630171
-0.351181,50,1247.970602
-1.243991,50,1248.312126
-0.402681,50,1248.68097
-0.792132,50,1249.029224
-0.374857,50,1249.368418
-0.537081,50,1249.705671
-0.310831,50,1250.092951
-0.299453,50,1250.440737
-0.522303,50,1250.790089
-0.440328,50,1251.150564
-0.537948,50,1251.51562
-0.252725,50,1251.871686
-0.421768,50,1252.213139
-0.402473,50,1252.550319
-0.462865,50,1252.929823
-0.429878,50,1253.290225
-0.297978,50,1253.625202
-0.449709,50,1253.963193
-0.529181,50,1254.347639
-0.446271,50,1254.70587
-0.482305,50,1255.047537
-0.379193,50,1255.39192
-0.404792,50,1255.762912
-0.622348,50,1256.109764
-0.962827,50,1256.451584
-0.529825,50,1256.787471
-0.43231,50,1257.196101
-0.313542,50,1257.541515
-0.502115,50,1257.87988
-0.660736,50,1258.222229
-0.978775,50,1258.605826
-0.5829,50,1258.951693
-0.781393,50,1259.292191
-0.600715,50,1259.628784
-0.648996,50,1260.032599
-0.536651,50,1260.376349
-0.514219,50,1260.715995
-0.557547,50,1261.050075
-0.490143,50,1261.429184
-1.780165,50,1261.801311
-0.491823,50,1262.142744
-0.39633,50,1262.476562
-0.53165,50,1262.863026
-0.405557,50,1263.20926
-0.501462,50,1263.552511
-0.590233,50,1263.892262
-0.484376,50,1264.269573
-1.903163,50,1264.631977
-0.648454,50,1264.970288
-0.458477,50,1265.302969
-0.365094,50,1265.664021
-0.372601,50,1266.01311
-0.420611,50,1266.360223
-0.620996,50,1266.702508
-0.501315,50,1267.109772
-0.444116,50,1267.459013
-0.516188,50,1267.80259
-0.30968,50,1268.143319
-0.219054,50,1268.531522
-0.558368,50,1268.883863
-0.283219,50,1269.221167
-0.33852,50,1269.557293
-0.548401,50,1269.947229
-1.223264,50,1270.304891
-0.536538,50,1270.646596
-0.670308,50,1270.981036
-0.65929,50,1271.344773
-0.89589,50,1271.692164
-0.597311,50,1272.027094
-0.467534,50,1272.361279
-0.60192,50,1272.769941
-0.501646,50,1273.118262
-0.378239,50,1273.458957
-0.453477,50,1273.794581
-0.300081,50,1274.153856
-0.394283,50,1274.508925
-0.569944,50,1274.847154
-0.473294,50,1275.186644
-0.376469,50,1275.563406
-0.228635,50,1275.909987
-0.5203,50,1276.255966
-0.439848,50,1276.604333
-0.523886,50,1277.019799
-0.379814,50,1277.368075
-0.369277,50,1277.71027
-0.36592,50,1278.051158
-1.363375,50,1278.431488
-0.65207,50,1278.786926
-0.49943,50,1279.124812
-0.32934,50,1279.464345
-0.222797,50,1279.852126
-0.337107,50,1280.196313
-0.304812,50,1280.530655
-0.469424,50,1280.865882
-0.472527,50,1281.246452
-1.049409,50,1281.601573
-0.468817,50,1281.939914
-0.644588,50,1282.276115
-0.422078,50,1282.668342
-0.523459,50,1283.017997
-0.586357,50,1283.35762
-0.497234,50,1283.69456
-0.41123,50,1284.05709
-1.555005,50,1284.422154
-0.569342,50,1284.768208
-0.47892,50,1285.113865
-0.681545,50,1285.488745
-0.733672,50,1285.846663
-0.589458,50,1286.183321
-0.608858,50,1286.51844
-0.438305,50,1286.883666
-0.392209,50,1287.259888
-0.411664,50,1287.594819
-0.408417,50,1287.935938
-0.386706,50,1288.317692
-1.068458,50,1288.666832
-0.863607,50,1289.007939
-0.539505,50,1289.341466
-0.260706,50,1289.734531
-0.386866,50,1290.08064
-0.632731,50,1290.421888
-0.543618,50,1290.755604
-0.534474,50,1291.135603
-0.331244,50,1291.491398
-1.002738,50,1291.835394
-0.918059,50,1292.170872
-0.748211,50,1292.530151
-0.475525,50,1292.899494
-0.565824,50,1293.237135
-0.38763,50,1293.573173
-0.753499,50,1293.96336
-0.462706,50,1294.307536
-0.413097,50,1294.643061
-0.443355,50,1294.977618
-0.45742,50,1295.360404
-0.545221,50,1295.717082
-0.204212,50,1296.055236
-1.307817,50,1296.40063
-0.650857,50,1296.761722
-0.472971,50,1297.118891
-0.370787,50,1297.453413
-0.34572,50,1297.792713
-0.515628,50,1298.196633
-0.403128,50,1298.542695
-0.618444,50,1298.886955
-0.470678,50,1299.221749
-0.486261,50,1299.598442
-0.470381,50,1299.951441
-0.43276,50,1300.289789
-0.604998,50,1300.623241
-0.264517,50,1300.985488
-0.361669,50,1301.333308
-0.673924,50,1301.669763
-0.560168,50,1302.01371
-0.285874,50,1302.412276
-1.158818,50,1302.767543
-1.55757,50,1303.11728
-0.504373,50,1303.453942
-0.315881,50,1303.81877
-0.361961,50,1304.177399
-0.693474,50,1304.517896
-0.610571,50,1304.857579
-0.781069,50,1305.220906
-0.549062,50,1305.584468
-0.479943,50,1305.92281
-0.444895,50,1306.26437
-0.478503,50,1306.646909
-1.761244,50,1307.018641
-0.454704,50,1307.353649
-0.701309,50,1307.690876
-0.631802,50,1308.073676
-0.769004,50,1308.42349
-1.588894,50,1308.768862
-0.744316,50,1309.116823
-0.380197,50,1309.486362
-0.340046,50,1309.841171
-0.185857,50,1310.180733
-0.368225,50,1310.518532
-0.492173,50,1310.921516
-0.424047,50,1311.269134
-0.387319,50,1311.606743
-0.301814,50,1311.946776
-0.568482,50,1312.309662
-0.396829,50,1312.671236
-0.729342,50,1313.015294
-1.221333,50,1313.357458
-0.225907,50,1313.749149
-0.487086,50,1314.103805
-0.514056,50,1314.453859
-0.62345,50,1314.798885
-0.586121,50,1315.170141
-0.909226,50,1315.533349
-0.64055,50,1315.873756
-0.465431,50,1316.210738
-0.715281,50,1316.571
-1.756697,50,1316.92294
-0.630842,50,1317.260207
-0.491814,50,1317.595064
-0.678881,50,1317.997394
-0.31762,50,1318.356236
-0.42573,50,1318.700952
-0.40262,50,1319.060279
-0.450634,50,1319.448713
-0.26796,50,1319.798166
-0.771187,50,1320.143997
-0.943778,50,1320.484645
-0.423231,50,1320.844235
-1.530936,50,1321.205011
-0.678262,50,1321.545907
-0.640564,50,1321.885807
-0.486462,50,1322.260766
-0.608475,50,1322.600487
-0.498412,50,1322.945026
-0.513533,50,1323.276128
-0.672584,50,1323.653798
-0.355278,50,1323.997154
-1.271578,50,1324.338951
-0.292732,50,1324.673767
-0.725662,50,1325.10405
-0.315789,50,1325.448564
-0.381496,50,1325.785291
-0.66604,50,1326.122132
-0.725629,50,1326.514093
-0.205649,50,1326.85232
-0.463147,50,1327.184163
-0.292079,50,1327.514565
-0.277247,50,1327.894043
-0.666371,50,1328.250024
-0.58601,50,1328.58569
-0.566952,50,1328.921649
-0.863357,50,1329.302256
-0.575927,50,1329.660892
-0.662471,50,1329.9997
-0.642595,50,1330.333422
-0.505974,50,1330.712612
-0.503394,50,1331.051026
-0.423056,50,1331.38466
-0.484629,50,1331.716537
-0.240073,50,1332.12167
-0.414763,50,1332.461672
-0.448916,50,1332.796549
-0.451748,50,1333.128192
-0.508901,50,1333.522973
-1.487301,50,1333.870566
-0.527468,50,1334.206184
-1.039104,50,1334.544569
-0.680063,50,1334.922697
-0.492964,50,1335.274904
-0.541159,50,1335.609561
-0.37804,50,1335.941661
-0.318864,50,1336.331466
-0.592724,50,1336.680158
-0.577653,50,1337.014848
-0.513283,50,1337.355132
-0.464931,50,1337.733678
-0.647771,50,1338.089915
-0.488245,50,1338.421577
-0.485817,50,1338.754765
-0.507388,50,1339.137059
-0.414164,50,1339.491928
-0.529019,50,1339.823675
-0.437551,50,1340.155238
-1.279912,50,1340.538308
-0.502417,50,1340.880588
-0.399854,50,1341.216479
-0.48271,50,1341.55102
-0.369229,50,1341.9535
-0.60436,50,1342.293876
-1.005628,50,1342.63536
-0.707474,50,1342.967976
-0.427881,50,1343.360675
-0.42781,50,1343.701637
-1.422021,50,1344.042688
-0.55542,50,1344.370346
-0.628111,50,1344.698148
-0.669975,50,1345.032746
-0.360053,50,1345.363084
-1.080819,50,1345.696554
-0.490603,50,1346.030487
-0.575351,50,1346.413547
-0.346053,50,1346.74088
-0.427973,50,1347.067908
-0.338737,50,1347.392345
-0.609711,50,1347.72483
-0.199324,50,1348.051422
-0.208425,50,1348.37808
-0.445584,50,1348.702837
-0.383335,50,1349.035474
-0.71074,50,1349.365997
-0.60978,50,1349.694357
-0.579541,50,1350.024837
-0.433079,50,1350.410773
-0.37226,50,1350.741004
-0.380018,50,1351.071305
-0.50255,50,1351.400814
-1.48329,50,1351.744312
-0.718683,50,1352.074925
-0.49872,50,1352.409778
-0.353517,50,1352.738529
-0.730138,50,1353.081483
-1.533379,50,1353.427016
-0.794444,50,1353.757513
-1.77211,50,1354.144502
-0.775483,50,1354.491795
-0.54932,50,1354.819979
-0.486532,50,1355.144919
-0.307244,50,1355.469923
-0.52434,50,1355.804562
-0.514066,50,1356.131778
-0.457876,50,1356.458843
-0.559123,50,1356.782325
-0.594479,50,1357.118375
-0.465853,50,1357.445815
-0.550082,50,1357.772837
-0.431842,50,1358.101965
-0.456714,50,1358.490184
-0.325424,50,1358.815758
-0.518977,50,1359.141282
-0.581326,50,1359.470803
-0.372338,50,1359.796169
-0.616513,50,1360.121848
-0.307203,50,1360.444853
-0.446915,50,1360.770985
-0.704115,50,1361.10709
-0.47175,50,1361.432608
-0.670817,50,1361.756719
-0.31779,50,1362.131134
-0.576472,50,1362.65089
-0.652694,50,1362.978979
-0.567805,50,1363.304559
-0.828127,50,1363.634986
-0.55458,50,1363.962013
-0.505354,50,1364.286988
-0.490462,50,1364.610916
-0.585815,50,1364.936919
-0.281338,50,1365.298928
-0.451719,50,1365.632004
-0.426522,50,1365.956942
-0.257518,50,1366.28334
-1.483858,50,1366.616572
-0.378039,50,1366.941482
-0.260242,50,1367.268032
-0.411825,50,1367.593777
-0.384264,50,1367.921427
-0.401183,50,1368.248573
-0.539104,50,1368.574391
-0.420923,50,1368.901676
-0.557995,50,1369.27105
-0.516429,50,1369.603286
-0.478417,50,1369.927817
-0.504339,50,1370.258503
-0.396184,50,1370.585603
-0.472369,50,1370.91035
-0.453407,50,1371.234614
-0.414178,50,1371.55974
-0.426624,50,1371.886703
-0.535862,50,1372.217378
-0.517479,50,1372.545871
-0.598024,50,1372.8774
-0.632018,50,1373.205141
-0.64916,50,1373.536451
-0.482886,50,1373.861951
-0.663969,50,1374.19345
-0.520001,50,1374.520605
-1.234962,50,1374.854451
-0.518347,50,1375.179426
-0.552852,50,1375.504372
-0.469241,50,1375.831517
-0.397559,50,1376.157674
-0.815371,50,1376.482836
-0.353288,50,1376.807921
-0.428938,50,1377.135293
-0.538613,50,1377.460933
-0.506914,50,1377.785179
-0.447792,50,1378.164235
-0.284383,50,1378.506996
-0.353595,50,1378.834244
-0.321309,50,1379.166263
-0.503749,50,1379.496639
-0.394316,50,1379.825529
-0.507828,50,1380.155455
-0.611041,50,1380.481761
-0.583018,50,1380.808458
-0.434016,50,1381.138689
-0.476798,50,1381.466895
-0.620338,50,1381.795742
-0.58755,50,1382.159774
-0.631262,50,1382.504177
-0.496744,50,1382.835163
-0.410494,50,1383.162283
-0.637784,50,1383.492467
-0.511012,50,1383.824972
-0.705328,50,1384.153492
-0.653215,50,1384.48412
-0.508477,50,1384.813051
-0.779064,50,1385.149023
-0.488651,50,1385.477212
-0.519543,50,1385.807511
-0.528049,50,1386.145657
-0.489277,50,1386.524145
-0.207457,50,1386.856607
-0.475402,50,1387.184559
-0.336924,50,1387.509753
-0.549356,50,1387.836338
-0.481537,50,1388.159686
-0.573288,50,1388.484105
-0.556994,50,1388.806877
-0.37888,50,1389.133033
-0.495074,50,1389.45842
-0.655044,50,1389.784309
-0.85795,50,1390.154604
-0.619322,50,1390.499094
-0.49965,50,1390.822241
-0.556727,50,1391.151976
-0.309895,50,1391.474694
-0.523884,50,1391.80307
-0.584001,50,1392.136144
-0.388107,50,1392.460597
-0.352734,50,1392.784262
-0.723912,50,1393.115405
-2.04508,50,1393.446026
-0.3799,50,1393.771233
-0.454533,50,1394.136182
-0.637977,50,1394.482275
-1.617771,50,1394.813778
-0.518112,50,1395.143968
-0.534644,50,1395.46795
-0.257347,50,1395.800149
-0.524392,50,1396.127309
-0.324576,50,1396.452947
-0.416597,50,1396.778243
-0.560775,50,1397.104786
-0.503531,50,1397.429039
-0.473109,50,1397.752438
-0.255035,50,1398.079138
-0.967728,50,1398.453977
-0.411988,50,1398.780765
-0.341968,50,1399.105432
-0.572265,50,1399.433488
-0.325,50,1399.774141
-0.485211,50,1400.099746
-0.425505,50,1400.424987
-0.560459,50,1400.754702
-0.473069,50,1401.081297
-0.479305,50,1401.408412
-0.257619,50,1401.733865
-0.503656,50,1402.094592
-0.546493,50,1402.451446
-0.550869,50,1402.778999
-0.831734,50,1403.110298
-0.422595,50,1403.436854
-0.578108,50,1403.770931
-1.372429,50,1404.103453
-0.578212,50,1404.429043
-0.563162,50,1404.754876
-1.805683,50,1405.088594
-0.345773,50,1405.412719
-0.530527,50,1405.73764
-0.497666,50,1406.100908
-0.530035,50,1406.442381
-0.291061,50,1406.767705
-1.029209,50,1407.099694
-0.385723,50,1407.424704
-0.702104,50,1407.757494
-0.569315,50,1408.082781
-1.092002,50,1408.413236
-0.576346,50,1408.740898
-0.641389,50,1409.066509
-0.446337,50,1409.392469
-0.622763,50,1409.717548
-0.484351,50,1410.043414
-0.416788,50,1410.434256
-0.418182,50,1410.760544
-0.302255,50,1411.088063
-0.657087,50,1411.411464
-0.428534,50,1411.751874
-0.322939,50,1412.082486
-0.599406,50,1412.408552
-0.768283,50,1412.733558
-0.412403,50,1413.065226
-0.519528,50,1413.395233
-0.407922,50,1413.724964
-0.394303,50,1414.074299
-0.485438,50,1414.435722
-0.475285,50,1414.76177
-0.520586,50,1415.085454
-0.599473,50,1415.406592
-0.346553,50,1415.731597
-0.561497,50,1416.057948
-1.274301,50,1416.388035
-0.514253,50,1416.718245
-0.280648,50,1417.045584
-0.394366,50,1417.370754
-0.275656,50,1417.694323
-0.495093,50,1418.022803
-0.479244,50,1418.41698
-0.504081,50,1418.74866
-0.483106,50,1419.075867
-0.572445,50,1419.408806
-0.738194,50,1419.741464
-0.563821,50,1420.068712
-0.417083,50,1420.393322
-0.548031,50,1420.716485
-0.461753,50,1421.047611
-0.382333,50,1421.371579
-0.417946,50,1421.701174
-0.481312,50,1422.02732
-0.798613,50,1422.381062
-0.651159,50,1422.714976
-0.307024,50,1423.03933
-0.837759,50,1423.366607
-0.529795,50,1423.693158
-0.423897,50,1424.016159
-2.039663,50,1424.34708
-0.589915,50,1424.66829
-0.717925,50,1424.992463
-0.562269,50,1425.316361
-0.33965,50,1425.637542
-1.440921,50,1425.968231
-0.417865,50,1426.37878
-0.483347,50,1426.703135
-0.306958,50,1427.026808
-0.561852,50,1427.353357
-0.559136,50,1427.681409
-0.425402,50,1428.006802
-0.467961,50,1428.330519
-0.458586,50,1428.654803
-0.229681,50,1428.981251
-0.506473,50,1429.306471
-0.374498,50,1429.631451
-1.870241,50,1429.96533
-0.35966,50,1430.347389
-0.233875,50,1430.673742
-0.301223,50,1431.002926
-0.615672,50,1431.335116
-0.344687,50,1431.660123
-0.427017,50,1431.98411
-0.724668,50,1432.312412
-0.466297,50,1432.634491
-1.138944,50,1432.96533
-0.306983,50,1433.287536
-0.192368,50,1433.607835
-0.502676,50,1433.93376
-0.549651,50,1434.287682
-0.561066,50,1434.613069
-0.375113,50,1434.935697
-1.472828,50,1435.263706
-0.458612,50,1435.602972
-0.387991,50,1435.92967
-0.315437,50,1436.255917
-0.435053,50,1436.582085
-0.302108,50,1436.907752
-0.399641,50,1437.235062
-0.491674,50,1437.560161
-0.362519,50,1437.883829
-0.517332,50,1438.212809
-0.652201,50,1438.540006
-0.435145,50,1438.868427
-0.985724,50,1439.20998
-0.741035,50,1439.56829
-0.81155,50,1439.893244
-0.476339,50,1440.217972
-0.431015,50,1440.54366
-0.64923,50,1440.870046
-0.578258,50,1441.193971
-0.511966,50,1441.517159
-0.520246,50,1441.839748
-0.28539,50,1442.165295
-0.649887,50,1442.490145
-0.521121,50,1442.813543
-0.267176,50,1443.176287
-0.398674,50,1443.516237
-0.414708,50,1443.842907
-0.564535,50,1444.168423
-0.421879,50,1444.491864
-1.451979,50,1444.826966
-0.575376,50,1445.152313
-0.644298,50,1445.484585
-0.448731,50,1445.809836
-0.513498,50,1446.1401
-0.468929,50,1446.465667
-0.395362,50,1446.792357
-0.517885,50,1447.14453
-0.424664,50,1447.521195
-0.41654,50,1447.846089
-0.427139,50,1448.168934
-0.379079,50,1448.501093
-0.472353,50,1448.829752
-0.779839,50,1449.158799
-2.023585,50,1449.489243
-0.335342,50,1449.819444
-0.625209,50,1450.146952
-0.320454,50,1450.471925
-0.543208,50,1450.800147
-0.435558,50,1451.180935
-0.500945,50,1451.526361
-0.322771,50,1451.850212
-0.301425,50,1452.174849
-0.275342,50,1452.500043
-0.427765,50,1452.826224
-0.377084,50,1453.154549
-0.453456,50,1453.477678
-0.474054,50,1453.803271
-0.318545,50,1454.132334
-1.528545,50,1454.465674
-0.436862,50,1454.793518
-0.481055,50,1455.131001
-0.454364,50,1455.496716
-0.670716,50,1455.825074
-0.713877,50,1456.15328
-0.573675,50,1456.478984
-0.80439,50,1456.813075
-0.635505,50,1457.140016
-0.635626,50,1457.467852
-0.411413,50,1457.793333
-1.827384,50,1458.127299
-0.375711,50,1458.452165
-0.247053,50,1458.778436
-0.43658,50,1459.104509
-0.452792,50,1459.47716
-0.327125,50,1459.806072
-0.564379,50,1460.141176
-0.685233,50,1460.470753
-0.448918,50,1460.800166
-0.239925,50,1461.129568
-0.563796,50,1461.457991
-0.504938,50,1461.789087
-0.371433,50,1462.126308
-0.593406,50,1462.456321
-0.550618,50,1462.784545
-0.472682,50,1463.164531
-0.35546,50,1463.50128
-0.611182,50,1463.830983
-0.318493,50,1464.16117
-0.609969,50,1464.490789
-0.525897,50,1464.820589
-0.523646,50,1465.154565
-0.377213,50,1465.481093
-0.601044,50,1465.813974
-0.696593,50,1466.146744
-0.452491,50,1466.481626
-0.408812,50,1466.813897
-0.635333,50,1467.199624
-0.58511,50,1467.537227
-1.54587,50,1467.874566
-0.554871,50,1468.20606
-0.734369,50,1468.535683
-0.747338,50,1468.868736
-0.811899,50,1469.196416
-0.425508,50,1469.526123
-0.252407,50,1469.858013
-0.521123,50,1470.190871
-0.58995,50,1470.522303
-0.501095,50,1470.852736
-0.338489,50,1471.227228
-0.325319,50,1471.573188
-0.559177,50,1471.907754
-0.526804,50,1472.246461
-0.421678,50,1472.579787
-1.232247,50,1472.922692
-0.33242,50,1473.255794
-0.5118,50,1473.590408
-0.559751,50,1473.92914
-0.27194,50,1474.325124
-0.607417,50,1474.658941
-0.35044,50,1474.991758
-0.539812,50,1475.326641
-0.441084,50,1475.663293
-0.65736,50,1476.000238
-0.298299,50,1476.332387
-0.389161,50,1476.666708
-0.800261,50,1477.000408
-0.278089,50,1477.334778
-0.293362,50,1477.667
-0.382893,50,1478.003937
-0.278161,50,1478.385351
-0.299763,50,1478.714226
-0.263005,50,1479.040915
-0.419168,50,1479.375517
-0.931307,50,1479.712629
-0.449851,50,1480.04465
-0.602428,50,1480.373067
-0.666695,50,1480.705072
-0.786505,50,1481.035632
-0.709146,50,1481.367699
-0.419419,50,1481.698581
-0.20142,50,1482.026033
-0.607716,50,1482.401521
-0.397836,50,1482.741667
-1.415849,50,1483.081515
-0.580314,50,1483.414461
-0.540065,50,1483.768595
-0.561495,50,1484.098513
-1.005738,50,1484.436998
-1.874914,50,1484.773003
-0.551555,50,1485.105441
-0.343942,50,1485.435064
-0.417324,50,1485.766196
-0.525435,50,1486.153099
-0.393143,50,1486.499005
-0.490734,50,1486.83375
-0.252838,50,1487.16336
-0.30076,50,1487.496793
-1.738645,50,1487.836192
-0.548777,50,1488.168579
-0.510055,50,1488.505272
-0.652597,50,1488.845018
-0.469369,50,1489.179467
-0.382634,50,1489.515967
-1.12458,50,1489.855315
-0.54618,50,1490.237705
-0.448058,50,1490.573316
-0.315704,50,1490.904892
-0.442651,50,1491.234613
-0.672947,50,1491.56487
-0.382497,50,1491.899121
-0.356544,50,1492.233035
-0.311441,50,1492.562999
-0.513226,50,1492.895748
-0.55158,50,1493.277973
-1.426184,50,1493.620285
-0.488879,50,1493.957336
-0.528612,50,1494.290782
-0.473064,50,1494.639368
-0.256347,50,1494.975719
-0.393563,50,1495.309593
-0.330777,50,1495.647002
-0.334046,50,1495.984994
-0.458354,50,1496.321916
-0.798982,50,1496.660471
-0.582832,50,1496.996489
-0.539442,50,1497.399322
-0.306158,50,1497.732706
-0.314692,50,1498.066611
-0.864391,50,1498.407237
-0.471389,50,1498.747925
-0.30243,50,1499.079801
-0.40334,50,1499.40943
-1.949216,50,1499.746547
-0.47263,50,1500.080612
-0.588258,50,1500.417418
-1.898514,50,1500.75489
-0.461638,50,1501.124982
-0.336507,50,1501.471258
-0.396484,50,1501.806339
-0.448699,50,1502.13782
-0.846227,50,1502.478647
-0.400295,50,1502.810056
-0.551101,50,1503.141492
-0.547863,50,1503.473617
-0.531851,50,1503.803886
-0.424637,50,1504.13487
-0.52142,50,1504.469364
-0.386181,50,1504.796186
-0.486301,50,1505.130327
-0.396138,50,1505.513353
-0.338018,50,1505.844036
-0.473553,50,1506.174917
-0.773316,50,1506.50705
-0.456914,50,1506.838462
-1.596013,50,1507.177948
-0.413715,50,1507.508115
-0.586875,50,1507.841906
-0.483634,50,1508.175572
-0.38508,50,1508.505546
-1.84055,50,1508.843891
-0.428431,50,1509.216321
-0.524422,50,1509.558531
-0.433925,50,1509.886587
-0.598093,50,1510.213101
-0.456398,50,1510.545429
-0.412511,50,1510.876596
-0.270783,50,1511.202754
-0.594086,50,1511.529158
-0.426625,50,1511.854607
-0.452927,50,1512.179755
-0.496268,50,1512.511901
-0.310884,50,1512.836744
-0.557551,50,1513.209944
-0.386368,50,1513.550436
-0.63795,50,1513.884708
-0.411202,50,1514.215006
-0.305434,50,1514.543363
-0.394828,50,1514.873325
-0.757442,50,1515.202109
-0.562471,50,1515.532575
-0.427745,50,1515.860689
-0.378417,50,1516.190462
-0.615608,50,1516.519424
-0.613676,50,1516.849642
-0.497153,50,1517.185248
-0.633507,50,1517.561322
-0.604302,50,1517.889383
-0.645601,50,1518.217345
-0.579724,50,1518.544997
-0.532518,50,1518.874519
-0.549866,50,1519.206249
-1.392952,50,1519.54212
-0.35923,50,1519.866437
-0.458468,50,1520.195908
-0.580224,50,1520.527682
-1.604245,50,1520.866357
-0.7026,50,1521.265852
-0.374476,50,1521.592607
-0.693134,50,1521.918548
-0.567452,50,1522.245738
-0.682125,50,1522.577967
-0.372285,50,1522.904566
-0.528525,50,1523.234882
-0.494601,50,1523.561291
-0.356478,50,1523.884065
-0.37713,50,1524.210608
-0.540161,50,1524.537127
-0.439146,50,1524.86248
-0.439351,50,1525.224374
-0.467221,50,1525.564546
-0.367385,50,1525.893482
-0.69412,50,1526.223264
-0.735872,50,1526.559949
-1.779433,50,1526.895119
-0.843825,50,1527.230389
-0.504199,50,1527.560394
-0.584932,50,1527.890971
-0.380138,50,1528.223499
-1.795728,50,1528.559736
-0.381139,50,1528.891394
-1.609232,50,1529.28047
-0.325313,50,1529.803836
-0.527796,50,1530.132916
-0.467068,50,1530.46258
-0.569069,50,1530.794106
-0.533811,50,1531.124974
-0.443042,50,1531.458796
-0.537195,50,1531.797553
-0.237656,50,1532.165976
-0.519057,50,1532.512194
-0.577793,50,1532.847265
-0.462091,50,1533.179103
-0.361816,50,1533.508737
-0.53251,50,1533.846954
-0.250581,50,1534.17603
-0.458146,50,1534.509196
-0.373931,50,1534.838778
-0.479797,50,1535.171083
-0.701318,50,1535.501028
-0.441727,50,1535.83537
-0.421224,50,1536.215697
-0.535495,50,1536.553584
-0.429816,50,1536.885158
-0.576938,50,1537.217271
-0.507211,50,1537.546222
-0.555256,50,1537.875456
-0.270133,50,1538.207218
-0.392144,50,1538.537717
-1.278623,50,1538.87552
-0.484045,50,1539.206289
-0.643509,50,1539.539993
-0.388945,50,1539.869156
-0.625884,50,1540.205801
-0.499749,50,1540.582688
-0.705633,50,1540.916174
-0.489122,50,1541.243952
-0.288346,50,1541.567741
-0.319962,50,1541.895687
-0.400285,50,1542.222055
-0.687034,50,1542.553815
-0.41183,50,1542.880251
-0.437192,50,1543.208673
-0.533588,50,1543.542038
-0.400872,50,1543.869001
-0.469548,50,1544.200152
-0.447186,50,1544.536734
-0.30496,50,1544.871082
-0.604211,50,1545.199058
-0.442369,50,1545.526771
-0.591007,50,1545.855363
-0.470161,50,1546.181414
-0.267928,50,1546.509891
-0.551884,50,1546.835531
-0.396737,50,1547.168292
-0.465058,50,1547.494551
-0.532938,50,1547.820372
-0.431197,50,1548.209141
-0.474407,50,1548.552909
-1.875189,50,1548.891814
-0.350878,50,1549.222488
-0.420704,50,1549.552079
-0.402098,50,1549.88345
-0.304844,50,1550.210748
-0.349007,50,1550.540725
-0.522046,50,1550.871546
-0.451689,50,1551.203709
-0.477207,50,1551.535845
-0.369019,50,1551.865336
-0.422287,50,1552.244612
-0.562532,50,1552.579482
-0.426198,50,1552.912483
-0.549639,50,1553.249077
-0.435367,50,1553.578827
-0.451586,50,1553.909396
-0.440746,50,1554.240761
-0.393806,50,1554.570718
-0.54838,50,1554.902636
-0.393676,50,1555.292339
-0.515741,50,1555.61857
-0.545279,50,1555.943187
-0.604675,50,1556.26958
-0.369103,50,1556.613762
-1.46254,50,1556.946049
-0.527612,50,1557.273807
-0.45544,50,1557.600164
-0.566211,50,1557.930677
-0.448796,50,1558.257479
-0.501953,50,1558.583329
-0.309272,50,1558.907364
-0.225453,50,1559.237266
-0.40033,50,1559.564672
-0.370381,50,1559.890197
-0.437196,50,1560.218944
-0.356826,50,1560.546989
-0.307138,50,1560.874894
-0.467886,50,1561.201607
-0.552054,50,1561.528762
-0.383678,50,1561.856512
-0.454274,50,1562.184523
-0.578475,50,1562.51256
-0.514616,50,1562.841231
-0.487186,50,1563.177841
-0.568184,50,1563.509839
-0.425634,50,1563.843452
-0.532797,50,1564.233251
-0.543492,50,1564.573688
-0.575633,50,1564.903304
-0.580203,50,1565.235245
-0.465986,50,1565.567571
-0.470111,50,1565.903901
-0.440091,50,1566.232992
-0.42553,50,1566.562212
-2.129995,50,1566.899046
-0.511485,50,1567.231303
-0.509853,50,1567.563325
-0.542947,50,1567.896181
-0.470054,50,1568.230865
-0.43137,50,1568.563033
-0.404182,50,1568.891553
-0.363336,50,1569.221422
-1.071621,50,1569.5605
-0.484953,50,1569.894264
-0.38449,50,1570.222845
-0.453103,50,1570.552204
-0.579869,50,1570.889675
-0.503055,50,1571.221813
-0.404626,50,1571.550784
-0.683016,50,1571.881745
-0.543653,50,1572.254807
-0.236713,50,1572.598944
-0.320051,50,1572.926261
-0.447806,50,1573.254736
-0.548598,50,1573.580955
-0.537734,50,1573.909141
-0.523712,50,1574.235159
-0.25401,50,1574.562812
-0.34748,50,1574.887927
-1.580799,50,1575.293029
-0.407011,50,1575.622156
-0.484906,50,1575.953143
-0.392493,50,1576.281228
-0.658177,50,1576.61554
-0.616231,50,1576.951872
-0.579463,50,1577.279228
-0.628631,50,1577.612975
-0.752962,50,1577.947659
-0.523672,50,1578.279196
-0.532314,50,1578.612584
-0.504526,50,1578.943081
-0.446094,50,1579.330693
-0.97194,50,1579.665677
-0.491079,50,1579.993014
-0.531939,50,1580.320561
-0.67347,50,1580.650339
-0.481652,50,1580.982543
-0.427904,50,1581.307509
-0.377081,50,1581.634376
-0.475966,50,1581.964229
-0.393401,50,1582.28946
-0.274958,50,1582.614821
-1.736918,50,1582.948803
-0.536793,50,1583.340499
-0.348547,50,1583.668514
-0.429428,50,1583.995085
-0.290415,50,1584.324607
-0.490578,50,1584.670292
-1.27721,50,1585.003601
-0.49386,50,1585.330057
-0.418659,50,1585.656899
-0.354655,50,1585.986288
-0.547222,50,1586.315298
-0.403752,50,1586.641397
-0.35346,50,1586.967243
-0.608747,50,1587.343572
-0.378007,50,1587.674521
-0.643962,50,1588.002031
-0.564243,50,1588.32987
-0.628303,50,1588.662271
-0.499987,50,1588.99113
-0.412792,50,1589.322672
-0.488204,50,1589.655714
-0.520497,50,1589.98456
-0.262247,50,1590.310871
-0.361764,50,1590.638869
-0.438706,50,1590.973898
-0.557702,50,1591.377842
-0.33216,50,1591.707689
-0.494033,50,1592.038673
-0.309981,50,1592.374618
-0.416086,50,1592.706396
-0.4863,50,1593.041411
-0.414445,50,1593.372606
-0.416806,50,1593.703272
-0.410131,50,1594.036378
-1.151771,50,1594.372824
-1.923584,50,1594.70668
-0.429793,50,1595.054056
-0.466072,50,1595.433159
-0.66815,50,1595.763648
-0.350794,50,1596.094805
-1.477899,50,1596.431728
-0.506369,50,1596.761641
-0.610751,50,1597.090953
-0.219069,50,1597.418086
-0.502804,50,1597.746125
-0.436885,50,1598.077867
-0.402319,50,1598.410271
-0.392759,50,1598.740142
-1.257576,50,1599.108054
-0.280523,50,1599.460969
-0.248879,50,1599.788899
-0.505077,50,1600.117745
-0.5154,50,1600.443414
-0.327457,50,1600.769058
-0.491248,50,1601.09546
-0.492532,50,1601.423144
-1.815041,50,1601.756096
-0.37851,50,1602.090388
-0.632842,50,1602.426265
-0.277537,50,1602.751431
-0.410113,50,1603.115294
-0.346247,50,1603.457962
-0.290983,50,1603.784174
-0.328042,50,1604.111054
-0.212773,50,1604.439676
-0.416497,50,1604.770924
-0.384454,50,1605.100932
-0.34115,50,1605.429504
-2.113896,50,1605.761007
-0.522388,50,1606.086542
-0.446075,50,1606.41338
-0.567752,50,1606.742003
-0.416888,50,1607.088229
-0.483043,50,1607.451191
-1.268092,50,1607.787599
-0.479902,50,1608.11955
-0.505553,50,1608.448729
-0.512329,50,1608.780856
-0.354532,50,1609.109425
-0.444508,50,1609.43809
-0.52139,50,1609.765861
-0.464028,50,1610.099538
-1.471821,50,1610.436356
-0.52369,50,1610.765031
-0.263849,50,1611.096075
-0.573,50,1611.470757
-0.28167,50,1611.79755
-0.245416,50,1612.124656
-0.230537,50,1612.450971
-0.502751,50,1612.792813
-0.300182,50,1613.120178
-0.556464,50,1613.446901
-0.313887,50,1613.772099
-0.536041,50,1614.099442
-0.53909,50,1614.42744
-0.423678,50,1614.757517
-0.37815,50,1615.137892
-1.583956,50,1615.492511
-0.290665,50,1615.822538
-0.27458,50,1616.152058
-1.605514,50,1616.489515
-0.467484,50,1616.82114
-0.421353,50,1617.150743
-0.971183,50,1617.488075
-0.264031,50,1617.818904
-0.345962,50,1618.153231
-0.40096,50,1618.483369
-0.200226,50,1618.813664
-0.278976,50,1619.181494
-0.552779,50,1619.529443
-0.475278,50,1619.856233
-0.457134,50,1620.184408
-0.617608,50,1620.517201
-0.495252,50,1620.845305
-0.646849,50,1621.173031
-0.541308,50,1621.499059
-0.432982,50,1621.830146
-0.27938,50,1622.160546
-0.303793,50,1622.48655
-0.509616,50,1622.81352
-0.463635,50,1623.142259
-0.369389,50,1623.520238
-0.449485,50,1623.847201
-0.508606,50,1624.176753
-0.327585,50,1624.503831
-0.360667,50,1624.831219
-0.568807,50,1625.15779
-0.605696,50,1625.489799
-0.442199,50,1625.817113
-0.391974,50,1626.152747
-0.346504,50,1626.478427
-0.505226,50,1626.806315
-0.509762,50,1627.187439
-0.380469,50,1627.530015
-0.64078,50,1627.860691
-0.484301,50,1628.190954
-0.471413,50,1628.523011
-0.673503,50,1628.853509
-0.39276,50,1629.183333
-0.323928,50,1629.514134
-0.234136,50,1629.843314
-0.431601,50,1630.175202
-1.607348,50,1630.510997
-0.464874,50,1630.840018
-0.310472,50,1631.214783
-0.472198,50,1631.554417
-0.440441,50,1631.881117
-0.38245,50,1632.210325
-0.648696,50,1632.538645
-0.567304,50,1632.865896
-0.555163,50,1633.192558
-2.321865,50,1633.52599
-0.556366,50,1633.853104
-0.543874,50,1634.180031
-0.719757,50,1634.510715
-0.398767,50,1634.838153
-0.223843,50,1635.166676
-0.965632,50,1635.579754
-0.56116,50,1635.912038
-0.42396,50,1636.244728
-0.399946,50,1636.570494
-0.471883,50,1636.896553
-0.557376,50,1637.230681
-0.203146,50,1637.557961
-0.371328,50,1637.88373
-0.361559,50,1638.212451
-0.387573,50,1638.538204
-0.522208,50,1638.870468
-0.509792,50,1639.238494
-0.573453,50,1639.581766
-0.536667,50,1639.911591
-0.500623,50,1640.239715
-0.264594,50,1640.566886
-0.450409,50,1640.899569
-0.447752,50,1641.229186
-0.420177,50,1641.558453
-0.411479,50,1641.885897
-0.310257,50,1642.214007
-0.729666,50,1642.547804
-0.488278,50,1642.875021
-0.323066,50,1643.256594
-0.498534,50,1643.591538
-0.441405,50,1643.921388
-0.498401,50,1644.253532
-0.633335,50,1644.588049
-1.79549,50,1644.922325
-0.588035,50,1645.254456
-0.352416,50,1645.587865
-0.561798,50,1645.917657
-0.389377,50,1646.299168
-0.426152,50,1646.627575
-0.492031,50,1646.954543
-0.414099,50,1647.281068
-0.425263,50,1647.623537
-0.390729,50,1647.951362
-0.651014,50,1648.278902
-0.323416,50,1648.606934
-0.518203,50,1648.935332
-0.492462,50,1649.267488
-0.533274,50,1649.595659
-0.451269,50,1649.920097
-0.382906,50,1650.320053
-0.453338,50,1650.647743
-0.482822,50,1650.975266
-0.317972,50,1651.300842
-0.391539,50,1651.629883
-0.421557,50,1651.957323
-0.498897,50,1652.286551
-0.385114,50,1652.612977
-0.309511,50,1652.940717
-0.359333,50,1653.268663
-0.394963,50,1653.596863
-0.55643,50,1653.921978
-0.372843,50,1654.27791
-0.56625,50,1654.606893
-0.244239,50,1654.947498
-0.280354,50,1655.275705
-0.425584,50,1655.605903
-0.524879,50,1655.932534
-0.400519,50,1656.265334
-0.552148,50,1656.592248
-0.48049,50,1656.924977
-0.489875,50,1657.256353
-0.391241,50,1657.58905
-1.512928,50,1657.923915
-0.246536,50,1658.252083
-0.48585,50,1658.57838
-0.25262,50,1658.906254
-0.351013,50,1659.233284
-0.370518,50,1659.562939
-0.425605,50,1659.892469
-0.43307,50,1660.219733
-0.485011,50,1660.546002
-0.361414,50,1660.874948
-0.51618,50,1661.200453
-1.651208,50,1661.535315
-0.300117,50,1661.861207
-0.329663,50,1662.188826
-0.497102,50,1662.518133
-0.451408,50,1662.845312
-0.437891,50,1663.176024
-0.482779,50,1663.564545
-0.431454,50,1663.893525
-0.507548,50,1664.224373
-0.482232,50,1664.55313
-0.634306,50,1664.880228
-0.569252,50,1665.213578
-0.39403,50,1665.539753
-0.49177,50,1665.867185
-0.548152,50,1666.196005
-0.564194,50,1666.524776
-0.460588,50,1666.848638
-0.222108,50,1667.229592
-0.542949,50,1667.577965
-0.454762,50,1667.907027
-0.340346,50,1668.238558
-0.344708,50,1668.567133
-0.348973,50,1668.899674
-0.634672,50,1669.231588
-2.114066,50,1669.568646
-0.52132,50,1669.900713
-0.571103,50,1670.286676
-0.641821,50,1670.620927
-0.479891,50,1670.948728
-0.325348,50,1671.27601
-0.208009,50,1671.605108
-0.26316,50,1671.931318
-0.411898,50,1672.255579
-0.244719,50,1672.582932
-0.314442,50,1672.911099
-1.052973,50,1673.24588
-0.62303,50,1673.571462
-0.492723,50,1673.897521
-0.419636,50,1674.228196
-0.542056,50,1674.557963
-0.597881,50,1674.884355
-1.188231,50,1675.255214
-0.224906,50,1675.635238
-0.454355,50,1675.967284
-0.300287,50,1676.295961
-0.508791,50,1676.624778
-0.365986,50,1676.958586
-0.336878,50,1677.2897
-0.483795,50,1677.620361
-0.547272,50,1677.953871
-0.517216,50,1678.331966
-1.111715,50,1678.667277
-0.368697,50,1678.995447
-0.4253,50,1679.323573
-0.289798,50,1679.652266
-0.486686,50,1679.986971
-0.632126,50,1680.319935
-0.713483,50,1680.655563
-0.440718,50,1680.985835
-0.326628,50,1681.314006
-0.329771,50,1681.642874
-0.330129,50,1681.972237
-0.502655,50,1682.367592
-0.519289,50,1682.700836
-0.241314,50,1683.03159
-0.554322,50,1683.358885
-0.461662,50,1683.69019
-0.589768,50,1684.021964
-0.700549,50,1684.353878
-0.342921,50,1684.683303
-0.547268,50,1685.019629
-0.454897,50,1685.349563
-1.369879,50,1685.683294
-0.451255,50,1686.021981
-0.442899,50,1686.402016
-0.438232,50,1686.729168
-0.338385,50,1687.063296
-0.548948,50,1687.390855
-0.326849,50,1687.736437
-0.447578,50,1688.066759
-0.520622,50,1688.396781
-0.547214,50,1688.728036
-0.454933,50,1689.064768
-0.617206,50,1689.390981
-0.446419,50,1689.721615
-0.361613,50,1690.090822
-1.298377,50,1690.461804
-1.171256,50,1690.799871
-0.477632,50,1691.132705
-0.436337,50,1691.467237
-0.49815,50,1691.803646
-0.486792,50,1692.135917
-0.311089,50,1692.465675
-0.436114,50,1692.799045
-0.451126,50,1693.12967
-2.085656,50,1693.467219
-0.489175,50,1693.796283
-0.720564,50,1694.170142
-0.400509,50,1694.517189
-0.472373,50,1694.847885
-0.498714,50,1695.18068
-0.474561,50,1695.5109
-0.751945,50,1695.838987
-0.449325,50,1696.173777
-2.417738,50,1696.506574
-0.248131,50,1696.833613
-0.249759,50,1697.37828
-0.44609,50,1697.706872
-0.478264,50,1698.031133
-0.521621,50,1698.360296
-0.387576,50,1698.706396
-0.377031,50,1699.036103
-0.399211,50,1699.373675
-0.283577,50,1699.702988
-0.27372,50,1700.039284
-0.47158,50,1700.368622
-0.459264,50,1700.698147
-0.429522,50,1701.03352
-0.486864,50,1701.433675
-0.360453,50,1701.762803
-0.379068,50,1702.088811
-0.532927,50,1702.415475
-0.468792,50,1702.742902
-1.345922,50,1703.074766
-0.48926,50,1703.403037
-0.565494,50,1703.730248
-0.414171,50,1704.058315
-0.472347,50,1704.390885
-0.52472,50,1704.721046
-1.43147,50,1705.092231
-0.438174,50,1705.458382
-0.835908,50,1705.793485
-0.470556,50,1706.122237
-0.386207,50,1706.4522
-0.416616,50,1706.785532
-0.652747,50,1707.113929
-0.418355,50,1707.440738
-1.325696,50,1707.774371
-0.435827,50,1708.106648
-0.543244,50,1708.433878
-0.647558,50,1708.760474
-0.281836,50,1709.089071
-0.460164,50,1709.449082
-0.431323,50,1709.780947
-0.278086,50,1710.110495
-1.677254,50,1710.446619
-0.509942,50,1710.793606
-0.510878,50,1711.120563
-1.423123,50,1711.453856
-0.400913,50,1711.780312
-0.364242,50,1712.110411
-0.363673,50,1712.442948
-0.612317,50,1712.775325
-0.421463,50,1713.143133
-0.371195,50,1713.488653
-0.43412,50,1713.817663
-0.46322,50,1714.143932
-0.513341,50,1714.470709
-0.350728,50,1714.800172
-0.55856,50,1715.127734
-0.553731,50,1715.454462
-0.685915,50,1715.787728
-0.461151,50,1716.118433
-0.455034,50,1716.44547
-0.365367,50,1716.771334
-0.241208,50,1717.136821
-0.435894,50,1717.486775
-0.376828,50,1717.816372
-0.578273,50,1718.144691
-0.520389,50,1718.471916
-0.429025,50,1718.802321
-0.451556,50,1719.135009
-0.691137,50,1719.463782
-0.336156,50,1719.796409
-0.578675,50,1720.129773
-0.536346,50,1720.458332
-0.309233,50,1720.79033
-0.23442,50,1721.161918
-0.367449,50,1721.508611
-0.330818,50,1721.842445
-0.515787,50,1722.171525
-0.485138,50,1722.503275
-0.443779,50,1722.837942
-0.455596,50,1723.167783
-0.262558,50,1723.497522
-0.339468,50,1723.827165
-0.385491,50,1724.160943
-0.38429,50,1724.49208
-0.322562,50,1724.82582
-0.409238,50,1725.167395
-0.616151,50,1725.536297
-0.331528,50,1725.86879
-0.348691,50,1726.197647
-0.420174,50,1726.525871
-0.433308,50,1726.863068
-0.265139,50,1727.190098
-0.486302,50,1727.517513
-0.490995,50,1727.842906
-1.868115,50,1728.1786
-0.255425,50,1728.504247
-0.43385,50,1728.835465
-0.45292,50,1729.204915
-0.274887,50,1729.549898
-0.498862,50,1729.881059
-0.434252,50,1730.209013
-0.490592,50,1730.539478
-0.557317,50,1730.870662
-0.377685,50,1731.202887
-0.522926,50,1731.533578
-0.315158,50,1731.865295
-0.39879,50,1732.200062
-1.392399,50,1732.535258
-0.284084,50,1732.866778
-0.507162,50,1733.204035
-0.687703,50,1733.584253
-0.283671,50,1733.913922
-0.438885,50,1734.242088
-0.563879,50,1734.570428
-0.381656,50,1734.905601
-0.406728,50,1735.243518
-0.35253,50,1735.575876
-0.628904,50,1735.907576
-0.476552,50,1736.308366
-0.458005,50,1736.643192
-0.464186,50,1736.971378
-0.397967,50,1737.302361
-0.328374,50,1737.633279
-0.323253,50,1737.963957
-0.558601,50,1738.293601
-0.264258,50,1738.622571
-0.467672,50,1738.954766
-0.446478,50,1739.284641
-0.337372,50,1739.615473
-0.449071,50,1739.944549
-2.619871,50,1740.326504
-1.012514,50,1740.660288
-0.401555,50,1740.987736
-0.378578,50,1741.314321
-0.627277,50,1741.649794
-0.447643,50,1741.97526
-0.357633,50,1742.301515
-0.381015,50,1742.6288
-0.497316,50,1742.956489
-0.369566,50,1743.285599
-0.399378,50,1743.613034
-0.53255,50,1743.942281
-0.432718,50,1744.33622
-0.79711,50,1744.670844
-0.637359,50,1745.00086
-0.343896,50,1745.332895
-0.273917,50,1745.678466
-0.483635,50,1746.005861
-0.399268,50,1746.331789
-0.553009,50,1746.65915
-0.618355,50,1746.987975
-0.325285,50,1747.315137
-0.561544,50,1747.640351
-0.177768,50,1747.96671
-0.347331,50,1748.360945
-0.561865,50,1748.689109
-0.4098,50,1749.017113
-0.548448,50,1749.344961
-0.44292,50,1749.673191
-0.425637,50,1750.000809
-0.448633,50,1750.328719
-0.439565,50,1750.652464
-0.507644,50,1750.979461
-0.331639,50,1751.306644
-0.376805,50,1751.633871
-0.43781,50,1751.961441
-0.273853,50,1752.366915
-2.41002,50,1752.70478
-0.432785,50,1753.040473
-0.388934,50,1753.370455
-0.549994,50,1753.701856
-0.275735,50,1754.032381
-0.367863,50,1754.362883
-0.318978,50,1754.694144
-0.450057,50,1755.025009
-0.446843,50,1755.35566
-0.29677,50,1755.684494
-0.450718,50,1756.015924
-0.274891,50,1756.368304
-0.352776,50,1756.67961
-1.175598,50,1756.996026
-0.416894,50,1757.30772
-0.477208,50,1757.633953
-0.403284,50,1757.94241
-0.293291,50,1758.253693
-0.697726,50,1758.571233
-0.51523,50,1758.880947
-0.337498,50,1759.191186
-0.522175,50,1759.504166
-0.264675,50,1759.816408
-0.540676,50,1760.129969
-0.530416,50,1760.440471
-0.466351,50,1760.752674
-2.427861,50,1761.123451
-0.302182,50,1761.45052
-0.316217,50,1761.76409
-1.394557,50,1762.080997
-0.540556,50,1762.393025
-1.082076,50,1762.712369
-1.839952,50,1763.032466
-0.549878,50,1763.344502
-0.652564,50,1763.662159
-0.35036,50,1763.977161
-0.423013,50,1764.291349
-0.352923,50,1764.604583
-0.427153,50,1764.917492
-0.397778,50,1765.283749
-0.487473,50,1765.594844
-0.716753,50,1765.911142
-1.462468,50,1766.229893
-0.358355,50,1766.559637
-0.293435,50,1766.866526
-0.312035,50,1767.17436
-0.221308,50,1767.481956
-0.362427,50,1767.791393
-0.533899,50,1768.098428
-0.379219,50,1768.410933
-0.569616,50,1768.725207
-0.530862,50,1769.03741
-0.506087,50,1769.353785
-0.453694,50,1769.660423
-0.523769,50,1769.969002
-0.363366,50,1770.348899
-0.409845,50,1770.657287
-0.59391,50,1770.970242
-0.584137,50,1771.276016
-0.610444,50,1771.588657
-0.498717,50,1771.897983
-0.317284,50,1772.206656
-0.169134,50,1772.514488
-0.466087,50,1772.82571
-0.438918,50,1773.13712
-0.297991,50,1773.44751
-0.599033,50,1773.761945
-0.435263,50,1774.079702
-0.559405,50,1774.398154
-0.417736,50,1774.713455
-0.364171,50,1775.031722
-0.473308,50,1775.427935
-0.23489,50,1775.737735
-0.284952,50,1776.048643
-0.300963,50,1776.360254
-0.206553,50,1776.673135
-2.204587,50,1776.991945
-0.551285,50,1777.30385
-0.823021,50,1777.621866
-0.262003,50,1777.934456
-0.463734,50,1778.247055
-0.479587,50,1778.560095
-0.342335,50,1778.871393
-0.32193,50,1779.18206
-1.504373,50,1779.495339
-0.299337,50,1779.805257
-0.471315,50,1780.167825
-0.406885,50,1780.496981
-0.25944,50,1780.805178
-0.588821,50,1781.112538
-0.271099,50,1781.423483
-0.450936,50,1781.733894
-0.504297,50,1782.043694
-0.504993,50,1782.353015
-0.462004,50,1782.663145
-2.365906,50,1782.982489
-0.411553,50,1783.299869
-0.312546,50,1783.610154
-0.65515,50,1783.921592
-0.571603,50,1784.239097
-0.61808,50,1784.546399
-0.313388,50,1784.856121
-0.279555,50,1785.165929
-2.191002,50,1785.486711
-0.368588,50,1785.797909
-0.398177,50,1786.115023
-0.485317,50,1786.426798
-0.298433,50,1786.741127
-0.472353,50,1787.053333
-0.663479,50,1787.365586
-0.425161,50,1787.678978
-0.549428,50,1787.993397
-0.275187,50,1788.3052
-0.60553,50,1788.616748
-0.423751,50,1788.932615
-0.309926,50,1789.337703
-0.261071,50,1789.649012
-0.667156,50,1789.960032
-0.382993,50,1790.270774
-0.247559,50,1790.580147
-0.674849,50,1790.891298
-0.276094,50,1791.199695
-0.39671,50,1791.51258
-0.590722,50,1791.822742
-0.486809,50,1792.132847
-0.289684,50,1792.441993
-0.53302,50,1792.754949
-0.542293,50,1793.067091
-0.622193,50,1793.381414
-0.54334,50,1793.689984
-0.721373,50,1794.000897
-0.413955,50,1794.366854
-0.487072,50,1794.683105
-0.472875,50,1794.993504
-0.368561,50,1795.301018
-0.490385,50,1795.610816
-0.211743,50,1795.919007
-0.47307,50,1796.236466
-0.539822,50,1796.549617
-0.380084,50,1796.862012
-0.410327,50,1797.17275
-0.548103,50,1797.484827
-0.519718,50,1797.79715
-1.37985,50,1798.116701
-0.623918,50,1798.429171
-2.344201,50,1798.745686
-0.565154,50,1799.066718
-0.586281,50,1799.433452
-0.426926,50,1799.746159
-0.41715,50,1800.062575
-0.322052,50,1800.378206
-0.597069,50,1800.693691
-0.530518,50,1801.012088
-0.428023,50,1801.327052
-0.324505,50,1801.641141
-0.591221,50,1801.956074
-0.354258,50,1802.268199
-0.471954,50,1802.582722
-0.530587,50,1802.895541
-0.172415,50,1803.208574
-0.312305,50,1803.522939
-0.38505,50,1803.837258
-0.284286,50,1804.150122
-0.410434,50,1804.519448
-0.319212,50,1804.831417
-0.388985,50,1805.144634
-0.414027,50,1805.456409
-0.372755,50,1805.784819
-0.476444,50,1806.099907
-0.374286,50,1806.412354
-0.367294,50,1806.721943
-0.549136,50,1807.032085
-0.37011,50,1807.339801
-0.426234,50,1807.650872
-0.538938,50,1807.961976
-0.505003,50,1808.271444
-0.454878,50,1808.581848
-0.451343,50,1808.889258
-0.352446,50,1809.281734
-0.648374,50,1809.600196
-0.659114,50,1809.909744
-0.487449,50,1810.217347
-0.531879,50,1810.526728
-0.564824,50,1810.838075
-0.228536,50,1811.146026
-0.279553,50,1811.4567
-0.571495,50,1811.764686
-0.428685,50,1812.084005
-0.623607,50,1812.394866
-0.391142,50,1812.704439
-2.235482,50,1813.024759
-0.404642,50,1813.39782
-0.562401,50,1813.71182
-0.313385,50,1814.023347
-0.525471,50,1814.33814
-0.370531,50,1814.64888
-0.398286,50,1814.961671
-0.237375,50,1815.271549
-0.333613,50,1815.583509
-0.532775,50,1815.902612
-0.585046,50,1816.212702
-2.630258,50,1816.53361
-0.370693,50,1816.84697
-0.286183,50,1817.160857
-0.332921,50,1817.475362
-0.532466,50,1817.788149
-0.548597,50,1818.100581
-0.266173,50,1818.475404
-0.422661,50,1818.786246
-0.425584,50,1819.098932
-0.560131,50,1819.415371
-0.512365,50,1819.741663
-0.312904,50,1820.053895
-0.47608,50,1820.366967
-0.486406,50,1820.678994
-0.708914,50,1820.999035
-0.582988,50,1821.312485
-0.365891,50,1821.624912
-1.266233,50,1821.945024
-0.601193,50,1822.25987
-0.495428,50,1822.571383
-0.5303,50,1822.884464
-0.407473,50,1823.285597
-0.683219,50,1823.600844
-0.503717,50,1823.91499
-0.606026,50,1824.226195
-0.8164,50,1824.543506
-0.264465,50,1824.856812
-0.474355,50,1825.172144
-0.602339,50,1825.484799
-0.393433,50,1825.79612
-0.554941,50,1826.119323
-0.353875,50,1826.433841
-0.310219,50,1826.748118
-0.281582,50,1827.065599
-0.574815,50,1827.444712
-0.444974,50,1827.756334
-0.516866,50,1828.069169
-0.287366,50,1828.381718
-0.449597,50,1828.702716
-0.535266,50,1829.021582
-0.360292,50,1829.335286
-0.456999,50,1829.650894
-0.438357,50,1829.969837
-0.428159,50,1830.284003
-0.582656,50,1830.596405
-0.465802,50,1830.910342
-0.381536,50,1831.226569
-0.335066,50,1831.541099
-0.58547,50,1831.851622
-0.825667,50,1832.17301
-0.510738,50,1832.60215
-0.417779,50,1832.92254
-0.344732,50,1833.243416
-0.416078,50,1833.561361
-0.491962,50,1833.876628
-0.567072,50,1834.193992
-0.535491,50,1834.509629
-0.431864,50,1834.82271
-0.487712,50,1835.137672
-0.495473,50,1835.455286
-0.484333,50,1835.773359
-0.519135,50,1836.112989
-0.622552,50,1836.482295
-0.457503,50,1836.79487
-0.428255,50,1837.108159
-0.394304,50,1837.422915
-0.487583,50,1837.737662
-0.262026,50,1838.051026
-0.497883,50,1838.362852
-0.427394,50,1838.678212
-0.504867,50,1838.993399
-0.292353,50,1839.306036
-0.578297,50,1839.61761
-0.523101,50,1839.930362
-0.43972,50,1840.248298
-0.306075,50,1840.561818
-0.482431,50,1840.873721
-0.534047,50,1841.280825
-0.485172,50,1841.595665
-2.381797,50,1841.915593
-1.723308,50,1842.235545
-0.294889,50,1842.547594
-1.769322,50,1842.867496
-0.584467,50,1843.184006
-0.369421,50,1843.497829
-0.386102,50,1843.812309
-0.470056,50,1844.133662
-0.354973,50,1844.44674
-0.691717,50,1844.760688
-0.228682,50,1845.073396
-0.494458,50,1845.450613
-1.446209,50,1845.770902
-0.389732,50,1846.085865
-0.28267,50,1846.398238
-0.463094,50,1846.728089
-0.52959,50,1847.04731
-0.306707,50,1847.359989
-0.404887,50,1847.673993
-0.285118,50,1847.989063
-0.557622,50,1848.302051
-0.398988,50,1848.616848
-0.41362,50,1848.930058
-0.60264,50,1849.341417
-0.380255,50,1849.655597
-0.552846,50,1849.967587
-1.008414,50,1850.286251
-0.271367,50,1850.600741
-0.414277,50,1850.920326
-0.277003,50,1851.233557
-0.297874,50,1851.547685
-0.52162,50,1851.866669
-0.390241,50,1852.180078
-0.575679,50,1852.500776
-0.38838,50,1852.812981
-2.219745,50,1853.133848
-0.351157,50,1853.448088
-0.546801,50,1853.760551
-0.538563,50,1854.077261
-0.277388,50,1854.460165
-0.399461,50,1854.773709
-0.520772,50,1855.092623
-0.241584,50,1855.40624
-0.367371,50,1855.721364
-0.708182,50,1856.039314
-0.327617,50,1856.353812
-0.461343,50,1856.669209
-0.482383,50,1856.986341
-0.543244,50,1857.301182
-0.308717,50,1857.61485
-0.282164,50,1857.92732
-0.509327,50,1858.24216
-0.447712,50,1858.559738
-0.240228,50,1858.873224
-0.659561,50,1859.238512
-0.496773,50,1859.752919
-0.398318,50,1860.086053
-0.360689,50,1860.414169
-0.31879,50,1860.745582
-0.282389,50,1861.081347
-0.243874,50,1861.412383
-0.622684,50,1861.751818
-0.380406,50,1862.099636
-0.430819,50,1862.466492
-0.324484,50,1862.800667
-0.390901,50,1863.132328
-1.900502,50,1863.467736
-0.471658,50,1863.80517
-0.58276,50,1864.139014
-0.557768,50,1864.468343
-0.401364,50,1864.800725
-0.668832,50,1865.134854
-0.539388,50,1865.466168
-0.371643,50,1865.800724
-2.313365,50,1866.173146
-1.299487,50,1866.526896
-0.337995,50,1866.855381
-0.565263,50,1867.184409
-0.39142,50,1867.512062
-0.290075,50,1867.842416
-0.504877,50,1868.172811
-0.530414,50,1868.500832
-0.534078,50,1868.830267
-1.955635,50,1869.167605
-0.346516,50,1869.494542
-0.294574,50,1869.824787
-0.270019,50,1870.155465
-0.286334,50,1870.525437
-0.213036,50,1870.858449
-0.414259,50,1871.190811
-0.440365,50,1871.521584
-0.41189,50,1871.855603
-0.333023,50,1872.189407
-0.489956,50,1872.524991
-0.876209,50,1872.860793
-0.424431,50,1873.197733
-0.373831,50,1873.534381
-0.515325,50,1873.865783
-1.766181,50,1874.243417
-0.349431,50,1874.590355
-0.367025,50,1874.919262
-0.440061,50,1875.249006
-0.275063,50,1875.575767
-0.489947,50,1875.907718
-0.606921,50,1876.238538
-0.268324,50,1876.567012
-0.464384,50,1876.895789
-0.64786,50,1877.227426
-0.320456,50,1877.554632
-0.399709,50,1877.880705
-0.318063,50,1878.267361
-1.293367,50,1878.619518
-0.286939,50,1878.948687
-0.586846,50,1879.277378
-0.472327,50,1879.606
-0.49313,50,1879.939027
-0.443257,50,1880.268028
-0.380127,50,1880.6
-0.501702,50,1880.928512
-0.462723,50,1881.257979
-2.329469,50,1881.593491
-0.498236,50,1881.927651
-2.206101,50,1882.298103
-0.523422,50,1882.667229
-0.408854,50,1882.99674
-0.40263,50,1883.326196
-0.602283,50,1883.654383
-1.237747,50,1883.992455
-0.566331,50,1884.321639
-0.36799,50,1884.654271
-0.434538,50,1884.981819
-0.484981,50,1885.400183
-0.541384,50,1885.730928
-0.270307,50,1886.05848
-0.521295,50,1886.387792
-0.645525,50,1886.727933
-0.438335,50,1887.056445
-0.510646,50,1887.385407
-0.500396,50,1887.712089
-0.476468,50,1888.042361
-0.275,50,1888.370388
-0.471559,50,1888.698434
-0.542242,50,1889.030911
-0.414784,50,1889.435685
-1.480895,50,1889.771232
-0.535244,50,1890.101422
-2.35857,50,1890.438054
-0.512763,50,1890.766197
-0.27377,50,1891.094935
-0.836329,50,1891.429368
-0.455631,50,1891.758984
-0.389011,50,1892.091043
-0.261692,50,1892.420882
-0.409587,50,1892.751229
-1.155268,50,1893.091707
-0.230251,50,1893.448604
-0.284096,50,1893.779392
-0.501275,50,1894.113305
-0.365261,50,1894.444597
-0.415714,50,1894.796496
-0.422081,50,1895.126822
-0.389662,50,1895.456439
-0.537509,50,1895.791316
-0.486045,50,1896.12207
-0.346721,50,1896.45062
-0.438576,50,1896.778164
-2.362696,50,1897.137245
-0.512252,50,1897.505687
-0.433923,50,1897.834715
-0.437969,50,1898.162314
-0.471003,50,1898.4888
-0.565509,50,1898.82008
-0.411777,50,1899.150262
-0.36736,50,1899.480503
-0.490933,50,1899.81067
-0.430897,50,1900.146485
-0.252589,50,1900.476121
-1.556134,50,1900.809722
-0.487152,50,1901.177158
-0.374566,50,1901.52578
-0.370235,50,1901.857787
-0.367566,50,1902.200292
-0.441637,50,1902.529692
-0.569188,50,1902.859901
-0.451308,50,1903.189833
-0.273294,50,1903.518433
-0.454697,50,1903.849318
-1.698512,50,1904.18888
-0.560347,50,1904.524347
-0.383489,50,1904.854279
-0.399956,50,1905.191266
-0.509715,50,1905.590135
-0.407228,50,1905.919895
-0.551947,50,1906.250192
-0.396477,50,1906.57778
-0.483868,50,1906.914828
-0.455671,50,1907.24308
-0.474357,50,1907.575886
-0.586758,50,1907.905064
-0.421882,50,1908.237887
-0.450391,50,1908.567569
-0.380837,50,1908.896449
-0.402363,50,1909.285644
-0.429406,50,1909.633951
-0.333377,50,1909.966694
-0.376591,50,1910.298546
-0.47198,50,1910.628101
-0.791782,50,1910.965103
-0.521896,50,1911.299087
-1.544289,50,1911.638184
-0.357951,50,1911.967588
-0.452658,50,1912.339441
-0.311498,50,1912.679173
-0.400293,50,1913.014854
-0.285483,50,1913.347355
-0.329182,50,1913.681303
-0.482859,50,1914.0141
-0.391335,50,1914.34278
-0.384788,50,1914.679481
-0.402835,50,1915.013412
-1.330761,50,1915.351641
-0.483294,50,1915.682769
-0.355215,50,1916.015061
-0.523291,50,1916.40035
-0.413699,50,1916.731389
-0.419714,50,1917.06192
-0.456013,50,1917.391786
-0.431645,50,1917.737185
-0.463583,50,1918.06794
-0.281745,50,1918.395694
-0.420582,50,1918.723519
-0.480596,50,1919.055476
-0.323366,50,1919.389585
-0.54001,50,1919.720004
-0.991448,50,1920.05742
-2.346448,50,1920.46116
-0.403636,50,1920.793797
-1.209766,50,1921.133056
-0.301387,50,1921.46532
-0.656326,50,1921.80271
-0.385277,50,1922.13705
-0.604998,50,1922.471325
-0.326166,50,1922.801695
-0.464638,50,1923.144601
-0.456555,50,1923.474404
-0.408045,50,1923.805002
-0.23716,50,1924.182638
-1.374682,50,1924.542699
-0.290175,50,1924.872117
-0.377361,50,1925.201242
-0.287993,50,1925.531127
-2.317864,50,1925.869497
-0.296418,50,1926.199295
-0.250791,50,1926.527651
-0.454744,50,1926.857234
-0.207437,50,1927.187886
-0.183278,50,1927.51693
-0.323067,50,1927.844658
-0.377348,50,1928.176082
-0.417712,50,1928.59413
-0.313967,50,1928.927876
-0.349563,50,1929.265193
-0.317206,50,1929.597786
-0.325176,50,1929.934177
-0.182304,50,1930.266237
-1.503859,50,1930.603709
-0.427953,50,1930.93318
-0.482523,50,1931.266846
-0.559547,50,1931.598283
-0.435881,50,1931.928023
-0.338512,50,1932.314802
-0.259359,50,1932.661267
-2.198942,50,1932.998
-0.59106,50,1933.331796
-0.459471,50,1933.659671
-0.488666,50,1933.996799
-0.368964,50,1934.332887
-0.350679,50,1934.661786
-0.236041,50,1934.990443
-0.372699,50,1935.363092
-0.436804,50,1935.696829
-0.60391,50,1936.029435
-0.447443,50,1936.361225
-0.702874,50,1936.700375
-2.590854,50,1937.041432
-0.558821,50,1937.372961
-2.680956,50,1937.710501
-0.503981,50,1938.042823
-0.511666,50,1938.374548
-0.497943,50,1938.706665
-0.411474,50,1939.045397
-0.306068,50,1939.41306
-0.693107,50,1939.744142
-0.403262,50,1940.073468
-0.261941,50,1940.404594
-0.334775,50,1940.754225
-0.344308,50,1941.08736
-0.455122,50,1941.423318
-0.465481,50,1941.757266
-0.287804,50,1942.091105
-0.227856,50,1942.422896
-0.249673,50,1942.7547
-0.564032,50,1943.106246
-0.805856,50,1943.495552
-0.39932,50,1943.827255
-2.142041,50,1944.165915
-0.504167,50,1944.495835
-0.264006,50,1944.830298
-0.248738,50,1945.162111
-0.278621,50,1945.494034
-1.203422,50,1945.831437
-0.420934,50,1946.165736
-0.440893,50,1946.499039
-0.314754,50,1946.830549
-0.36013,50,1947.216572
-0.384678,50,1947.570114
-0.50627,50,1947.89899
-0.386406,50,1948.227053
-0.554629,50,1948.557088
-0.510557,50,1948.888618
-0.426287,50,1949.219439
-0.573076,50,1949.548841
-0.6071,50,1949.883538
-0.351005,50,1950.215353
-0.174696,50,1950.544316
-0.3062,50,1950.871333
-0.24932,50,1951.206035
-0.316518,50,1951.616125
-0.641668,50,1951.955259
-0.387516,50,1952.288661
-1.755162,50,1952.624594
-0.387713,50,1952.959437
-0.473165,50,1953.291326
-0.244528,50,1953.620543
-0.241372,50,1953.95072
-0.479521,50,1954.284844
-1.216106,50,1954.622993
-0.46831,50,1954.957242
-0.436029,50,1955.287137
-0.501521,50,1955.619178
-0.507051,50,1955.951647
-0.360426,50,1956.292652
-0.300241,50,1956.624891
-0.476552,50,1956.958697
-0.336616,50,1957.291217
-0.439905,50,1957.623788
-0.303884,50,1957.956912
-0.370537,50,1958.344874
-0.675027,50,1958.681293
-0.339145,50,1959.01198
-0.442987,50,1959.344854
-1.573623,50,1959.696564
-0.348252,50,1960.032911
-0.426202,50,1960.361562
-0.363632,50,1960.689912
-0.365814,50,1961.023065
-0.536671,50,1961.354132
-0.350725,50,1961.682714
-0.26136,50,1962.013668
-0.499034,50,1962.419702
-0.310396,50,1962.750019
-0.518921,50,1963.08115
-0.559572,50,1963.41398
-0.320685,50,1963.747577
-0.36131,50,1964.081362
-0.377686,50,1964.414249
-0.496255,50,1964.746404
-0.364931,50,1965.080628
-0.533897,50,1965.412685
-0.272602,50,1965.744242
-0.316307,50,1966.076113
-2.017707,50,1966.462902
-0.451288,50,1966.792348
-0.411869,50,1967.121598
-0.547937,50,1967.451905
-0.405201,50,1967.803559
-0.532981,50,1968.137576
-1.93009,50,1968.477002
-0.451787,50,1968.807581
-0.573187,50,1969.14125
-0.383601,50,1969.475287
-0.266566,50,1969.806732
-0.613433,50,1970.17847
-0.349095,50,1970.532641
-0.635428,50,1970.865607
-1.194147,50,1971.205135
-0.505241,50,1971.537639
-0.206746,50,1971.872918
-0.501857,50,1972.205942
-0.362298,50,1972.540887
-0.692291,50,1972.874462
-0.419686,50,1973.212639
-0.348488,50,1973.545805
-0.267617,50,1973.879206
-0.673261,50,1974.26668
-0.511666,50,1974.602776
-0.465898,50,1974.935745
-0.336978,50,1975.26882
-0.291955,50,1975.60157
-0.245144,50,1975.935897
-0.205322,50,1976.266908
-0.461143,50,1976.600785
-0.288998,50,1976.937658
-0.521019,50,1977.275382
-0.433606,50,1977.607244
-0.225873,50,1977.939132
-0.422213,50,1978.320488
-0.527172,50,1978.668987
-0.476984,50,1979.000189
-0.298966,50,1979.330507
-0.378732,50,1979.659422
-0.41114,50,1979.990959
-1.254279,50,1980.327067
-0.450741,50,1980.660578
-0.266381,50,1980.987324
-0.475025,50,1981.383408
-0.393656,50,1981.715274
-1.825811,50,1982.051531
-0.506878,50,1982.380925
-0.370156,50,1982.710619
-0.565904,50,1983.04147
-0.470422,50,1983.371738
-0.483256,50,1983.699672
-0.328115,50,1984.030803
-0.33134,50,1984.361459
-0.505124,50,1984.699645
-0.36284,50,1985.031827
-0.333502,50,1985.427079
-0.724214,50,1985.766286
-0.437516,50,1986.098411
-0.360445,50,1986.429954
-0.3709,50,1986.761225
-0.510276,50,1987.091629
-0.730301,50,1987.429981
-0.364955,50,1987.76288
-0.329677,50,1988.098041
-0.44186,50,1988.433854
-0.404928,50,1988.765906
-0.283358,50,1989.098111
-0.214817,50,1989.471208
-0.351531,50,1989.801848
-0.382195,50,1990.137196
-0.49443,50,1990.4659
-0.289532,50,1990.819309
-0.259047,50,1991.154342
-0.225206,50,1991.488243
-0.447593,50,1991.82054
-0.540198,50,1992.160928
-0.387734,50,1992.495748
-0.294185,50,1992.832238
-0.632942,50,1993.228046
-0.86821,50,1993.58681
-0.355097,50,1993.917013
-0.343673,50,1994.247231
-0.627158,50,1994.578787
-0.531689,50,1994.910004
-0.36131,50,1995.24491
-0.324281,50,1995.574388
-1.426205,50,1995.9109
-0.441182,50,1996.244434
-0.321914,50,1996.57647
-0.334987,50,1996.906602
-0.55841,50,1997.290897
-0.407689,50,1997.625425
-0.450918,50,1997.954999
-0.418475,50,1998.286474
-1.422082,50,1998.623807
-0.207617,50,1998.956298
-0.313523,50,1999.286035
-0.45448,50,1999.625012
-0.517005,50,1999.969846
-0.486849,50,2000.362516
-0.316169,50,2000.69262
-0.499383,50,2001.024422
-0.827014,50,2001.359348
-0.241551,50,2001.706189
-0.326295,50,2002.039815
-0.268168,50,2002.375497
-0.455216,50,2002.710102
-0.478371,50,2003.04452
-0.516445,50,2003.37892
-0.349942,50,2003.714566
-0.323087,50,2004.048294
-0.246038,50,2004.438529
-0.407694,50,2004.767616
-0.576459,50,2005.098678
-1.323081,50,2005.436419
-0.253436,50,2005.767661
-0.548994,50,2006.097613
-0.467539,50,2006.429199
-0.587043,50,2006.762151
-0.645635,50,2007.100448
-0.338751,50,2007.432639
-0.385685,50,2007.76228
-0.535832,50,2008.11443
-0.537774,50,2008.507051
-0.379602,50,2008.844722
-0.31877,50,2009.18095
-0.359386,50,2009.514455
-0.353448,50,2009.850372
-0.508447,50,2010.188716
-0.452924,50,2010.521357
-0.355226,50,2010.85114
-0.630657,50,2011.18726
-0.652059,50,2011.520006
-0.501553,50,2011.850248
-0.206549,50,2012.184804
-0.5009,50,2012.57551
-0.231017,50,2012.90979
-0.377396,50,2013.244067
-0.250144,50,2013.575585
-0.289402,50,2013.909996
-0.246677,50,2014.24095
-0.311294,50,2014.571539
-0.382403,50,2014.904864
-0.300334,50,2015.241757
-0.319761,50,2015.574377
-0.400739,50,2015.904618
-1.408587,50,2016.296395
-0.554149,50,2016.63218
-0.643216,50,2016.971303
-0.579274,50,2017.305009
-0.300604,50,2017.636451
-0.516117,50,2017.970237
-0.331894,50,2018.301023
-0.293422,50,2018.631929
-0.386863,50,2018.963767
-0.283891,50,2019.299957
-0.47077,50,2019.631688
-0.478877,50,2019.964242
-0.246223,50,2020.334958
-0.300073,50,2020.680659
-0.467116,50,2021.010887
-0.41813,50,2021.344543
-0.335937,50,2021.674156
-0.344316,50,2022.005758
-0.575637,50,2022.342768
-0.494907,50,2022.673277
-0.278405,50,2023.003755
-0.403823,50,2023.406852
-0.25949,50,2023.737441
-0.507476,50,2024.067495
-2.114125,50,2024.405255
-0.342482,50,2024.738005
-0.491736,50,2025.067329
-0.544894,50,2025.3999
-0.447402,50,2025.732893
-0.278934,50,2026.065444
-1.04959,50,2026.401405
-0.380482,50,2026.731042
-0.508294,50,2027.06193
-0.489773,50,2027.461975
-0.29299,50,2027.794419
-0.341986,50,2028.130644
-0.283328,50,2028.46205
