#{"t_start": 1769333161.963008, "env_id": "FetchReachDense-v4"}
r,l,t
-10.546984,50,5.060137
-9.990298,50,5.182766
-14.130128,50,5.292176
-12.070576,50,5.402535
-6.369194,50,5.516703
-7.342558,50,5.630908
-9.783105,50,5.736048
-12.22676,50,5.846427
-7.735944,50,5.952151
-4.93094,50,6.055732
-8.083126,50,6.171395
-6.461463,50,6.285477
-11.291075,50,6.390219
-20.242656,50,6.494716
-13.610806,50,6.605256
-11.307113,50,6.71172
-17.208952,50,6.816862
-7.900123,50,6.92875
-11.664539,50,7.054329
-15.606825,50,7.159016
-9.960856,50,7.287823
-17.489033,50,7.390687
-7.531595,50,7.50145
-7.955935,50,7.606063
-8.985363,50,7.7685
-12.926011,50,7.95104
-8.78132,50,8.144171
-10.534483,50,8.323354
-13.381718,50,8.502215
-9.468126,50,8.660429
-11.727174,50,8.816913
-9.24133,50,8.990469
-7.36785,50,9.16674
-13.020807,50,9.354562
-6.193457,50,9.52701
-9.553396,50,9.701421
-9.194149,50,9.870291
-4.35819,50,10.035578
-12.285364,50,10.208395
-8.112869,50,10.375934
-18.529616,50,10.577816
-6.970296,50,10.759011
-6.805467,50,10.936821
-8.878518,50,11.121708
-23.945577,50,11.271564
-5.247645,50,11.378206
-13.50317,50,11.500795
-5.659754,50,11.604586
-7.77733,50,11.714476
-14.563025,50,11.833704
-7.568384,50,11.944101
-10.500484,50,12.048656
-10.812908,50,12.155837
-11.093935,50,12.272964
-11.844675,50,12.429964
-11.405542,50,12.550601
-13.863228,50,12.661993
-6.695783,50,12.773115
-9.162142,50,12.881741
-11.28793,50,12.987152
-9.785876,50,13.090627
-10.56104,50,13.203407
-10.595934,50,13.33293
-6.818743,50,13.439528
-8.196579,50,13.564008
-11.56213,50,13.686767
-4.635974,50,13.794912
-16.089148,50,13.900048
-10.3256,50,14.005936
-11.296378,50,14.116719
-10.895303,50,14.223865
-6.362529,50,14.332806
-7.246225,50,14.437348
-13.275448,50,14.549153
-11.510909,50,14.679947
-16.049416,50,14.791458
-14.670916,50,14.902129
-9.911919,50,15.009395
-8.736289,50,15.117494
-18.179283,50,15.224093
-11.109459,50,15.328173
-9.678595,50,15.432585
-10.750053,50,15.539759
-7.429598,50,15.658178
-5.461594,50,15.765897
-11.495266,50,15.878513
-13.048608,50,15.987534
-8.66652,50,16.08949
-11.579961,50,16.194533
-10.247247,50,16.30144
-6.931483,50,16.414662
-7.037445,50,16.523562
-7.204669,50,16.627069
-6.656224,50,16.748621
-13.358706,50,16.855505
-11.719025,50,16.964045
-9.553225,50,17.07239
-11.936204,50,17.184652
-8.102536,50,17.29587
-11.456035,50,17.402203
-14.638506,50,18.681803
-18.160085,50,19.126121
-16.796027,50,19.561816
-16.832717,50,20.028272
-10.017259,50,20.47991
-22.245986,50,20.94198
-11.244097,50,21.506334
-13.328305,50,22.131379
-12.434699,50,22.776569
-7.722402,50,23.418848
-4.491785,50,24.055103
-4.006842,50,24.623844
-6.475524,50,25.070819
-3.370191,50,25.527576
-1.691993,50,25.969695
-2.326715,50,26.418274
-3.355633,50,26.8547
-3.631117,50,27.303144
-2.412833,50,27.74867
-2.543353,50,28.204354
-2.333727,50,28.651175
-2.537523,50,29.092626
-2.366422,50,29.553907
-1.19598,50,29.995372
-2.142737,50,30.462012
-1.385469,50,30.908656
-2.174028,50,31.368798
-2.638865,50,31.810809
-1.592569,50,32.257075
-1.901918,50,32.71943
-1.98053,50,33.151789
-1.826424,50,33.601259
-0.924452,50,34.043875
-1.154354,50,34.559536
-2.370587,50,35.155232
-2.163238,50,35.778323
-1.518283,50,36.379714
-1.328999,50,36.992768
-1.778523,50,37.601872
-1.121706,50,38.061995
-1.055151,50,38.506107
-1.213349,50,38.956251
-1.482232,50,39.398116
-1.114716,50,39.840542
-0.925281,50,40.291694
-1.953643,50,40.741237
-2.341194,50,41.245174
-1.429461,50,41.702163
-1.372139,50,42.161684
-2.036584,50,42.639671
-1.658666,50,43.113004
-1.796987,50,43.577274
-2.753808,50,44.049302
-2.083809,50,44.494838
-2.039477,50,44.957157
-1.830614,50,45.419526
-1.071193,50,45.869212
-1.865648,50,46.341097
-1.637435,50,46.79226
-1.425012,50,47.256627
-1.387576,50,47.812378
-1.054052,50,48.430509
-1.277495,50,49.049214
-2.105406,50,49.677299
-1.285644,50,50.350647
-1.836157,50,50.90607
-2.235288,50,51.375185
-2.364322,50,51.830363
-1.221759,50,52.296245
-1.819057,50,52.763107
-1.381827,50,53.223651
-2.400009,50,53.686253
-2.073909,50,54.138269
-1.959124,50,54.619958
-2.528241,50,55.069098
-2.380798,50,55.525027
-1.847835,50,55.967107
-1.516914,50,56.407702
-2.421999,50,56.866303
-1.382803,50,57.304
-1.252852,50,57.755658
-2.566903,50,58.205118
-2.185973,50,58.652155
-2.535522,50,59.094912
-2.681181,50,59.551655
-1.694964,50,60.009509
-2.129548,50,60.466616
-2.708768,50,61.043156
-1.826338,50,61.661821
-2.242261,50,62.309861
-1.637379,50,63.285054
-1.511454,50,64.140551
-1.226079,50,64.589748
-1.573264,50,65.264039
-1.19686,50,65.764062
-1.46693,50,66.220552
-1.880353,50,66.668991
-2.12699,50,67.139213
-1.960226,50,67.583333
-1.159003,50,68.039022
-1.559913,50,68.479654
-1.428954,50,68.925842
-1.24975,50,69.394639
-1.963045,50,69.843693
-2.296845,50,70.324508
-1.988984,50,70.773941
-1.455456,50,71.597495
-1.131528,50,72.083143
-1.600933,50,72.555176
-1.2595,50,73.028234
-1.618187,50,73.484558
-1.311574,50,73.924691
-1.827262,50,74.532323
-1.913968,50,75.119241
-1.650201,50,75.737025
-1.724392,50,76.332392
-1.806863,50,76.98107
-1.57623,50,77.499665
-2.12057,50,77.94679
-1.738499,50,78.403421
-1.760025,50,78.846792
-1.609397,50,79.299056
-1.776924,50,79.746428
-1.891112,50,80.198993
-1.228255,50,80.661253
-1.725126,50,81.113441
-1.464659,50,81.568176
-1.17763,50,82.018375
-1.352266,50,82.473504
-1.519477,50,82.934841
-1.001066,50,83.376894
-0.81924,50,83.837215
-1.256283,50,84.2852
-1.10123,50,84.73498
-1.48223,50,85.171313
-0.948029,50,85.624993
-1.100706,50,86.079327
-1.090409,50,86.52621
-1.343718,50,86.971913
-1.134061,50,87.51551
-0.847054,50,88.112147
-1.397051,50,88.7455
-1.023707,50,89.338839
-0.740217,50,89.977692
-0.981602,50,90.530776
-1.113418,50,90.982229
-1.104517,50,91.420921
-1.521002,50,91.85978
-1.745921,50,92.338243
-0.89479,50,92.794028
-1.584827,50,93.277019
-0.772143,50,93.718286
-1.19747,50,94.180744
-1.113026,50,94.62889
-1.291182,50,95.102821
-1.28447,50,95.712255
-1.303555,50,96.395778
-1.008991,50,96.83468
-1.080194,50,97.297688
-1.136181,50,97.731438
-1.26953,50,98.210331
-0.866197,50,98.648391
-1.001859,50,99.092845
-1.082845,50,99.548276
-0.777795,50,99.988462
-1.001797,50,100.535995
-1.70652,50,101.184623
-1.027652,50,101.816938
-1.087578,50,102.420739
-1.070241,50,103.082315
-1.298766,50,103.742591
-1.20172,50,104.199494
-0.961961,50,104.665231
-1.031584,50,105.109066
-1.558094,50,105.575951
-1.427691,50,106.272853
-1.591036,50,106.861106
-1.211444,50,107.308565
-1.336055,50,107.770594
-1.352226,50,108.225897
-1.127811,50,108.685354
-1.007592,50,109.447505
-1.374721,50,109.954922
-1.260945,50,110.402802
-0.999579,50,110.849029
-1.361058,50,111.509135
-1.438827,50,112.20444
-1.174171,50,112.649591
-1.652962,50,113.630397
-0.875339,50,114.28459
-1.562963,50,115.090423
-1.519556,50,116.099507
-1.650127,50,116.79093
-1.184084,50,117.344378
-1.507999,50,117.93995
-1.568286,50,118.557391
-0.800066,50,118.995682
-1.774186,50,119.481823
-1.499262,50,120.206911
-1.432167,50,120.781422
-1.293703,50,121.253359
-1.607427,50,121.706044
-1.370824,50,122.168977
-1.481517,50,122.643769
-1.454564,50,123.099805
-1.796688,50,123.55714
-3.1348,50,124.011546
-1.453269,50,124.477911
-1.609477,50,124.914318
-1.169012,50,125.372814
-1.864373,50,125.820411
-1.279358,50,126.277497
-1.114076,50,126.742104
-1.498233,50,127.246727
-1.438289,50,127.860233
-1.326963,50,128.504113
-1.194294,50,129.098859
-1.068089,50,129.743501
-1.699074,50,130.358732
-1.788517,50,130.809366
-1.734829,50,131.274348
-1.540915,50,131.739342
-1.061092,50,132.202883
-1.272662,50,132.67321
-1.150066,50,133.150095
-1.166684,50,133.601074
-1.180201,50,134.065923
-1.448966,50,134.52288
-1.320259,50,134.977303
-0.887067,50,135.417051
-1.571614,50,135.869134
-1.638056,50,136.322476
-1.443599,50,136.785796
-1.311312,50,137.235498
-1.00397,50,137.683513
-1.236723,50,138.152183
-1.437132,50,138.601885
-0.914906,50,139.05689
-2.236699,50,139.565181
-1.441104,50,140.03809
-1.030947,50,140.646688
-1.26369,50,141.272791
-2.044256,50,141.914152
-2.639158,50,142.608754
-1.092382,50,143.306151
-1.090089,50,143.820234
-2.867472,50,144.420846
-2.566892,50,145.029898
-2.666052,50,145.541327
-1.694994,50,146.164321
-1.632278,50,146.641234
-1.532458,50,147.094701
-1.309007,50,147.597512
-1.496695,50,148.222156
-1.461987,50,148.690529
-0.919612,50,149.146429
-1.481185,50,149.622518
-1.645915,50,150.086383
-2.017664,50,150.589135
-0.905742,50,151.027037
-1.287703,50,151.493058
-1.318813,50,151.938552
-0.716946,50,152.410994
-1.415226,50,152.869797
-1.189232,50,153.345654
-1.302272,50,153.950888
-1.580546,50,154.549464
-0.837725,50,155.33186
-1.894337,50,156.152375
-1.484204,50,156.926841
-0.993455,50,157.38782
-0.836087,50,157.89968
-0.926083,50,158.423781
-0.977227,50,158.896304
-1.236704,50,159.350144
-0.956062,50,159.817758
-0.849748,50,160.284207
-1.274719,50,160.738578
-0.898706,50,161.229483
-0.817695,50,161.673056
-1.362498,50,162.157232
-1.001712,50,162.611069
-1.064199,50,163.105723
-1.146507,50,163.688386
-1.124731,50,164.152044
-1.392463,50,164.604952
-1.055203,50,165.285087
-1.172776,50,165.730355
-0.879332,50,166.196623
-1.087382,50,166.637492
-1.084284,50,167.242441
-1.100203,50,167.837827
-0.98769,50,168.482411
-0.902237,50,169.079369
-0.958301,50,169.753789
-0.810312,50,170.266069
-0.962553,50,170.722591
-1.314221,50,171.169009
-0.867635,50,171.635667
-1.230182,50,172.087088
-1.056661,50,172.557117
-1.143581,50,173.016161
-1.211666,50,173.478842
-0.566351,50,173.937684
-1.088041,50,174.394237
-1.375734,50,174.863894
-1.118647,50,175.320448
-0.788656,50,175.781604
-0.663739,50,176.233342
-0.866177,50,176.879077
-0.659261,50,177.331308
-0.995573,50,177.787478
-0.862348,50,178.233601
-0.607447,50,178.694821
-0.828732,50,179.142344
-0.764387,50,179.588732
-0.997923,50,180.114808
-0.69355,50,180.729377
-0.622995,50,181.348826
-1.431319,50,181.998003
-1.589773,50,182.623844
-0.648332,50,183.278171
-0.834459,50,183.734128
-0.908091,50,184.206355
-0.888531,50,184.661312
-1.130496,50,185.124871
-1.117303,50,185.582175
-1.246101,50,186.413016
-0.775937,50,187.036303
-1.352514,50,187.502692
-0.989321,50,187.956457
-1.2846,50,188.418874
-1.115288,50,188.874461
-1.083661,50,189.34209
-0.802755,50,189.790208
-0.840913,50,190.267429
-1.065218,50,190.723508
-0.956602,50,191.272998
-0.822862,50,191.818358
-0.964308,50,192.411289
-0.941279,50,192.912044
-0.916618,50,193.496663
-0.780746,50,194.149073
-0.809525,50,194.93211
-0.917173,50,195.868223
-1.034504,50,196.872829
-0.648579,50,197.411253
-0.640068,50,197.884769
-0.825072,50,198.457795
-0.654881,50,198.913683
-0.691127,50,199.436756
-1.134281,50,200.03712
-0.739489,50,200.492131
-1.789838,50,200.980185
-0.686461,50,201.489018
-1.116916,50,201.960574
-1.586527,50,202.429729
-0.886722,50,202.901018
-0.850392,50,203.344944
-1.368911,50,203.810134
-1.073346,50,204.263966
-0.700328,50,204.811263
-0.698544,50,205.385544
-1.055449,50,205.887609
-0.878867,50,206.340874
-0.802517,50,206.848587
-0.908983,50,207.47983
-1.048029,50,208.137485
-0.717007,50,208.74096
-0.796362,50,209.370315
-1.001358,50,210.017717
-0.764403,50,210.472923
-0.805923,50,211.001506
-1.032456,50,211.467263
-0.858891,50,211.914003
-1.246773,50,212.438031
-0.712938,50,212.960763
-0.715019,50,213.432878
-1.155631,50,213.897622
-0.925088,50,214.35958
-0.946237,50,214.802841
-0.728989,50,215.266941
-0.62239,50,215.707937
-0.673208,50,216.167472
-1.091119,50,216.643748
-0.832306,50,217.087788
-0.813592,50,217.557416
-0.63312,50,218.018005
-0.966387,50,218.479004
-0.934462,50,218.927233
-0.624646,50,219.424707
-0.839345,50,219.863726
-0.818094,50,220.503819
-1.648764,50,221.133082
-1.068824,50,221.782735
-0.937483,50,222.380189
-1.261891,50,223.087507
-0.732906,50,223.62737
-0.737236,50,224.086388
-0.846423,50,224.553673
-1.067076,50,225.730872
-1.107257,50,226.175813
-1.107484,50,226.615698
-0.772816,50,227.070506
-0.8496,50,227.523839
-1.048242,50,227.991499
-1.12225,50,228.448225
-0.783827,50,228.901895
-0.778838,50,229.348922
-0.788669,50,229.797543
-1.082164,50,230.240916
-0.753041,50,230.69086
-0.994089,50,231.147985
-0.668009,50,231.594277
-0.794774,50,232.048185
-0.51913,50,232.48367
-0.671399,50,232.93962
-0.755449,50,233.514683
-0.755127,50,234.139986
-0.933853,50,234.752903
-1.055136,50,235.361548
-0.568486,50,236.009706
-1.127128,50,236.563936
-1.322868,50,237.013074
-0.82289,50,237.472667
-0.772417,50,237.929904
-1.38121,50,238.391291
-1.033749,50,238.835799
-1.062619,50,239.311391
-0.718396,50,239.756642
-1.749845,50,240.231406
-0.903529,50,240.675373
-0.758936,50,241.118409
-0.705574,50,241.571024
-1.297701,50,242.027793
-0.822982,50,242.497395
-0.855442,50,242.942254
-0.824648,50,243.392992
-0.831518,50,243.83426
-0.886708,50,244.279498
-1.902695,50,244.748815
-2.130489,50,245.207267
-0.717837,50,245.653906
-0.80917,50,246.103238
-1.147928,50,246.672898
-1.166576,50,247.264562
-0.723106,50,247.910914
-1.0534,50,248.509824
-0.907432,50,249.160263
-0.783655,50,249.710893
-0.645075,50,250.160235
-0.761102,50,250.610968
-0.663459,50,251.066231
-0.695057,50,251.507492
-1.033602,50,251.970095
-0.996361,50,252.412976
-1.521317,50,252.885419
-0.918751,50,253.337419
-1.290901,50,253.840683
-0.654466,50,254.288071
-0.505442,50,254.734427
-0.771124,50,255.200678
-0.922511,50,255.646229
-1.431989,50,256.105125
-0.741794,50,256.553639
-1.447744,50,257.022068
-0.72676,50,257.463808
-1.044038,50,257.926708
-0.932116,50,258.366622
-0.655391,50,258.802081
-0.70176,50,259.267136
-0.861682,50,259.833807
-0.967229,50,260.441795
-1.724453,50,261.100828
-0.771457,50,261.69851
-0.708389,50,262.358564
-0.894474,50,262.884727
-0.750139,50,263.352659
-0.566721,50,263.808995
-0.863933,50,264.286486
-0.497028,50,264.736895
-1.448034,50,265.204411
-1.083707,50,265.66158
-0.873363,50,266.105764
-1.00688,50,266.581821
-1.680001,50,267.048613
-1.020942,50,267.514927
-0.787118,50,267.965546
-0.524314,50,268.426679
-1.77874,50,268.890726
-1.175293,50,269.33488
-1.342724,50,269.802178
-0.712216,50,270.250649
-0.687481,50,270.698956
-0.860846,50,271.143752
-0.696435,50,271.600737
-0.816181,50,272.053594
-0.97552,50,272.513955
-1.043135,50,273.120048
-0.610469,50,273.734416
-0.802952,50,274.352765
-0.575898,50,274.944032
-0.977379,50,275.607477
-0.573237,50,276.118785
-0.766175,50,276.564535
-0.763037,50,277.02826
-0.911925,50,277.465416
-0.942804,50,277.924228
-0.960632,50,278.364248
-0.677875,50,278.81987
-0.760474,50,279.270097
-1.113726,50,279.706381
-0.680741,50,280.166041
-0.923939,50,280.616753
-0.559474,50,281.078437
-0.657451,50,281.53688
-0.772531,50,282.018692
-1.003336,50,282.469864
-0.642232,50,283.149343
-0.769693,50,283.847696
-0.606966,50,284.509043
-0.537625,50,284.963019
-1.035633,50,285.411046
-1.10434,50,285.910351
-0.470668,50,286.533078
-1.484528,50,287.198545
-0.700551,50,287.811992
-0.773833,50,288.437877
-0.615127,50,289.04927
-0.902991,50,289.500896
-0.857743,50,289.950198
-0.598989,50,290.412345
-0.704351,50,290.866627
-1.339055,50,291.320852
-0.727509,50,291.765195
-0.738895,50,292.218673
-0.776142,50,292.676848
-0.673191,50,293.125459
-0.66225,50,293.591105
-0.776972,50,294.042003
-0.940537,50,294.506692
-0.740966,50,294.95133
-0.900141,50,295.416445
-0.840781,50,295.8647
-0.526766,50,296.32322
-1.142917,50,296.791213
-1.969989,50,297.250798
-0.649276,50,297.716522
-0.946356,50,298.164035
-1.032302,50,298.616132
-1.723836,50,299.145943
-1.410896,50,299.775923
-1.009717,50,300.40369
-1.124238,50,301.012192
-1.04317,50,301.642329
-0.707709,50,302.233913
-1.192272,50,302.681736
-0.744664,50,303.140012
-1.312269,50,303.591788
-0.671339,50,304.061866
-0.724684,50,304.52075
-1.153249,50,304.97662
-0.668177,50,305.419042
-1.015076,50,305.872791
-0.738946,50,306.323889
-0.771757,50,306.764992
-0.786141,50,307.225643
-0.861586,50,307.674887
-0.725288,50,308.147347
-0.646048,50,308.585447
-0.816301,50,309.04058
-0.91717,50,309.491685
-0.667544,50,309.945271
-0.50865,50,310.408896
-0.980155,50,310.8511
-0.736644,50,311.327114
-0.767504,50,311.775902
-1.447572,50,312.332249
-0.846902,50,312.933185
-0.683298,50,313.559645
-0.728848,50,314.213858
-0.972789,50,314.872579
-1.00292,50,315.45911
-0.977465,50,315.897956
-0.766286,50,316.353382
-0.977584,50,316.793554
-0.708253,50,317.240187
-1.028141,50,317.693006
-0.729398,50,318.146358
-0.709619,50,318.600432
-0.863728,50,319.036911
-1.931516,50,319.499836
-0.893756,50,319.945819
-0.932641,50,320.405389
-1.039777,50,320.856338
-0.814254,50,321.310938
-0.752553,50,321.773126
-0.874006,50,322.229055
-0.945987,50,322.68643
-0.865116,50,323.135213
-1.048335,50,323.592975
-0.766635,50,324.03082
-0.603734,50,324.482055
-1.165243,50,324.929766
-0.814439,50,325.446676
-1.356367,50,326.072496
-0.962232,50,326.683263
-0.813512,50,327.292666
-0.815023,50,327.925272
-0.878079,50,328.557314
-0.800655,50,329.011825
-0.612694,50,329.455877
-0.901626,50,329.917818
-0.743279,50,330.364156
-1.085426,50,330.810065
-1.094474,50,331.280477
-0.805199,50,331.745244
-0.680947,50,332.212181
-0.743645,50,332.67505
-0.833603,50,333.135199
-1.371799,50,333.593713
-0.812171,50,334.051893
-0.694925,50,334.503016
-0.749826,50,334.947709
-0.786107,50,335.415585
-0.440065,50,335.851555
-0.785683,50,336.308518
-0.583216,50,336.747637
-2.042318,50,337.20766
-1.024452,50,337.6471
-0.668697,50,338.091185
-0.759669,50,338.58946
-1.13259,50,339.230146
-0.605955,50,339.843978
-0.721405,50,340.456776
-0.650288,50,341.049488
-0.927971,50,341.723555
-0.67788,50,342.168258
-0.742709,50,342.625039
-0.702089,50,343.071642
-0.795053,50,343.544074
-0.633528,50,344.025368
-1.064792,50,344.487166
-1.159361,50,344.925496
-0.744936,50,345.381477
-0.888037,50,345.83443
-0.589068,50,346.279158
-0.533277,50,346.732986
-0.750155,50,347.174084
-0.799142,50,347.623543
-0.876285,50,348.074151
-0.547715,50,348.514601
-0.833963,50,348.98013
-0.826476,50,349.426819
-1.290235,50,349.885318
-0.740708,50,350.329153
-0.597168,50,350.790834
-0.442078,50,351.239014
-1.043564,50,351.72887
-0.717528,50,352.333472
-0.772855,50,352.94471
-0.608651,50,353.551523
-1.830595,50,354.180569
-0.572623,50,354.829325
-1.120709,50,355.27288
-0.991727,50,355.713322
-1.142466,50,356.165243
-0.900686,50,356.602297
-0.807579,50,357.056765
-0.789227,50,357.493857
-0.638404,50,357.945808
-0.737752,50,358.391874
-0.615495,50,358.83041
-2.008649,50,359.316419
-0.808663,50,359.765411
-0.70056,50,360.222867
-0.783247,50,360.678151
-0.675506,50,361.127815
-0.939765,50,361.567183
-0.714226,50,362.016228
-0.656053,50,362.487244
-0.778294,50,362.942172
-0.94675,50,363.402091
-0.623625,50,363.842359
-0.806754,50,364.319931
-1.897458,50,364.840192
-0.718324,50,365.466616
-0.54593,50,366.07927
-0.63113,50,366.696798
-1.121908,50,367.311359
-0.797888,50,367.94738
-0.919692,50,368.413702
-0.824733,50,368.849347
-1.15531,50,369.310677
-0.865409,50,369.779112
-0.589977,50,370.225747
-0.652181,50,370.676238
-0.714003,50,371.112984
-0.748981,50,371.57125
-0.996009,50,372.013562
-1.378087,50,372.48347
-0.942309,50,372.932872
-0.848732,50,373.384278
-0.7904,50,373.839035
-1.334856,50,374.311683
-0.543236,50,374.760822
-0.810109,50,375.206234
-0.989373,50,375.669526
-0.598785,50,376.116277
-0.640819,50,376.567022
-0.727512,50,377.017455
-0.683023,50,377.469324
-0.784693,50,377.955867
-0.657353,50,378.572194
-0.885916,50,379.197531
-1.12122,50,379.832478
-0.973407,50,380.443365
-1.612575,50,381.099024
-0.667907,50,381.54051
-0.682941,50,381.997115
-0.818527,50,382.443418
-0.609595,50,382.905128
-0.634428,50,383.355859
-0.761286,50,383.789223
-0.675204,50,384.250672
-1.279574,50,384.695989
-1.236494,50,385.166317
-0.759685,50,385.616268
-0.777978,50,386.08007
-0.87786,50,386.518248
-1.948463,50,386.966103
-1.149108,50,387.424102
-0.960852,50,387.868365
-1.049334,50,388.32822
-0.528893,50,388.772621
-0.7579,50,389.229724
-2.127695,50,389.687745
-1.623871,50,390.17513
-0.649524,50,390.626097
-0.637951,50,391.098005
-1.198877,50,391.745636
-0.603353,50,392.366198
-0.901426,50,392.966829
-0.82667,50,393.576512
-0.686209,50,394.246306
-1.681573,50,394.704984
-1.255752,50,395.139622
-0.814368,50,395.602312
-1.130808,50,396.04991
-1.11814,50,396.510395
-1.403662,50,396.958347
-1.162581,50,397.412259
-1.006189,50,397.876375
-0.77117,50,398.322904
-1.18085,50,398.770888
-0.782628,50,399.222082
-0.568488,50,399.68324
-1.173488,50,400.134309
-0.787276,50,400.597484
-0.960874,50,401.044476
-0.803315,50,401.491214
-0.922297,50,401.971448
-0.751948,50,402.417386
-0.815278,50,402.877742
-0.70787,50,403.340704
-0.802293,50,403.801824
-0.517652,50,404.317045
-0.891513,50,404.942917
-0.911657,50,405.562494
-1.119922,50,406.177974
-0.877624,50,406.772717
-0.848797,50,407.41574
-0.734686,50,407.859306
-1.565431,50,408.333977
-0.776737,50,408.778314
-0.979972,50,409.240194
-0.889981,50,409.69592
-0.94219,50,410.154201
-0.666662,50,410.593686
-0.707437,50,411.046271
-0.95484,50,411.504923
-0.836837,50,411.948009
-0.866293,50,412.413095
-1.339931,50,412.864775
-1.154824,50,413.326589
-1.021838,50,413.769963
-0.611428,50,414.227981
-0.790083,50,414.676223
-1.090683,50,415.126306
-0.674716,50,415.573633
-0.617199,50,416.015124
-0.559175,50,416.475896
-1.254005,50,416.922134
-0.709308,50,417.407894
-0.495168,50,418.031105
-0.75751,50,418.65562
-0.681353,50,419.260646
-0.669382,50,419.856747
-0.642202,50,420.536918
-1.135695,50,420.988935
-0.863826,50,421.449866
-0.877493,50,421.90748
-1.121217,50,422.34533
-0.528418,50,422.796773
-0.76321,50,423.248419
-1.15192,50,423.695776
-0.893553,50,424.143327
-0.692261,50,424.604412
-1.942464,50,425.059512
-0.964424,50,425.50188
-0.658857,50,425.957031
-1.098829,50,426.404218
-0.552653,50,426.854648
-0.645104,50,427.300342
-0.758509,50,427.75705
-0.900343,50,428.207337
-0.89184,50,428.664354
-0.808375,50,429.123474
-0.843674,50,429.571385
-0.882924,50,430.032037
-1.131164,50,430.49564
-0.815639,50,431.118997
-0.607445,50,431.71783
-0.599659,50,432.356656
-0.64489,50,432.984401
-0.700588,50,433.644998
-1.14867,50,434.118139
-0.736244,50,434.585336
-0.631937,50,435.053343
-0.71346,50,435.51092
-0.661337,50,435.956862
-0.747356,50,436.421037
-1.309365,50,436.857935
-0.810585,50,437.317911
-1.137887,50,437.760677
-1.814746,50,438.229438
-0.894398,50,438.688772
-0.672928,50,439.131847
-0.706017,50,439.593104
-0.76307,50,440.039071
-0.442169,50,440.4926
-0.984892,50,440.94437
-1.347515,50,441.421093
-0.715289,50,441.885147
-0.785268,50,442.353851
-0.868886,50,442.798378
-0.624938,50,443.241035
-1.574551,50,443.725346
-1.196116,50,444.353514
-0.705961,50,444.985124
-1.197968,50,445.586857
-0.750878,50,446.187951
-0.751653,50,446.853281
-1.476023,50,447.313247
-0.645132,50,447.756752
-1.045475,50,448.190912
-0.88947,50,448.64484
-0.940028,50,449.087904
-0.833462,50,449.522845
-0.728276,50,449.971525
-0.934553,50,450.414074
-0.764392,50,450.86807
-0.898112,50,451.315957
-0.655972,50,451.769472
-1.419244,50,452.242623
-0.575372,50,452.703029
-0.787862,50,453.151372
-0.663752,50,453.598825
-0.920751,50,454.056163
-0.803348,50,454.50591
-0.750442,50,454.961089
-0.496329,50,455.405712
-0.917719,50,455.884846
-0.757737,50,456.344223
-1.192307,50,456.821068
-1.067945,50,457.476618
-0.806563,50,458.106728
-0.839925,50,458.714307
-0.818337,50,459.33739
-0.9578,50,460.01385
-0.798541,50,460.474453
-0.711037,50,460.941524
-0.784434,50,461.412985
-1.118733,50,461.875773
-0.804047,50,462.373987
-0.711917,50,462.827826
-0.661249,50,463.293254
-0.729386,50,463.73387
-0.821721,50,464.203051
-0.672228,50,464.673901
-0.765554,50,465.128386
-0.641092,50,465.595248
-0.939468,50,466.053113
-0.960189,50,466.519095
-0.829276,50,466.974126
-0.57166,50,467.43596
-0.662404,50,467.896218
-0.560739,50,468.377095
-0.713299,50,468.82128
-0.51738,50,469.265974
-0.524023,50,470.543985
-0.656334,50,471.139546
-0.662353,50,471.749528
-0.635809,50,472.323838
-0.824008,50,472.998614
-0.737444,50,473.495956
-0.711642,50,473.948766
-0.728714,50,474.389781
-0.84333,50,474.844418
-1.735637,50,475.30645
-0.758488,50,475.775794
-0.89637,50,476.22233
-0.537009,50,476.676896
-0.856677,50,477.116023
-0.780495,50,477.568083
-0.967533,50,478.027022
-0.980482,50,478.49042
-0.853517,50,478.946379
-1.018858,50,479.386846
-0.770986,50,479.846596
-0.710472,50,480.31384
-0.629465,50,480.76599
-0.621198,50,481.213832
-0.630577,50,481.653314
-0.83496,50,482.122015
-1.005725,50,482.583498
-0.562321,50,483.053081
-0.534192,50,483.654893
-0.63047,50,484.257697
-0.828419,50,484.874781
-0.893285,50,485.486878
-1.118659,50,486.15167
-0.998504,50,486.655105
-0.781592,50,487.107129
-0.803796,50,487.543692
-0.750899,50,488.016064
-0.590932,50,488.478003
-0.744988,50,488.919049
-0.969288,50,489.380138
-1.09227,50,489.828134
-0.634775,50,490.285198
-1.060777,50,490.72226
-0.677799,50,491.165351
-0.698774,50,491.63399
-0.636692,50,492.082606
-0.571125,50,492.540806
-1.227101,50,492.986301
-0.588825,50,493.455962
-0.782874,50,493.893092
-0.926923,50,494.347986
-0.799376,50,494.810542
-0.537372,50,495.260643
-0.940154,50,495.716126
-0.723178,50,496.161826
-0.628739,50,496.761945
-0.842817,50,497.356162
-1.007976,50,497.991089
-0.511157,50,498.576679
-0.712602,50,499.230873
-0.600069,50,499.744001
-0.69697,50,500.185733
-0.532892,50,500.647086
-0.649455,50,501.085898
-0.926041,50,501.53321
-0.629772,50,502.006188
-0.977369,50,502.453302
-0.624499,50,502.911117
-0.657594,50,503.370016
-0.722284,50,503.836969
-1.026401,50,504.274271
-0.752101,50,504.720164
-1.225897,50,505.157218
-0.647697,50,505.612905
-0.640092,50,506.066833
-0.697297,50,506.508123
-0.642498,50,506.963358
-0.801734,50,507.414768
-1.674127,50,507.879227
-1.060191,50,508.317202
-0.943694,50,508.751774
-1.205389,50,509.202951
-0.549379,50,509.747378
-0.629444,50,510.346573
-0.642747,50,510.958108
-0.842452,50,511.559984
-0.912077,50,512.197117
-0.84299,50,512.786002
-0.709705,50,513.243432
-0.708097,50,513.707953
-1.766438,50,514.183072
-0.578972,50,514.633896
-0.576579,50,515.072506
-0.800312,50,515.529171
-0.56318,50,515.97032
-0.697793,50,516.427581
-0.610649,50,516.878067
-1.0754,50,517.352216
-0.729546,50,517.78665
-0.92949,50,518.225173
-0.944664,50,518.681624
-0.643022,50,519.121754
-0.980408,50,519.588088
-8.058165,50,520.027712
-8.047214,50,520.485791
-9.383306,50,520.931758
-1.520229,50,521.378781
-2.013795,50,521.83111
-0.701529,50,522.30623
-1.007636,50,522.887462
-0.648864,50,523.495796
-0.521962,50,524.128814
-1.348223,50,524.772554
-0.615031,50,525.424415
-1.548199,50,526.031569
-0.956017,50,526.484227
-0.788822,50,526.934203
-0.752065,50,527.376737
-0.67111,50,527.838501
-1.289507,50,528.293319
-0.764707,50,528.748819
-0.728293,50,529.196592
-0.827372,50,529.641111
-0.649492,50,530.08706
-0.519034,50,530.525904
-0.794958,50,530.985399
-1.359503,50,531.434338
-1.114278,50,531.879849
-0.557252,50,532.320844
-0.627493,50,532.759212
-0.618121,50,533.206578
-0.578933,50,533.639674
-0.972175,50,534.102548
-0.492799,50,534.55109
-0.686547,50,535.007932
-0.919722,50,535.461026
-1.136719,50,535.976722
-0.931016,50,536.60067
-0.882168,50,537.226166
-0.990864,50,537.825348
-1.056093,50,538.455637
-1.036433,50,539.078617
-0.709365,50,539.52714
-0.669036,50,539.957111
-1.020241,50,540.409201
-0.733524,50,540.861331
-0.532083,50,541.309726
-0.760151,50,541.747762
-0.782862,50,542.182538
-0.713321,50,542.653769
-0.498801,50,543.095641
-0.522142,50,543.549803
-0.685749,50,543.994767
-0.748867,50,544.470788
-1.179479,50,544.910152
-0.633348,50,545.364675
-0.809967,50,545.801706
-0.667066,50,546.236122
-0.641551,50,546.713948
-0.618177,50,547.151817
-0.57296,50,547.602097
-0.880623,50,548.041358
-0.633281,50,548.498832
-0.859904,50,548.951138
-0.50991,50,549.590783
-0.4702,50,550.187394
-0.885992,50,550.803861
-1.265829,50,551.401593
-1.128439,50,552.076046
-0.861579,50,552.540507
-1.10955,50,553.009739
-0.917635,50,553.464764
-0.968237,50,553.928171
-0.667056,50,554.375402
-0.592248,50,554.836742
-0.531094,50,555.311827
-0.904176,50,555.771972
-0.610626,50,556.225085
-1.027882,50,556.672322
-0.936463,50,557.129034
-0.775708,50,557.583878
-0.667601,50,558.04675
-0.704426,50,558.488688
-0.951297,50,558.958181
-0.789967,50,559.408942
-0.523711,50,559.86717
-0.600488,50,560.332802
-0.737537,50,560.775397
-0.635582,50,561.234984
-1.229403,50,561.693413
-0.55315,50,562.179573
-0.582491,50,562.794423
-1.831133,50,563.438958
-1.391714,50,564.067875
-1.327486,50,564.679139
-0.922635,50,565.32999
-0.50237,50,565.771124
-0.882455,50,566.227017
-0.955903,50,566.685507
-0.485202,50,567.131935
-0.827955,50,567.587397
-0.702668,50,568.029144
-0.854389,50,568.483909
-0.75342,50,568.930216
-0.829833,50,569.391354
-0.462836,50,569.838422
-0.800383,50,570.284137
-0.951056,50,570.735022
-1.181973,50,571.177187
-1.261362,50,571.640948
-0.683155,50,572.087704
-0.747996,50,572.543944
-0.876741,50,572.983323
-0.764172,50,573.43539
-0.627144,50,573.896894
-0.93409,50,574.34292
-0.443793,50,574.794722
-0.531578,50,575.281155
-0.914961,50,575.920675
-0.963638,50,576.518353
-1.216886,50,577.118476
-0.495603,50,577.740267
-0.483461,50,578.384798
-0.85916,50,578.849302
-1.154529,50,579.295394
-0.947554,50,579.743825
-0.827739,50,580.210459
-1.329588,50,580.64269
-0.951459,50,581.108157
-0.746243,50,581.568141
-0.8839,50,582.02856
-1.47271,50,582.503273
-0.853074,50,582.954989
-0.658258,50,583.409937
-0.799352,50,583.858251
-0.94029,50,584.31972
-0.695455,50,584.771928
-0.567091,50,585.260064
-0.698396,50,585.710565
-1.039215,50,586.188468
-0.486111,50,586.630223
-0.671298,50,587.088968
-0.801427,50,587.526053
-0.889123,50,587.981663
-1.326386,50,588.486752
-0.549978,50,589.100762
-0.811506,50,589.724412
-0.977032,50,590.339373
-0.865152,50,590.962559
-0.725938,50,591.606471
-0.606965,50,592.055983
-1.492075,50,592.528012
-0.841523,50,592.975255
-0.803188,50,593.434556
-1.08165,50,593.889676
-0.678573,50,594.33048
-0.993464,50,594.798692
-0.391598,50,595.243759
-0.548447,50,595.689398
-0.566091,50,596.139862
-0.64,50,596.605235
-0.555595,50,597.050771
-0.784642,50,597.506152
-0.711942,50,597.954939
-0.945378,50,598.402822
-0.748815,50,598.860647
-0.510765,50,599.299302
-0.531645,50,599.751114
-0.702881,50,600.19824
-0.621456,50,600.658123
-0.547221,50,601.09376
-0.513065,50,601.563895
-0.632858,50,602.194816
-0.772154,50,602.83192
-0.759942,50,603.444543
-0.559759,50,604.068914
-0.705886,50,604.704169
-0.803188,50,605.155758
-0.593785,50,605.590909
-0.616717,50,606.039886
-0.909111,50,606.500627
-1.479855,50,606.980384
-0.591277,50,607.421901
-0.672998,50,607.87899
-0.583026,50,608.347718
-0.744197,50,608.792176
-0.600237,50,609.247074
-0.831833,50,609.704139
-0.661999,50,610.155307
-0.748746,50,610.603386
-0.743055,50,611.062449
-0.795926,50,611.509662
-0.505053,50,611.951362
-0.647609,50,612.415305
-0.583599,50,612.861014
-0.764736,50,613.319755
-0.886949,50,613.764057
-1.078892,50,614.242222
-0.618143,50,614.717575
-0.533344,50,615.355985
-0.589574,50,615.968677
-0.676795,50,616.627571
-0.61698,50,617.236202
-1.654054,50,617.950303
-1.376952,50,618.411548
-0.8572,50,618.878595
-0.575921,50,619.323191
-1.821491,50,619.784794
-0.774251,50,620.223321
-0.776756,50,620.668332
-0.829996,50,621.104123
-0.675304,50,621.551632
-0.908046,50,621.989924
-0.723364,50,622.444421
-0.716697,50,622.896063
-0.571995,50,623.343003
-0.469883,50,623.797436
-0.98332,50,624.248481
-0.997099,50,624.697054
-1.682914,50,625.15009
-0.817923,50,625.60201
-0.977395,50,626.045205
-0.863513,50,626.481442
-0.884266,50,626.957671
-0.931614,50,627.426618
-0.905217,50,627.892748
-0.734318,50,628.516704
-0.747293,50,629.11917
-0.715103,50,629.732652
-0.77163,50,630.358017
-0.802828,50,631.036013
-0.934027,50,631.482856
-0.661912,50,631.936565
-0.881071,50,632.405374
-0.772189,50,632.84806
-0.836415,50,633.31588
-0.566555,50,633.753812
-0.96491,50,634.206875
-0.579519,50,634.642478
-0.906522,50,635.116148
-1.784998,50,635.573409
-1.646785,50,636.048284
-1.519649,50,636.488082
-0.97222,50,636.924901
-0.900831,50,637.39498
-0.982389,50,637.853486
-0.848727,50,638.322927
-0.562964,50,638.769894
-0.656643,50,639.239233
-0.623717,50,639.687314
-0.625179,50,640.138596
-0.545378,50,640.575085
-0.798327,50,641.024343
-0.610641,50,641.672027
-0.585927,50,642.301365
-0.759121,50,642.968746
-0.55589,50,643.576488
-0.824897,50,644.257857
-1.117384,50,644.712106
-0.682402,50,645.153879
-0.549455,50,645.626095
-0.698952,50,646.077151
-0.638583,50,646.541009
-0.5638,50,646.979888
-0.509352,50,647.433221
-0.633305,50,647.894105
-0.657642,50,648.352239
-0.72552,50,648.807124
-0.703247,50,649.247231
-1.032087,50,649.708974
-0.819926,50,650.156896
-0.627589,50,650.621146
-0.955075,50,651.063812
-0.959273,50,651.517673
-0.806801,50,651.975119
-0.89827,50,652.435039
-0.927505,50,652.923687
-0.950013,50,653.379993
-1.762404,50,653.845425
-1.938543,50,654.343188
-0.964258,50,654.958215
-0.80457,50,655.568329
-1.061871,50,656.179549
-0.680083,50,656.77442
-0.524582,50,657.433469
-0.775432,50,657.895108
-0.763849,50,658.381253
-0.744389,50,658.826837
-0.861033,50,659.304548
-0.749567,50,659.743867
-0.680002,50,660.200865
-0.760069,50,660.654016
-0.990289,50,661.120441
-0.631437,50,661.563762
-0.605148,50,662.00913
-0.765484,50,662.474982
-0.992972,50,662.948421
-0.563634,50,663.415262
-1.045999,50,663.86943
-0.662748,50,664.342136
-1.923,50,664.795596
-1.693179,50,665.262876
-1.318557,50,665.697948
-1.21297,50,666.141173
-0.843079,50,666.605173
-0.723765,50,667.05995
-0.828305,50,667.601444
-0.762862,50,668.245578
-0.857307,50,668.858416
-0.56141,50,669.481616
-0.72894,50,670.107162
-0.374352,50,670.713254
-0.758454,50,671.160358
-0.706851,50,671.626176
-0.793883,50,672.082894
-0.765545,50,672.548201
-0.712973,50,673.004879
-0.661385,50,673.456997
-0.776467,50,673.917021
-0.780759,50,674.368093
-0.650887,50,674.818111
-0.951416,50,675.273023
-1.042887,50,675.75458
-1.106735,50,676.203887
-0.80567,50,676.662848
-0.769835,50,677.117594
-0.54055,50,677.570489
-0.587983,50,678.024245
-0.668414,50,678.47532
-0.728082,50,678.939445
-0.760179,50,679.396369
-0.81291,50,679.852953
-0.63642,50,680.29778
-0.700668,50,680.85567
-0.893914,50,681.456699
-0.767661,50,682.096546
-0.97346,50,682.69962
-1.114162,50,683.369375
-1.182174,50,683.941031
-0.886512,50,684.397826
-0.591018,50,684.837146
-0.581759,50,685.294317
-0.701467,50,685.733044
-1.169145,50,686.21121
-0.515572,50,686.64843
-0.767029,50,687.108797
-0.861725,50,687.588556
-0.702094,50,688.040699
-0.658301,50,688.502249
-0.422247,50,688.944948
-0.681446,50,689.399543
-0.789085,50,689.837177
-1.247241,50,690.314147
-0.860034,50,690.773853
-0.840172,50,691.237043
-0.636899,50,691.684142
-0.769333,50,692.136039
-0.928403,50,692.609736
-0.736714,50,693.084925
-0.887098,50,693.552719
-0.783042,50,694.122748
-0.530398,50,694.753618
-0.768311,50,695.393364
-0.823241,50,696.01785
-0.780254,50,696.688343
-0.953569,50,697.249142
-0.412855,50,697.715974
-0.481264,50,698.165868
-0.565297,50,698.634795
-0.510574,50,699.086353
-0.85504,50,699.530648
-0.734897,50,699.994045
-0.446876,50,700.436791
-0.795408,50,700.90034
-2.132117,50,701.363128
-1.592646,50,701.82739
-1.073357,50,702.282006
-1.464277,50,702.790673
-0.833858,50,703.246122
-0.873029,50,703.701214
-0.850179,50,704.149784
-0.806816,50,704.601203
-0.826385,50,705.058886
-1.32317,50,705.513119
-1.047496,50,705.994011
-0.788864,50,706.445035
-0.995273,50,706.921912
-0.870146,50,707.564338
-0.642168,50,708.196885
-0.51846,50,708.813549
-0.830207,50,709.433255
-0.672576,50,710.124298
-0.913862,50,710.570756
-1.064416,50,711.020449
-1.393194,50,711.486163
-1.339992,50,711.924524
-0.843708,50,712.383466
-0.717228,50,712.8297
-0.686959,50,713.291426
-0.748614,50,713.733626
-0.680442,50,714.20169
-0.602808,50,715.348114
-0.704536,50,715.80907
-0.550492,50,716.273386
-1.198917,50,716.719524
-0.99413,50,717.184504
-0.659237,50,717.640685
-0.797867,50,718.084281
-0.836257,50,718.560391
-0.876806,50,719.018079
-0.600771,50,719.497706
-0.705432,50,719.944822
-0.999104,50,720.534004
-1.006804,50,721.154604
-0.996387,50,721.792605
-0.908059,50,722.393025
-0.617787,50,723.079999
-0.814995,50,723.614855
-0.890617,50,724.080156
-1.39715,50,724.543373
-0.870985,50,724.99812
-1.253781,50,725.478882
-0.484896,50,725.949338
-0.577349,50,726.39882
-1.04594,50,726.872241
-0.473532,50,727.327939
-0.4159,50,727.78928
-0.540867,50,728.230572
-0.620244,50,728.682157
-0.613633,50,729.149028
-0.547884,50,729.617766
-0.59104,50,730.085083
-0.760862,50,730.533177
-0.558063,50,730.991804
-0.670894,50,731.435413
-0.525039,50,731.890488
-0.499997,50,732.328661
-0.586529,50,732.778933
-0.492658,50,733.249019
-0.763267,50,733.86982
-1.265899,50,734.4856
-0.794391,50,735.117389
-0.639836,50,735.705117
-0.508558,50,736.408511
-0.548584,50,736.895759
-0.925533,50,737.358963
-1.546522,50,737.822379
-0.733093,50,738.285236
-0.650945,50,738.729769
-1.034463,50,739.201102
-0.485568,50,739.661032
-0.784743,50,740.107407
-0.614596,50,740.560052
-1.566819,50,741.019387
-0.668093,50,741.486897
-0.57996,50,741.932382
-0.885541,50,742.393389
-1.001812,50,742.843035
-0.788055,50,743.308842
-0.776362,50,743.749554
-0.858441,50,744.196383
-0.454269,50,744.652866
-0.572375,50,745.097515
-1.110243,50,745.557861
-0.979264,50,745.997138
-1.192873,50,746.478256
-0.721906,50,747.119425
-0.720985,50,747.757075
-0.606229,50,748.377086
-0.451946,50,748.979583
-0.792633,50,749.683746
-0.680971,50,750.142251
-0.494061,50,750.577837
-0.443639,50,751.034368
-0.442419,50,751.494043
-0.729633,50,751.964656
-0.581425,50,752.408415
-0.477392,50,752.868662
-1.004516,50,753.330916
-0.609319,50,753.795692
-0.554479,50,754.240052
-0.337102,50,754.686619
-0.770415,50,755.151158
-2.383204,50,755.599535
-1.458059,50,756.059944
-0.581707,50,756.510906
-0.970257,50,756.983226
-0.65129,50,757.429593
-0.536187,50,757.87705
-0.513434,50,758.344697
-0.838222,50,758.805864
-0.647807,50,759.259985
-0.510685,50,759.7039
-0.432767,50,760.361393
-0.617211,50,760.963861
-0.369273,50,761.591908
-0.747054,50,762.206842
-1.555197,50,762.931505
-0.972728,50,763.399845
-0.812344,50,763.848407
-0.644611,50,764.309829
-0.550877,50,764.775654
-0.540583,50,765.24079
-0.545261,50,765.683081
-0.563454,50,766.160305
-0.738894,50,766.626744
-0.962887,50,767.076374
-1.199806,50,767.545391
-1.082262,50,768.012618
-0.559004,50,768.49503
-0.669433,50,768.942927
-0.644516,50,769.399781
-0.557991,50,769.851114
-0.412526,50,770.30823
-0.475933,50,770.781309
-0.995028,50,771.233257
-0.532008,50,771.716544
-0.645866,50,772.172498
-0.686826,50,772.642694
-0.53953,50,773.200822
-0.797415,50,773.802793
-0.783441,50,774.441919
-0.680794,50,775.060919
-0.508122,50,775.700355
-0.799149,50,776.280898
-0.78013,50,776.742557
-0.563774,50,777.205235
-0.844245,50,777.652146
-1.579162,50,778.124685
-0.513229,50,778.581223
-0.463032,50,779.034712
-1.853442,50,779.486392
-1.037731,50,779.937006
-0.53135,50,780.382015
-0.571132,50,780.845521
-0.669602,50,781.30457
-0.615928,50,781.745251
-0.835512,50,782.205104
-0.634001,50,782.644901
-0.601582,50,783.10884
-0.759127,50,783.550374
-0.735684,50,784.011186
-0.646822,50,784.456784
-0.678676,50,784.896846
-0.552713,50,785.354476
-0.724096,50,785.808039
-0.494215,50,786.373743
-0.619657,50,786.969901
-0.619103,50,787.608619
-0.567222,50,788.22741
-0.753223,50,788.8919
-0.548283,50,789.466364
-0.645015,50,789.918335
-0.527693,50,790.392147
-0.821694,50,790.840854
-0.610528,50,791.310103
-0.814949,50,791.758618
-0.837833,50,792.210559
-0.979326,50,792.689081
-0.807237,50,793.131522
-0.691249,50,793.604567
-0.680744,50,794.056117
-1.461341,50,794.53236
-0.588635,50,794.981715
-0.87508,50,795.445431
-0.674363,50,795.892392
-1.155575,50,796.372127
-0.715608,50,796.837627
-0.87695,50,797.30792
-0.462785,50,797.773663
-0.726735,50,798.22011
-0.605371,50,798.670182
-0.719059,50,799.128502
-0.626376,50,799.748625
-0.950645,50,800.359852
-0.7589,50,801.007366
-0.665876,50,801.587178
-1.649669,50,802.32633
-0.552205,50,802.793908
-0.718022,50,803.254091
-0.501421,50,803.692912
-0.706442,50,804.151014
-0.620006,50,804.60962
-0.793761,50,805.072748
-0.680116,50,805.518149
-0.376003,50,805.97985
-0.374578,50,806.424515
-0.784363,50,806.866911
-1.065314,50,807.339511
-0.605482,50,807.786344
-0.615596,50,808.254257
-0.473234,50,808.702013
-2.128127,50,809.176389
-0.656913,50,809.626049
-0.651776,50,810.087609
-0.922998,50,810.545064
-0.857762,50,810.98991
-0.64791,50,811.450817
-0.864348,50,811.898985
-0.666328,50,812.360802
-0.553414,50,813.005862
-0.721933,50,813.629589
-0.521706,50,814.244652
-0.759952,50,814.837185
-0.767045,50,815.516272
-0.599468,50,815.962959
-0.867409,50,816.429417
-0.707249,50,816.875325
-0.870106,50,817.336918
-0.908348,50,817.789536
-1.201105,50,818.236754
-0.695977,50,818.690234
-0.668296,50,819.135038
-0.631326,50,819.601732
-0.947142,50,820.052625
-0.760766,50,820.50599
-1.147102,50,820.956546
-0.684956,50,821.411935
-0.708412,50,821.870041
-0.869777,50,822.335243
-0.942689,50,822.827312
-0.881809,50,823.325313
-0.763556,50,823.794862
-0.654884,50,824.247567
-0.607221,50,824.698363
-0.491955,50,825.143784
-0.450053,50,825.670562
-0.638595,50,826.277135
-0.593095,50,826.943345
-0.495736,50,827.553003
-0.626813,50,828.180746
-0.724003,50,828.817906
-1.080501,50,829.264946
-0.930412,50,829.719691
-0.625197,50,830.182692
-0.420688,50,830.627079
-0.410236,50,831.089163
-0.375255,50,831.549638
-0.584282,50,832.020609
-0.480641,50,832.472658
-0.564416,50,832.934237
-0.663874,50,833.385467
-0.949112,50,833.84358
-0.519968,50,834.306993
-0.507937,50,834.759642
-1.15135,50,835.237764
-0.46916,50,835.690866
-0.865463,50,836.159956
-0.80566,50,836.615841
-0.708006,50,837.077763
-0.651597,50,837.520481
-0.422071,50,837.969722
-0.530132,50,838.426869
-1.204589,50,838.976207
-1.653817,50,839.597739
-1.055937,50,840.224666
-0.790295,50,840.832971
-0.657664,50,841.475357
-0.65732,50,842.035084
-0.790631,50,842.499743
-0.782491,50,842.958648
-0.688494,50,843.421673
-1.12777,50,843.879815
-0.818812,50,844.325514
-0.782757,50,844.788156
-0.578268,50,845.243929
-0.45433,50,845.709408
-0.627258,50,846.157387
-0.914525,50,846.633186
-0.813203,50,847.076734
-0.623228,50,847.533923
-0.807018,50,847.975184
-0.771743,50,848.437555
-0.741817,50,848.928292
-0.496608,50,849.385364
-0.514586,50,849.847406
-0.447132,50,850.293324
-0.522365,50,850.753772
-0.687073,50,851.198539
-1.081857,50,851.665264
-0.736738,50,852.268539
-0.823728,50,852.877947
-0.748071,50,853.500922
-0.452744,50,854.095916
-0.960344,50,854.758612
-0.586813,50,855.283939
-0.896496,50,855.727543
-0.525293,50,856.191726
-0.931427,50,856.660281
-0.389267,50,857.128228
-0.472574,50,857.591331
-1.096152,50,858.04961
-0.884531,50,858.505993
-0.776853,50,858.963926
-1.038118,50,859.420563
-1.225934,50,859.862182
-0.606422,50,860.327721
-0.857868,50,860.779465
-0.776161,50,861.239071
-0.671564,50,861.683621
-0.440539,50,862.146858
-0.729858,50,862.593983
-0.783351,50,863.041584
-0.912,50,863.506516
-0.651734,50,863.94857
-0.721364,50,864.401771
-0.741409,50,864.841906
-0.388784,50,865.455699
-0.719803,50,866.048389
-0.535422,50,866.688185
-0.560107,50,867.285971
-0.541553,50,867.950133
-0.620437,50,868.447563
-0.533319,50,868.896768
-0.918079,50,869.334782
-0.727963,50,869.808904
-0.562919,50,870.260832
-0.544913,50,870.722073
-0.795877,50,871.16298
-1.433638,50,871.628321
-0.521884,50,872.06474
-0.602127,50,872.519796
-0.713579,50,872.998934
-0.50892,50,873.442923
-1.04386,50,873.913458
-0.797214,50,874.36511
-0.858418,50,874.829489
-0.807072,50,875.276037
-0.649952,50,875.727082
-0.525955,50,876.170114
-0.453343,50,876.629009
-0.724895,50,877.076147
-0.710033,50,877.537058
-0.697793,50,878.00213
-0.869369,50,878.617559
-0.925511,50,879.241226
-0.735295,50,879.86697
-0.619942,50,880.449176
-0.666486,50,881.123271
-0.965466,50,881.592786
-0.705296,50,882.048924
-0.416563,50,882.499079
-0.676886,50,883.016451
-0.548326,50,883.475848
-0.47025,50,883.918539
-0.513051,50,884.380005
-1.713517,50,884.840087
-0.68837,50,885.313571
-0.452545,50,885.763095
-0.633217,50,886.234584
-1.033948,50,886.715589
-1.079961,50,887.181455
-0.911922,50,887.64954
-1.737641,50,888.167274
-0.680416,50,888.639334
-0.624013,50,889.085816
-0.835722,50,889.551899
-0.85494,50,890.007482
-0.851895,50,890.480206
-0.630065,50,890.925401
-0.752691,50,891.495226
-0.727651,50,892.090115
-0.521123,50,892.72035
-0.59347,50,893.321544
-0.572857,50,893.971332
-1.920439,50,894.552271
-1.849637,50,895.003604
-0.973725,50,895.460547
-0.688637,50,895.901226
-0.705574,50,896.359085
-0.674409,50,896.815531
-0.935357,50,897.269332
-0.445571,50,897.726367
-0.820425,50,898.181455
-0.754841,50,898.645084
-0.935562,50,899.082344
-0.695286,50,899.525033
-0.72143,50,899.989697
-1.02495,50,900.438896
-0.59486,50,900.905973
-0.766599,50,901.348698
-0.620658,50,901.809758
-0.443487,50,902.256392
-0.925831,50,902.720684
-0.628236,50,903.18776
-0.519396,50,903.672581
-0.658407,50,904.137808
-0.569517,50,904.725433
-0.962956,50,905.324473
-0.582365,50,905.95983
-0.963203,50,906.550941
-0.623052,50,907.199213
-0.713179,50,907.720258
-0.571457,50,908.183483
-0.297069,50,908.625524
-0.891616,50,909.083562
-1.45943,50,909.546503
-0.481908,50,910.000999
-1.144518,50,910.483434
-0.93184,50,910.934353
-0.815505,50,911.400965
-0.726559,50,911.865775
-0.476269,50,912.321578
-0.480766,50,912.782625
-0.634059,50,913.272994
-1.30559,50,913.737498
-0.705409,50,914.192078
-0.739088,50,914.639014
-0.558516,50,915.088495
-0.623335,50,915.551924
-0.471682,50,915.991956
-0.564295,50,916.447887
-1.220076,50,916.927842
-0.649472,50,917.388967
-0.337235,50,918.015145
-0.557215,50,918.640177
-0.348441,50,919.251591
-0.887341,50,919.864428
-1.118162,50,920.556885
-1.383089,50,921.01855
-1.269023,50,921.478469
-1.097155,50,921.943935
-0.774818,50,922.38721
-0.647452,50,922.856596
-0.604619,50,923.31228
-0.511797,50,923.769983
-0.759882,50,924.223235
-0.597647,50,924.684028
-0.890718,50,925.135224
-1.654097,50,925.587132
-0.625533,50,926.04227
-0.50802,50,926.489369
-0.551729,50,926.952883
-0.633929,50,927.409194
-0.590578,50,927.876579
-0.903308,50,928.323249
-0.632808,50,928.773025
-0.728571,50,929.223417
-0.479989,50,929.662738
-0.795484,50,930.164725
-0.603736,50,930.674818
-0.865917,50,931.313178
-0.704274,50,931.941194
-0.635822,50,932.54705
-0.738409,50,933.182387
-0.690413,50,933.819316
-0.870449,50,934.277345
-0.501306,50,934.719553
-0.856137,50,935.176826
-1.539297,50,935.617371
-0.921563,50,936.059876
-0.767423,50,936.511427
-0.531278,50,936.957546
-0.676338,50,937.415754
-0.74707,50,937.872324
-0.926164,50,938.333988
-0.561092,50,938.779551
-0.755147,50,939.251859
-0.652279,50,939.708802
-0.760883,50,940.160212
-0.500245,50,940.621818
-0.403351,50,941.08652
-0.648194,50,941.552823
-1.97481,50,942.013604
-0.562997,50,942.470886
-0.656545,50,942.958067
-0.788797,50,943.449176
-0.634149,50,943.999085
-0.7702,50,944.608599
-0.849796,50,945.241968
-0.744021,50,945.856104
-2.102336,50,946.545704
-0.695386,50,947.101898
-0.533444,50,947.564456
-0.799351,50,948.008126
-1.033102,50,948.454414
-0.510757,50,948.915727
-1.038904,50,949.363141
-1.345381,50,949.833038
-1.222521,50,950.282071
-1.294751,50,950.763763
-0.901816,50,951.215402
-0.599445,50,951.678747
-1.31114,50,952.140511
-0.793935,50,952.586205
-0.53747,50,953.069837
-0.559548,50,953.529468
-0.61213,50,953.993307
-1.024112,50,954.43781
-0.833274,50,954.905346
-0.637746,50,955.348977
-0.958617,50,955.796063
-1.600726,50,956.272222
-0.887558,50,956.735234
-1.126618,50,957.380293
-0.695236,50,958.043907
-1.077306,50,958.700492
-0.586864,50,959.320655
-0.873021,50,959.975877
-0.532907,50,960.434108
-0.928502,50,960.897131
-1.043655,50,962.022416
-0.658272,50,962.475156
-0.354212,50,962.919322
-0.583108,50,963.37807
-0.710893,50,963.832979
-0.647882,50,964.300156
-0.853787,50,964.743276
-0.652201,50,965.185777
-0.748522,50,965.664024
-0.639919,50,966.133136
-1.174042,50,966.605064
-1.098558,50,967.057097
-0.809535,50,967.5142
-0.89931,50,967.968759
-0.608381,50,968.430104
-0.784027,50,968.880012
-0.873113,50,969.324457
-0.981384,50,969.780929
-0.665359,50,970.364146
-0.454028,50,970.966754
-0.524295,50,971.606512
-1.019525,50,972.214103
-0.773331,50,972.883335
-0.684694,50,973.395993
-1.190306,50,973.875412
-1.102133,50,974.314255
-1.902622,50,974.772829
-1.730664,50,975.22728
-0.98797,50,975.686807
-0.900241,50,976.149154
-0.814655,50,976.603996
-0.497878,50,977.091464
-0.732984,50,977.540901
-0.782598,50,977.997092
-0.560331,50,978.440132
-0.758225,50,978.90216
-0.41462,50,979.359885
-0.741515,50,979.811973
-0.583971,50,980.267281
-0.677569,50,980.705204
-1.78668,50,981.183347
-0.692863,50,981.620521
-2.1594,50,982.083198
-0.606395,50,982.53553
-0.59213,50,983.049253
-0.718391,50,983.671248
-0.699004,50,984.304129
-0.90494,50,984.92935
-0.869512,50,985.545202
-0.667211,50,986.228678
-0.671624,50,986.669934
-0.514229,50,987.123336
-0.824724,50,987.584261
-0.613564,50,988.043945
-1.301923,50,988.502165
-0.697167,50,988.951741
-0.718866,50,989.421499
-0.540366,50,989.879791
-0.742676,50,990.333092
-0.915113,50,990.77494
-0.935853,50,991.227916
-0.476093,50,991.678528
-0.680753,50,992.128871
-0.887981,50,992.585362
-0.698986,50,993.040885
-1.550741,50,993.513224
-0.728786,50,993.963024
-0.548093,50,994.441749
-0.696211,50,994.900074
-0.89215,50,995.348975
-1.026379,50,995.810372
-0.721295,50,996.273611
-1.103998,50,996.940097
-0.519845,50,997.558765
-0.803797,50,998.202488
-0.407833,50,998.822261
-0.548109,50,999.475126
-0.875861,50,999.939841
-1.261852,50,1000.403167
-1.50225,50,1000.870961
-0.534996,50,1001.328861
-0.559638,50,1001.788341
-0.560634,50,1002.243209
-0.546221,50,1002.703929
-0.722362,50,1003.165987
-0.611236,50,1003.639182
-1.35533,50,1004.113574
-0.818005,50,1004.56351
-0.851393,50,1005.040686
-0.599632,50,1005.492837
-0.883587,50,1005.953199
-0.695575,50,1006.401653
-0.955048,50,1006.840814
-0.942047,50,1007.34001
-1.017287,50,1007.777423
-0.809122,50,1008.24158
-0.687111,50,1008.692903
-0.428493,50,1009.15832
-0.482944,50,1009.7124
-0.927238,50,1010.328897
-0.488012,50,1011.00193
-1.12699,50,1011.630379
-0.936903,50,1012.277039
-0.65781,50,1012.86176
-0.476945,50,1013.337815
-0.716038,50,1013.789503
-0.521349,50,1014.238801
-0.355752,50,1014.700077
-1.38049,50,1015.162331
-0.744316,50,1015.61283
-0.671893,50,1016.058873
-0.706999,50,1016.515785
-0.945431,50,1016.963124
-0.920087,50,1017.427055
-0.876617,50,1017.86951
-1.135895,50,1018.320778
-0.727405,50,1018.780107
-0.660672,50,1019.231526
-0.935819,50,1019.68011
-0.651483,50,1020.127175
-0.629198,50,1020.583954
-0.815966,50,1021.03399
-0.645361,50,1021.482743
-0.57591,50,1021.939211
-0.760565,50,1022.388159
-0.641377,50,1022.960864
-0.608903,50,1023.563382
-0.971917,50,1024.240322
-0.960407,50,1024.857084
-1.301121,50,1025.50672
-0.481116,50,1026.050021
-0.44064,50,1026.497018
-0.753662,50,1026.974028
-0.705247,50,1027.436249
-0.58258,50,1027.902892
-1.942706,50,1028.363621
-0.667984,50,1028.815645
-0.51162,50,1029.276775
-1.054997,50,1029.722085
-0.61236,50,1030.183852
-0.824969,50,1030.628778
-1.079913,50,1031.085563
-1.194284,50,1031.554123
-0.540869,50,1032.019396
-0.831261,50,1032.484035
-0.734777,50,1032.982801
-0.591662,50,1033.439465
-0.454839,50,1033.88732
-0.770209,50,1034.355122
-0.704961,50,1034.805111
-0.579724,50,1035.266569
-0.626942,50,1035.711743
-0.574527,50,1036.390622
-0.785316,50,1036.999048
-1.300125,50,1037.662823
-0.845942,50,1038.289121
-1.122682,50,1038.95504
-0.843673,50,1039.426385
-0.627355,50,1039.879028
-0.699986,50,1040.346693
-0.568994,50,1040.790095
-0.678203,50,1041.238333
-0.479868,50,1041.690118
-0.748736,50,1042.15262
-0.716175,50,1042.624997
-0.495074,50,1043.078401
-0.54443,50,1043.538723
-0.745325,50,1043.989455
-0.834639,50,1044.458778
-0.707925,50,1044.916372
-0.792363,50,1045.360361
-0.851017,50,1045.810073
-0.750403,50,1046.266245
-1.00245,50,1046.733486
-0.781133,50,1047.185986
-0.690075,50,1047.651595
-0.756426,50,1048.098943
-0.915849,50,1048.548583
-0.483344,50,1049.061066
-0.454798,50,1049.673913
-0.936827,50,1050.306453
-1.116464,50,1050.904002
-0.653007,50,1051.515642
-0.465443,50,1052.138878
-0.564543,50,1052.594157
-0.472614,50,1053.094064
-0.749028,50,1053.556685
-0.426655,50,1054.024748
-0.699239,50,1054.472345
-0.540173,50,1054.932669
-0.9073,50,1055.384565
-0.824475,50,1055.832947
-0.558127,50,1056.299307
-0.610218,50,1056.74974
-0.567861,50,1057.213503
-0.954088,50,1057.666219
-0.737069,50,1058.128166
-0.756714,50,1058.58751
-0.495459,50,1059.044326
-0.838926,50,1059.509337
-0.785609,50,1059.964813
-0.537654,50,1060.438189
-1.310283,50,1060.905645
-0.641766,50,1061.362366
-0.497815,50,1061.807814
-0.962984,50,1062.392556
-0.784887,50,1062.98278
-0.773787,50,1063.664023
-0.643535,50,1064.276312
-0.457917,50,1064.906128
-0.647263,50,1065.451594
-0.552694,50,1065.892284
-1.208666,50,1066.38206
-1.283267,50,1066.833304
-2.266038,50,1067.308366
-0.397299,50,1067.793637
-0.750169,50,1068.253489
-1.065848,50,1068.722061
-1.131301,50,1069.163899
-0.777852,50,1069.616754
-1.135701,50,1070.059607
-0.785092,50,1070.530037
-0.538403,50,1070.978319
-0.64665,50,1071.420459
-0.50314,50,1071.879162
-0.732882,50,1072.341557
-0.575548,50,1072.793008
-0.446647,50,1073.239184
-0.990713,50,1073.721921
-0.621259,50,1074.173177
-0.516546,50,1074.638853
-0.527569,50,1075.090366
-0.692464,50,1075.739582
-2.169268,50,1076.376835
-0.895932,50,1076.992893
-0.600484,50,1077.597705
-0.734232,50,1078.250541
-0.582872,50,1078.698
-0.54723,50,1079.160093
-1.599876,50,1079.61956
-0.625826,50,1080.090472
-0.683514,50,1080.558656
-0.705055,50,1081.023008
-0.676239,50,1081.479311
-0.861883,50,1081.950639
-0.88449,50,1082.448398
-0.951476,50,1082.934448
-0.904578,50,1083.41502
-0.620109,50,1083.877916
-0.895231,50,1084.366555
-0.86048,50,1084.80783
-0.641868,50,1085.271955
-0.558832,50,1085.737048
-0.405436,50,1086.218505
-0.465969,50,1086.661093
-0.620963,50,1087.110471
-0.602172,50,1087.588105
-0.467373,50,1088.036191
-0.602408,50,1088.659811
-0.569037,50,1089.279972
-0.471543,50,1089.907799
-0.548528,50,1090.514317
-0.568218,50,1091.172413
-0.589677,50,1091.682746
-0.587416,50,1092.163459
-0.573364,50,1092.633399
-0.658881,50,1093.084679
-0.498516,50,1093.545772
-0.689919,50,1094.000885
-0.583284,50,1094.468518
-0.572335,50,1094.915376
-0.523704,50,1095.364022
-1.081767,50,1095.825353
-0.638662,50,1096.269583
-0.573148,50,1096.720913
-0.814433,50,1097.167203
-0.743903,50,1097.66626
-0.627711,50,1098.107085
-0.574149,50,1098.56296
-0.706913,50,1099.002147
-0.899592,50,1099.461547
-0.945527,50,1099.933569
-0.770532,50,1100.377781
-0.727695,50,1100.830248
-0.638962,50,1101.331573
-0.529643,50,1101.962392
-0.86276,50,1102.582853
-0.476018,50,1103.199866
-0.628054,50,1103.820426
-0.430873,50,1104.439273
-0.940649,50,1104.884663
-0.804533,50,1105.332845
-1.016266,50,1105.776974
-1.025194,50,1106.236691
-0.579772,50,1106.676976
-0.717417,50,1107.124049
-0.528688,50,1107.57091
-0.57403,50,1108.025868
-0.400539,50,1108.471872
-0.737839,50,1108.910475
-0.539474,50,1109.375419
-0.872593,50,1109.823966
-0.630595,50,1110.279091
-1.060087,50,1110.721716
-2.15677,50,1111.184417
-0.643547,50,1111.630196
-0.675988,50,1112.070027
-0.726686,50,1112.537859
-0.933995,50,1112.995804
-0.695239,50,1113.460644
-0.63462,50,1113.905363
-0.6165,50,1114.398755
-0.552496,50,1115.027094
-0.748017,50,1115.684235
-0.745982,50,1116.284586
-0.441306,50,1116.914665
-0.446853,50,1117.511152
-0.888803,50,1117.956776
-0.561124,50,1118.400477
-0.460281,50,1118.85407
-0.697703,50,1119.313949
-0.577737,50,1119.771589
-0.522667,50,1120.228015
-0.673322,50,1120.69718
-0.618121,50,1121.144712
-1.035213,50,1121.597939
-0.932074,50,1122.055933
-1.096625,50,1122.523237
-1.047075,50,1122.991523
-0.53554,50,1123.457252
-0.798664,50,1123.947049
-0.755856,50,1124.39505
-0.642492,50,1124.856979
-0.844575,50,1125.309123
-0.603362,50,1125.771158
-0.523033,50,1126.218227
-0.794724,50,1126.672821
-0.533303,50,1127.131622
-0.655558,50,1127.703794
-0.54138,50,1128.328549
-0.645779,50,1128.966067
-0.44282,50,1129.567891
-0.894247,50,1130.262582
-0.660905,50,1130.771506
-1.092731,50,1131.237814
-0.468047,50,1131.684232
-0.516245,50,1132.141845
-0.700664,50,1132.588016
-0.615224,50,1133.041136
-0.835114,50,1133.484247
-0.474064,50,1133.92841
-0.609733,50,1134.386967
-0.734039,50,1134.829496
-1.186323,50,1135.306444
-0.646194,50,1135.758172
-0.516274,50,1136.212449
-0.727305,50,1136.656925
-0.370786,50,1137.104771
-0.532913,50,1137.566564
-1.442526,50,1138.026515
-0.911882,50,1138.512711
-0.82846,50,1138.959872
-0.846625,50,1139.427043
-0.564821,50,1139.876219
-1.744974,50,1140.351996
-0.61563,50,1140.966522
-0.732774,50,1141.616175
-0.486393,50,1142.228965
-0.583188,50,1142.851436
-0.747356,50,1143.522047
-0.45655,50,1143.964938
-0.98806,50,1144.418835
-0.721597,50,1144.883032
-0.689423,50,1145.335959
-0.59088,50,1145.792804
-0.903399,50,1146.231858
-1.52406,50,1146.705003
-0.740725,50,1147.147135
-0.663829,50,1147.600338
-0.4658,50,1148.048831
-0.463984,50,1148.496982
-0.359975,50,1148.958728
-0.846328,50,1149.416658
-3.512219,50,1149.890536
-3.126562,50,1150.359909
-1.808244,50,1150.81804
-0.806184,50,1151.271149
-0.9679,50,1151.729716
-0.713253,50,1152.199535
-0.601305,50,1152.65036
-1.007159,50,1153.119126
-0.640745,50,1153.629972
-0.553913,50,1154.266087
-0.673791,50,1154.888415
-0.601876,50,1155.507989
-0.439591,50,1156.13608
-0.642844,50,1156.734803
-0.491262,50,1157.190662
-0.458022,50,1157.642169
-0.420397,50,1158.131468
-0.67034,50,1158.579885
-0.595163,50,1159.031008
-0.581865,50,1159.486391
-0.482766,50,1159.939818
-0.446208,50,1160.415339
-0.676795,50,1160.885593
-0.796845,50,1161.351682
-0.573022,50,1161.799909
-0.458506,50,1162.261858
-0.603745,50,1162.711973
-0.462149,50,1163.168567
-0.409506,50,1163.618187
-0.530033,50,1164.065027
-0.781425,50,1164.529113
-0.771823,50,1164.97527
-0.625594,50,1165.425782
-0.767042,50,1165.873278
-0.518244,50,1166.326061
-0.778356,50,1166.906674
-0.75112,50,1167.521534
-1.927018,50,1168.155538
-1.172289,50,1168.758964
-1.053996,50,1169.417103
-1.908479,50,1169.929134
-0.619629,50,1170.376252
-0.623611,50,1170.832371
-0.592676,50,1171.281699
-0.864761,50,1171.735959
-0.714866,50,1172.184062
-0.640137,50,1172.687606
-1.718651,50,1173.1573
-0.942372,50,1173.60911
-0.620236,50,1174.062185
-0.527877,50,1174.508106
-0.683357,50,1174.959061
-0.583272,50,1175.40031
-0.926818,50,1175.870923
-0.754867,50,1176.321485
-0.506241,50,1176.779111
-0.514983,50,1177.234079
-0.711478,50,1177.687141
-0.614304,50,1178.147629
-0.625784,50,1178.593344
-0.58174,50,1179.055881
-0.704962,50,1179.500406
-0.572386,50,1180.12846
-0.785235,50,1180.730867
-0.630923,50,1181.355079
-0.625595,50,1181.983517
-0.594549,50,1182.646738
-0.786565,50,1183.109104
-0.832312,50,1183.57411
-0.918198,50,1184.043988
-0.845021,50,1184.501684
-0.771099,50,1184.95127
-0.636636,50,1185.41717
-0.788342,50,1185.86091
-0.46068,50,1186.33926
-0.796205,50,1186.78446
-0.657673,50,1187.247507
-0.560227,50,1187.696535
-0.845905,50,1188.185949
-0.711239,50,1188.624173
-0.585969,50,1189.068856
-1.793155,50,1189.553731
-0.877262,50,1189.993921
-0.746898,50,1190.459242
-0.567833,50,1190.908297
-0.432977,50,1191.369935
-0.451517,50,1191.809015
-0.730405,50,1192.257499
-0.57049,50,1192.783086
-0.750337,50,1193.40983
-1.045502,50,1194.040726
-0.515292,50,1194.671459
-0.572781,50,1195.302639
-0.683547,50,1195.89323
-0.886016,50,1196.336101
-0.573101,50,1196.78709
-0.866011,50,1197.240857
-0.579683,50,1197.70362
-0.525871,50,1198.150891
-0.68345,50,1198.598944
-0.966706,50,1199.056304
-0.315005,50,1199.514021
-0.782445,50,1199.973694
-0.693339,50,1200.422926
-0.962714,50,1200.887638
-0.650158,50,1201.335418
-0.422654,50,1201.78885
-1.034306,50,1202.245318
-0.558876,50,1202.692251
-1.708545,50,1203.16982
-0.538853,50,1203.643784
-0.831266,50,1204.115138
-0.529288,50,1204.559938
-0.640702,50,1205.022072
-0.620309,50,1205.480475
-0.692026,50,1206.070381
-0.764516,50,1206.659784
-0.575402,50,1208.22836
-0.560752,50,1208.845953
-0.588315,50,1209.319012
-0.739633,50,1209.777082
-0.645252,50,1210.252277
-0.791538,50,1210.710021
-0.50455,50,1211.170166
-0.597825,50,1211.61453
-0.382677,50,1212.067767
-0.696879,50,1212.536277
-0.683182,50,1212.981186
-0.516203,50,1213.440143
-0.640569,50,1213.903645
-0.977894,50,1214.373259
-0.928833,50,1214.822575
-0.787489,50,1215.293376
-0.588496,50,1215.751382
-0.579213,50,1216.212449
-0.547383,50,1216.680439
-0.429326,50,1217.133827
-0.518039,50,1217.606221
-0.670382,50,1218.075422
-0.915977,50,1218.55986
-1.295332,50,1219.139032
-0.860232,50,1219.764681
-2.251766,50,1220.433007
-0.665531,50,1221.033658
-0.844983,50,1221.696397
-1.23766,50,1222.188055
-0.770661,50,1222.64972
-0.500559,50,1223.138986
-1.017939,50,1223.615749
-0.634092,50,1224.073543
-0.76996,50,1224.520633
-0.61289,50,1224.980044
-0.357744,50,1225.437986
-0.707549,50,1225.907364
-1.378111,50,1226.367273
-1.011259,50,1226.830729
-0.674497,50,1227.277024
-0.828584,50,1227.745157
-0.541304,50,1228.189404
-0.648636,50,1228.627943
-1.508081,50,1229.092068
-0.688984,50,1229.539758
-1.34234,50,1230.00561
-0.953342,50,1230.468161
-0.676163,50,1230.929205
-0.631726,50,1231.401672
-1.758019,50,1231.91299
-0.573665,50,1232.553364
-0.542881,50,1233.188944
-0.790476,50,1233.827504
-0.480663,50,1234.454509
-0.793528,50,1235.044635
-0.64319,50,1235.506817
-0.978646,50,1235.959056
-1.819904,50,1236.430128
-0.78354,50,1236.877559
-0.383864,50,1237.351461
-0.626157,50,1237.801917
-0.512045,50,1238.262371
-0.552911,50,1238.702636
-0.482341,50,1239.146698
-0.612656,50,1239.613261
-0.424391,50,1240.060977
-0.721855,50,1240.525702
-0.676566,50,1240.982058
-0.36041,50,1241.443689
-0.94162,50,1241.88475
-0.673466,50,1242.352651
-0.47963,50,1242.821814
-0.88,50,1243.28096
-0.730228,50,1243.746238
-0.974377,50,1244.214091
-0.650517,50,1244.677847
-0.780911,50,1245.235772
-0.704897,50,1245.855144
-0.803804,50,1246.475128
-0.8362,50,1247.077666
-0.807917,50,1247.75635
-0.437082,50,1248.273032
-1.420945,50,1248.769201
-0.767961,50,1249.228526
-0.904983,50,1249.709183
-0.78971,50,1250.159003
-0.451278,50,1250.615517
-0.450911,50,1251.076139
-0.734337,50,1251.536049
-0.814542,50,1251.996608
-0.863094,50,1252.451488
-0.371828,50,1252.904174
-0.631076,50,1253.371994
-0.5577,50,1253.829023
-1.572833,50,1254.29546
-0.932891,50,1254.743789
-0.892318,50,1255.219303
-0.600875,50,1255.66979
-0.678478,50,1256.132375
-0.328941,50,1256.596462
-0.963656,50,1257.085332
-1.082255,50,1257.530496
-1.115555,50,1258.019533
-0.756287,50,1258.648771
-0.756651,50,1259.296483
-1.110602,50,1259.9038
-0.624199,50,1260.520984
-0.685387,50,1261.147334
-0.617803,50,1261.594858
-0.416076,50,1262.038953
-0.8573,50,1262.507608
-1.047737,50,1262.954854
-1.155275,50,1263.432575
-0.655996,50,1263.890019
-0.683809,50,1264.353456
-0.65398,50,1264.801194
-0.591726,50,1265.274445
-0.468201,50,1265.725764
-0.625139,50,1266.168437
-0.526292,50,1266.631664
-0.755129,50,1267.081953
-0.526963,50,1267.548322
-0.678395,50,1267.995776
-0.924005,50,1268.462565
-0.63604,50,1268.906779
-0.434273,50,1269.363045
-0.804867,50,1269.805736
-0.7649,50,1270.243723
-0.526979,50,1270.699939
-0.923473,50,1271.242555
-1.610505,50,1271.887436
-1.071866,50,1272.526365
-0.843757,50,1273.141685
-1.56197,50,1273.78982
-1.159024,50,1274.364489
-0.58879,50,1274.816127
-0.645238,50,1275.267803
-0.837053,50,1275.71832
-0.762756,50,1276.164037
-0.708469,50,1276.625857
-0.661134,50,1277.091225
-1.132408,50,1277.551245
-0.892995,50,1278.013014
-0.378558,50,1278.498967
-0.94826,50,1278.968921
-2.145206,50,1279.432412
-0.868511,50,1279.888156
-0.774552,50,1280.343528
-0.67828,50,1280.79164
-0.546388,50,1281.254505
-0.92697,50,1281.699888
-0.711967,50,1282.166226
-0.881605,50,1282.61808
-0.61408,50,1283.078783
-1.674061,50,1283.536456
-1.306261,50,1283.992335
-2.86298,50,1284.589442
-0.739408,50,1285.235183
-0.59143,50,1285.881427
-0.660972,50,1286.490496
-0.702263,50,1287.200145
-0.725218,50,1287.647844
-0.663467,50,1288.092485
-0.549626,50,1288.547494
-0.388105,50,1289.001205
-0.567261,50,1289.457901
-1.339147,50,1289.911433
-0.58597,50,1290.381559
-0.787746,50,1290.842326
-1.03147,50,1291.327546
-0.590381,50,1291.774552
-1.044596,50,1292.215312
-0.938801,50,1292.68778
-0.531638,50,1293.162156
-0.735947,50,1293.627012
-0.595375,50,1294.068314
-0.851163,50,1294.530774
-0.50499,50,1294.976729
-0.491403,50,1295.435734
-0.720501,50,1295.876002
-0.923136,50,1296.340565
-0.663036,50,1296.814333
-0.407665,50,1297.320208
-0.890933,50,1297.945894
-0.910613,50,1298.575387
-0.358585,50,1299.172916
-0.619771,50,1299.804481
-0.589908,50,1300.401597
-0.343034,50,1300.860705
-0.559691,50,1301.303785
-0.683867,50,1301.760038
-0.545502,50,1302.217667
-0.575422,50,1302.674694
-0.630269,50,1303.135425
-0.419017,50,1303.591933
-0.560671,50,1304.077449
-0.75231,50,1304.531184
-0.763872,50,1304.986809
-0.415681,50,1305.437256
-0.893162,50,1305.911099
-0.534962,50,1306.364077
-0.693913,50,1306.822648
-0.466426,50,1307.292781
-1.111211,50,1307.760094
-0.426454,50,1308.22807
-0.648143,50,1308.735533
-0.562444,50,1309.198413
-0.685851,50,1309.657778
-0.522119,50,1310.123149
-0.60582,50,1310.726561
-1.901204,50,1311.359545
-0.8134,50,1311.983073
-0.880324,50,1312.587692
-0.525163,50,1313.284329
-0.515454,50,1313.730227
-0.660513,50,1314.174786
-0.7462,50,1314.644055
-0.513471,50,1315.096353
-0.601415,50,1315.562358
-0.505943,50,1316.003928
-0.879565,50,1316.475777
-0.597401,50,1316.937125
-0.846471,50,1317.409311
-0.832523,50,1317.865208
-0.749681,50,1318.325967
-0.775379,50,1318.797047
-0.632855,50,1319.252937
-0.665256,50,1319.71987
-1.128363,50,1320.162248
-0.814116,50,1320.6411
-0.456403,50,1321.08805
-0.526424,50,1321.55306
-0.6816,50,1322.006156
-0.383735,50,1322.458064
-1.079428,50,1322.927222
-0.603635,50,1323.449076
-0.796193,50,1324.080582
-0.438171,50,1324.72669
-1.023876,50,1325.332976
-1.18211,50,1325.966535
-0.820406,50,1326.582155
-0.627036,50,1327.052777
-0.738301,50,1327.496898
-0.745952,50,1327.96287
-0.648634,50,1328.411432
-0.60596,50,1328.876977
-0.877024,50,1329.323797
-0.662347,50,1329.766569
-0.71127,50,1330.235596
-1.179633,50,1330.69677
-0.864568,50,1331.158951
-0.532644,50,1331.614181
-0.476485,50,1332.080299
-0.739622,50,1332.534336
-0.954378,50,1333.000523
-1.395803,50,1333.450176
-0.880934,50,1333.901781
-0.664415,50,1334.378544
-0.578702,50,1334.849381
-0.646455,50,1335.322934
-0.528582,50,1335.779999
-0.490818,50,1336.248028
-0.50814,50,1336.837194
-0.684775,50,1337.448751
-0.610918,50,1338.074408
-0.527813,50,1338.695372
-0.638764,50,1339.370634
-0.560519,50,1339.882175
-0.315414,50,1340.347651
-0.611075,50,1340.80207
-0.354977,50,1341.25188
-0.640501,50,1341.717614
-0.7533,50,1342.167821
-0.756972,50,1342.632227
-0.81016,50,1343.086048
-0.591041,50,1343.554863
-0.97714,50,1344.010084
-0.622547,50,1344.47295
-0.686131,50,1344.968206
-0.482513,50,1345.413505
-1.002211,50,1345.876119
-0.528803,50,1346.325772
-0.87115,50,1346.789259
-0.472104,50,1347.240236
-0.481854,50,1347.69353
-0.491356,50,1348.137279
-0.676736,50,1348.594222
-0.538746,50,1349.037104
-1.856889,50,1349.502197
-0.439314,50,1350.148107
-0.573288,50,1350.769071
-0.820427,50,1351.388852
-1.034782,50,1352.023801
-0.649173,50,1352.677891
-0.473625,50,1353.141848
-0.609507,50,1353.595503
-0.542103,50,1354.059374
-0.735121,50,1354.514029
-0.824009,50,1355.001894
-0.934168,50,1355.447696
-1.362758,50,1355.89696
-0.780745,50,1356.34868
-0.799211,50,1356.793539
-0.632539,50,1357.254902
-0.777879,50,1357.70189
-0.565324,50,1358.163228
-0.511829,50,1358.612436
-0.490588,50,1359.080153
-0.612171,50,1359.544534
-0.714062,50,1360.048542
-0.570735,50,1360.504796
-0.43991,50,1360.967482
-0.623917,50,1361.429567
-0.588246,50,1361.883233
-0.379871,50,1362.343039
-0.804688,50,1362.923779
-0.674275,50,1363.54669
-0.670659,50,1364.19088
-0.865543,50,1364.795739
-0.64351,50,1365.450752
-1.078405,50,1365.998312
-0.931581,50,1366.463003
-0.685692,50,1366.910061
-0.782727,50,1367.370255
-0.691546,50,1367.828067
-0.343002,50,1368.299752
-0.531915,50,1368.758873
-0.640489,50,1369.249886
-0.706782,50,1369.721242
-0.454039,50,1370.212016
-0.41775,50,1370.668097
-0.516774,50,1371.118883
-0.468674,50,1371.588815
-0.43111,50,1372.037542
-0.685504,50,1372.48138
-0.768218,50,1372.946162
-1.206934,50,1373.396382
-0.973568,50,1373.848388
-0.990853,50,1374.291621
-0.947415,50,1374.747046
-0.463834,50,1375.202371
-0.800029,50,1375.656929
-0.369095,50,1376.300763
-1.561827,50,1376.959886
-0.484083,50,1377.577605
-0.52691,50,1378.206618
-0.374091,50,1378.818416
-0.725504,50,1379.264835
-0.719761,50,1379.722004
-0.636556,50,1380.194548
-0.683427,50,1380.635881
-1.140437,50,1381.105804
-2.037725,50,1381.570438
-0.842017,50,1382.040738
-0.452578,50,1382.504159
-0.85578,50,1382.976216
-0.710687,50,1383.43932
-0.466087,50,1383.892141
-0.799288,50,1384.355822
-1.259794,50,1384.812053
-0.776171,50,1385.295441
-0.834848,50,1385.753236
-0.575178,50,1386.229161
-0.581422,50,1386.689751
-0.489805,50,1387.163229
-0.596296,50,1387.621655
-0.548583,50,1388.075345
-1.472563,50,1388.542989
-0.885256,50,1389.162045
-0.667501,50,1389.76746
-0.681316,50,1390.445548
-0.66717,50,1391.038903
-0.977354,50,1391.719483
-0.725203,50,1392.207981
-1.622999,50,1392.687941
-0.442605,50,1393.163736
-0.858444,50,1393.650975
-0.649297,50,1394.113989
-0.660335,50,1394.58438
-0.468195,50,1395.033208
-0.912719,50,1395.500264
-0.8964,50,1395.952909
-0.895375,50,1396.414032
-0.867892,50,1396.87932
-0.908246,50,1397.340939
-0.544103,50,1397.796802
-0.6222,50,1398.262234
-0.882744,50,1398.719878
-0.435457,50,1399.208191
-0.721835,50,1399.692379
-0.912244,50,1400.162688
-0.593521,50,1400.633471
-0.422975,50,1401.091614
-0.799227,50,1401.537937
-0.660847,50,1402.101694
-0.708053,50,1402.717487
-0.715006,50,1403.35133
-1.072041,50,1403.956046
-0.53762,50,1404.592311
-0.423849,50,1405.135387
-0.496385,50,1405.593357
-0.446788,50,1406.058079
-0.597759,50,1406.525675
-0.655278,50,1406.987966
-0.39368,50,1407.452596
-1.673825,50,1407.924837
-0.531723,50,1408.374657
-0.529774,50,1408.826045
-0.51842,50,1409.297891
-0.873629,50,1409.752787
-0.7364,50,1410.218834
-0.358596,50,1410.671338
-1.19481,50,1411.148453
-0.455376,50,1411.594738
-0.729701,50,1412.049506
-0.614266,50,1412.502135
-0.67345,50,1412.953637
-0.359617,50,1413.420625
-0.582485,50,1413.878647
-0.630652,50,1414.34115
-0.647368,50,1414.810116
-0.528137,50,1415.478147
-0.721734,50,1416.089911
-0.791695,50,1416.718689
-0.491091,50,1417.371638
-0.619187,50,1417.983283
-0.748501,50,1418.450974
-0.579645,50,1418.892977
-0.689143,50,1419.346927
-0.402572,50,1419.807952
-0.575113,50,1420.257241
-0.656696,50,1420.71383
-0.525292,50,1421.17118
-0.915358,50,1421.628914
-0.421827,50,1422.075727
-0.809098,50,1422.53781
-1.700008,50,1423.002043
-0.742712,50,1423.465924
-0.687556,50,1423.954499
-0.608455,50,1424.435635
-0.467222,50,1424.901335
-0.32141,50,1425.354558
-0.439823,50,1425.806976
-0.339794,50,1426.254392
-0.51532,50,1426.707832
-0.605546,50,1427.145933
-0.454953,50,1427.59071
-0.589055,50,1428.12784
-0.563042,50,1428.74892
-0.509825,50,1429.410594
-1.679179,50,1430.044559
-0.683587,50,1430.678879
-0.646998,50,1431.250989
-0.39619,50,1431.692924
-0.589849,50,1432.15339
-0.808797,50,1432.601985
-1.476788,50,1433.076135
-1.125762,50,1433.526713
-0.618552,50,1433.984796
-0.704136,50,1434.437181
-0.613322,50,1434.89084
-0.391752,50,1435.377269
-0.975901,50,1435.823797
-0.455574,50,1436.290872
-0.722405,50,1436.743413
-0.426677,50,1437.204828
-0.628394,50,1437.646664
-0.900824,50,1438.116766
-0.523775,50,1438.575262
-0.611171,50,1439.024208
-0.727454,50,1439.485979
-0.682708,50,1439.930386
-0.6382,50,1440.398417
-0.346303,50,1440.845137
-0.68409,50,1441.455504
-0.706131,50,1442.042746
-0.428951,50,1442.702326
-0.834731,50,1443.316936
-0.626447,50,1444.007055
-0.590221,50,1444.47496
-0.686838,50,1444.941466
-0.76764,50,1445.397193
-1.791195,50,1445.868379
-0.784113,50,1446.325701
-0.696682,50,1446.780118
-0.606882,50,1447.232546
-0.384969,50,1447.693093
-0.601351,50,1448.136149
-0.813164,50,1448.607089
-0.933867,50,1449.055464
-0.591805,50,1449.51304
-0.882308,50,1449.979956
-0.642622,50,1450.436081
-0.404315,50,1450.894599
-0.575795,50,1451.363964
-0.536425,50,1451.828387
-0.982618,50,1452.286941
-0.857343,50,1452.786503
-0.812733,50,1453.236865
-0.588631,50,1453.687793
-0.450104,50,1455.12641
-0.460853,50,1455.766392
-0.616245,50,1456.385328
-1.212478,50,1457.063932
-0.901817,50,1457.517964
-0.646184,50,1457.976367
-0.455636,50,1458.429244
-0.571219,50,1458.874047
-0.624409,50,1459.375468
-0.367997,50,1459.820121
-0.564902,50,1460.276834
-0.349807,50,1460.725379
-0.956489,50,1461.200628
-1.665558,50,1461.659549
-0.621966,50,1462.127995
-0.707588,50,1462.581781
-0.526736,50,1463.029446
-0.7218,50,1463.487152
-0.655529,50,1463.937268
-1.537682,50,1464.419569
-0.544429,50,1464.875415
-0.518784,50,1465.335807
-0.564807,50,1465.784962
-0.584907,50,1466.255525
-0.58586,50,1466.716094
-0.76038,50,1467.246884
-0.982807,50,1467.862823
-0.736648,50,1468.49597
-0.554459,50,1469.105433
-0.680902,50,1469.746501
-0.71869,50,1470.32374
-0.596328,50,1470.779831
-0.561523,50,1471.234042
-0.647592,50,1471.697936
-0.539719,50,1472.150896
-0.501225,50,1472.609827
-0.673722,50,1473.055216
-0.502648,50,1473.533945
-0.456977,50,1473.983234
-0.573248,50,1474.44324
-0.457026,50,1474.903104
-0.711481,50,1475.372815
-0.576739,50,1475.835018
-0.674015,50,1476.281978
-0.475864,50,1476.746023
-0.464076,50,1477.201161
-0.973407,50,1477.675386
-0.432664,50,1478.123753
-0.594817,50,1478.578056
-0.501025,50,1479.038111
-0.716193,50,1479.49201
-0.582701,50,1479.952875
-0.587268,50,1480.535485
-0.836869,50,1481.131457
-0.810672,50,1481.763395
-0.702601,50,1482.378169
-0.553803,50,1483.06042
-0.724228,50,1483.569787
-0.598348,50,1484.022752
-0.735952,50,1484.493148
-1.753867,50,1485.00942
-0.615978,50,1485.467591
-0.500226,50,1485.913418
-0.417552,50,1486.378676
-0.731517,50,1486.838895
-0.459083,50,1487.298716
-0.609444,50,1487.747168
-0.61833,50,1488.213004
-0.318216,50,1488.668298
-0.564845,50,1489.132069
-0.676468,50,1489.613731
-0.790215,50,1490.106782
-0.448037,50,1490.572872
-0.513597,50,1491.027151
-0.467591,50,1491.487107
-0.821096,50,1491.939937
-0.493137,50,1492.410645
-0.365377,50,1492.863482
-0.617955,50,1493.410512
-0.55371,50,1494.01825
-0.754233,50,1494.674432
-0.518856,50,1495.270473
-0.526553,50,1495.95181
-0.826772,50,1496.509661
-0.744021,50,1496.974368
-0.65379,50,1497.426929
-0.945694,50,1497.901272
-0.448189,50,1498.347911
-0.51239,50,1498.814862
-0.676256,50,1499.264758
-0.638097,50,1499.747201
-0.700972,50,1500.208654
-0.474514,50,1500.681251
-0.902641,50,1501.132664
-0.723698,50,1501.593063
-0.349989,50,1502.055376
-0.610033,50,1502.503029
-0.815392,50,1502.965085
-0.607473,50,1503.445124
-0.561335,50,1503.901599
-0.684892,50,1504.352576
-0.637664,50,1504.819253
-0.672915,50,1505.279761
-0.812701,50,1505.731822
-0.820829,50,1506.198013
-0.64076,50,1506.838819
-0.769696,50,1507.461267
-0.844892,50,1508.096977
-1.612485,50,1508.736389
-0.506734,50,1509.384531
-0.441662,50,1509.834933
-0.378047,50,1510.299314
-0.337445,50,1510.762918
-0.476212,50,1511.228255
-0.626084,50,1511.679556
-0.985514,50,1512.140246
-0.724241,50,1512.593699
-0.345275,50,1513.035741
-0.516835,50,1513.491122
-0.868426,50,1513.931685
-0.731656,50,1514.406195
-1.652192,50,1514.867563
-0.617984,50,1515.327942
-0.892849,50,1515.769146
-0.610863,50,1516.259176
-0.762182,50,1516.72224
-0.947708,50,1517.191441
-0.404629,50,1517.669155
-0.50544,50,1518.112853
-0.657381,50,1518.574177
-0.694846,50,1519.022742
-0.591398,50,1519.604899
-0.612534,50,1520.224778
-0.447218,50,1520.8688
-0.393663,50,1521.485772
-0.671772,50,1522.130423
-0.705137,50,1522.701089
-0.459647,50,1523.149346
-0.372098,50,1523.619809
-1.095748,50,1524.074253
-0.809924,50,1524.54117
-1.066264,50,1525.010813
-0.685633,50,1525.458549
-0.819597,50,1525.913008
-0.793836,50,1526.362638
-0.664935,50,1526.826886
-0.627691,50,1527.277243
-0.736743,50,1527.744891
-0.700876,50,1528.193193
-0.747152,50,1528.632977
-0.621725,50,1529.09304
-1.439871,50,1529.552509
-0.581598,50,1530.013828
-0.531292,50,1530.46246
-0.752553,50,1530.92036
-0.55704,50,1531.374481
-0.483267,50,1531.849246
-0.555968,50,1532.304754
-1.904915,50,1532.939722
-0.533607,50,1533.560174
-0.723957,50,1534.202467
-0.505921,50,1534.793847
-0.623116,50,1535.491948
-0.519403,50,1535.936064
-0.798617,50,1536.415191
-0.772994,50,1536.868272
-0.569888,50,1537.32897
-1.339202,50,1537.782755
-0.569771,50,1538.247752
-0.677396,50,1538.703787
-1.541052,50,1539.180989
-0.72296,50,1539.632643
-0.620157,50,1540.123381
-0.550098,50,1540.594009
-0.446637,50,1541.042273
-0.498032,50,1541.501155
-0.748851,50,1541.94611
-0.506808,50,1542.412091
-0.386119,50,1542.861794
-0.676658,50,1543.355971
-1.101242,50,1543.829989
-0.831204,50,1544.291751
-0.6166,50,1544.760007
-0.617465,50,1545.207054
-0.495505,50,1545.772419
-0.60772,50,1546.374207
-0.393312,50,1547.011711
-0.886386,50,1547.615945
-0.754214,50,1548.260924
-0.477314,50,1548.789959
-0.506241,50,1549.241158
-0.555814,50,1549.6957
-1.632517,50,1550.196516
-0.434344,50,1550.668776
-0.744088,50,1551.117094
-0.627466,50,1551.579434
-0.505772,50,1552.041069
-0.379816,50,1552.489967
-0.480785,50,1552.944117
-0.599069,50,1553.390257
-0.385815,50,1553.84989
-0.67324,50,1554.298697
-0.652888,50,1554.749952
-1.304169,50,1555.212725
-0.96048,50,1555.661218
-0.815369,50,1556.123314
-2.090154,50,1556.582615
-0.922344,50,1557.039409
-1.572975,50,1557.506727
-0.542301,50,1557.9799
-0.417779,50,1558.426115
-0.59556,50,1559.081262
-0.600029,50,1559.699831
-0.61946,50,1560.322913
-0.548428,50,1560.91434
-1.949258,50,1561.565241
-0.59535,50,1562.0308
-0.715935,50,1562.495964
-0.626508,50,1562.945185
-1.610007,50,1563.418081
-1.936551,50,1563.876143
-0.489726,50,1564.336331
-0.743474,50,1564.785436
-0.686249,50,1565.248283
-0.791368,50,1565.697418
-1.531635,50,1566.153481
-0.63944,50,1566.611716
-1.200105,50,1567.059817
-1.019061,50,1567.522261
-0.696079,50,1567.977406
-0.774566,50,1568.431413
-0.479365,50,1568.867559
-0.731575,50,1569.314832
-0.535799,50,1569.776892
-0.380867,50,1570.224731
-0.468506,50,1570.687151
-0.459212,50,1571.132046
-0.509805,50,1571.662807
-0.558729,50,1572.2639
-0.416503,50,1572.896883
-0.510882,50,1573.510531
-0.51071,50,1574.150825
-1.1085,50,1574.738771
-0.700695,50,1575.194069
-0.801009,50,1575.665155
-0.521223,50,1576.115877
-0.726584,50,1576.566761
-0.408636,50,1577.031458
-0.373571,50,1577.49192
-0.513518,50,1577.959789
-0.315824,50,1578.403992
-0.633033,50,1578.863181
-0.400492,50,1579.31561
-0.990743,50,1579.77585
-1.064436,50,1580.254234
-0.666354,50,1580.694438
-0.638965,50,1581.158421
-0.523173,50,1581.607904
-0.43647,50,1582.066749
-0.773884,50,1582.51915
-0.904025,50,1582.987982
-0.73596,50,1583.43563
-0.296957,50,1583.876605
-0.670797,50,1584.342153
-0.525336,50,1584.936844
-0.459965,50,1585.536103
-1.227583,50,1586.204347
-0.521807,50,1586.784349
-0.502914,50,1587.466626
-0.467682,50,1587.923062
-0.514266,50,1588.384907
-1.546362,50,1588.842697
-0.619925,50,1589.315952
-0.835482,50,1589.754349
-0.685435,50,1590.201372
-0.798108,50,1590.656797
-0.524489,50,1591.098227
-0.655641,50,1591.556173
-0.76881,50,1591.995898
-0.543009,50,1592.454751
-0.59121,50,1592.890405
-0.555156,50,1593.345859
-0.705095,50,1593.784114
-0.90225,50,1594.240665
-2.047792,50,1594.714518
-0.873798,50,1595.1594
-0.655025,50,1595.618083
-0.997093,50,1596.072076
-0.493571,50,1596.526398
-0.761549,50,1596.97902
-1.35969,50,1597.437114
-0.479241,50,1598.052533
-0.497532,50,1598.664902
-0.842209,50,1599.31134
-0.823388,50,1599.907587
-0.581154,50,1600.564477
-0.581707,50,1601.020595
-0.57442,50,1601.470831
-0.592715,50,1601.930592
-0.484971,50,1602.385891
-0.742039,50,1602.84708
-0.652535,50,1603.312642
-0.655054,50,1603.783414
-0.397104,50,1604.225119
-0.352658,50,1604.67757
-0.566339,50,1605.141465
-1.51087,50,1605.604495
-0.722557,50,1606.063084
-0.737235,50,1606.524156
-1.13985,50,1606.992921
-0.553138,50,1607.442125
-0.331625,50,1607.898665
-0.600332,50,1608.352107
-0.389189,50,1608.79742
-0.539052,50,1609.260515
-0.870181,50,1609.69598
-0.58251,50,1610.184818
-0.563734,50,1610.690942
-0.975747,50,1611.306382
-1.145516,50,1611.931145
-0.57325,50,1612.543814
-0.54957,50,1613.160921
-0.73648,50,1613.756903
-0.399851,50,1614.216028
-0.481344,50,1614.664219
-0.73465,50,1615.111014
-0.523838,50,1615.575054
-0.770845,50,1616.029529
-0.493825,50,1616.511396
-0.462551,50,1616.957058
-0.498691,50,1617.41932
-0.673824,50,1617.865817
-1.401828,50,1618.312581
-1.465965,50,1618.762043
-0.846386,50,1619.219046
-0.618782,50,1619.673983
-0.468833,50,1620.124997
-0.744075,50,1620.587584
-1.377591,50,1621.048068
-0.535645,50,1621.513323
-0.636172,50,1621.962414
-0.654865,50,1622.406674
-0.433129,50,1622.855112
-0.471022,50,1623.299496
-0.739174,50,1623.85345
-0.479597,50,1624.461797
-0.644208,50,1625.109631
-0.644204,50,1625.710762
-0.419,50,1626.342609
-0.571516,50,1626.877917
-0.662902,50,1627.321409
-0.422212,50,1627.770428
-0.772304,50,1628.226385
-0.789163,50,1628.67508
-1.191604,50,1629.142354
-0.295824,50,1629.588023
-0.441266,50,1630.049822
-0.619745,50,1630.502242
-0.262721,50,1630.950546
-0.428958,50,1631.394164
-0.715445,50,1631.847634
-1.866671,50,1632.317892
-0.425433,50,1632.763152
-0.617303,50,1633.223781
-0.348233,50,1633.67417
-0.687145,50,1634.131241
-0.580978,50,1634.581303
-0.603775,50,1635.046431
-0.320093,50,1635.497164
-0.99453,50,1635.946449
-0.65946,50,1636.404136
-0.821123,50,1636.973016
-0.718505,50,1637.58953
-0.730837,50,1638.236601
-0.629604,50,1638.821531
-0.508567,50,1639.503201
-0.331799,50,1639.987756
-0.576327,50,1640.483519
-0.669131,50,1640.934369
-0.860439,50,1641.386889
-0.871124,50,1641.829115
-1.34717,50,1642.288206
-0.561671,50,1642.746271
-0.541185,50,1643.19597
-0.437235,50,1643.659376
-0.40384,50,1644.100839
-0.333146,50,1644.555028
-0.409063,50,1645.002512
-0.345664,50,1645.479372
-0.60385,50,1645.931305
-0.673985,50,1646.37632
-0.470163,50,1646.829766
-0.74897,50,1647.293141
-0.655314,50,1647.760328
-0.884826,50,1648.210473
-0.664261,50,1648.669924
-0.827801,50,1649.112355
-0.684327,50,1649.566037
-0.487725,50,1650.188017
-1.389103,50,1650.815025
-0.575363,50,1651.428664
-0.598668,50,1652.027369
-0.743853,50,1652.673173
-0.450669,50,1653.127165
-0.487937,50,1653.577718
-0.615961,50,1654.033601
-0.469493,50,1654.4861
-0.75374,50,1654.947907
-1.389156,50,1655.416601
-0.631449,50,1655.8799
-0.693542,50,1656.327906
-0.392409,50,1656.77366
-0.536577,50,1657.288746
-0.882568,50,1657.734737
-0.410899,50,1658.19583
-0.654577,50,1658.659627
-0.618273,50,1659.125437
-0.783965,50,1659.569662
-0.658112,50,1660.027131
-0.38681,50,1660.482456
-0.527754,50,1660.95025
-0.508658,50,1661.41712
-0.729126,50,1661.859968
-0.934656,50,1662.319339
-0.695067,50,1662.837016
-2.065528,50,1663.453395
-0.913232,50,1664.065591
-0.889986,50,1664.696681
-0.552223,50,1665.325173
-0.391986,50,1665.905145
-1.035281,50,1666.379348
-1.774211,50,1666.837246
-0.674155,50,1667.298988
-0.811287,50,1667.757812
-0.679396,50,1668.209647
-0.622671,50,1668.663753
-0.506455,50,1669.103011
-0.416198,50,1669.554617
-0.426139,50,1669.996804
-0.650432,50,1670.486429
-0.497314,50,1670.935004
-0.334689,50,1671.380259
-0.414672,50,1671.829848
-0.529987,50,1672.269378
-0.424385,50,1672.728324
-0.470191,50,1673.172588
-0.50001,50,1673.631498
-0.45706,50,1674.064938
-0.815022,50,1674.504009
-0.442582,50,1674.970759
-0.778538,50,1675.430048
-0.694588,50,1675.982687
-1.158269,50,1676.604411
-0.579798,50,1677.244554
-0.533966,50,1677.871176
-1.339478,50,1678.513241
-0.710489,50,1679.047826
-0.7349,50,1679.49509
-0.321154,50,1679.960489
-0.399686,50,1680.410774
-1.72474,50,1680.880411
-0.611699,50,1681.329826
-1.568271,50,1681.795704
-0.61298,50,1682.258728
-0.322906,50,1682.6999
-1.344673,50,1683.17321
-0.80044,50,1683.626828
-0.416745,50,1684.087955
-1.137497,50,1684.557324
-0.282224,50,1685.013603
-0.706561,50,1685.46285
-0.886943,50,1685.907028
-0.770418,50,1686.375892
-0.954809,50,1686.83331
-0.48973,50,1687.293675
-0.554183,50,1687.735747
-0.457545,50,1688.200921
-0.747443,50,1688.653143
-0.371375,50,1689.282341
-0.541861,50,1689.890472
-0.507395,50,1690.511917
-0.35916,50,1691.103212
-0.373082,50,1691.77084
-1.794437,50,1692.242702
-0.51251,50,1692.714231
-0.516049,50,1693.161233
-0.460094,50,1693.631873
-0.5703,50,1694.082211
-0.504994,50,1694.54449
-1.826208,50,1695.006965
-0.782549,50,1695.489518
-0.65696,50,1695.939492
-0.552866,50,1696.400438
-0.44851,50,1696.85757
-1.042017,50,1697.305566
-1.138161,50,1697.76606
-0.466214,50,1698.223834
-0.322022,50,1698.684565
-0.509552,50,1699.137186
-0.424101,50,1699.603466
-0.479971,50,1700.730792
-0.573841,50,1701.188623
-0.305845,50,1701.648804
-0.355765,50,1702.269526
-0.282583,50,1702.885251
-0.31491,50,1703.546965
-0.499018,50,1704.162181
-0.627795,50,1704.833513
-0.532143,50,1705.291029
-0.440933,50,1705.73287
-0.607687,50,1706.191058
-0.518615,50,1706.634322
-0.703882,50,1707.108106
-0.725147,50,1707.551269
-1.370917,50,1708.019601
-0.483291,50,1708.467799
-0.642035,50,1708.93481
-0.619307,50,1709.398473
-0.569227,50,1709.847342
-0.89982,50,1710.302874
-0.415745,50,1710.749104
-0.516454,50,1711.210714
-0.671026,50,1711.651662
-0.531743,50,1712.107912
-0.705057,50,1712.568188
-0.542663,50,1713.018636
-0.584837,50,1713.491223
-0.871313,50,1713.945333
-0.614853,50,1714.405913
-0.40862,50,1714.879853
-0.592368,50,1715.517094
-0.535571,50,1716.140181
-0.547751,50,1716.779517
-0.557396,50,1717.401674
-1.233011,50,1718.001368
-0.358301,50,1718.457951
-0.44934,50,1718.904774
-0.411706,50,1719.347193
-0.790697,50,1719.796561
-0.686134,50,1720.242754
-0.484986,50,1720.70037
-0.557374,50,1721.139755
-0.662319,50,1721.595197
-0.430539,50,1722.041314
-0.413912,50,1722.491563
-0.460915,50,1722.953164
-0.518857,50,1723.410927
-0.398225,50,1723.871641
-0.442766,50,1724.325994
-0.459433,50,1724.778813
-0.731491,50,1725.253878
-0.586371,50,1725.706116
-0.33824,50,1726.153882
-0.492548,50,1726.599751
-0.453074,50,1727.055391
-0.326763,50,1727.496378
-0.473901,50,1728.04875
-0.364974,50,1728.640393
-0.687812,50,1729.284493
-0.629385,50,1729.900009
-0.567177,50,1730.536183
-0.559837,50,1731.128222
-0.652393,50,1731.56665
-0.565325,50,1732.018988
-0.620322,50,1732.467769
-0.53128,50,1732.912334
-0.513569,50,1733.368025
-0.614591,50,1733.80757
-0.531568,50,1734.281737
-0.898421,50,1734.717168
-0.725553,50,1735.190571
-0.596819,50,1735.64057
-0.653292,50,1736.100429
-0.559075,50,1736.542263
-0.383586,50,1736.982955
-0.497142,50,1737.444504
-0.713249,50,1737.920879
-0.406116,50,1738.396352
-0.462075,50,1738.835459
-0.531958,50,1739.306339
-0.385213,50,1739.756334
-0.321789,50,1740.211038
-0.511131,50,1740.645918
-0.468848,50,1741.204123
-0.664045,50,1741.804012
-1.175351,50,1742.440418
-0.773138,50,1743.038029
-1.478487,50,1743.679129
-0.886699,50,1744.212401
-0.724395,50,1744.675972
-0.560595,50,1745.120327
-0.652784,50,1745.594158
-0.580386,50,1746.044821
-0.354206,50,1746.519944
-0.604308,50,1746.957011
-0.509747,50,1747.406906
-1.700418,50,1747.87469
-0.453311,50,1748.3272
-0.589122,50,1748.775364
-0.463222,50,1749.219862
-0.502514,50,1749.681198
-0.725448,50,1750.130334
-0.743184,50,1750.593854
-0.7516,50,1751.052357
-0.458934,50,1751.50905
-0.420733,50,1751.971148
-1.396814,50,1752.428469
-0.487089,50,1752.889889
-0.285186,50,1753.344957
-0.543027,50,1753.800894
-0.561977,50,1754.399158
-0.394789,50,1755.006914
-0.410826,50,1755.636699
-0.513035,50,1756.238362
-1.768289,50,1756.943339
-0.289214,50,1757.390916
-0.429792,50,1757.835972
-0.637086,50,1758.305314
-0.465095,50,1758.750168
-0.379104,50,1759.211357
-0.365826,50,1759.652937
-0.786057,50,1760.111803
-0.856686,50,1760.552869
-0.43635,50,1761.047244
-0.735267,50,1761.494894
-0.896983,50,1761.942169
-0.754332,50,1762.413267
-1.704531,50,1762.868221
-0.485829,50,1763.330975
-0.368862,50,1763.775267
-0.438208,50,1764.243076
-0.645951,50,1764.68475
-0.600066,50,1765.137423
-0.375305,50,1765.597815
-0.524798,50,1766.053345
-0.4612,50,1766.512534
-0.554764,50,1766.97452
-1.049573,50,1767.624204
-1.056367,50,1768.257375
-0.612948,50,1768.875022
-0.737711,50,1769.510079
-0.908145,50,1770.104336
-0.68913,50,1770.565197
-0.8613,50,1771.006089
-1.881152,50,1771.487519
-1.601276,50,1771.94096
-0.467986,50,1772.39413
-0.484153,50,1772.847771
-1.837099,50,1773.312452
-0.448946,50,1773.766326
-0.719309,50,1774.222845
-0.618139,50,1774.689781
-0.591224,50,1775.131852
-1.310372,50,1775.597469
-0.523848,50,1776.035524
-0.355034,50,1776.481723
-0.52619,50,1776.941581
-0.823846,50,1777.400197
-1.598999,50,1777.850617
-1.520001,50,1778.306416
-0.425373,50,1778.762257
-0.608054,50,1779.224009
-0.569518,50,1779.680331
-0.635222,50,1780.244238
-0.467386,50,1780.854411
-0.382679,50,1781.474939
-0.673627,50,1782.073002
-0.518739,50,1782.701726
-0.51376,50,1783.277617
-0.433607,50,1783.720757
-0.614833,50,1784.185713
-0.662362,50,1784.635372
-0.569222,50,1785.133524
-0.688055,50,1785.57601
-0.500824,50,1786.029269
-1.449465,50,1786.485068
-2.284066,50,1786.932369
-0.805935,50,1787.395912
-0.623412,50,1787.841816
-0.59521,50,1788.296961
-0.427578,50,1788.738147
-0.603093,50,1789.191483
-1.748472,50,1789.649453
-0.428206,50,1790.096246
-0.535544,50,1790.565872
-0.577604,50,1791.042469
-0.43677,50,1791.503917
-0.390386,50,1791.940016
-0.397182,50,1792.405071
-0.304895,50,1792.856135
-0.40041,50,1793.456572
-0.489705,50,1794.051801
-0.523214,50,1794.700645
-0.570184,50,1795.314908
-0.61612,50,1795.978661
-0.417022,50,1796.458184
-0.521488,50,1796.901134
-0.470788,50,1797.343054
-0.540613,50,1797.795157
-1.936768,50,1798.256478
-0.903432,50,1798.715795
-0.702673,50,1799.16095
-0.569848,50,1799.62774
-0.620695,50,1800.069778
-0.409323,50,1800.527097
-0.697966,50,1800.979968
-0.691454,50,1801.428046
-0.356968,50,1801.884397
-0.631793,50,1802.337838
-1.999831,50,1802.806346
-0.694389,50,1803.264456
-0.485431,50,1803.714942
-0.366722,50,1804.160749
-0.639525,50,1804.611326
-0.310039,50,1805.065076
-0.459839,50,1805.51879
-0.452028,50,1805.977903
-0.652501,50,1806.592854
-0.9498,50,1807.215427
-0.354336,50,1807.832766
-0.433768,50,1808.445703
-0.455198,50,1809.106391
-0.546263,50,1809.558669
-0.809311,50,1810.010716
-0.503128,50,1810.460232
-0.446705,50,1810.902442
-0.789137,50,1811.358321
-0.572701,50,1811.797079
-0.496668,50,1812.256168
-0.310891,50,1812.713094
-0.465204,50,1813.182563
-0.873806,50,1813.645075
-0.799181,50,1814.095562
-1.858809,50,1814.569451
-0.300816,50,1815.014031
-0.439937,50,1815.480837
-0.628531,50,1815.936281
-1.359801,50,1816.406138
-0.628918,50,1816.850011
-0.631227,50,1817.319469
-1.132769,50,1817.774513
-0.46262,50,1818.21564
-0.368764,50,1818.716153
-0.566337,50,1819.242628
-0.57424,50,1819.882584
-0.470307,50,1820.512805
-0.70344,50,1821.123668
-0.652922,50,1821.75182
-0.646094,50,1822.353264
-0.550947,50,1822.806684
-0.625284,50,1823.257618
-0.558971,50,1823.719881
-0.841395,50,1824.167509
-0.627218,50,1824.628221
-0.264927,50,1825.07383
-0.317106,50,1825.518845
-0.494307,50,1825.977791
-0.955717,50,1826.43538
-1.347861,50,1826.907216
-0.290384,50,1827.355412
-0.713667,50,1827.825419
-0.66482,50,1828.26987
-0.416015,50,1828.722005
-0.444795,50,1829.15852
-0.407955,50,1829.612354
-0.481972,50,1830.059846
-0.431589,50,1830.504254
-1.476672,50,1830.970054
-0.843619,50,1831.413548
-0.517196,50,1831.858781
-0.401046,50,1832.369472
-0.539159,50,1832.991354
-0.62511,50,1833.626917
-0.539292,50,1834.230209
-0.628706,50,1834.861381
-0.534596,50,1835.431506
-0.557001,50,1835.878983
-0.311789,50,1836.33993
-0.608223,50,1836.783679
-0.449124,50,1837.24294
-0.595451,50,1837.687532
-0.555506,50,1838.144906
-0.442125,50,1838.594599
-0.525182,50,1839.034814
-0.534629,50,1839.520624
-0.400923,50,1839.968957
-0.537268,50,1840.429154
-0.423012,50,1840.881283
-0.423142,50,1841.345215
-0.558947,50,1841.793964
-0.590043,50,1842.253576
-0.578204,50,1842.709411
-0.530115,50,1843.175503
-0.534415,50,1843.648684
-0.460487,50,1844.092
-0.541842,50,1844.546962
-0.59257,50,1844.990255
-1.757082,50,1845.614499
-0.827921,50,1846.224449
-0.552651,50,1846.873438
-1.700798,50,1847.522207
-0.396568,50,1848.176974
-0.335264,50,1848.667877
-1.872119,50,1849.126411
-0.63922,50,1849.604418
-0.526413,50,1850.050204
-0.463341,50,1850.499192
-0.65242,50,1850.954397
-0.435251,50,1851.441092
-0.514991,50,1851.898273
-0.515074,50,1852.346465
-0.557879,50,1852.804737
-0.57463,50,1853.252244
-0.622681,50,1853.711623
-0.833959,50,1854.154337
-0.656822,50,1854.598531
-0.691665,50,1855.066411
-0.383166,50,1855.512081
-0.695708,50,1855.969806
-0.812183,50,1856.41988
-0.703023,50,1856.878052
-0.394515,50,1857.331624
-0.624792,50,1857.797657
-0.398024,50,1858.256021
-0.592427,50,1858.90712
-0.681625,50,1859.533306
-0.55079,50,1860.156762
-0.550113,50,1860.758858
-0.67913,50,1861.414134
-0.472436,50,1861.854917
-0.604496,50,1862.316617
-0.344984,50,1862.76968
-0.484652,50,1863.238346
-0.58146,50,1863.688186
-0.871137,50,1864.141148
-0.786572,50,1864.590159
-0.436939,50,1865.036781
-0.586131,50,1865.50035
-0.658179,50,1865.937794
-0.585652,50,1866.394586
-0.931252,50,1866.85027
-0.514026,50,1867.304576
-0.416096,50,1867.753095
-0.513139,50,1868.199115
-0.511828,50,1868.666087
-0.314902,50,1869.113229
-1.868653,50,1869.595227
-0.701246,50,1870.039204
-0.695341,50,1870.506
-1.782039,50,1870.967356
-0.451201,50,1871.515752
-0.601293,50,1872.131619
-0.486901,50,1872.768029
-0.536318,50,1873.368417
-0.226373,50,1873.982388
-0.425041,50,1874.572918
-0.686537,50,1875.021212
-0.366044,50,1875.469261
-0.437097,50,1875.928808
-0.452793,50,1876.372789
-0.625434,50,1876.835765
-0.614527,50,1877.280905
-0.717463,50,1877.730986
-0.735639,50,1878.167728
-0.494041,50,1878.627265
-1.327571,50,1879.08669
-0.498529,50,1879.532905
-0.363049,50,1879.994993
-0.319202,50,1880.449772
-0.592529,50,1880.916163
-0.574665,50,1881.389548
-0.496909,50,1881.856541
-0.571925,50,1882.316927
-0.515639,50,1882.754895
-0.446235,50,1883.223737
-0.537564,50,1883.670532
-0.344853,50,1884.12604
-0.385956,50,1884.680322
-0.579136,50,1885.297424
-0.524744,50,1885.917505
-0.465251,50,1886.521654
-0.606021,50,1887.164695
-0.595847,50,1887.695135
-0.581277,50,1888.144929
-0.646555,50,1888.591762
-1.162886,50,1889.04409
-0.76017,50,1889.503909
-0.586687,50,1889.955496
-0.314675,50,1890.413782
-1.416797,50,1890.871611
-0.401648,50,1891.337881
-0.492565,50,1891.782491
-0.677089,50,1892.241175
-0.471931,50,1892.689322
-1.166586,50,1893.145651
-0.422729,50,1893.606137
-0.469611,50,1894.064989
-0.754104,50,1894.522109
-0.556432,50,1894.968776
-0.256876,50,1895.419665
-0.423272,50,1895.863548
-0.478613,50,1896.312425
-0.770628,50,1896.771661
-0.920181,50,1897.222918
-0.428028,50,1897.811733
-0.671065,50,1898.404502
-0.556525,50,1899.033108
-0.673509,50,1899.667987
-0.658091,50,1900.357042
-0.396959,50,1900.852228
-0.452404,50,1901.308601
-0.376784,50,1901.756762
-0.524053,50,1902.225187
-0.431888,50,1902.692973
-0.496463,50,1903.152831
-0.542978,50,1903.609688
-0.589222,50,1904.072774
-1.187281,50,1904.529148
-0.749582,50,1904.986121
-0.463862,50,1905.448315
-0.447489,50,1905.909087
-0.590044,50,1906.353718
-0.713631,50,1906.804889
-0.681825,50,1907.257808
-0.575273,50,1907.701805
-0.768012,50,1908.155969
-0.519447,50,1908.601907
-0.463508,50,1909.057032
-0.662586,50,1909.505044
-0.83156,50,1909.965629
-0.48877,50,1910.412285
-0.777578,50,1911.030869
-0.424817,50,1911.665661
-0.508015,50,1912.307227
-0.438473,50,1912.891376
-0.539287,50,1913.583102
-0.532265,50,1914.033355
-1.809293,50,1914.513468
-0.812712,50,1914.955638
-0.549335,50,1915.416116
-0.552869,50,1915.866276
-0.440145,50,1916.326261
-0.712707,50,1916.771824
-0.52658,50,1917.216201
-0.641119,50,1917.693855
-0.575939,50,1918.136793
-0.3328,50,1918.599988
-0.322315,50,1919.0534
-0.42978,50,1919.515974
-1.371451,50,1919.960597
-0.841859,50,1920.438986
-0.664324,50,1920.882551
-0.569543,50,1921.334448
-0.460462,50,1921.782343
-0.276885,50,1922.222775
-0.563322,50,1922.683052
-0.615167,50,1923.127045
-0.592307,50,1923.596406
-0.562831,50,1924.224444
-0.932089,50,1924.85772
-0.531672,50,1925.48202
-0.46788,50,1926.104152
-0.629784,50,1926.71389
-0.322364,50,1927.151221
-0.460743,50,1927.599245
-0.666222,50,1928.05226
-1.912191,50,1928.491395
-1.762786,50,1928.960838
-0.556224,50,1929.408703
-0.390142,50,1929.864006
-0.68213,50,1930.315829
-0.539472,50,1930.770537
-0.67142,50,1931.225374
-0.489916,50,1931.674113
-0.46023,50,1932.133776
-1.306115,50,1932.595951
-0.518357,50,1933.073107
-0.407164,50,1933.520055
-0.590235,50,1933.97776
-0.410051,50,1934.419383
-0.590036,50,1934.861217
-0.549143,50,1935.328789
-0.412938,50,1935.775344
-0.35535,50,1936.233686
-0.48792,50,1936.752676
-0.704197,50,1937.374449
-0.500738,50,1937.996437
-0.659859,50,1938.614465
-0.32544,50,1939.261447
-0.502985,50,1939.825962
-0.385111,50,1940.280406
-0.697904,50,1940.714853
-0.606411,50,1941.170177
-0.652338,50,1941.652346
-0.55963,50,1942.100264
-0.772203,50,1942.567789
-0.736636,50,1943.008443
-0.598979,50,1943.462248
-0.544063,50,1943.902835
-0.594256,50,1944.380176
-0.485081,50,1945.479907
-0.646813,50,1945.92756
-0.341365,50,1946.386761
-0.709419,50,1946.836407
-0.720828,50,1947.296189
-0.472404,50,1947.759412
-0.561302,50,1948.217844
-0.602168,50,1948.665021
-0.600192,50,1949.113422
-0.414085,50,1949.569057
-0.70489,50,1950.175806
-0.548114,50,1950.775421
-0.8363,50,1951.388475
-0.760329,50,1951.979568
-0.779651,50,1952.66965
-0.583228,50,1953.111825
-0.542479,50,1953.558774
-0.317854,50,1954.013848
-0.428698,50,1954.462851
-0.285798,50,1954.912821
-0.503826,50,1955.367602
-0.755967,50,1955.827936
-0.516776,50,1956.275907
-0.719624,50,1956.718972
-0.318933,50,1957.17427
-0.561446,50,1957.615717
-0.471533,50,1958.083542
-0.544668,50,1958.530082
-0.613738,50,1958.994882
-0.482103,50,1959.444652
-0.63594,50,1959.908974
-1.353983,50,1960.357279
-0.755259,50,1960.802601
-0.683965,50,1961.283171
-1.628647,50,1961.733285
-0.611411,50,1962.201282
-0.45793,50,1962.661052
-0.696149,50,1963.303841
-0.558382,50,1963.91446
-2.169357,50,1964.550201
-0.67953,50,1965.178311
-0.567786,50,1965.795795
-0.524225,50,1966.264451
-0.654712,50,1966.702196
-0.614762,50,1967.14802
-0.380539,50,1967.6018
-0.606907,50,1968.034056
-0.476261,50,1968.487921
-0.631977,50,1968.931323
-0.482271,50,1969.394032
-0.927298,50,1969.845301
-1.506445,50,1970.321596
-0.664933,50,1970.770087
-0.537769,50,1971.221395
-0.456947,50,1971.680655
-0.577622,50,1972.159138
-0.487519,50,1972.622828
-0.647216,50,1973.064331
-0.85925,50,1973.526028
-0.555821,50,1973.977378
-0.452176,50,1974.442174
-0.551268,50,1974.881621
-0.513495,50,1975.332009
-0.467497,50,1975.851536
-0.646866,50,1976.459192
-0.572382,50,1977.082258
-1.796176,50,1977.728266
-0.47831,50,1978.343768
-0.650855,50,1978.921906
-0.407853,50,1979.376188
-0.329953,50,1979.833262
-0.62582,50,1980.288164
-0.586378,50,1980.781069
-0.487898,50,1981.248285
-0.265968,50,1981.688154
-0.380038,50,1982.14277
-0.521169,50,1982.599181
-0.623385,50,1983.054048
-1.983649,50,1983.512131
-0.465269,50,1983.969349
-0.286091,50,1984.429034
-0.578901,50,1984.88426
-0.590487,50,1985.338627
-0.582608,50,1985.77902
-0.445148,50,1986.24385
-0.436244,50,1986.684322
-0.912538,50,1987.143031
-1.010964,50,1987.593264
-0.677002,50,1988.045148
-0.459091,50,1988.499779
-0.418592,50,1989.062952
-1.509547,50,1989.677134
-0.488939,50,1990.314141
-0.388987,50,1990.900224
-0.493107,50,1991.547512
-0.514904,50,1992.081244
-0.429826,50,1992.537181
-0.458076,50,1992.988962
-0.773747,50,1993.441983
-0.624226,50,1993.890989
-0.427813,50,1994.355914
-0.544401,50,1994.788837
-0.379378,50,1995.244642
-0.424134,50,1995.67975
-0.466225,50,1996.121081
-0.546116,50,1996.571687
-0.449393,50,1997.013079
-0.722134,50,1997.471317
-0.588528,50,1997.916823
-0.571461,50,1998.385737
-1.69041,50,1998.834602
-0.59968,50,1999.28576
-0.583708,50,1999.744012
-0.4329,50,2000.187992
-0.370109,50,2000.640327
-1.666219,50,2001.10847
-0.364852,50,2001.56569
-0.669775,50,2002.161579
-0.505439,50,2002.76547
-0.581722,50,2003.39759
-0.55838,50,2004.021893
-0.619633,50,2004.681327
-0.636877,50,2005.192684
-0.866913,50,2005.642219
-0.451414,50,2006.102353
-0.600472,50,2006.547278
-0.64882,50,2007.003127
-0.630995,50,2007.447259
-0.721891,50,2007.903402
-0.380263,50,2008.348704
-0.499937,50,2008.799968
-0.262613,50,2009.251003
-0.542667,50,2009.687867
-0.618879,50,2010.140745
-0.457856,50,2010.59728
-0.490001,50,2011.054008
-0.592416,50,2011.51495
-0.50962,50,2011.969674
-0.324841,50,2012.412086
-0.616052,50,2012.852248
-0.712524,50,2013.322128
-0.498666,50,2013.768584
-0.559997,50,2014.263692
-0.324858,50,2014.720728
-1.641289,50,2015.356154
-0.440806,50,2015.950297
-0.457183,50,2016.589938
-0.420165,50,2017.184007
-0.469261,50,2017.857803
-0.478765,50,2018.320173
-0.704671,50,2018.764261
-0.77944,50,2019.222631
-0.618776,50,2019.67956
-0.722964,50,2020.114702
-1.636875,50,2020.581321
-1.7894,50,2021.034137
-0.461069,50,2021.495467
-0.524422,50,2021.946334
-0.489035,50,2022.407345
-0.674729,50,2022.850646
-0.545743,50,2023.317151
-0.401917,50,2023.767354
-1.381666,50,2024.226308
-0.639783,50,2024.685259
-0.577582,50,2025.130173
-0.488266,50,2025.5937
-0.413847,50,2026.054381
-0.491621,50,2026.516005
-0.553267,50,2026.955983
-0.452588,50,2027.409366
-0.410965,50,2027.853415
-0.639455,50,2028.481125
-0.68057,50,2029.097829
-0.758316,50,2029.71052
-0.654554,50,2030.3019
-0.484949,50,2030.944693
-0.348086,50,2031.389942
-0.435521,50,2031.8432
-0.519765,50,2032.318688
-0.533374,50,2032.773155
-0.773409,50,2033.221912
-1.230303,50,2033.68049
-0.953613,50,2034.13473
-0.814401,50,2034.584395
-0.491277,50,2035.041194
-0.41901,50,2035.496668
-0.637281,50,2035.962718
-0.467895,50,2036.406816
-0.375583,50,2036.866504
-0.385761,50,2037.315739
-0.484454,50,2037.764933
-0.526147,50,2038.228906
-0.54856,50,2038.676654
-0.364424,50,2039.139027
-0.490894,50,2039.587249
-0.350325,50,2040.041673
-0.426263,50,2040.495379
-0.474341,50,2040.983713
-0.742294,50,2041.594833
-0.5567,50,2042.229225
-0.448358,50,2042.832527
-0.632346,50,2043.463595
-0.643689,50,2044.072099
-1.555113,50,2044.543556
-0.850407,50,2044.991732
-0.607307,50,2045.446944
-0.420801,50,2045.883076
-0.413592,50,2046.349304
-0.476712,50,2046.796686
-0.42591,50,2047.252315
-0.498299,50,2047.701627
-0.566837,50,2048.154949
-0.318856,50,2048.610164
-0.540371,50,2049.066441
-0.473181,50,2049.531257
-0.625607,50,2049.987905
-0.667471,50,2050.454206
-0.538088,50,2050.915427
-0.58724,50,2051.368976
-1.86817,50,2051.83963
-0.744776,50,2052.296949
-0.376733,50,2052.758092
-0.454045,50,2053.206845
-0.727485,50,2053.664941
-0.52533,50,2054.232196
-0.325324,50,2054.827851
-0.464602,50,2055.448432
-0.474831,50,2056.052542
-0.525622,50,2056.700885
-0.391162,50,2057.23682
-1.355865,50,2057.691598
-0.681993,50,2058.144082
-0.541832,50,2058.595876
-0.6731,50,2059.054854
-0.370164,50,2059.502862
-0.531456,50,2059.962992
-0.69374,50,2060.428462
-0.509834,50,2060.885319
-0.562644,50,2061.348933
-0.336371,50,2061.797542
-0.566396,50,2062.323533
-0.432367,50,2062.782046
-0.608545,50,2063.235314
-0.552777,50,2063.680225
-0.723766,50,2064.145779
-0.533184,50,2064.597746
-0.42699,50,2065.048159
-0.677645,50,2065.487696
-0.489453,50,2065.926933
-0.432257,50,2066.385661
-0.633252,50,2066.840172
-0.608268,50,2067.486706
-0.876803,50,2068.151733
-0.457906,50,2068.767745
-0.778458,50,2069.371769
-1.094151,50,2070.027369
-0.657268,50,2070.482238
-0.430255,50,2070.920848
-0.28006,50,2071.382015
-0.669527,50,2071.838252
-0.394839,50,2072.298989
-0.477121,50,2072.737034
-0.492479,50,2073.173121
-0.564673,50,2073.6361
-0.724298,50,2074.085776
-0.457434,50,2074.536782
-0.592713,50,2074.976402
-0.638132,50,2075.446388
-0.458168,50,2075.923358
-0.810023,50,2076.374419
-0.409247,50,2076.8531
-0.609917,50,2077.302103
-0.705989,50,2077.760097
-0.611922,50,2078.238068
-0.45764,50,2078.697133
-0.479942,50,2079.132155
-0.463999,50,2079.592096
-0.400776,50,2080.036052
-0.565965,50,2080.692695
-0.55435,50,2081.313632
-0.390414,50,2081.941474
-0.556493,50,2082.554377
-0.370611,50,2083.197393
-0.488872,50,2083.641884
-0.578138,50,2084.102106
-0.487712,50,2084.550008
-0.425342,50,2085.005184
-0.507267,50,2085.457629
-0.667079,50,2085.93568
-0.645617,50,2086.382651
-0.740096,50,2086.825641
-0.609464,50,2087.284941
-0.29964,50,2087.73325
-0.717783,50,2088.200818
-0.678718,50,2088.6449
-0.527003,50,2089.098869
-0.747777,50,2089.552893
-0.5034,50,2090.01256
-1.228231,50,2090.4749
-0.231675,50,2091.053949
-0.860417,50,2091.52036
-0.621618,50,2091.963546
-0.461864,50,2092.443456
-0.664151,50,2092.8818
-0.469163,50,2093.463957
-0.622095,50,2094.058341
-0.554765,50,2094.690944
-0.824647,50,2095.298943
-0.953509,50,2095.925127
-0.600187,50,2096.446946
-0.509836,50,2096.892934
-0.338279,50,2097.33916
-0.876404,50,2097.805764
-0.554871,50,2098.249704
-0.615425,50,2098.698259
-0.521807,50,2099.145175
-0.491186,50,2099.612111
-0.433009,50,2100.060005
-0.466967,50,2100.527366
-0.508753,50,2100.972787
-0.458471,50,2101.420926
-0.884881,50,2101.881747
-0.691789,50,2102.324251
-0.535771,50,2102.775474
-1.54344,50,2103.237553
-0.611327,50,2103.690991
-0.656401,50,2104.137001
-0.627838,50,2104.590394
-0.891848,50,2105.050507
-0.577384,50,2105.507868
-0.841596,50,2105.966231
-0.758003,50,2106.555625
-0.39377,50,2107.164441
-0.633856,50,2107.801761
-0.85163,50,2108.41889
-0.507177,50,2109.095495
-0.335292,50,2109.562917
-0.544332,50,2110.029274
-0.418442,50,2110.467121
-0.677963,50,2110.90739
-0.530726,50,2111.36564
-0.456154,50,2111.807097
-0.522656,50,2112.275985
-0.485627,50,2112.730943
-0.690011,50,2113.197329
-0.759238,50,2113.65464
-0.526897,50,2114.117994
-0.709858,50,2114.555274
-0.511276,50,2115.001182
-0.736008,50,2115.47228
-0.778116,50,2115.906019
-1.727928,50,2116.390487
-0.591971,50,2116.83385
-0.446159,50,2117.298927
-0.589395,50,2117.739674
-0.454232,50,2118.201048
-0.511612,50,2118.652775
-0.556204,50,2119.103712
-0.78326,50,2119.74367
-0.709633,50,2120.381216
-0.443524,50,2120.998997
-0.473138,50,2121.615382
-0.492333,50,2122.231647
-0.888414,50,2122.722074
-0.519474,50,2123.181365
-0.410855,50,2123.643315
-0.44046,50,2124.097987
-0.81784,50,2124.559186
-0.567337,50,2125.001668
-0.569749,50,2125.450221
-0.421311,50,2125.90501
-0.293823,50,2126.356396
-0.4955,50,2126.818735
-0.561904,50,2127.265101
-0.496808,50,2127.72505
-1.95816,50,2128.192297
-0.645054,50,2128.6601
-0.700142,50,2129.11012
-0.602858,50,2129.575176
-0.563086,50,2130.0356
-0.890273,50,2130.511563
-0.782288,50,2130.970663
-0.922297,50,2131.426204
-0.628707,50,2131.879279
-0.594516,50,2132.439189
-0.88318,50,2133.067639
-0.491009,50,2133.68597
-0.277736,50,2134.290532
-0.408953,50,2134.945897
-0.211354,50,2135.459574
-0.429978,50,2135.909612
-0.580242,50,2136.363835
-0.367382,50,2136.801841
-0.523802,50,2137.262788
-0.290355,50,2137.697841
-0.300496,50,2138.159055
-0.548888,50,2138.611846
-0.561046,50,2139.072002
-0.593742,50,2139.522715
-0.565969,50,2139.973973
-0.604855,50,2140.431989
-0.324835,50,2140.869507
-0.551067,50,2141.342854
-0.607047,50,2141.7834
-0.596791,50,2142.256375
-0.613685,50,2142.710646
-0.527337,50,2143.16862
-0.611684,50,2143.634727
-0.663184,50,2144.097102
-0.509633,50,2144.556461
-0.62139,50,2144.992137
-1.379287,50,2145.601259
-0.738099,50,2146.215943
-0.531729,50,2146.855403
-0.707786,50,2147.464319
-1.340166,50,2148.153478
-1.936478,50,2148.630249
-0.644792,50,2149.076033
-0.656074,50,2149.534418
-0.554865,50,2149.977696
-0.750303,50,2150.431351
-0.719859,50,2150.883937
-0.566146,50,2151.334726
-0.706114,50,2151.790053
-0.55689,50,2152.243023
-0.531123,50,2152.738099
-0.497119,50,2153.188453
-0.613399,50,2153.631531
-0.581933,50,2154.069901
-0.416659,50,2154.508758
-0.390006,50,2154.958573
-0.700689,50,2155.407048
-1.436317,50,2155.8784
-0.597602,50,2156.327907
-0.453948,50,2156.778624
-0.375372,50,2157.219325
-0.613705,50,2157.65998
-0.644292,50,2158.114399
-0.587842,50,2158.735441
-0.526919,50,2159.34184
-0.579763,50,2159.970823
-0.648797,50,2160.558149
-0.519519,50,2161.216034
-0.639979,50,2161.652457
-0.395667,50,2162.104758
-0.560334,50,2162.54483
-0.361259,50,2162.994326
-0.49403,50,2163.45104
-0.738713,50,2163.912362
-0.384349,50,2164.367216
-0.354295,50,2164.803435
-0.487325,50,2165.273366
-2.124017,50,2165.733354
-0.515616,50,2166.194178
-0.461121,50,2166.633993
-0.420324,50,2167.06864
-0.583338,50,2167.52927
-0.74387,50,2167.966919
-0.577521,50,2168.434987
-0.500638,50,2168.874439
-0.382288,50,2169.336299
-0.350561,50,2169.770399
-0.827688,50,2170.242726
-0.703175,50,2170.674566
-1.194734,50,2171.127095
-0.588383,50,2171.760308
-0.744212,50,2172.380558
-0.698696,50,2172.998229
-0.441856,50,2173.618259
-0.620178,50,2174.2484
-0.992264,50,2174.696253
-0.744001,50,2175.135028
-0.649961,50,2175.604491
-0.483007,50,2176.055951
-0.52813,50,2176.498723
-0.530085,50,2176.943118
-0.633829,50,2177.387105
-0.885617,50,2177.837797
-0.517607,50,2178.287063
-1.431407,50,2178.755166
-0.526724,50,2179.203486
-0.480004,50,2179.660855
-0.501792,50,2180.106842
-0.714448,50,2180.550701
-0.390968,50,2181.01189
-0.571588,50,2181.464499
-0.533272,50,2181.920461
-0.459288,50,2182.362139
-0.600423,50,2182.859105
-0.653569,50,2183.305376
-1.489089,50,2183.752927
-0.840204,50,2184.231774
-0.468959,50,2184.8681
-0.384762,50,2185.478832
-0.510498,50,2186.092954
-0.410784,50,2186.696555
-0.355192,50,2187.32653
-0.44751,50,2187.78358
-0.509766,50,2188.242892
-0.454942,50,2188.684806
-0.400383,50,2189.78376
-0.558424,50,2190.242807
-0.468561,50,2190.68487
-0.311499,50,2191.135132
-0.49906,50,2191.580376
-1.829547,50,2192.03751
-0.820192,50,2192.507377
-1.051152,50,2192.957004
-0.552538,50,2193.415388
-0.536141,50,2193.858763
-0.629312,50,2194.325206
-0.912603,50,2194.766188
-0.529399,50,2195.225848
-1.209209,50,2195.685528
-0.554446,50,2196.131991
-0.664496,50,2196.601326
-0.510777,50,2197.044632
-0.568108,50,2197.634079
-0.529668,50,2198.22739
-0.403309,50,2198.855992
-0.391397,50,2199.45382
-0.271783,50,2200.087097
-0.371234,50,2200.577255
-1.186107,50,2201.028501
-0.611594,50,2201.492666
-1.007013,50,2201.955978
-0.552551,50,2202.390731
-0.612644,50,2202.841841
-0.391197,50,2203.302313
-0.405521,50,2203.756233
-0.67724,50,2204.207001
-0.418104,50,2204.662409
-0.550095,50,2205.112046
-0.379544,50,2205.562946
-0.531728,50,2206.019523
-0.439978,50,2206.490411
-0.628464,50,2206.960588
-0.618648,50,2207.410612
-0.505282,50,2207.860029
-0.262542,50,2208.29862
-0.452852,50,2208.763112
-0.62586,50,2209.20221
-0.586577,50,2209.641706
-1.215522,50,2210.088988
-0.561008,50,2210.695583
-0.539031,50,2211.293179
-0.569394,50,2211.913837
-0.701976,50,2212.50285
-0.441312,50,2213.218383
-0.358825,50,2213.668983
-0.309702,50,2214.125821
-0.353082,50,2214.571823
-0.543278,50,2215.018139
-0.462852,50,2215.472341
-0.672154,50,2215.9179
-0.683771,50,2216.366909
-0.825476,50,2216.809883
-0.886703,50,2217.2772
-0.537317,50,2217.712884
-0.890605,50,2218.164051
-0.50442,50,2218.623908
-0.579533,50,2219.066154
-0.557947,50,2219.522907
-0.36091,50,2219.966342
-0.501108,50,2220.427649
-0.323313,50,2220.869899
-0.543624,50,2221.329612
-0.787352,50,2221.767167
-0.840255,50,2222.216974
-0.652046,50,2222.670416
-0.682885,50,2223.118851
-1.472147,50,2223.759225
-0.551332,50,2224.3591
-0.362301,50,2224.994549
-0.385451,50,2225.58602
-0.545658,50,2226.253248
-0.605381,50,2226.720042
-0.501735,50,2227.160365
-0.57461,50,2227.612224
-0.835721,50,2228.046354
-0.75626,50,2228.503974
-0.421377,50,2228.966238
-0.792253,50,2229.420195
-0.504105,50,2229.871863
-0.397693,50,2230.317976
-0.695661,50,2230.772154
-0.603219,50,2231.218388
-0.709626,50,2231.66278
-0.572831,50,2232.124969
-0.493883,50,2232.579007
-0.514326,50,2233.030775
-0.444737,50,2233.472147
-0.684427,50,2233.934132
-0.800892,50,2234.378801
-0.659536,50,2234.837426
-0.353471,50,2235.279694
-0.700263,50,2235.738313
-0.643558,50,2236.2053
-0.920082,50,2236.834385
-0.41789,50,2237.447744
-0.41141,50,2238.065443
-0.488734,50,2238.661704
-0.599952,50,2239.324829
-0.573074,50,2239.775139
-0.460892,50,2240.255667
-0.402157,50,2240.69291
-0.670943,50,2241.152911
-0.632174,50,2241.59014
-0.634593,50,2242.036309
-0.667576,50,2242.487976
-0.699255,50,2242.931849
-0.488841,50,2243.413319
-0.483305,50,2243.865775
-1.700242,50,2244.34159
-0.441101,50,2244.785094
-0.526458,50,2245.243188
-0.62188,50,2245.702035
-0.418318,50,2246.144428
-0.371332,50,2246.59784
-1.658933,50,2247.056411
-0.521703,50,2247.528885
-0.546241,50,2247.97756
-0.601579,50,2248.429067
-0.378894,50,2248.867766
-0.532371,50,2249.330113
-0.347421,50,2249.971572
-0.516024,50,2250.591872
-0.597353,50,2251.196749
-0.98556,50,2251.844752
-0.479245,50,2252.429503
-0.512096,50,2252.894416
-0.438684,50,2253.331027
-0.69988,50,2253.782516
-0.458741,50,2254.228922
-0.355407,50,2254.676672
-0.641801,50,2255.119586
-0.541263,50,2255.569232
-1.78137,50,2256.032005
-0.415839,50,2256.468792
-0.72451,50,2256.926434
-0.635663,50,2257.369816
-0.777643,50,2257.82215
-0.667856,50,2258.265188
-0.617619,50,2258.698175
-0.378854,50,2259.163464
-0.524137,50,2259.607943
-0.467554,50,2260.063002
-0.369981,50,2260.500904
-1.043636,50,2260.971354
-0.471642,50,2261.414227
-0.432682,50,2261.86573
-1.023351,50,2262.364296
-0.430406,50,2262.993652
-1.395053,50,2263.632872
-0.600745,50,2264.254526
-0.735937,50,2264.872524
-0.591802,50,2265.480278
-0.581434,50,2265.929171
-0.4886,50,2266.408894
-0.524047,50,2266.85393
-0.529541,50,2267.308896
-0.610058,50,2267.747957
-0.386063,50,2268.204388
-0.877324,50,2268.65382
-0.945804,50,2269.102121
-0.546176,50,2269.561938
-0.576119,50,2270.006133
-0.763927,50,2270.465908
-0.626814,50,2270.908361
-0.42583,50,2271.368898
-0.447539,50,2271.803872
-0.636393,50,2272.249695
-0.248687,50,2272.700328
-0.527452,50,2273.147304
-0.287381,50,2273.627001
-0.416184,50,2274.072676
-0.259783,50,2274.536045
-0.651804,50,2274.979923
-0.654722,50,2275.50004
-0.424555,50,2276.101294
-0.740003,50,2276.743996
-0.848408,50,2277.357014
-0.622009,50,2277.980723
-0.371909,50,2278.545309
-0.376631,50,2279.006613
-0.487904,50,2279.451058
-0.620761,50,2279.901625
-0.542429,50,2280.337905
-0.567126,50,2280.790374
-0.911668,50,2281.253226
-0.617671,50,2281.708346
-1.850597,50,2282.173832
-0.926903,50,2282.621795
-0.541254,50,2283.081629
-1.667539,50,2283.549669
-0.449199,50,2284.010651
-1.730758,50,2284.475206
-0.433992,50,2284.934116
-0.673577,50,2285.377015
-0.533845,50,2285.835174
-1.272522,50,2286.297548
-0.452886,50,2286.746355
-0.418284,50,2287.207091
-0.416019,50,2287.648031
-0.662448,50,2288.115706
-0.643917,50,2288.679311
-0.420357,50,2289.281135
-0.572124,50,2289.905067
-0.469709,50,2290.518052
-0.633515,50,2291.161968
-0.449004,50,2291.679076
-0.598327,50,2292.115904
-0.639897,50,2292.572743
-0.466738,50,2293.013793
-0.593432,50,2293.465189
-1.095787,50,2293.917111
-0.811555,50,2294.395585
-0.398292,50,2294.839112
-0.42377,50,2295.29763
-0.416613,50,2295.735717
-0.435207,50,2296.18981
-0.583085,50,2296.654841
-0.295049,50,2297.102944
-0.557571,50,2297.558415
-0.277761,50,2298.000418
-1.853112,50,2298.465173
-0.49849,50,2298.903421
-0.395655,50,2299.356056
-0.439166,50,2299.812939
-1.263553,50,2300.272455
-0.430953,50,2300.725217
-0.352978,50,2301.168325
-0.508178,50,2301.75791
-0.534127,50,2302.348135
-0.445689,50,2302.97312
-0.554762,50,2303.601876
-0.86347,50,2304.275055
-0.383931,50,2304.79565
-0.822989,50,2305.261682
-0.645058,50,2305.709266
-0.681555,50,2306.161314
-0.83186,50,2306.604823
-0.720715,50,2307.058569
-0.707895,50,2307.509529
-0.338673,50,2307.974881
-0.534538,50,2308.428132
-0.495739,50,2308.880027
-1.716164,50,2309.335516
-0.504945,50,2309.786159
-0.706607,50,2310.239323
-0.605846,50,2310.71381
-0.542569,50,2311.205385
-0.397221,50,2311.652932
-0.545751,50,2312.104384
-0.401347,50,2312.544434
-0.437532,50,2313.000829
-0.506969,50,2313.457361
-0.692591,50,2313.913759
-0.470561,50,2314.367412
-0.623108,50,2314.978785
-0.723372,50,2315.632464
-0.47463,50,2316.264191
-0.494025,50,2316.867507
-1.666443,50,2317.56937
-0.3768,50,2318.023647
-0.852495,50,2318.488063
-0.632545,50,2318.941018
-0.436914,50,2319.407159
-0.671945,50,2319.860523
-0.419643,50,2320.322473
-0.627118,50,2320.772978
-0.536992,50,2321.225028
-0.643159,50,2321.702787
-0.628812,50,2322.154811
-0.412018,50,2322.620901
-0.689938,50,2323.074269
-0.469335,50,2323.546713
-0.52001,50,2323.995966
-0.677332,50,2324.458867
-0.644633,50,2324.943989
-0.565105,50,2325.408431
-0.548552,50,2325.856199
-0.729504,50,2326.320071
-0.388837,50,2326.793339
-0.396254,50,2327.250049
-0.323399,50,2327.801812
-0.265741,50,2328.389921
-0.533444,50,2329.013713
-0.671271,50,2329.622297
-0.386811,50,2330.26773
-0.734997,50,2330.805496
-0.635718,50,2331.246873
-0.570191,50,2331.698539
-0.746884,50,2332.140154
-0.752658,50,2332.578223
-0.370082,50,2333.03157
-0.619325,50,2333.495872
-0.496847,50,2333.955326
-0.656538,50,2334.413656
-0.546186,50,2334.866197
-1.038935,50,2335.330598
-1.052894,50,2335.773393
-0.710059,50,2336.241089
-0.576142,50,2336.684476
-0.341046,50,2337.145349
-0.450594,50,2337.589806
-0.717648,50,2338.045061
-0.548799,50,2338.484253
-0.694068,50,2338.936779
-0.541805,50,2339.392304
-0.39006,50,2339.834296
-0.416827,50,2340.299626
-0.386775,50,2340.866594
-0.198524,50,2341.471263
-0.459582,50,2342.09965
-0.629344,50,2342.688782
-0.513814,50,2343.341488
-0.383637,50,2343.857123
-0.500024,50,2344.323537
-0.394995,50,2344.764459
-0.604948,50,2345.21286
-0.556621,50,2345.675443
-0.486979,50,2346.122078
-0.277654,50,2346.574468
-1.092127,50,2347.033145
-0.621224,50,2347.489464
-0.65627,50,2347.926769
-1.547537,50,2348.395509
-0.531225,50,2348.830902
-0.406215,50,2349.271112
-0.375949,50,2349.717997
-0.594638,50,2350.161623
-0.49406,50,2350.63598
-0.514786,50,2351.09042
-0.551408,50,2351.553432
-0.580686,50,2352.003596
-0.62982,50,2352.475829
-1.009017,50,2352.937261
-0.633137,50,2353.397382
-0.510449,50,2354.013798
-0.638214,50,2354.639238
-0.472603,50,2355.260414
-0.57085,50,2355.83976
-0.465461,50,2356.480719
-0.632119,50,2356.95236
-0.582217,50,2357.400001
-0.631715,50,2357.857167
-0.680501,50,2358.304941
-0.644658,50,2358.761496
-0.430998,50,2359.205896
-0.7737,50,2359.644127
-0.961183,50,2360.091311
-0.803325,50,2360.536776
-0.6662,50,2360.999364
-0.521114,50,2361.442502
-0.572591,50,2361.890696
-1.324135,50,2362.355632
-0.628444,50,2362.798249
-0.665698,50,2363.273398
-0.47338,50,2363.743012
-0.401023,50,2364.20919
-0.403071,50,2364.655658
-0.319149,50,2365.111009
-0.401958,50,2365.557928
-0.436424,50,2366.015918
-0.421344,50,2366.462166
-0.97506,50,2367.072659
-0.691366,50,2367.678496
-0.959768,50,2368.30123
-0.643625,50,2368.888007
-0.919267,50,2369.593588
-0.505581,50,2370.039802
-0.478224,50,2370.49879
-0.450025,50,2370.943567
-0.554291,50,2371.408271
-0.560065,50,2371.843133
-1.673324,50,2372.325125
-0.299845,50,2372.760181
-0.407815,50,2373.203607
-0.536108,50,2373.657507
-0.375482,50,2374.106863
-0.688879,50,2374.570159
-0.453227,50,2375.012731
-0.492552,50,2375.47872
-0.406243,50,2375.924096
-0.522353,50,2376.368778
-1.437968,50,2376.833617
-0.689443,50,2377.278349
-0.496232,50,2377.743988
-0.510192,50,2378.191643
-0.666099,50,2378.645725
-0.517025,50,2379.088884
-1.613358,50,2379.583275
-0.675161,50,2380.218393
-0.522492,50,2380.837489
-1.060058,50,2381.473453
-0.594443,50,2382.088041
-0.37522,50,2382.708562
-0.460268,50,2383.149815
-0.706175,50,2383.596864
-0.516243,50,2384.056744
-0.624448,50,2384.498866
-0.452445,50,2384.954981
-0.544202,50,2385.397367
-0.591208,50,2385.852684
-1.889064,50,2386.311479
-0.549694,50,2386.779989
-0.539097,50,2387.237187
-0.495718,50,2387.692883
-0.430031,50,2388.145992
-0.388402,50,2388.587028
-0.609842,50,2389.04102
-0.871389,50,2389.501257
-1.89719,50,2389.973171
-0.508413,50,2390.416793
-0.6011,50,2390.856186
-0.9362,50,2391.315899
-0.656445,50,2391.762096
-0.383765,50,2392.214217
-0.499864,50,2392.712345
-0.532785,50,2393.334583
-0.431487,50,2393.972276
-0.45485,50,2394.59915
-0.515934,50,2395.218712
-0.559971,50,2395.809706
-0.468115,50,2396.278878
-0.867141,50,2396.731322
-0.6324,50,2397.169522
-0.74381,50,2397.628813
-0.684858,50,2398.072167
-0.34247,50,2398.52993
-0.447935,50,2398.965393
-0.651489,50,2399.428014
-0.693167,50,2399.870239
-0.593574,50,2400.326902
-0.454245,50,2400.773048
-0.568574,50,2401.229845
-0.361339,50,2401.697207
-1.626019,50,2402.147098
-0.387868,50,2402.600328
-1.829479,50,2403.052384
-0.589174,50,2403.509636
-0.550719,50,2403.95422
-1.04179,50,2404.391805
-0.983328,50,2404.847486
-0.55688,50,2405.294358
-0.984785,50,2405.874401
-0.487547,50,2406.481331
-0.532526,50,2407.11954
-0.622289,50,2407.732644
-0.864561,50,2408.361837
-0.726048,50,2408.92168
-0.442281,50,2409.385344
-0.391445,50,2409.836349
-0.65344,50,2410.296879
-0.521114,50,2410.747814
-0.359792,50,2411.1966
-0.494573,50,2411.641384
-0.756355,50,2412.096858
-0.406908,50,2412.544262
-0.466148,50,2413.003946
-0.534112,50,2413.443758
-0.521635,50,2413.891123
-0.512245,50,2414.339737
-0.596738,50,2414.801086
-0.395525,50,2415.248657
-0.589578,50,2415.691155
-0.309494,50,2416.152353
-0.798187,50,2416.61445
-0.536822,50,2417.069173
-0.475422,50,2417.512726
-0.47499,50,2417.972837
-0.832838,50,2418.420966
-0.593366,50,2418.974173
-0.621555,50,2419.563933
-0.727615,50,2420.187835
-0.473806,50,2420.800272
-0.307659,50,2421.449728
-0.379846,50,2421.980536
-0.453797,50,2422.442454
-0.585884,50,2422.886799
-0.517678,50,2423.350432
-0.746105,50,2423.809718
-0.671712,50,2424.292772
-1.735444,50,2424.752555
-0.583897,50,2425.21859
-0.657481,50,2425.658313
-0.471947,50,2426.096917
-0.715088,50,2426.563328
-0.654247,50,2427.000989
-2.180224,50,2427.460965
-3.733198,50,2427.907902
-1.6408,50,2428.370934
-0.964865,50,2428.806337
-0.652747,50,2429.249995
-0.785328,50,2429.705663
-0.452393,50,2430.141876
-0.316781,50,2430.599925
-0.631922,50,2431.0462
-0.73039,50,2431.500593
-0.597545,50,2433.060761
-0.625456,50,2433.689758
-0.432051,50,2434.298828
-0.697717,50,2434.907101
-0.687024,50,2435.364937
-0.446378,50,2435.824932
-0.449045,50,2436.270988
-0.585128,50,2436.724273
-0.394325,50,2437.169091
-0.554439,50,2437.60628
-1.68626,50,2438.065833
-0.532363,50,2438.521905
-0.309276,50,2438.97694
-0.453523,50,2439.415329
-0.493817,50,2439.862783
-0.434654,50,2440.310871
-0.411934,50,2440.759502
-0.569086,50,2441.216064
-0.642473,50,2441.657348
-0.470557,50,2442.113179
-0.456356,50,2442.576545
-0.467046,50,2443.042365
-1.438785,50,2443.519502
-0.995288,50,2443.986042
-0.483054,50,2444.428888
-0.382374,50,2444.954552
-0.874092,50,2445.571084
-0.519143,50,2446.190392
-0.586664,50,2446.805772
-0.591303,50,2447.431715
-0.525476,50,2447.99011
-0.53373,50,2448.451464
-0.470819,50,2448.899023
-0.645012,50,2449.359012
-0.693002,50,2449.799369
-0.711437,50,2450.257776
-0.427742,50,2450.699088
-0.717224,50,2451.157818
-0.486838,50,2451.61247
-0.484942,50,2452.049726
-0.624638,50,2452.520064
-0.48522,50,2452.958928
-0.682918,50,2453.421209
-0.53863,50,2453.865027
-0.5033,50,2454.351827
-0.324441,50,2454.792832
-1.261538,50,2455.256035
-0.62079,50,2455.70761
-0.480556,50,2456.158882
-0.448943,50,2456.626708
-0.682586,50,2457.0719
-0.701691,50,2457.533957
-0.503491,50,2458.088137
-0.415071,50,2458.702126
-0.477602,50,2459.331315
-0.637598,50,2459.933171
-1.08242,50,2460.602678
-0.431276,50,2461.10727
-0.544341,50,2461.555338
-0.533233,50,2462.026046
-0.400146,50,2462.470116
-0.95875,50,2462.934612
-0.7394,50,2463.381746
-0.666269,50,2463.836418
-1.367526,50,2464.304307
-0.431481,50,2464.757612
-0.360798,50,2465.206591
-0.59176,50,2465.677555
-0.620235,50,2466.163328
-0.6228,50,2466.608741
-0.606493,50,2467.072036
-0.566199,50,2467.523413
-0.467957,50,2467.977874
-0.623396,50,2468.428101
-0.361731,50,2468.885303
-0.260768,50,2469.327934
-0.724999,50,2469.775735
-0.68397,50,2470.232854
-0.487201,50,2470.667802
-1.277514,50,2471.31126
-0.356287,50,2471.916559
-0.580394,50,2472.547607
-0.553902,50,2473.151458
-0.455924,50,2473.816132
-0.401648,50,2474.278248
-0.685901,50,2474.710929
-0.577177,50,2475.164701
-0.651978,50,2475.604145
-0.751702,50,2476.050847
-0.7896,50,2476.516135
-0.918975,50,2476.950791
-0.721742,50,2477.41222
-0.853772,50,2477.853979
-0.456757,50,2478.311258
-0.564166,50,2478.755113
-0.617898,50,2479.199345
-0.409241,50,2479.656102
-1.194481,50,2480.112756
-0.437929,50,2480.57192
-0.346975,50,2481.003186
-0.498968,50,2481.46058
-0.721231,50,2481.900631
-0.810446,50,2482.355692
-0.960816,50,2482.808658
-0.514891,50,2483.254407
-0.827213,50,2483.724382
-0.276955,50,2484.370194
-0.413508,50,2484.979599
-0.448756,50,2485.600513
-0.259603,50,2486.19055
-0.439771,50,2486.849631
-0.785313,50,2487.299907
-0.495883,50,2487.766737
-0.550339,50,2488.211317
-0.466547,50,2488.646681
-0.540171,50,2489.094703
-0.407206,50,2489.543249
-0.377364,50,2489.994277
-0.40698,50,2490.437061
-0.522429,50,2490.884113
-0.670488,50,2491.343659
-0.662042,50,2491.804154
-0.541234,50,2492.249518
-0.299474,50,2492.68886
-0.434625,50,2493.147862
-0.47818,50,2493.589939
-0.358842,50,2494.041771
-1.74392,50,2494.499152
-0.44415,50,2494.948009
-0.65232,50,2495.390683
-0.361377,50,2495.824247
-0.428972,50,2496.295933
-0.234074,50,2496.745024
-0.486931,50,2497.365381
-0.47672,50,2497.955542
-0.51868,50,2498.59798
-0.368584,50,2499.209777
-0.511498,50,2499.870558
-0.535981,50,2500.324991
-0.487349,50,2500.765524
-0.574932,50,2501.229051
-0.493072,50,2501.675728
-0.488316,50,2502.124886
-1.298988,50,2502.599265
-0.464342,50,2503.047212
-0.253992,50,2503.524881
-0.537748,50,2503.963908
-0.607386,50,2504.431057
-0.384608,50,2504.890937
-0.459131,50,2505.358221
-0.492053,50,2505.802588
-0.568727,50,2506.243083
-0.404122,50,2506.690476
-0.682915,50,2507.154815
-0.632904,50,2507.605958
-0.594576,50,2508.046151
-0.965855,50,2508.506043
-0.886269,50,2508.941773
-0.537462,50,2509.38779
-0.324352,50,2509.847687
-0.436106,50,2510.497227
-0.497435,50,2511.110635
-0.357478,50,2511.72016
-0.514313,50,2512.332954
-1.535743,50,2512.988422
-0.789015,50,2513.435248
-0.594707,50,2513.885009
-0.532719,50,2514.357599
-0.512966,50,2514.815556
-0.757668,50,2515.253727
-0.515208,50,2515.688981
-0.456768,50,2516.136266
-0.371618,50,2516.578909
-0.562321,50,2517.032784
-0.473476,50,2517.477176
-0.311125,50,2517.932957
-0.595862,50,2518.388999
-0.560619,50,2518.829387
-0.785938,50,2519.281543
-0.421854,50,2519.713893
-0.669482,50,2520.167224
-0.375577,50,2520.60922
-0.517925,50,2521.063788
-0.331614,50,2521.517524
-0.46658,50,2521.99753
-1.596496,50,2522.466434
-0.729956,50,2522.967871
-0.698665,50,2523.593682
-0.535441,50,2524.232203
-0.400403,50,2524.829916
-0.379522,50,2525.467003
-0.408375,50,2526.035017
-0.622776,50,2526.492347
-0.514337,50,2526.933119
-0.30251,50,2527.383883
-0.8377,50,2527.822846
-0.67427,50,2528.281856
-0.549034,50,2528.73407
-0.582553,50,2529.176142
-0.773504,50,2529.628922
-0.717935,50,2530.066331
-0.428043,50,2530.518316
-0.789475,50,2530.960949
-0.552817,50,2531.420448
-0.626401,50,2531.869736
-0.542292,50,2532.324204
-0.432976,50,2532.790876
-0.474896,50,2533.241907
-0.463511,50,2533.705792
-0.614218,50,2534.143862
-0.48087,50,2534.61361
-0.323824,50,2535.055869
-0.356746,50,2535.521042
-0.805325,50,2536.039581
-1.187667,50,2536.649787
-0.475383,50,2537.259576
-0.567147,50,2537.891412
-0.383317,50,2538.498308
-0.747465,50,2539.084001
-0.369587,50,2539.526636
-0.613452,50,2539.990346
-0.35067,50,2540.434738
-0.671787,50,2540.887564
-0.565181,50,2541.337445
-0.362374,50,2541.780396
-0.612704,50,2542.252982
-0.543693,50,2542.704952
-0.354842,50,2543.157661
-1.166116,50,2543.621206
-0.545263,50,2544.073545
-0.524075,50,2544.544842
-0.363519,50,2544.992999
-0.440879,50,2545.444729
-0.354895,50,2545.882896
-0.635824,50,2546.362769
-0.565573,50,2546.828056
-0.438262,50,2547.315014
-0.827276,50,2547.763347
-0.627826,50,2548.215414
-0.811828,50,2548.653065
-0.697855,50,2549.229266
-0.564225,50,2549.812899
-0.421601,50,2550.443475
-0.466549,50,2551.031219
-0.348917,50,2551.698653
-0.380147,50,2552.20477
-1.015125,50,2552.669335
-0.6644,50,2553.107419
-0.424461,50,2553.574719
-0.508536,50,2554.0124
-0.264172,50,2554.475681
-0.573864,50,2554.922874
-0.608497,50,2555.394905
-1.055845,50,2555.854585
-0.53131,50,2556.297779
-0.604276,50,2556.750802
-0.692047,50,2557.203868
-0.511664,50,2557.654151
-0.589573,50,2558.092152
-0.428892,50,2558.541323
-0.62505,50,2558.983154
-0.687373,50,2559.437967
-0.68462,50,2559.886931
-0.595466,50,2560.336965
-0.617705,50,2560.794247
-0.550714,50,2561.247557
-0.582105,50,2561.701568
-0.928113,50,2562.302852
-0.585201,50,2562.9111
-0.4747,50,2563.536162
-1.485343,50,2564.159999
-0.374328,50,2564.82392
-0.5547,50,2565.287658
-0.330875,50,2565.723808
-0.642853,50,2566.179904
-0.475351,50,2566.622542
-0.671414,50,2567.102069
-1.402239,50,2567.563339
-0.590542,50,2568.022881
-0.564385,50,2568.472625
-0.507357,50,2568.924769
-0.584245,50,2569.375787
-0.608259,50,2569.816725
-1.062697,50,2570.290255
-0.830436,50,2570.736333
-0.695726,50,2571.194599
-1.798294,50,2571.653181
-0.234076,50,2572.116548
-0.473013,50,2572.562904
-0.580399,50,2573.014132
-0.450647,50,2573.47465
-0.637086,50,2573.931224
-0.549551,50,2574.404263
-0.884243,50,2574.869474
-0.796177,50,2575.517995
-0.942,50,2576.127509
-1.322756,50,2576.777217
-0.435939,50,2577.395413
-0.486369,50,2578.018041
-0.355878,50,2578.477705
-0.397173,50,2578.918397
-0.812188,50,2579.387288
-0.627798,50,2579.828364
-0.354075,50,2580.268145
-0.451884,50,2580.723005
-0.37555,50,2581.16243
-0.613862,50,2581.626251
-0.626592,50,2582.068458
-0.699268,50,2582.528083
-1.736075,50,2582.982557
-0.34808,50,2583.434738
-0.826853,50,2583.881094
-0.625688,50,2584.335143
-1.337328,50,2584.80356
-0.399875,50,2585.248384
-0.447292,50,2585.702305
-0.47577,50,2586.149132
-0.587971,50,2586.608735
-0.49708,50,2587.05686
-0.47517,50,2587.502859
-0.618403,50,2588.004531
-0.661772,50,2588.634788
-0.378338,50,2589.252976
-0.489378,50,2589.881085
-0.757505,50,2590.505126
-0.866659,50,2591.109591
-0.375708,50,2591.550174
-1.1226,50,2592.017136
-1.714883,50,2592.475159
-0.545007,50,2592.930341
-1.799107,50,2593.389642
-0.669363,50,2593.836837
-0.545899,50,2594.307367
-1.139951,50,2594.765115
-0.521161,50,2595.221192
-0.789575,50,2595.671146
-0.856783,50,2596.139539
-0.481343,50,2596.579262
-0.491397,50,2597.040408
-0.487238,50,2597.479327
-0.646247,50,2597.919461
-0.465868,50,2598.37504
-0.354374,50,2598.813839
-0.552934,50,2599.26816
-0.382093,50,2599.712902
-0.56944,50,2600.161601
-0.515955,50,2600.604707
-0.635742,50,2601.138056
-0.554738,50,2601.755367
-0.531311,50,2602.396337
-0.911011,50,2603.015937
-0.526804,50,2603.657091
-0.791529,50,2604.199513
-0.504266,50,2604.670401
-1.089972,50,2605.119181
-0.944593,50,2605.577429
-0.995781,50,2606.041076
-0.429428,50,2606.494624
-0.636416,50,2606.936927
-0.540078,50,2607.377813
-0.681389,50,2607.844445
-0.619149,50,2608.28466
-0.570393,50,2608.746889
-0.679411,50,2609.188251
-0.532365,50,2609.649215
-0.904152,50,2610.093095
-0.351489,50,2610.540952
-0.60547,50,2610.979837
-0.637901,50,2611.424661
-0.436982,50,2611.876933
-0.7225,50,2612.330274
-0.559166,50,2612.792572
-0.620039,50,2613.240654
-0.531434,50,2613.689832
-0.529539,50,2614.241385
-0.554186,50,2614.866004
-0.828173,50,2615.492565
-0.559997,50,2616.10157
-0.56688,50,2616.749825
-0.613943,50,2617.257111
-0.399205,50,2617.697834
-0.669066,50,2618.159105
-0.583449,50,2618.605278
-0.578874,50,2619.058858
-0.595595,50,2619.511647
-0.410057,50,2619.96313
-0.755501,50,2620.411027
-1.000648,50,2620.866117
-0.593256,50,2621.332346
-0.48212,50,2621.777445
-0.350075,50,2622.237574
-0.446528,50,2622.682468
-0.467197,50,2623.134667
-0.727477,50,2623.587742
-0.903938,50,2624.036676
-0.749678,50,2624.497851
-0.317628,50,2624.945517
-0.564287,50,2625.410902
-0.410157,50,2625.863232
-0.813667,50,2626.335326
-0.680314,50,2626.779371
-0.913592,50,2627.428017
-0.806293,50,2628.045091
-0.607219,50,2628.679084
-0.52505,50,2629.287979
-0.459734,50,2629.955473
-0.470471,50,2630.4142
-0.576864,50,2630.856655
-0.502399,50,2631.327378
-0.53776,50,2631.789424
-0.574239,50,2632.25116
-0.660196,50,2632.706794
-0.410187,50,2633.154212
-0.466177,50,2633.615829
-0.304699,50,2634.062064
-0.434608,50,2634.516438
-0.566138,50,2635.000235
-0.470491,50,2635.47047
-0.579241,50,2635.951425
-0.534634,50,2636.413314
-1.084104,50,2636.893929
-0.906838,50,2637.348331
-1.347188,50,2637.812399
-0.794865,50,2638.258723
-0.359299,50,2638.71662
-0.54527,50,2639.168034
-0.566419,50,2639.632359
-0.333884,50,2640.133461
-0.235773,50,2640.76765
-0.454381,50,2641.383925
-0.449532,50,2642.010064
-0.325669,50,2642.619871
-0.49841,50,2643.207284
-0.340813,50,2643.64589
-0.485617,50,2644.106996
-0.475769,50,2644.542996
-0.600462,50,2645.006
-0.654887,50,2645.444919
-0.518259,50,2645.895143
-0.633833,50,2646.346942
-0.431635,50,2646.790213
-0.437737,50,2647.254149
-0.375975,50,2647.693591
-0.332856,50,2648.156962
-0.506176,50,2648.612227
-1.037538,50,2649.079062
-0.986057,50,2649.523365
-0.547229,50,2649.976983
-0.369142,50,2650.444454
-0.509989,50,2650.888066
-0.603189,50,2651.354237
-0.596356,50,2651.792819
-0.289631,50,2652.244884
-0.414844,50,2652.691272
-0.581675,50,2653.235492
-0.433718,50,2653.828529
-0.793647,50,2654.479771
-0.488059,50,2655.072506
-0.455624,50,2655.70275
-0.308297,50,2656.236271
-1.745741,50,2656.706265
-0.42183,50,2657.158906
-0.592457,50,2657.611748
-0.688563,50,2658.049365
-0.387564,50,2658.511944
-0.324231,50,2658.954267
-0.64291,50,2659.40549
-0.76776,50,2659.846429
-0.601074,50,2660.290986
-0.376754,50,2660.738172
-0.446927,50,2661.184738
-0.640428,50,2661.651435
-0.747873,50,2662.108148
-0.616495,50,2662.564023
-0.703542,50,2663.004907
-0.239337,50,2663.453107
-0.515103,50,2663.917327
-0.45412,50,2664.362202
-0.583441,50,2664.820496
-0.644934,50,2665.30671
-0.617527,50,2665.769777
-0.445686,50,2666.345611
-0.549408,50,2666.953622
-0.713581,50,2667.576741
-0.574842,50,2668.196061
-1.255477,50,2668.885125
-0.640942,50,2669.373441
-0.606194,50,2669.83997
-0.929688,50,2670.307879
-1.733859,50,2670.76219
-0.35776,50,2671.217837
-0.539192,50,2671.657251
-0.448746,50,2672.109273
-0.476527,50,2672.551614
-0.640246,50,2673.008566
-0.469612,50,2673.455552
-0.879858,50,2673.903521
-0.774668,50,2674.368979
-0.465235,50,2674.812021
-0.443696,50,2675.280712
-0.319084,50,2676.378011
-1.483383,50,2676.833487
-0.474246,50,2677.298069
-0.561857,50,2677.740104
-0.840463,50,2678.202266
-0.615243,50,2678.64567
-0.514846,50,2679.170685
-0.561898,50,2679.765251
-0.642406,50,2680.399637
-1.782416,50,2681.018724
-0.674589,50,2681.648266
-0.435633,50,2682.20685
-0.392004,50,2682.666654
-1.034345,50,2683.127614
-0.579157,50,2683.593876
-0.344878,50,2684.046977
-0.255412,50,2684.508832
-1.077626,50,2684.967795
-0.453032,50,2685.408905
-0.488148,50,2685.861789
-0.840016,50,2686.326099
-0.526832,50,2686.781669
-0.610912,50,2687.227517
-0.551431,50,2687.693727
-0.557249,50,2688.138573
-0.456654,50,2688.592909
-0.729339,50,2689.028163
-1.090128,50,2689.47452
-0.514869,50,2689.938167
-0.586716,50,2690.379995
-0.626424,50,2690.827145
-0.437951,50,2691.267807
-1.294136,50,2691.737541
-0.365717,50,2692.29249
-0.332614,50,2692.888715
-0.384624,50,2693.514394
-0.590216,50,2694.119862
-0.669615,50,2694.744544
-0.569138,50,2695.306981
-0.548347,50,2695.74318
-0.51566,50,2696.199121
-0.488101,50,2696.636303
-0.338484,50,2697.086106
-0.501343,50,2697.53092
-0.67243,50,2697.991444
-0.459901,50,2698.431055
-0.638317,50,2698.870345
-0.466842,50,2699.33242
-0.490518,50,2699.780834
-0.473697,50,2700.235069
-0.523444,50,2700.66781
-0.40193,50,2701.12038
-0.608583,50,2701.568142
-0.608069,50,2702.018809
-0.581057,50,2702.492499
-1.349074,50,2702.953998
-0.431584,50,2703.411596
-3.513891,50,2703.850103
-2.648732,50,2704.308701
-1.375386,50,2704.758163
-2.323154,50,2705.373232
-0.488562,50,2705.972642
-0.481132,50,2706.624803
-0.456066,50,2707.21093
-0.437146,50,2707.863603
-2.346154,50,2708.427818
-0.498449,50,2708.868112
-0.347478,50,2709.308533
-0.354126,50,2709.759582
-1.284921,50,2710.223643
-0.61217,50,2710.689245
-0.517355,50,2711.14252
-0.669213,50,2711.599115
-0.575805,50,2712.052003
-0.585903,50,2712.517154
-0.568117,50,2712.974546
-0.555419,50,2713.42789
-0.433841,50,2713.875221
-0.629672,50,2714.31584
-0.339964,50,2714.75805
-0.277325,50,2715.204776
-0.38711,50,2715.65235
-0.531097,50,2716.094857
-0.452654,50,2716.546018
-0.428885,50,2716.997754
-0.375798,50,2717.44265
-0.334337,50,2717.895003
-0.492652,50,2718.495851
-0.471409,50,2719.107402
-0.874276,50,2719.751024
-0.742999,50,2720.37368
-0.89997,50,2721.043415
-0.681217,50,2721.494579
-0.483006,50,2721.957122
-0.388155,50,2722.406908
-0.308194,50,2722.847795
-0.408239,50,2723.30572
-0.567695,50,2723.748877
-0.510845,50,2724.204232
-0.626431,50,2724.641237
-0.823725,50,2725.117914
-0.614596,50,2725.584307
-0.489181,50,2726.019796
-0.896659,50,2726.487011
-0.695881,50,2726.930703
-0.506419,50,2727.38617
-0.608207,50,2727.823817
-0.500115,50,2728.291993
-0.60354,50,2728.755646
-0.454566,50,2729.219376
-0.738082,50,2729.667318
-0.363713,50,2730.111274
-0.490682,50,2730.581174
-0.683409,50,2731.030867
-0.427594,50,2731.679649
-0.552918,50,2732.324593
-0.80698,50,2732.944927
-0.882607,50,2733.591966
-0.659153,50,2734.190784
-0.647546,50,2734.654083
-0.437941,50,2735.100971
-0.556955,50,2735.56278
-0.354094,50,2736.015926
-0.609867,50,2736.472666
-0.317407,50,2736.916112
-0.912923,50,2737.377144
-0.499973,50,2737.832748
-0.336906,50,2738.277229
-0.48916,50,2738.744234
-0.567972,50,2739.191508
-0.696904,50,2739.651978
-0.672917,50,2740.097428
-1.518055,50,2740.565804
-0.377759,50,2741.02135
-0.359378,50,2741.465187
-0.402931,50,2741.911122
-0.460974,50,2742.365303
-0.602379,50,2742.820641
-0.534057,50,2743.273922
-0.47287,50,2743.738477
-0.492603,50,2744.261235
-0.530401,50,2744.903122
-0.636395,50,2745.527123
-0.804606,50,2746.136832
-0.423015,50,2746.771044
-0.561064,50,2747.324248
-0.548353,50,2747.7791
-0.663419,50,2748.238159
-1.89987,50,2748.693133
-0.499537,50,2749.14377
-0.550471,50,2749.58806
-0.520743,50,2750.051421
-0.391696,50,2750.504754
-0.403534,50,2750.945896
-0.287778,50,2751.402855
-0.785551,50,2751.841719
-1.12529,50,2752.294993
-0.5156,50,2752.729034
-0.554913,50,2753.176362
-0.576475,50,2753.62919
-0.576989,50,2754.084128
-0.588795,50,2754.550515
-0.38878,50,2754.986515
-0.354634,50,2755.468674
-0.607315,50,2755.910637
-0.702231,50,2756.363806
-0.556775,50,2756.81037
-0.411099,50,2757.370719
-0.444718,50,2757.971617
-0.593185,50,2758.620314
-0.534373,50,2759.210812
-0.567098,50,2759.838928
-0.758025,50,2760.374516
-0.543167,50,2760.84033
-0.28918,50,2761.286783
-0.258072,50,2761.736044
-0.37855,50,2762.189853
-0.313804,50,2762.65167
-0.297295,50,2763.087353
-0.573255,50,2763.549065
-0.704015,50,2763.988768
-0.990259,50,2764.438413
-0.636933,50,2764.894631
-1.277004,50,2765.350057
-0.561703,50,2765.816279
-0.447264,50,2766.259579
-0.449447,50,2766.708772
-0.553875,50,2767.166577
-0.455289,50,2767.624707
-0.305219,50,2768.088479
-0.358921,50,2768.548741
-0.257777,50,2769.009553
-1.166874,50,2769.478107
-0.632376,50,2769.949207
-0.490232,50,2770.553641
-0.531338,50,2771.165198
-1.346767,50,2771.835922
-0.716065,50,2772.481777
-0.626279,50,2773.14385
-0.554465,50,2773.58721
-0.572749,50,2774.045807
-0.570879,50,2774.512813
-0.509463,50,2774.962713
-0.623699,50,2775.404889
-0.999734,50,2775.860275
-0.571652,50,2776.324334
-0.555813,50,2776.771999
-0.382553,50,2777.22905
-0.563536,50,2777.670689
-0.595619,50,2778.124759
-0.637812,50,2778.575348
-0.606737,50,2779.018631
-0.633391,50,2779.496399
-0.665567,50,2779.944064
-0.847611,50,2780.41549
-0.646331,50,2780.855717
-0.396636,50,2781.318201
-0.582819,50,2781.764871
-0.508326,50,2782.226213
-0.549766,50,2782.672493
-0.541184,50,2783.155275
-1.252976,50,2783.814797
-0.545267,50,2784.440364
-0.56137,50,2785.041721
-0.463968,50,2785.699343
-0.336076,50,2786.301098
-0.531721,50,2786.757063
-1.489653,50,2787.218382
-0.791751,50,2787.683283
-0.718528,50,2788.122006
-0.685618,50,2788.614989
-1.996059,50,2789.089173
-0.650217,50,2789.551971
-0.669505,50,2789.993261
-1.163665,50,2790.434029
-0.812716,50,2790.890897
-0.547539,50,2791.346035
-0.44784,50,2791.800256
-0.557667,50,2792.242231
-0.439664,50,2792.697912
-0.500803,50,2793.141229
-0.45004,50,2793.593723
-0.428049,50,2794.047851
-0.896204,50,2794.506176
-0.523681,50,2794.964572
-0.583366,50,2795.408962
-0.637736,50,2795.858658
-0.547407,50,2796.376771
-0.591161,50,2797.003872
-1.113894,50,2797.636199
-1.255076,50,2798.248558
-0.842727,50,2798.880134
-0.568988,50,2799.446862
-0.621577,50,2799.883993
-1.424519,50,2800.350868
-0.468334,50,2800.786868
-0.787726,50,2801.239881
-0.337298,50,2801.68789
-0.331598,50,2802.142565
-0.934219,50,2802.609694
-0.590267,50,2803.076539
-0.335095,50,2803.523897
-0.511301,50,2803.966871
-0.576845,50,2804.428628
-0.451124,50,2804.87017
-0.605378,50,2805.336175
-0.341898,50,2805.773526
-0.395201,50,2806.230964
-0.416049,50,2806.681567
-0.353287,50,2807.118783
-0.406265,50,2807.583295
-0.544118,50,2808.02946
-0.506766,50,2808.493066
-1.255856,50,2808.949525
-1.50882,50,2809.56374
-0.406264,50,2810.149956
-0.423683,50,2810.790226
-0.414682,50,2811.385167
-0.668096,50,2812.043655
-0.552967,50,2812.565119
-0.452361,50,2813.01421
-0.434441,50,2813.45664
-0.951368,50,2813.911085
-0.83035,50,2814.367401
-0.648893,50,2814.834642
-0.587468,50,2815.290732
-0.433266,50,2815.783241
-0.484063,50,2816.235421
-0.419032,50,2816.70244
-0.649361,50,2817.148106
-0.529837,50,2817.592616
-0.418888,50,2818.05004
-0.513756,50,2818.502925
-0.363766,50,2818.961919
-0.654497,50,2819.402512
-0.289127,50,2819.852974
-0.705118,50,2820.313482
-0.482974,50,2820.775333
-0.335929,50,2821.217884
-0.472638,50,2821.659481
-0.724046,50,2822.115915
-0.60722,50,2822.740175
-0.51169,50,2823.365227
-0.789071,50,2824.008705
-0.584923,50,2824.630178
-0.51128,50,2825.308041
-0.634565,50,2825.758518
-0.43017,50,2826.216866
-0.521943,50,2826.691705
-0.458403,50,2827.151957
-0.687524,50,2827.595595
-0.677586,50,2828.036076
-0.397581,50,2828.499573
-0.729661,50,2828.957519
-0.535784,50,2829.423239
-0.481137,50,2829.869541
-0.518139,50,2830.33676
-0.651903,50,2830.781659
-0.650527,50,2831.2326
-0.507998,50,2831.674709
-0.512765,50,2832.117022
-0.571982,50,2832.583257
-0.727126,50,2833.027881
-0.377782,50,2833.488271
-0.568759,50,2833.941911
-0.567139,50,2834.401164
-0.574038,50,2834.848832
-0.417711,50,2835.373317
-0.824375,50,2835.988882
-0.643654,50,2836.607294
-0.643336,50,2837.211063
-0.585942,50,2837.841933
-0.76364,50,2838.4361
-0.636913,50,2838.88677
-0.38168,50,2839.327144
-1.874815,50,2839.794533
-0.64973,50,2840.245402
-0.517039,50,2840.701179
-0.401727,50,2841.1379
-0.550957,50,2841.595251
-0.68608,50,2842.041064
-1.828477,50,2842.495164
-0.457367,50,2842.951878
-0.736268,50,2843.407124
-0.38802,50,2843.862055
-0.40883,50,2844.302969
-0.587138,50,2844.749302
-0.570538,50,2845.205038
-0.250136,50,2845.653223
-0.723156,50,2846.141195
-1.611016,50,2846.598139
-1.909014,50,2847.06014
-0.499366,50,2847.516814
-0.378155,50,2847.970944
-0.800242,50,2848.519901
-0.75652,50,2849.134734
-2.316948,50,2849.779546
-0.738527,50,2850.39222
-0.466273,50,2851.04222
-0.402227,50,2851.570564
-0.577329,50,2852.015663
-0.36101,50,2852.475557
-0.36911,50,2852.909692
-0.533986,50,2853.360911
-0.490997,50,2853.79893
-0.588303,50,2854.251719
-0.326182,50,2854.688218
-0.36517,50,2855.12398
-1.396847,50,2855.577766
-1.173891,50,2856.01226
-1.20551,50,2856.472066
-0.745585,50,2856.913816
-0.393535,50,2857.371737
-0.416773,50,2857.811197
-0.561356,50,2858.271881
-0.632819,50,2858.706875
-1.395034,50,2859.166803
-0.448284,50,2859.620665
-0.821151,50,2860.057456
-0.441274,50,2860.521634
-0.529196,50,2860.965253
-0.513967,50,2861.488442
-0.540259,50,2862.085933
-0.53081,50,2862.722413
-0.423629,50,2863.323915
-0.535479,50,2863.948482
-0.679645,50,2864.514458
-0.459154,50,2864.971564
-0.456589,50,2865.427334
-0.487349,50,2865.885736
-0.536765,50,2866.331563
-0.624182,50,2866.782893
-1.11365,50,2867.23859
-0.437518,50,2867.713875
-0.341751,50,2868.162702
-0.439098,50,2868.600749
-0.575334,50,2869.059079
-0.377225,50,2869.501793
-0.428125,50,2869.953673
-1.537168,50,2870.418187
-0.527385,50,2870.881661
-0.30525,50,2871.336514
-0.377191,50,2871.791074
-0.506807,50,2872.252171
-1.218186,50,2872.711257
-0.515656,50,2873.174228
-0.494377,50,2873.623979
-0.614079,50,2874.080142
-0.686221,50,2874.635134
-0.477939,50,2875.257275
-1.874651,50,2875.904572
-0.477871,50,2876.53379
-0.588024,50,2877.194951
-0.500191,50,2877.698051
-0.494486,50,2878.138633
-1.863881,50,2878.604266
-0.507931,50,2879.047491
-0.554562,50,2879.507375
-0.565163,50,2879.946739
-0.584935,50,2880.397686
-0.567407,50,2880.840332
-0.595986,50,2881.292962
-0.312844,50,2881.734628
-0.681356,50,2882.172019
-0.451749,50,2882.624848
-0.513501,50,2883.073374
-0.322546,50,2883.549538
-0.522112,50,2884.00045
-0.496816,50,2884.466055
-0.525585,50,2884.909222
-0.643007,50,2885.350823
-0.350905,50,2885.797658
-0.616441,50,2886.242211
-0.35696,50,2886.698539
-0.720633,50,2887.135771
-0.708717,50,2887.710212
-0.52955,50,2888.316523
-0.464908,50,2888.95969
-0.59312,50,2889.576371
-0.333473,50,2890.233583
-0.435336,50,2890.734098
-0.461327,50,2891.180729
-0.541595,50,2891.62956
-0.427048,50,2892.07995
-0.644814,50,2892.546792
-0.586502,50,2893.012892
-1.33799,50,2893.475867
-0.586689,50,2893.931275
-0.324858,50,2894.369715
-0.440409,50,2894.820837
-0.447014,50,2895.26073
-0.596395,50,2895.692246
-0.413501,50,2896.139014
-0.373308,50,2896.578037
-0.632198,50,2897.025738
-0.732294,50,2897.47213
-0.41754,50,2897.930872
-0.464371,50,2898.375447
-0.506166,50,2898.820381
-1.044037,50,2899.290558
-0.906108,50,2899.76389
-0.59347,50,2900.235873
-0.493034,50,2900.836424
-0.505051,50,2901.457554
-0.591472,50,2902.077014
-0.800199,50,2902.66099
-0.830851,50,2903.340663
-0.513514,50,2903.792541
-0.457363,50,2904.25107
-0.605658,50,2904.696094
-0.382166,50,2905.133321
-0.64053,50,2905.587636
-0.602486,50,2906.037731
-0.475403,50,2906.505453
-0.619028,50,2906.948865
-0.450664,50,2907.408503
-0.463404,50,2907.852507
-0.372804,50,2908.309123
-0.53244,50,2908.749328
-0.756049,50,2909.19734
-0.580786,50,2909.659724
-0.482994,50,2910.100418
-0.650953,50,2910.550161
-0.552527,50,2910.987645
-0.645429,50,2911.443618
-0.663689,50,2911.883933
-1.196704,50,2912.34022
-0.502329,50,2912.791507
-0.327727,50,2913.235934
-0.759029,50,2913.848777
-0.770496,50,2914.446001
-0.461065,50,2915.098263
-0.59637,50,2915.702627
-0.306342,50,2916.352609
-0.701924,50,2916.814083
-0.365428,50,2917.253955
-0.43682,50,2917.714106
-0.292521,50,2918.152858
-0.551797,50,2918.590998
-0.578412,50,2919.04349
