#{"t_start": 1769178244.6437068, "env_id": "FetchReach-v4"}
r,l,t
-42.0,50,0.368006
-50.0,50,0.396436
-47.0,50,0.425277
-50.0,50,0.453706
-50.0,50,0.490535
-50.0,50,0.52043
-50.0,50,0.547034
-50.0,50,0.576661
-50.0,50,0.60442
-46.0,50,0.632811
-50.0,50,0.659503
-50.0,50,0.686254
-49.0,50,0.715959
-50.0,50,0.743446
-50.0,50,0.771968
-50.0,50,0.799493
-50.0,50,0.828279
-50.0,50,0.855676
-50.0,50,0.885225
-50.0,50,0.913681
-50.0,50,0.941071
-50.0,50,0.972463
-50.0,50,1.004894
-50.0,50,1.035967
-50.0,50,1.064024
-50.0,50,1.094567
-50.0,50,1.1218
-50.0,50,1.150926
-50.0,50,1.179428
-50.0,50,1.207204
-50.0,50,1.234912
-50.0,50,1.261647
-50.0,50,1.289738
-43.0,50,1.316876
-50.0,50,1.3438
-50.0,50,1.370744
-50.0,50,1.40084
-50.0,50,1.428324
-50.0,50,1.456105
-50.0,50,1.48368
-44.0,50,1.511986
-49.0,50,1.540285
-45.0,50,1.569773
-50.0,50,1.598376
-50.0,50,1.627808
-50.0,50,1.654904
-44.0,50,1.683412
-39.0,50,1.713435
-50.0,50,1.741195
-50.0,50,1.773604
-50.0,50,1.802504
-50.0,50,1.83081
-50.0,50,1.858918
-50.0,50,1.889214
-50.0,50,1.92084
-50.0,50,1.947411
-32.0,50,1.977825
-50.0,50,2.006964
-50.0,50,2.034253
-50.0,50,2.063171
-50.0,50,2.090762
-50.0,50,2.120698
-50.0,50,2.149151
-49.0,50,2.176372
-49.0,50,2.204414
-50.0,50,2.232164
-50.0,50,2.261167
-50.0,50,2.289839
-42.0,50,2.317076
-50.0,50,2.344298
-50.0,50,2.37186
-50.0,50,2.398073
-43.0,50,2.426297
-50.0,50,2.454081
-50.0,50,2.482597
-47.0,50,2.510507
-50.0,50,2.538884
-50.0,50,2.566758
-50.0,50,2.594565
-50.0,50,2.623037
-50.0,50,2.651235
-50.0,50,2.681504
-50.0,50,2.708225
-49.0,50,2.736202
-44.0,50,2.765831
-50.0,50,2.793885
-50.0,50,2.821498
-50.0,50,2.852192
-50.0,50,2.883019
-50.0,50,2.912746
-50.0,50,2.941765
-47.0,50,2.970874
-50.0,50,3.003354
-50.0,50,3.032203
-50.0,50,3.06254
-50.0,50,3.090119
-50.0,50,3.121425
-50.0,50,3.151573
-50.0,50,3.180847
-50.0,50,3.209103
-50.0,50,3.457067
-50.0,50,3.671931
-50.0,50,3.890356
-50.0,50,4.102823
-50.0,50,4.316975
-50.0,50,4.553958
-50.0,50,4.773037
-50.0,50,4.984595
-50.0,50,5.194049
-50.0,50,5.409114
-50.0,50,5.618112
-50.0,50,5.824383
-48.0,50,6.030237
-50.0,50,6.243422
-49.0,50,6.449559
-50.0,50,6.66609
-50.0,50,6.888541
-50.0,50,7.105157
-50.0,50,7.321649
-50.0,50,7.546642
-50.0,50,7.756534
-50.0,50,7.975553
-50.0,50,8.186604
-50.0,50,8.414129
-50.0,50,8.633375
-50.0,50,8.8532
-50.0,50,9.069299
-50.0,50,9.282275
-50.0,50,9.490685
-50.0,50,9.698355
-50.0,50,9.907839
-50.0,50,10.119516
-50.0,50,10.333997
-49.0,50,10.557202
-50.0,50,10.776433
-50.0,50,10.985111
-50.0,50,11.194477
-50.0,50,11.4377
-50.0,50,11.655691
-50.0,50,11.866542
-50.0,50,12.086013
-50.0,50,12.300475
-50.0,50,12.512861
-50.0,50,12.743625
-50.0,50,12.978262
-50.0,50,13.205379
-50.0,50,13.418096
-48.0,50,13.643897
-50.0,50,13.861186
-50.0,50,14.099546
-50.0,50,14.321392
-50.0,50,14.576086
-50.0,50,14.802293
-50.0,50,15.030838
-50.0,50,15.251449
-49.0,50,15.466672
-50.0,50,15.689236
-49.0,50,15.907666
-50.0,50,16.114519
-50.0,50,16.3241
-50.0,50,16.535534
-50.0,50,16.741422
-50.0,50,16.95087
-50.0,50,17.164604
-50.0,50,17.393821
-50.0,50,17.605491
-50.0,50,17.821289
-50.0,50,18.041914
-50.0,50,18.258667
-50.0,50,18.466966
-50.0,50,18.681708
-50.0,50,18.897331
-50.0,50,19.112351
-50.0,50,19.336254
-50.0,50,19.554056
-50.0,50,19.771723
-47.0,50,19.992474
-50.0,50,20.212481
-50.0,50,20.432112
-50.0,50,20.663904
-50.0,50,20.883554
-50.0,50,21.108014
-50.0,50,21.342252
-49.0,50,21.565331
-50.0,50,21.791417
-50.0,50,22.009926
-50.0,50,22.227499
-50.0,50,22.445685
-50.0,50,22.666588
-50.0,50,22.880107
-50.0,50,23.097048
-50.0,50,23.312394
-50.0,50,23.525566
-50.0,50,23.742947
-50.0,50,23.960565
-50.0,50,24.174912
-50.0,50,24.388169
-50.0,50,24.600132
-50.0,50,24.815549
-50.0,50,25.029325
-50.0,50,25.245718
-50.0,50,25.462969
-50.0,50,25.672425
-49.0,50,25.887518
-50.0,50,26.100501
-50.0,50,26.311998
-50.0,50,26.518812
-29.0,50,26.726587
-31.0,50,26.933862
-50.0,50,27.141292
-50.0,50,27.351397
-50.0,50,27.559124
-50.0,50,27.772517
-50.0,50,27.984194
-50.0,50,28.195321
-50.0,50,28.423537
-50.0,50,28.637722
-50.0,50,28.852174
-50.0,50,29.066547
-47.0,50,29.280579
-50.0,50,29.491576
-50.0,50,29.705089
-50.0,50,29.920218
-50.0,50,30.136198
-50.0,50,30.350466
-50.0,50,30.584137
-50.0,50,30.798121
-50.0,50,31.00893
-50.0,50,31.222275
-50.0,50,31.436172
-50.0,50,31.662477
-50.0,50,31.880692
-50.0,50,32.093652
-50.0,50,32.30502
-50.0,50,32.51745
-50.0,50,32.74184
-50.0,50,32.956038
-50.0,50,33.175437
-50.0,50,33.394045
-50.0,50,33.610713
-50.0,50,33.825062
-50.0,50,34.038976
-50.0,50,34.249526
-50.0,50,34.460619
-50.0,50,34.670613
-50.0,50,34.882631
-49.0,50,35.093849
-50.0,50,35.308575
-50.0,50,35.536855
-50.0,50,35.74735
-50.0,50,35.957434
-50.0,50,36.172634
-50.0,50,36.387483
-50.0,50,36.594312
-50.0,50,36.809152
-50.0,50,37.025006
-50.0,50,37.237981
-50.0,50,37.44776
-50.0,50,37.661258
-50.0,50,37.873806
-50.0,50,38.084474
-50.0,50,38.300344
-50.0,50,38.513833
-50.0,50,38.724278
-50.0,50,38.932295
-50.0,50,39.144325
-50.0,50,39.361569
-50.0,50,39.587047
-50.0,50,39.799905
-50.0,50,40.009211
-50.0,50,40.219419
-50.0,50,40.437358
-50.0,50,40.648758
-50.0,50,40.858349
-50.0,50,41.067033
-50.0,50,41.276906
-50.0,50,41.487604
-50.0,50,41.695395
-50.0,50,41.903438
-50.0,50,42.11202
-50.0,50,42.319728
-50.0,50,42.53952
-50.0,50,42.745149
-50.0,50,42.948363
-49.0,50,43.155427
-47.0,50,43.36395
-50.0,50,43.570373
-50.0,50,43.777445
-45.0,50,43.98483
-50.0,50,44.189364
-50.0,50,44.40362
-50.0,50,44.611253
-50.0,50,44.825492
-50.0,50,45.034993
-50.0,50,45.25401
-50.0,50,45.467947
-48.0,50,45.681628
-50.0,50,45.89795
-50.0,50,46.111545
-50.0,50,46.320322
-50.0,50,46.534438
-50.0,50,46.763269
-50.0,50,46.986846
-50.0,50,47.21239
-50.0,50,47.443866
-50.0,50,47.66426
-50.0,50,47.877415
-50.0,50,48.087097
-50.0,50,48.298693
-50.0,50,48.506591
-50.0,50,48.709274
-50.0,50,48.917267
-50.0,50,49.12544
-50.0,50,49.329985
-50.0,50,49.533203
-50.0,50,49.740928
-50.0,50,49.950749
-50.0,50,50.156285
-50.0,50,50.363784
-45.0,50,50.573007
-50.0,50,50.780263
-50.0,50,50.989364
-50.0,50,51.19782
-50.0,50,51.40583
-50.0,50,51.611309
-50.0,50,51.826612
-50.0,50,52.033121
-50.0,50,52.239367
-48.0,50,52.450573
-50.0,50,52.657376
-50.0,50,52.866347
-50.0,50,53.071867
-50.0,50,53.283526
-50.0,50,53.489502
-50.0,50,53.697135
-50.0,50,53.904972
-50.0,50,54.113023
-50.0,50,54.319358
-50.0,50,54.524247
-50.0,50,54.731872
-50.0,50,54.942746
-50.0,50,55.145298
-50.0,50,55.351161
-50.0,50,55.557161
-50.0,50,55.764554
-50.0,50,55.972036
-50.0,50,56.182766
-50.0,50,56.391129
-50.0,50,56.601863
-50.0,50,56.816578
-42.0,50,57.02546
-50.0,50,57.232242
-50.0,50,57.43373
-50.0,50,57.641318
-48.0,50,57.855247
-50.0,50,58.063953
-50.0,50,58.271174
-50.0,50,58.481135
-50.0,50,58.686196
-49.0,50,58.894537
-50.0,50,59.104344
-50.0,50,59.310847
-50.0,50,59.517201
-50.0,50,59.726035
-50.0,50,59.92935
-48.0,50,60.135205
-50.0,50,60.359606
-50.0,50,60.567749
-50.0,50,60.776721
-49.0,50,60.985992
-50.0,50,61.192883
-37.0,50,61.405432
-49.0,50,61.624628
-50.0,50,61.84471
-50.0,50,62.080319
-49.0,50,62.289083
-50.0,50,62.506771
-50.0,50,62.720316
-50.0,50,62.939279
-50.0,50,63.156968
-50.0,50,63.381963
-50.0,50,63.606462
-50.0,50,63.817638
-48.0,50,64.026633
-50.0,50,64.237095
-50.0,50,64.444435
-50.0,50,64.653617
-50.0,50,64.861828
-50.0,50,65.07214
-49.0,50,65.279834
-50.0,50,65.491887
-48.0,50,65.705676
-49.0,50,65.913509
-50.0,50,66.119142
-49.0,50,66.326408
-50.0,50,66.533907
-50.0,50,66.740957
-50.0,50,66.94647
-50.0,50,67.15152
-50.0,50,67.355935
-50.0,50,67.560931
-50.0,50,67.7646
-50.0,50,67.971884
-50.0,50,68.183946
-50.0,50,68.388853
-50.0,50,68.594629
-48.0,50,68.804876
-50.0,50,69.031977
-50.0,50,69.241343
-50.0,50,69.454165
-48.0,50,69.669713
-50.0,50,69.882892
-50.0,50,70.094962
-50.0,50,70.306807
-50.0,50,70.517091
-50.0,50,70.727593
-50.0,50,70.941229
-50.0,50,71.14928
-50.0,50,71.355103
-50.0,50,71.564326
-50.0,50,71.77785
-50.0,50,71.98997
-50.0,50,72.203721
-50.0,50,72.41212
-50.0,50,72.637079
-50.0,50,72.8496
-50.0,50,73.061176
-50.0,50,73.271358
-50.0,50,73.481599
-50.0,50,73.694449
-50.0,50,73.904665
-50.0,50,74.115645
-50.0,50,74.325958
-50.0,50,74.53606
-50.0,50,74.746121
-50.0,50,74.95466
-50.0,50,75.162946
-50.0,50,75.373625
-48.0,50,75.583018
-50.0,50,75.79489
-50.0,50,76.006475
-50.0,50,76.217655
-50.0,50,76.427961
-50.0,50,76.638033
-50.0,50,76.851987
-50.0,50,77.065078
-50.0,50,77.27335
-50.0,50,77.480477
-50.0,50,77.690587
-50.0,50,77.901124
-50.0,50,78.119007
-50.0,50,78.331968
-50.0,50,78.54529
-50.0,50,78.773692
-50.0,50,78.987086
-50.0,50,79.198151
-50.0,50,79.410351
-50.0,50,79.623566
-50.0,50,79.833953
-50.0,50,80.050918
-50.0,50,80.269507
-50.0,50,80.481302
-50.0,50,80.692154
-49.0,50,80.905268
-50.0,50,81.120947
-50.0,50,81.334749
-50.0,50,81.548189
-50.0,50,81.760944
-50.0,50,81.975585
-50.0,50,82.18701
-50.0,50,82.398286
-50.0,50,82.610947
-50.0,50,82.827245
-50.0,50,83.057512
-50.0,50,83.267791
-50.0,50,83.479109
-50.0,50,83.691335
-50.0,50,83.903846
-50.0,50,84.112947
-50.0,50,84.321789
-50.0,50,84.532051
-45.0,50,84.741219
-50.0,50,84.947643
-50.0,50,85.159766
-50.0,50,85.370364
-50.0,50,85.580474
-50.0,50,85.793719
-50.0,50,86.005743
-50.0,50,86.220644
-50.0,50,86.431013
-50.0,50,86.646011
-50.0,50,86.855133
-50.0,50,87.065461
-50.0,50,87.273922
-50.0,50,87.483854
-50.0,50,87.711629
-50.0,50,87.924778
-50.0,50,88.136915
-50.0,50,88.347955
-50.0,50,88.556913
-50.0,50,88.990493
-50.0,50,89.204688
-49.0,50,89.417481
-50.0,50,89.626272
-50.0,50,89.83895
-48.0,50,90.053155
-50.0,50,90.266397
-50.0,50,90.474306
-50.0,50,90.683932
-50.0,50,90.893054
-50.0,50,91.10591
-50.0,50,91.313747
-50.0,50,91.522175
-50.0,50,91.737578
-48.0,50,91.95096
-50.0,50,92.165081
-50.0,50,92.375921
-50.0,50,92.585856
-50.0,50,92.79629
-50.0,50,93.010734
-50.0,50,93.223128
-50.0,50,93.441971
-50.0,50,93.686901
-50.0,50,93.898521
-50.0,50,94.113847
-50.0,50,94.330586
-50.0,50,94.544247
-50.0,50,94.757004
-50.0,50,94.976382
-50.0,50,95.191004
-50.0,50,95.421252
-50.0,50,95.635778
-50.0,50,95.850343
-50.0,50,96.063903
-50.0,50,96.270533
-50.0,50,96.474821
-50.0,50,96.680627
-50.0,50,96.888346
-50.0,50,97.098949
-50.0,50,97.306294
-50.0,50,97.520217
-49.0,50,97.728449
-50.0,50,97.936624
-50.0,50,98.146461
-50.0,50,98.354271
-50.0,50,98.563271
-50.0,50,98.76858
-50.0,50,98.973648
-50.0,50,99.180157
-50.0,50,99.385343
-50.0,50,99.590725
-50.0,50,99.796835
-50.0,50,100.00466
-50.0,50,100.214694
-50.0,50,100.425699
-50.0,50,100.637977
-48.0,50,100.847985
-50.0,50,101.087122
-50.0,50,101.301765
-50.0,50,101.506882
-45.0,50,101.714931
-19.0,50,101.93058
-50.0,50,102.134653
-32.0,50,102.345346
-50.0,50,102.556886
-50.0,50,102.761534
-50.0,50,102.968039
-50.0,50,103.173044
-47.0,50,103.384919
-50.0,50,103.599926
-50.0,50,103.816595
-50.0,50,104.02825
-50.0,50,104.240146
-50.0,50,104.453774
-50.0,50,104.659408
-50.0,50,104.871259
-50.0,50,105.100307
-48.0,50,105.320603
-50.0,50,105.557438
-50.0,50,105.774958
-47.0,50,105.988932
-50.0,50,106.208127
-50.0,50,106.429219
-50.0,50,106.633306
-48.0,50,106.842722
-50.0,50,107.053133
-50.0,50,107.263615
-50.0,50,107.474759
-50.0,50,107.678388
-49.0,50,107.885778
-50.0,50,108.090387
-50.0,50,108.293109
-50.0,50,108.498516
-50.0,50,108.703667
-50.0,50,108.90692
-50.0,50,109.119377
-50.0,50,109.330149
-46.0,50,109.537971
-50.0,50,109.75005
-49.0,50,109.955194
-50.0,50,110.162374
-46.0,50,110.374098
-50.0,50,110.580394
-50.0,50,110.788439
-50.0,50,110.994366
-47.0,50,111.222374
-50.0,50,111.431848
-50.0,50,111.645473
-50.0,50,111.854692
-50.0,50,112.062146
-50.0,50,112.281894
-50.0,50,112.491695
-50.0,50,112.707619
-50.0,50,112.915724
-49.0,50,113.125403
-27.0,50,113.341164
-50.0,50,113.558363
-50.0,50,113.774473
-50.0,50,113.992208
-50.0,50,114.209137
-50.0,50,114.423859
-50.0,50,114.629127
-50.0,50,114.839178
-50.0,50,115.045604
-50.0,50,115.260635
-50.0,50,115.473867
-50.0,50,115.688577
-50.0,50,115.905008
-50.0,50,116.122685
-50.0,50,116.332718
-50.0,50,116.559031
-50.0,50,116.768982
-50.0,50,116.979528
-50.0,50,117.187616
-50.0,50,117.400895
-50.0,50,117.616381
-50.0,50,117.836678
-50.0,50,118.052493
-50.0,50,118.267381
-50.0,50,118.486243
-50.0,50,118.696108
-50.0,50,118.909871
-50.0,50,119.123543
-50.0,50,119.331889
-44.0,50,119.542464
-50.0,50,119.750594
-50.0,50,119.960132
-50.0,50,120.16919
-50.0,50,120.391514
-50.0,50,120.599451
-50.0,50,120.810689
-50.0,50,121.019097
-50.0,50,121.225083
-50.0,50,121.436436
-50.0,50,121.647679
-50.0,50,121.860087
-49.0,50,122.075441
-50.0,50,122.304506
-50.0,50,122.521127
-50.0,50,122.741648
-50.0,50,122.969499
-50.0,50,123.187379
-50.0,50,123.409637
-50.0,50,123.628804
-50.0,50,123.85098
-50.0,50,124.065506
-44.0,50,124.279167
-50.0,50,124.489455
-50.0,50,124.707561
-50.0,50,124.919786
-50.0,50,125.129035
-50.0,50,125.339424
-50.0,50,125.551629
-50.0,50,125.759984
-50.0,50,125.969745
-50.0,50,126.18179
-39.0,50,126.393299
-39.0,50,126.607964
-48.0,50,126.826013
-47.0,50,127.038828
-50.0,50,127.245627
-50.0,50,127.450108
-50.0,50,127.658973
-50.0,50,127.864604
-50.0,50,128.075899
-50.0,50,128.282335
-46.0,50,128.507845
-50.0,50,128.723635
-37.0,50,128.942791
-50.0,50,129.174456
-50.0,50,129.385137
-50.0,50,129.605137
-48.0,50,129.81992
-50.0,50,130.033493
-50.0,50,130.24533
-50.0,50,130.457676
-50.0,50,130.665086
-50.0,50,130.872571
-41.0,50,131.078477
-50.0,50,131.287922
-46.0,50,131.503163
-50.0,50,131.714804
-50.0,50,131.925917
-50.0,50,132.145631
-50.0,50,132.353961
-47.0,50,132.56034
-50.0,50,132.776646
-50.0,50,132.985655
-50.0,50,133.200707
-50.0,50,133.429692
-12.0,50,133.642936
-50.0,50,133.854079
-50.0,50,134.070959
-50.0,50,134.286521
-50.0,50,134.500799
-50.0,50,134.715632
-50.0,50,134.932904
-50.0,50,135.142259
-50.0,50,135.359103
-43.0,50,135.571007
-50.0,50,135.781595
-50.0,50,135.997407
-50.0,50,136.213638
-49.0,50,136.430993
-50.0,50,136.639651
-48.0,50,136.855541
-48.0,50,137.069934
-30.0,50,137.307988
-50.0,50,137.519225
-27.0,50,137.731871
-50.0,50,137.945772
-50.0,50,138.16009
-50.0,50,138.370965
-50.0,50,138.583231
-50.0,50,138.803042
-50.0,50,139.022028
-50.0,50,139.23881
-50.0,50,139.455866
-50.0,50,139.669488
-19.0,50,139.88667
-30.0,50,140.109864
-50.0,50,140.32169
-50.0,50,140.540179
-50.0,50,140.748638
-50.0,50,140.958027
-46.0,50,141.166651
-50.0,50,141.379797
-50.0,50,141.588993
-50.0,50,141.804452
-50.0,50,142.020122
-50.0,50,142.231098
-20.0,50,142.448441
-50.0,50,142.664609
-50.0,50,142.885566
-49.0,50,143.101327
-50.0,50,143.320627
-46.0,50,143.535765
-50.0,50,143.754093
-5.0,50,143.968984
-49.0,50,144.182958
-35.0,50,144.413317
-50.0,50,144.627136
-44.0,50,144.842393
-50.0,50,145.051239
-49.0,50,145.267811
-50.0,50,145.482703
-40.0,50,145.701423
-49.0,50,145.915453
-50.0,50,146.133694
-49.0,50,146.348804
-48.0,50,146.560388
-50.0,50,146.769758
-50.0,50,146.981821
-50.0,50,147.1945
-44.0,50,147.405793
-50.0,50,147.617945
-50.0,50,147.826753
-50.0,50,148.043687
-47.0,50,148.258332
-50.0,50,148.476145
-41.0,50,148.681501
-29.0,50,148.894063
-49.0,50,149.102691
-49.0,50,149.314465
-50.0,50,149.526753
-50.0,50,149.746328
-50.0,50,149.960114
-9.0,50,150.181098
-40.0,50,150.39066
-45.0,50,150.600711
-50.0,50,150.810879
-43.0,50,151.020213
-38.0,50,151.23477
-5.0,50,151.447874
-50.0,50,151.653264
-42.0,50,151.859625
-50.0,50,152.069594
-50.0,50,152.274516
-30.0,50,152.485427
-46.0,50,152.691977
-50.0,50,152.898099
-45.0,50,153.103052
-3.0,50,153.314531
-45.0,50,153.520304
0.0,50,153.72458
-50.0,50,153.933604
-50.0,50,154.138571
-42.0,50,154.34452
-50.0,50,154.549465
-30.0,50,154.753816
-19.0,50,154.965506
-40.0,50,155.169199
-50.0,50,155.374774
-50.0,50,155.584374
-12.0,50,155.794388
-50.0,50,156.005907
-50.0,50,156.214844
-42.0,50,156.424664
-50.0,50,156.639545
-50.0,50,156.857173
-17.0,50,157.081147
-16.0,50,157.294481
-50.0,50,157.504104
-50.0,50,157.719224
-50.0,50,157.92824
-50.0,50,158.133979
-50.0,50,158.337315
-50.0,50,158.546677
-50.0,50,158.777881
-50.0,50,158.996448
-50.0,50,159.205577
-50.0,50,159.413557
-49.0,50,159.625399
-50.0,50,159.834968
-50.0,50,160.046523
-50.0,50,160.262288
-50.0,50,160.474297
-50.0,50,160.683522
-50.0,50,160.897463
-50.0,50,161.113674
-50.0,50,161.323799
-50.0,50,161.539703
-50.0,50,161.753366
-50.0,50,161.959062
-48.0,50,162.16771
-50.0,50,162.377009
-49.0,50,162.583667
-50.0,50,162.788943
-50.0,50,162.998895
-50.0,50,163.211379
-50.0,50,163.419924
-50.0,50,163.629402
-50.0,50,163.842656
-50.0,50,164.054557
-50.0,50,164.266442
-50.0,50,164.479895
-46.0,50,164.69
-30.0,50,164.899825
-50.0,50,165.123033
-50.0,50,165.334787
-36.0,50,165.545096
-50.0,50,165.762201
-50.0,50,165.967858
-50.0,50,166.174384
-13.0,50,166.385853
-16.0,50,166.591759
-41.0,50,166.798811
-50.0,50,167.014842
-25.0,50,167.229521
-50.0,50,167.440395
-50.0,50,167.655943
-50.0,50,167.863755
-50.0,50,168.087091
-50.0,50,168.304927
-45.0,50,168.513555
-49.0,50,168.73143
-50.0,50,168.94627
-50.0,50,169.163764
-50.0,50,169.372926
-50.0,50,169.580942
-4.0,50,169.791648
-50.0,50,170.007513
-16.0,50,170.221475
-28.0,50,170.43327
-50.0,50,170.649633
-50.0,50,170.858172
-50.0,50,171.065239
-50.0,50,171.276115
-31.0,50,171.504398
-50.0,50,171.72576
-50.0,50,171.937932
-13.0,50,172.154817
-35.0,50,172.367384
-29.0,50,172.576788
-36.0,50,172.786858
-31.0,50,173.002131
-50.0,50,173.214563
-50.0,50,173.430046
-11.0,50,173.646132
-50.0,50,173.8786
-29.0,50,174.094401
-50.0,50,174.307426
-33.0,50,174.516471
-44.0,50,174.728292
-32.0,50,174.944608
-50.0,50,175.158467
-16.0,50,175.368599
-50.0,50,175.57665
-50.0,50,175.789057
-50.0,50,176.000292
-36.0,50,176.207443
-50.0,50,176.417263
-50.0,50,176.627739
-50.0,50,176.837967
-50.0,50,177.049361
-50.0,50,177.260102
-50.0,50,177.470745
-50.0,50,177.679459
-50.0,50,177.889172
-31.0,50,178.101494
-50.0,50,178.313724
-50.0,50,178.537923
-43.0,50,178.750037
-50.0,50,178.965937
-50.0,50,179.175224
-16.0,50,179.383365
-7.0,50,179.597259
-44.0,50,179.80674
-38.0,50,180.014184
-50.0,50,180.226479
-50.0,50,180.438673
-44.0,50,180.646357
-36.0,50,180.860427
-30.0,50,181.077482
-30.0,50,181.285267
-50.0,50,181.49794
-50.0,50,181.709041
-50.0,50,181.919036
-50.0,50,182.135306
-50.0,50,182.348356
-50.0,50,182.562035
-44.0,50,182.776323
-50.0,50,182.987769
-10.0,50,183.219794
-50.0,50,183.440891
-42.0,50,183.655184
-42.0,50,183.872218
-15.0,50,184.093141
-31.0,50,184.305794
-50.0,50,184.520984
-50.0,50,184.728265
-19.0,50,184.933987
-50.0,50,185.151223
-40.0,50,185.362402
-36.0,50,185.571001
-48.0,50,185.785692
-50.0,50,186.002352
-23.0,50,186.223022
-41.0,50,186.43491
-48.0,50,186.642184
-47.0,50,186.851737
-50.0,50,187.065781
-50.0,50,187.278768
-44.0,50,187.493091
-20.0,50,187.712858
-17.0,50,187.92645
-50.0,50,188.133272
-50.0,50,188.343355
-20.0,50,188.555292
-18.0,50,188.769815
-49.0,50,188.982844
-50.0,50,189.189948
-29.0,50,189.404021
-50.0,50,189.609818
-50.0,50,189.822205
-50.0,50,190.032064
-42.0,50,190.248246
-50.0,50,190.460231
-38.0,50,190.666749
-50.0,50,190.877622
-6.0,50,191.091833
-49.0,50,191.304042
-49.0,50,191.524999
-47.0,50,191.738931
-50.0,50,191.950239
-50.0,50,192.157053
-50.0,50,192.378462
-48.0,50,192.593992
-37.0,50,192.809329
-23.0,50,193.0267
-50.0,50,193.23901
-50.0,50,193.450861
-50.0,50,193.657006
-50.0,50,193.870494
-50.0,50,194.0842
-47.0,50,194.297689
-50.0,50,194.504703
-50.0,50,194.71688
-15.0,50,194.935988
-50.0,50,195.174807
-30.0,50,195.601501
-50.0,50,195.817635
-20.0,50,196.028731
-50.0,50,196.256558
-38.0,50,196.477749
-2.0,50,196.698815
-48.0,50,196.911425
-45.0,50,197.133127
-37.0,50,197.343014
-49.0,50,197.557135
-16.0,50,197.767761
-50.0,50,197.983256
-34.0,50,198.19406
-50.0,50,198.400511
-50.0,50,198.612397
-8.0,50,198.822028
-50.0,50,199.034271
-16.0,50,199.249188
-40.0,50,199.461245
-19.0,50,199.674465
-50.0,50,199.910588
-45.0,50,200.123998
-42.0,50,200.3412
-47.0,50,200.551202
-46.0,50,200.770139
-49.0,50,200.980903
-31.0,50,201.191659
-12.0,50,201.40626
-45.0,50,201.618584
-31.0,50,201.836858
-50.0,50,202.047308
-50.0,50,202.259778
-7.0,50,202.476829
-11.0,50,202.686165
-50.0,50,202.891724
-18.0,50,203.101049
-8.0,50,203.308846
-9.0,50,203.514917
-14.0,50,203.720778
-36.0,50,203.927131
-2.0,50,204.132497
-50.0,50,204.337987
-26.0,50,204.544065
-19.0,50,204.752191
-3.0,50,204.958234
-50.0,50,205.165545
-6.0,50,205.370736
-7.0,50,205.576545
-36.0,50,205.78367
-24.0,50,205.988483
-24.0,50,206.192627
-50.0,50,206.399017
-50.0,50,206.604298
-2.0,50,206.809437
-50.0,50,207.014344
-50.0,50,207.223062
-31.0,50,207.428254
-50.0,50,207.633092
-26.0,50,207.84271
-25.0,50,208.047935
-15.0,50,208.253838
-39.0,50,208.458647
-50.0,50,208.66305
-28.0,50,208.868962
-50.0,50,209.073897
-50.0,50,209.277589
-36.0,50,209.482716
-50.0,50,209.687503
-50.0,50,209.89357
-50.0,50,210.099467
-50.0,50,210.304645
-31.0,50,210.508601
-16.0,50,210.714358
-50.0,50,210.920588
-46.0,50,211.125476
-50.0,50,211.334867
-46.0,50,211.538647
-42.0,50,211.744901
-50.0,50,211.951403
-50.0,50,212.15679
-50.0,50,212.361984
-50.0,50,212.567018
-17.0,50,212.772467
-8.0,50,212.980804
-18.0,50,213.187801
-6.0,50,213.395377
-50.0,50,213.599851
-8.0,50,213.804726
-18.0,50,214.010805
-7.0,50,214.215484
-50.0,50,214.422324
-41.0,50,214.631112
-23.0,50,214.836418
-31.0,50,215.047961
-50.0,50,215.255152
-18.0,50,215.461126
-50.0,50,215.666733
-33.0,50,215.871183
-16.0,50,216.076603
-50.0,50,216.282021
-50.0,50,216.489421
-41.0,50,216.694663
-50.0,50,216.9015
-39.0,50,217.111174
-27.0,50,217.337826
-50.0,50,217.552767
-47.0,50,217.762316
-47.0,50,217.972299
-50.0,50,218.198945
-50.0,50,218.433676
-25.0,50,218.647686
-50.0,50,218.867447
-5.0,50,219.081763
-6.0,50,219.303178
-50.0,50,219.521118
-50.0,50,219.741657
-50.0,50,219.966185
-39.0,50,220.180693
-2.0,50,220.39272
-50.0,50,220.607609
-21.0,50,220.820488
-40.0,50,221.038091
-50.0,50,221.248003
-38.0,50,221.454712
-50.0,50,221.664521
-50.0,50,221.87922
-38.0,50,222.104817
-50.0,50,222.311479
-31.0,50,222.521415
-44.0,50,222.732687
-50.0,50,222.943469
-27.0,50,223.152696
-50.0,50,223.362103
-50.0,50,223.569621
-50.0,50,223.776898
-28.0,50,223.98505
-50.0,50,224.192471
-36.0,50,224.399066
-50.0,50,224.603524
-50.0,50,224.809759
-50.0,50,225.017273
-45.0,50,225.223541
-50.0,50,225.431606
-50.0,50,225.646365
-36.0,50,225.864197
-33.0,50,226.080148
-49.0,50,226.295643
-27.0,50,226.533021
-50.0,50,226.74666
-47.0,50,226.965993
-50.0,50,227.188811
-50.0,50,227.40383
-41.0,50,227.618248
-50.0,50,227.835477
-50.0,50,228.05141
-24.0,50,228.26534
-43.0,50,228.480159
-41.0,50,228.691223
-40.0,50,228.913885
-7.0,50,229.12806
-19.0,50,229.342714
-47.0,50,229.55375
-35.0,50,229.768817
-13.0,50,229.981501
-50.0,50,230.193553
-47.0,50,230.404459
-50.0,50,230.616155
-41.0,50,230.852277
-44.0,50,231.068144
-20.0,50,231.284128
-46.0,50,231.511075
-45.0,50,231.732193
-50.0,50,231.948443
-49.0,50,232.180939
-48.0,50,232.393656
-48.0,50,232.608842
-2.0,50,232.823482
-49.0,50,233.039063
-50.0,50,233.253485
-2.0,50,233.485979
-26.0,50,233.69841
-10.0,50,233.918805
-2.0,50,234.137403
-44.0,50,234.360221
-48.0,50,234.575361
-2.0,50,234.791442
-18.0,50,235.006583
-39.0,50,235.230733
-39.0,50,235.441456
-4.0,50,235.65039
-6.0,50,235.868595
-13.0,50,236.084466
-47.0,50,236.312551
-26.0,50,236.523178
-6.0,50,236.733659
-48.0,50,236.944005
-20.0,50,237.153899
-6.0,50,237.364158
-10.0,50,237.578439
-18.0,50,237.793197
-1.0,50,238.008027
-40.0,50,238.218324
-49.0,50,238.427086
-50.0,50,238.635481
-47.0,50,238.887424
-6.0,50,239.13227
-6.0,50,239.378914
-24.0,50,239.625651
-23.0,50,239.854373
-2.0,50,240.086326
-48.0,50,240.301255
-47.0,50,240.517607
-7.0,50,240.732684
-20.0,50,240.947753
-10.0,50,241.162752
-2.0,50,241.380989
-19.0,50,241.598068
-37.0,50,241.811888
-18.0,50,242.024445
-2.0,50,242.235928
-49.0,50,242.459791
-4.0,50,242.68221
-36.0,50,242.894729
-6.0,50,243.110999
-10.0,50,243.325107
-47.0,50,243.536793
-50.0,50,243.749005
-1.0,50,243.960827
-46.0,50,244.17377
-33.0,50,244.388353
-36.0,50,244.602643
-4.0,50,244.8192
-20.0,50,245.032263
-27.0,50,245.24584
-45.0,50,245.458373
-26.0,50,245.672358
-3.0,50,245.889228
-5.0,50,246.101288
-2.0,50,246.327983
-8.0,50,246.555623
-4.0,50,246.781868
-2.0,50,246.997923
-29.0,50,247.214645
-15.0,50,247.426229
-1.0,50,247.639556
-15.0,50,247.85137
-40.0,50,248.064007
-30.0,50,248.276841
-42.0,50,248.490264
-3.0,50,248.701691
-2.0,50,248.913816
-34.0,50,249.126569
-3.0,50,249.339936
-19.0,50,249.552504
-10.0,50,249.767511
-2.0,50,249.981885
-24.0,50,250.19917
-6.0,50,250.414771
-5.0,50,250.633136
-28.0,50,250.852564
-4.0,50,251.068193
-8.0,50,251.283158
-15.0,50,251.49872
-27.0,50,251.710959
-18.0,50,251.928336
-31.0,50,252.142697
-10.0,50,252.357762
-17.0,50,252.585576
-33.0,50,252.80111
-50.0,50,253.014585
-11.0,50,253.226767
-26.0,50,253.441692
-26.0,50,253.657646
-31.0,50,253.879989
-40.0,50,254.10467
-27.0,50,254.333626
-47.0,50,254.561156
-38.0,50,254.785678
-44.0,50,255.010794
-11.0,50,255.224689
-41.0,50,255.44039
-4.0,50,255.653689
-50.0,50,255.864087
-32.0,50,256.07698
-50.0,50,256.290534
-44.0,50,256.502854
-43.0,50,256.715344
-48.0,50,256.929725
-4.0,50,257.144793
-2.0,50,257.36246
-8.0,50,257.574455
-47.0,50,257.786789
-1.0,50,258.002437
-2.0,50,258.215279
-4.0,50,258.426948
-25.0,50,258.640608
-3.0,50,258.8549
-2.0,50,259.066969
-12.0,50,259.279385
-3.0,50,259.492284
0.0,50,259.706486
-7.0,50,259.923541
0.0,50,260.13607
-6.0,50,260.349169
-21.0,50,260.563792
-7.0,50,260.778509
-22.0,50,260.994173
-2.0,50,261.208305
-7.0,50,261.422816
-5.0,50,261.634139
-15.0,50,261.848191
-2.0,50,262.062952
-8.0,50,262.27985
-3.0,50,262.495625
-3.0,50,262.71025
-4.0,50,262.923879
-35.0,50,263.140009
-18.0,50,263.356519
-12.0,50,263.5707
-3.0,50,263.784115
-9.0,50,264.006722
-12.0,50,264.220994
-27.0,50,264.43487
-31.0,50,264.65005
-5.0,50,264.8758
-36.0,50,265.095856
-2.0,50,265.315813
-11.0,50,265.544534
-50.0,50,265.775577
-9.0,50,265.998052
-6.0,50,266.210811
-15.0,50,266.422642
-43.0,50,266.637575
-50.0,50,266.849734
-45.0,50,267.061934
-35.0,50,267.275171
-50.0,50,267.491783
-7.0,50,267.703641
-42.0,50,267.91577
-28.0,50,268.127625
-6.0,50,268.340296
-17.0,50,268.552398
-29.0,50,268.763564
-50.0,50,268.976386
-21.0,50,269.208033
-14.0,50,269.423464
0.0,50,269.635778
-34.0,50,269.848927
-3.0,50,270.063674
-36.0,50,270.280348
-26.0,50,270.496181
-11.0,50,270.708449
-6.0,50,270.930799
-13.0,50,271.143504
-13.0,50,271.359017
-15.0,50,271.57512
-4.0,50,271.791414
-5.0,50,272.005649
-1.0,50,272.219316
0.0,50,272.434515
-1.0,50,272.662118
-3.0,50,272.876134
-5.0,50,273.090828
-12.0,50,273.303694
-2.0,50,273.528718
-2.0,50,273.741554
-2.0,50,273.959723
-43.0,50,274.173534
-1.0,50,274.389125
-2.0,50,274.602128
0.0,50,274.815838
-5.0,50,275.028703
-26.0,50,275.243825
-2.0,50,275.456269
-2.0,50,275.668175
-2.0,50,275.890116
-8.0,50,276.109074
-26.0,50,276.323345
-1.0,50,276.534704
-26.0,50,276.747136
-14.0,50,276.962006
-2.0,50,277.181004
-3.0,50,277.397338
-2.0,50,277.621896
-2.0,50,277.842683
-46.0,50,278.054954
-50.0,50,278.267663
0.0,50,278.481032
-1.0,50,278.695899
-3.0,50,278.908971
-5.0,50,279.123691
-13.0,50,279.335903
-6.0,50,279.553225
-3.0,50,279.764073
-12.0,50,279.977779
-3.0,50,280.197952
-2.0,50,280.414259
-2.0,50,280.625924
-2.0,50,280.841028
-5.0,50,281.054204
-14.0,50,281.275411
-6.0,50,281.488169
-2.0,50,281.707272
-3.0,50,281.922075
-21.0,50,282.136316
-1.0,50,282.350167
-31.0,50,282.566168
-14.0,50,282.784115
-3.0,50,283.005252
-1.0,50,283.217281
-1.0,50,283.429514
-1.0,50,283.6428
-3.0,50,283.855792
-21.0,50,284.067889
-2.0,50,284.284287
-16.0,50,284.495751
-2.0,50,284.709822
-21.0,50,284.92196
-26.0,50,285.136396
-27.0,50,285.347321
-1.0,50,285.560281
-5.0,50,285.774177
-2.0,50,285.992192
-17.0,50,286.208724
-2.0,50,286.423066
-4.0,50,286.634439
-26.0,50,286.846207
-2.0,50,287.060476
-13.0,50,287.2751
-2.0,50,287.489496
-1.0,50,287.701436
-2.0,50,287.913831
-1.0,50,288.127801
-2.0,50,288.338436
-2.0,50,288.557619
-8.0,50,288.769097
-2.0,50,288.985402
-3.0,50,289.198808
-2.0,50,289.417098
-1.0,50,289.629284
-22.0,50,289.845155
-2.0,50,290.055913
-2.0,50,290.266022
-1.0,50,290.481312
0.0,50,290.697526
-12.0,50,290.909382
-14.0,50,291.123109
0.0,50,291.336263
-3.0,50,291.555924
-1.0,50,291.770579
-5.0,50,291.984724
-2.0,50,292.205018
-1.0,50,292.439086
-5.0,50,292.656195
-3.0,50,292.870618
-2.0,50,293.086299
-3.0,50,293.301574
-2.0,50,293.514107
-1.0,50,293.726218
-3.0,50,293.946639
-3.0,50,294.161723
-3.0,50,294.375149
-5.0,50,294.5887
-1.0,50,294.802819
-5.0,50,295.018422
-2.0,50,295.231202
0.0,50,295.445179
-3.0,50,295.657361
-2.0,50,295.876027
-2.0,50,296.095292
0.0,50,296.305217
-2.0,50,296.519659
0.0,50,296.73531
0.0,50,296.96238
-1.0,50,297.189737
-2.0,50,297.421827
-1.0,50,297.646025
-3.0,50,297.861234
-1.0,50,298.076385
0.0,50,298.290593
-2.0,50,298.505385
-5.0,50,298.718001
0.0,50,298.932128
-3.0,50,299.144143
-2.0,50,299.362012
-2.0,50,299.574893
-2.0,50,299.787589
0.0,50,300.000965
-2.0,50,300.221505
-1.0,50,300.435522
0.0,50,300.650712
-1.0,50,300.863352
-1.0,50,301.081398
-10.0,50,301.293745
-5.0,50,301.508918
-6.0,50,301.726944
-2.0,50,301.941579
-3.0,50,302.151851
-3.0,50,302.365601
0.0,50,302.581165
-2.0,50,302.996852
-3.0,50,303.211579
-3.0,50,303.423814
-1.0,50,303.636424
-2.0,50,303.867587
0.0,50,304.082898
-1.0,50,304.295994
-2.0,50,304.508739
-1.0,50,304.725364
-3.0,50,304.946591
-2.0,50,305.160408
-27.0,50,305.378213
-2.0,50,305.598618
-2.0,50,305.810971
-2.0,50,306.028274
-2.0,50,306.244151
-26.0,50,306.462388
-3.0,50,306.680133
-25.0,50,306.892324
-2.0,50,307.105978
-2.0,50,307.320943
0.0,50,307.533151
-7.0,50,307.745904
-3.0,50,307.956903
-3.0,50,308.171738
-1.0,50,308.384664
-1.0,50,308.596501
-3.0,50,308.816475
-3.0,50,309.030805
0.0,50,309.242771
-2.0,50,309.461508
-2.0,50,309.674661
-21.0,50,309.892422
-2.0,50,310.10485
-2.0,50,310.315935
-1.0,50,310.527319
-6.0,50,310.744616
-2.0,50,310.96773
-6.0,50,311.181884
-10.0,50,311.397141
-2.0,50,311.614651
-2.0,50,311.830113
0.0,50,312.045306
-3.0,50,312.260064
-1.0,50,312.480112
-3.0,50,312.69365
-4.0,50,312.907823
-1.0,50,313.123185
-2.0,50,313.339161
0.0,50,313.553827
0.0,50,313.766722
0.0,50,313.980556
-1.0,50,314.197513
-1.0,50,314.4121
0.0,50,314.626536
-3.0,50,314.845516
-2.0,50,315.064041
0.0,50,315.277749
-1.0,50,315.491795
0.0,50,315.705542
-1.0,50,315.919578
-2.0,50,316.144458
-7.0,50,316.359401
-5.0,50,316.572483
-3.0,50,316.788001
-2.0,50,317.000825
-2.0,50,317.216648
-16.0,50,317.430454
-2.0,50,317.643787
-2.0,50,317.862239
0.0,50,318.074717
-1.0,50,318.287291
0.0,50,318.501787
-1.0,50,318.715411
-2.0,50,318.931484
0.0,50,319.143093
-3.0,50,319.355828
-2.0,50,319.567521
-2.0,50,319.778651
0.0,50,319.991981
-1.0,50,320.210018
0.0,50,320.422901
-1.0,50,320.635608
-3.0,50,320.858102
-2.0,50,321.097272
-2.0,50,321.317788
-1.0,50,321.544407
-1.0,50,321.766346
-2.0,50,321.98909
-1.0,50,322.201962
-2.0,50,322.4252
-2.0,50,322.639849
-3.0,50,322.854139
-1.0,50,323.066418
-2.0,50,323.279934
0.0,50,323.493356
0.0,50,323.709762
-9.0,50,323.927314
-1.0,50,324.14122
-2.0,50,324.359016
-1.0,50,324.57516
-2.0,50,324.788518
-1.0,50,325.011192
-2.0,50,325.23818
-1.0,50,325.455183
0.0,50,325.668265
-2.0,50,325.88144
-3.0,50,326.094682
-2.0,50,326.314088
-2.0,50,326.530482
-3.0,50,326.740781
-1.0,50,326.950946
-1.0,50,327.167182
-1.0,50,327.380267
-3.0,50,327.5952
-1.0,50,327.80556
-2.0,50,328.019568
-3.0,50,328.238259
-2.0,50,328.450895
-1.0,50,328.66605
-2.0,50,328.880945
-2.0,50,329.094145
-1.0,50,329.317048
-2.0,50,329.533209
0.0,50,329.746761
-2.0,50,329.966076
-2.0,50,330.178807
-1.0,50,330.395846
-2.0,50,330.610231
-2.0,50,330.820831
-3.0,50,331.032275
-2.0,50,331.244826
-2.0,50,331.461466
-3.0,50,331.679981
-1.0,50,331.893425
-2.0,50,332.105922
-2.0,50,332.325313
0.0,50,332.542714
-3.0,50,332.75677
-1.0,50,332.969451
-1.0,50,333.189911
-2.0,50,333.405053
0.0,50,333.618235
-2.0,50,333.830608
-1.0,50,334.047272
-2.0,50,334.26582
-1.0,50,334.478518
-3.0,50,334.697502
-3.0,50,334.910646
-3.0,50,335.125446
-1.0,50,335.338364
-1.0,50,335.551981
0.0,50,335.764089
-1.0,50,335.976666
0.0,50,336.188501
0.0,50,336.39926
-1.0,50,336.612338
-5.0,50,336.827689
-2.0,50,337.037497
-2.0,50,337.253743
0.0,50,337.46688
-3.0,50,337.678819
-2.0,50,337.891833
-3.0,50,338.102842
-1.0,50,338.316274
-2.0,50,338.550323
-3.0,50,338.769387
-2.0,50,338.986077
0.0,50,339.199717
-2.0,50,339.418218
-1.0,50,339.631091
-2.0,50,339.843818
-3.0,50,340.065005
-2.0,50,340.278702
-2.0,50,340.492098
0.0,50,340.703428
-2.0,50,340.923289
-2.0,50,341.139536
-2.0,50,341.359288
-1.0,50,341.572269
-2.0,50,341.787672
-3.0,50,342.009275
-2.0,50,342.230353
-3.0,50,342.443372
0.0,50,342.662264
-2.0,50,342.877065
-2.0,50,343.093949
-2.0,50,343.309254
-2.0,50,343.533749
-2.0,50,343.747896
-2.0,50,343.96632
-1.0,50,344.202555
-2.0,50,344.432236
-1.0,50,344.678611
-1.0,50,344.929567
-2.0,50,345.175646
-2.0,50,345.421166
-1.0,50,345.652154
0.0,50,345.87775
-2.0,50,346.113137
-1.0,50,346.342091
-2.0,50,346.559686
0.0,50,346.771611
0.0,50,346.981399
-2.0,50,347.207717
-2.0,50,347.432504
0.0,50,347.662299
-2.0,50,347.905098
-3.0,50,348.143046
-2.0,50,348.378655
-1.0,50,348.610057
-2.0,50,348.839955
-1.0,50,349.058097
-1.0,50,349.276387
-2.0,50,349.498757
-2.0,50,349.723602
-1.0,50,349.947853
0.0,50,350.166061
-2.0,50,350.394881
-2.0,50,350.634168
-2.0,50,350.866756
-1.0,50,351.089848
-2.0,50,351.310151
-1.0,50,351.525613
-2.0,50,351.745002
-1.0,50,351.965596
-2.0,50,352.181148
-2.0,50,352.397433
0.0,50,352.617027
-1.0,50,352.833286
-3.0,50,353.046441
-3.0,50,353.264652
-2.0,50,353.483518
-3.0,50,353.698815
-1.0,50,353.918966
-2.0,50,354.135546
-2.0,50,354.351822
-2.0,50,354.565741
-2.0,50,354.782943
-2.0,50,354.996348
-1.0,50,355.231902
0.0,50,355.447689
-2.0,50,355.664675
-2.0,50,355.883876
0.0,50,356.101445
-2.0,50,356.317139
-2.0,50,356.537605
-1.0,50,356.748588
-3.0,50,356.962094
-3.0,50,357.180418
-2.0,50,357.397297
-2.0,50,357.614851
-2.0,50,357.826878
-2.0,50,358.046289
-2.0,50,358.264276
-1.0,50,358.47557
-1.0,50,358.687723
-2.0,50,358.905979
-1.0,50,359.119129
-2.0,50,359.330119
0.0,50,359.542941
-2.0,50,359.753057
-2.0,50,359.963721
-1.0,50,360.179277
-1.0,50,360.391593
-2.0,50,360.602408
-2.0,50,360.813754
-1.0,50,361.024183
-3.0,50,361.247636
-2.0,50,361.463018
-2.0,50,361.681235
-1.0,50,361.894473
-1.0,50,362.111763
-1.0,50,362.328293
0.0,50,362.542959
-2.0,50,362.754896
-1.0,50,362.970054
-2.0,50,363.18224
-1.0,50,363.393965
0.0,50,363.607466
-1.0,50,363.823134
-3.0,50,364.035534
-1.0,50,364.250665
0.0,50,364.477422
-2.0,50,364.709607
-2.0,50,364.943891
-2.0,50,365.176011
0.0,50,365.397547
-1.0,50,365.613233
-2.0,50,365.82563
-2.0,50,366.037737
-2.0,50,366.248419
-2.0,50,366.466562
-2.0,50,366.678297
-1.0,50,366.888987
-2.0,50,367.10455
-2.0,50,367.315519
-2.0,50,367.525338
-2.0,50,367.743011
0.0,50,367.95256
-3.0,50,368.175015
-1.0,50,368.3906
-2.0,50,368.608625
-2.0,50,368.830737
-1.0,50,369.047786
-1.0,50,369.259825
-3.0,50,369.46968
-2.0,50,369.678784
-2.0,50,369.895606
-2.0,50,370.113446
-3.0,50,370.323765
-2.0,50,370.534475
-2.0,50,370.762114
-2.0,50,370.97269
-1.0,50,371.183183
-3.0,50,371.394885
-3.0,50,371.613949
-1.0,50,371.827742
-3.0,50,372.046604
0.0,50,372.25767
-3.0,50,372.47205
-2.0,50,372.692283
0.0,50,372.903361
0.0,50,373.114838
-2.0,50,373.333735
-3.0,50,373.547101
-2.0,50,373.765014
-2.0,50,373.979393
-3.0,50,374.199898
-1.0,50,374.41221
-1.0,50,374.623362
0.0,50,374.834603
-2.0,50,375.048375
-3.0,50,375.266767
-3.0,50,375.483776
-3.0,50,375.695762
-2.0,50,375.914601
-2.0,50,376.126522
-2.0,50,376.341436
-2.0,50,376.55703
0.0,50,376.769397
0.0,50,376.978845
0.0,50,377.189283
-2.0,50,377.404884
-2.0,50,377.617126
0.0,50,377.828892
-2.0,50,378.04001
-2.0,50,378.249937
-1.0,50,378.461975
-2.0,50,378.672596
-3.0,50,378.890597
-1.0,50,379.103488
-2.0,50,379.322292
-2.0,50,379.532486
-1.0,50,379.744156
-1.0,50,379.953075
-2.0,50,380.167329
-2.0,50,380.378089
-2.0,50,380.595232
-2.0,50,380.807525
0.0,50,381.020202
-1.0,50,381.230835
-3.0,50,381.440579
-2.0,50,381.656011
-1.0,50,381.872466
-1.0,50,382.087379
0.0,50,382.300415
-2.0,50,382.51302
-1.0,50,382.730847
-2.0,50,382.943609
-2.0,50,383.162853
-2.0,50,383.380497
-3.0,50,383.594992
-1.0,50,383.807821
-1.0,50,384.022623
-1.0,50,384.235745
-2.0,50,384.455471
-2.0,50,384.673528
-2.0,50,384.894152
-2.0,50,385.114789
-2.0,50,385.328639
-1.0,50,385.542951
-1.0,50,385.755952
-2.0,50,385.970539
-3.0,50,386.20414
-2.0,50,386.421168
-2.0,50,386.640256
-1.0,50,386.857544
-2.0,50,387.072007
-2.0,50,387.285105
-2.0,50,387.496841
-2.0,50,387.715537
-3.0,50,387.943218
-2.0,50,388.169386
-2.0,50,388.393425
-3.0,50,388.622136
-1.0,50,388.837079
-2.0,50,389.048396
-2.0,50,389.261811
-1.0,50,389.485048
-2.0,50,389.703529
-1.0,50,389.915256
-1.0,50,390.126207
0.0,50,390.336751
-3.0,50,390.55518
-2.0,50,390.766361
0.0,50,390.976308
-2.0,50,391.186736
-2.0,50,391.407337
0.0,50,391.620813
-1.0,50,391.832753
0.0,50,392.045596
-3.0,50,392.269141
-2.0,50,392.480669
-2.0,50,392.694795
-1.0,50,392.906575
-1.0,50,393.123477
-1.0,50,393.334613
-2.0,50,393.547513
-1.0,50,393.75808
0.0,50,393.969897
0.0,50,394.183328
0.0,50,394.394682
-3.0,50,394.614294
-1.0,50,394.827603
-1.0,50,395.040575
-2.0,50,395.251906
-2.0,50,395.46365
-2.0,50,395.680769
-1.0,50,395.892099
-3.0,50,396.102358
-2.0,50,396.312793
-3.0,50,396.524145
-2.0,50,396.734541
-1.0,50,396.943586
-1.0,50,397.156539
-2.0,50,397.37308
-2.0,50,397.590606
-1.0,50,397.80458
-1.0,50,398.018762
-2.0,50,398.234585
-1.0,50,398.446374
0.0,50,398.656569
-2.0,50,398.875351
-1.0,50,399.089442
-1.0,50,399.302173
-3.0,50,399.519627
-1.0,50,399.729878
-1.0,50,399.940686
-2.0,50,400.153877
-1.0,50,400.369226
-3.0,50,400.578431
-1.0,50,400.790437
-2.0,50,401.005216
-1.0,50,401.216286
-1.0,50,401.426999
-2.0,50,401.662223
0.0,50,401.880577
-2.0,50,402.101115
-2.0,50,402.314086
0.0,50,402.528438
-1.0,50,402.74328
-2.0,50,402.956248
0.0,50,403.17016
-2.0,50,403.389593
-1.0,50,403.607799
-2.0,50,403.825101
-2.0,50,404.044799
-3.0,50,404.26228
0.0,50,404.474317
-2.0,50,404.692608
-2.0,50,404.905164
-1.0,50,405.119854
-1.0,50,405.334135
0.0,50,405.546071
-2.0,50,405.76529
-2.0,50,405.980816
-2.0,50,406.202546
-2.0,50,406.422323
-2.0,50,406.634948
-3.0,50,406.850546
-1.0,50,407.068179
-2.0,50,407.283322
-2.0,50,407.495774
-3.0,50,407.713312
-2.0,50,407.931765
-2.0,50,408.142613
-2.0,50,408.352716
-2.0,50,408.566269
-3.0,50,408.78019
-2.0,50,408.996943
-2.0,50,409.209685
-1.0,50,409.423623
-2.0,50,409.635636
-1.0,50,409.846869
-2.0,50,410.058531
-2.0,50,410.277702
-3.0,50,410.496034
-2.0,50,410.709342
-1.0,50,410.920664
-2.0,50,411.344302
-1.0,50,411.556966
-1.0,50,411.768125
-1.0,50,411.986118
-2.0,50,412.217658
-2.0,50,412.441279
-3.0,50,412.673913
-2.0,50,412.891714
-2.0,50,413.11124
-3.0,50,413.32946
-3.0,50,413.549154
-1.0,50,413.761888
-1.0,50,413.977508
-2.0,50,414.193903
-2.0,50,414.406927
-2.0,50,414.620207
0.0,50,414.834622
-2.0,50,415.05455
-2.0,50,415.268225
-2.0,50,415.483433
-2.0,50,415.704664
-2.0,50,415.918546
-3.0,50,416.132194
0.0,50,416.345627
-1.0,50,416.564017
0.0,50,416.780864
-2.0,50,416.99423
-1.0,50,417.20455
-2.0,50,417.418927
-2.0,50,417.63308
0.0,50,417.843884
0.0,50,418.054943
-3.0,50,418.26903
-1.0,50,418.483118
-1.0,50,418.693725
-1.0,50,418.903967
-2.0,50,419.122672
-2.0,50,419.338685
0.0,50,419.547936
-2.0,50,419.758833
-3.0,50,419.976188
-1.0,50,420.188629
0.0,50,420.399125
-2.0,50,420.608154
-2.0,50,420.820629
-2.0,50,421.031975
-3.0,50,421.244203
-1.0,50,421.457428
-1.0,50,421.67209
-1.0,50,421.888751
-2.0,50,422.115182
-3.0,50,422.336446
0.0,50,422.553539
-2.0,50,422.767121
-3.0,50,422.988567
-1.0,50,423.204381
-2.0,50,423.425352
0.0,50,423.638211
0.0,50,423.849609
-2.0,50,424.065341
-2.0,50,424.281811
-3.0,50,424.500525
-2.0,50,424.714068
-3.0,50,424.928112
-3.0,50,425.141428
-1.0,50,425.353997
-1.0,50,425.573144
0.0,50,425.785532
-3.0,50,426.016161
-1.0,50,426.229891
-3.0,50,426.448423
-2.0,50,426.660806
-1.0,50,426.876665
-2.0,50,427.088618
-2.0,50,427.307282
-3.0,50,427.519205
-2.0,50,427.740632
0.0,50,427.951874
-1.0,50,428.161825
-3.0,50,428.379244
-3.0,50,428.594188
-1.0,50,428.807273
-2.0,50,429.017834
-1.0,50,429.229243
-1.0,50,429.442729
-2.0,50,429.655975
-3.0,50,429.868449
0.0,50,430.079646
-2.0,50,430.297078
-2.0,50,430.509429
-1.0,50,430.719778
-2.0,50,430.929929
-2.0,50,431.142285
-2.0,50,431.355027
0.0,50,431.565212
-3.0,50,431.77668
-3.0,50,431.995343
-2.0,50,432.210998
-2.0,50,432.431386
-1.0,50,432.645539
-2.0,50,432.862746
-3.0,50,433.075341
-3.0,50,433.288386
-1.0,50,433.502495
-1.0,50,433.719607
-1.0,50,433.93265
-1.0,50,434.143675
-2.0,50,434.357294
-2.0,50,434.572965
-3.0,50,434.786162
0.0,50,434.999731
-2.0,50,435.215379
-2.0,50,435.436156
-1.0,50,435.65217
0.0,50,435.86426
-2.0,50,436.077859
-2.0,50,436.29304
-1.0,50,436.505899
-1.0,50,436.718132
-1.0,50,436.931783
-1.0,50,437.145057
-3.0,50,437.356245
0.0,50,437.5677
-1.0,50,437.781377
-1.0,50,437.998501
-1.0,50,438.232615
-3.0,50,438.452375
-1.0,50,438.672039
-2.0,50,438.904451
0.0,50,439.12015
-2.0,50,439.342244
0.0,50,439.566677
-1.0,50,439.802269
-2.0,50,440.020496
-2.0,50,440.233823
0.0,50,440.444887
-2.0,50,440.664747
-1.0,50,440.877563
-2.0,50,441.095369
-2.0,50,441.308876
-1.0,50,441.52294
-2.0,50,441.734025
-2.0,50,441.94382
-2.0,50,442.160872
0.0,50,442.374772
-1.0,50,442.586071
-2.0,50,442.816257
-2.0,50,443.047176
-1.0,50,443.279727
0.0,50,443.491626
-2.0,50,443.701526
0.0,50,443.912088
-2.0,50,444.131604
-2.0,50,444.342127
-1.0,50,444.551882
-1.0,50,444.763091
0.0,50,444.977407
-3.0,50,445.187297
0.0,50,445.397021
-3.0,50,445.612276
-2.0,50,445.824405
-2.0,50,446.040097
-1.0,50,446.250385
-1.0,50,446.461472
-1.0,50,446.67252
-2.0,50,446.883951
-1.0,50,447.095465
-1.0,50,447.306002
-1.0,50,447.517624
-3.0,50,447.728026
-2.0,50,447.939195
-2.0,50,448.15078
-3.0,50,448.362936
-2.0,50,448.573599
-2.0,50,448.788316
-3.0,50,448.998197
-2.0,50,449.211136
-2.0,50,449.419839
0.0,50,449.630811
-2.0,50,449.842186
-2.0,50,450.05829
-2.0,50,450.268219
-2.0,50,450.476926
-1.0,50,450.6872
-1.0,50,450.900788
-1.0,50,451.112495
-1.0,50,451.322556
-2.0,50,451.532278
-2.0,50,451.749549
0.0,50,451.958195
-3.0,50,452.173816
0.0,50,452.385135
-1.0,50,452.615992
-1.0,50,452.830619
-1.0,50,453.047105
-1.0,50,453.260199
-2.0,50,453.475277
-1.0,50,453.689117
-2.0,50,453.902736
-2.0,50,454.121297
-1.0,50,454.355784
-1.0,50,454.591311
-2.0,50,454.813674
-3.0,50,455.027421
-3.0,50,455.243616
-2.0,50,455.464223
-2.0,50,455.68463
-2.0,50,455.900917
-2.0,50,456.115704
-2.0,50,456.328962
-2.0,50,456.543495
-2.0,50,456.760104
-2.0,50,456.973956
-2.0,50,457.186809
-1.0,50,457.402839
0.0,50,457.615426
-2.0,50,457.829027
-2.0,50,458.042069
-3.0,50,458.258708
-3.0,50,458.469955
-2.0,50,458.689057
-2.0,50,458.90061
-1.0,50,459.113669
-2.0,50,459.32529
-3.0,50,459.536767
-1.0,50,459.74894
-1.0,50,459.958198
-1.0,50,460.175545
-3.0,50,460.388853
-2.0,50,460.600649
-1.0,50,460.811495
-1.0,50,461.023013
-2.0,50,461.239387
-2.0,50,461.456219
-2.0,50,461.684101
-2.0,50,461.914773
-1.0,50,462.143896
-2.0,50,462.367545
-2.0,50,462.581806
-1.0,50,462.795373
-1.0,50,463.008646
-3.0,50,463.238835
-3.0,50,463.468616
-2.0,50,463.693812
-1.0,50,463.913912
0.0,50,464.139497
-2.0,50,464.359019
-3.0,50,464.57819
-2.0,50,464.799109
-3.0,50,465.017424
-2.0,50,465.228238
-1.0,50,465.438725
0.0,50,465.669897
-2.0,50,465.881357
-2.0,50,466.094239
0.0,50,466.305688
-2.0,50,466.519678
-1.0,50,466.732456
-2.0,50,466.942979
-1.0,50,467.154809
0.0,50,467.368616
0.0,50,467.581415
-2.0,50,467.811106
-1.0,50,468.022361
-1.0,50,468.2362
-2.0,50,468.447632
-2.0,50,468.657789
-1.0,50,468.868244
-2.0,50,469.08487
-2.0,50,469.296088
-1.0,50,469.508753
0.0,50,469.720491
-1.0,50,469.934386
-1.0,50,470.146274
-1.0,50,470.356619
-2.0,50,470.56742
-2.0,50,470.787981
-2.0,50,471.005315
0.0,50,471.215345
-1.0,50,471.42624
-2.0,50,471.639631
-2.0,50,471.848422
-1.0,50,472.060684
0.0,50,472.27094
0.0,50,472.485071
-2.0,50,472.70295
-2.0,50,472.918303
-2.0,50,473.134611
-1.0,50,473.347062
-2.0,50,473.559355
-2.0,50,473.781947
-2.0,50,473.994589
-2.0,50,474.209115
-2.0,50,474.425027
-1.0,50,474.637132
0.0,50,474.848958
-3.0,50,475.062554
-3.0,50,475.281016
-2.0,50,475.495696
-3.0,50,475.708374
-1.0,50,475.926817
-3.0,50,476.148559
-1.0,50,476.361572
-2.0,50,476.581317
-1.0,50,476.796263
-2.0,50,477.017685
-2.0,50,477.232272
-3.0,50,477.450319
-2.0,50,477.689399
-2.0,50,477.903032
-2.0,50,478.114076
-2.0,50,478.329797
-2.0,50,478.543118
-1.0,50,478.755112
-1.0,50,478.968796
-2.0,50,479.185012
-2.0,50,479.396393
-1.0,50,479.610845
-1.0,50,479.821504
-1.0,50,480.031065
-2.0,50,480.243839
-1.0,50,480.452205
-2.0,50,480.663013
-2.0,50,480.872157
-2.0,50,481.086241
-2.0,50,481.298194
-2.0,50,481.509987
-1.0,50,481.721147
-1.0,50,481.937275
-1.0,50,482.14679
-2.0,50,482.362863
-2.0,50,482.579164
-2.0,50,482.790691
-2.0,50,483.008292
-1.0,50,483.219921
-1.0,50,483.431125
0.0,50,483.643903
-1.0,50,483.854071
-2.0,50,484.063778
-3.0,50,484.273883
0.0,50,484.485813
-1.0,50,484.695862
-1.0,50,484.906969
-2.0,50,485.122641
-2.0,50,485.346185
-1.0,50,485.576015
-1.0,50,485.799227
0.0,50,486.021197
-3.0,50,486.243941
-3.0,50,486.45684
-3.0,50,486.667052
-2.0,50,486.876706
-2.0,50,487.091
-2.0,50,487.30637
-3.0,50,487.515836
0.0,50,487.72613
-2.0,50,487.941708
-2.0,50,488.150789
-2.0,50,488.362195
-2.0,50,488.579913
-1.0,50,488.79212
-2.0,50,489.003869
-2.0,50,489.217678
-3.0,50,489.427689
-2.0,50,489.655549
-2.0,50,489.873068
-1.0,50,490.084495
-1.0,50,490.295645
-3.0,50,490.508751
-2.0,50,490.725973
0.0,50,490.936504
-1.0,50,491.148614
-2.0,50,491.365985
-2.0,50,491.577812
-1.0,50,491.792636
-1.0,50,492.002769
-3.0,50,492.222271
-2.0,50,492.436331
-2.0,50,492.645471
-2.0,50,492.857298
-2.0,50,493.082397
-1.0,50,493.297722
-2.0,50,493.512002
0.0,50,493.727028
-2.0,50,493.946773
-1.0,50,494.161375
-2.0,50,494.38012
0.0,50,494.593928
-2.0,50,494.809506
-2.0,50,495.025468
-2.0,50,495.247128
0.0,50,495.460676
-2.0,50,495.688519
0.0,50,495.911832
-3.0,50,496.140607
-3.0,50,496.371972
-2.0,50,496.599365
-2.0,50,496.831814
-2.0,50,497.047716
-2.0,50,497.268474
-1.0,50,497.493393
-3.0,50,497.714772
0.0,50,497.933583
-1.0,50,498.150086
-2.0,50,498.376718
-2.0,50,498.600373
0.0,50,498.810808
-2.0,50,499.022773
-3.0,50,499.238541
-2.0,50,499.448345
-1.0,50,499.657391
-2.0,50,499.866441
-3.0,50,500.08469
-2.0,50,500.296961
0.0,50,500.509651
-2.0,50,500.718618
-1.0,50,500.931407
0.0,50,501.141158
-2.0,50,501.351719
-1.0,50,501.561967
-1.0,50,501.794423
-2.0,50,502.005923
-2.0,50,502.226189
-3.0,50,502.437333
-2.0,50,502.649878
-1.0,50,502.862349
-3.0,50,503.079124
-2.0,50,503.301657
-2.0,50,503.51967
0.0,50,503.734565
-1.0,50,503.950933
-3.0,50,504.1657
-1.0,50,504.383942
-3.0,50,504.601144
-1.0,50,504.815861
-3.0,50,505.03148
-2.0,50,505.247161
-2.0,50,505.461403
-3.0,50,505.682291
-2.0,50,505.901266
-2.0,50,506.123789
-1.0,50,506.339208
-2.0,50,506.553693
-2.0,50,506.767449
-3.0,50,506.991316
-2.0,50,507.211356
0.0,50,507.425741
-2.0,50,507.645683
-2.0,50,507.866798
-3.0,50,508.08717
-2.0,50,508.299871
0.0,50,508.51157
-2.0,50,508.725916
-1.0,50,508.937786
-2.0,50,509.150114
-2.0,50,509.361164
-3.0,50,509.573835
-2.0,50,509.785176
-2.0,50,509.996735
0.0,50,510.21431
-1.0,50,510.436596
0.0,50,510.654448
-1.0,50,510.868442
-3.0,50,511.084714
-2.0,50,511.302832
-1.0,50,511.514087
-3.0,50,511.72461
-3.0,50,511.936759
-2.0,50,512.152643
-3.0,50,512.370031
-3.0,50,512.589685
-1.0,50,512.800857
-2.0,50,513.017456
-1.0,50,513.238375
-3.0,50,513.461535
-1.0,50,513.673309
-1.0,50,513.906231
0.0,50,514.119663
-1.0,50,514.333813
-1.0,50,514.547548
-1.0,50,514.761754
-2.0,50,514.98176
-2.0,50,515.198153
-2.0,50,515.412529
-1.0,50,515.625979
-2.0,50,515.839255
-1.0,50,516.05052
-2.0,50,516.263622
-2.0,50,516.479834
-2.0,50,516.693053
-2.0,50,516.906025
-2.0,50,517.124344
-1.0,50,517.345074
-1.0,50,517.55877
-1.0,50,517.771837
-1.0,50,517.987169
-1.0,50,518.202649
-3.0,50,518.41513
-1.0,50,518.626234
-2.0,50,518.844846
-2.0,50,519.245549
-2.0,50,519.457746
-2.0,50,519.672207
-2.0,50,519.884055
0.0,50,520.097079
-2.0,50,520.307234
-2.0,50,520.524018
-3.0,50,520.742442
-2.0,50,520.963827
-2.0,50,521.176085
0.0,50,521.387475
-3.0,50,521.599607
-2.0,50,521.810492
-2.0,50,522.020353
-2.0,50,522.231472
-1.0,50,522.442603
-2.0,50,522.659078
0.0,50,522.869876
-1.0,50,523.083836
-3.0,50,523.302133
0.0,50,523.514963
-3.0,50,523.726583
-2.0,50,523.939898
0.0,50,524.152616
0.0,50,524.365954
-1.0,50,524.577983
0.0,50,524.789517
-1.0,50,525.002904
-2.0,50,525.223569
-2.0,50,525.441198
-1.0,50,525.656295
-2.0,50,525.873464
-3.0,50,526.087419
-2.0,50,526.302856
-1.0,50,526.514788
-2.0,50,526.72673
0.0,50,526.939908
-2.0,50,527.159277
-1.0,50,527.37085
-1.0,50,527.582575
-3.0,50,527.807138
-3.0,50,528.020328
-2.0,50,528.234
-1.0,50,528.444751
-2.0,50,528.658461
-2.0,50,528.870677
-2.0,50,529.080994
-1.0,50,529.29433
-2.0,50,529.508159
-2.0,50,529.725907
-2.0,50,529.937828
-2.0,50,530.14975
-1.0,50,530.364216
-3.0,50,530.574778
-3.0,50,530.785206
0.0,50,530.99665
-2.0,50,531.229138
-2.0,50,531.447916
-1.0,50,531.670168
-2.0,50,531.905125
-2.0,50,532.133633
-3.0,50,532.352456
-1.0,50,532.566531
-1.0,50,532.785449
-2.0,50,533.037368
-2.0,50,533.26734
-3.0,50,533.496561
-2.0,50,533.733712
-1.0,50,533.966182
-2.0,50,534.193752
-1.0,50,534.410325
-1.0,50,534.631823
-2.0,50,534.853044
-1.0,50,535.070021
-1.0,50,535.287034
-3.0,50,535.502801
-1.0,50,535.720395
0.0,50,535.935059
-1.0,50,536.156317
-2.0,50,536.371394
-1.0,50,536.589849
-1.0,50,536.80422
-2.0,50,537.018103
-1.0,50,537.235454
-3.0,50,537.46192
-2.0,50,537.683902
0.0,50,537.898384
-1.0,50,538.114294
-3.0,50,538.337996
-2.0,50,538.557524
-1.0,50,538.772478
-3.0,50,538.994355
-1.0,50,539.210721
-2.0,50,539.428534
-1.0,50,539.643004
-2.0,50,539.858104
-1.0,50,540.071981
-2.0,50,540.282972
-2.0,50,540.49537
0.0,50,540.708707
-1.0,50,540.925614
-2.0,50,541.138877
0.0,50,541.350486
0.0,50,541.560941
-2.0,50,541.776787
-1.0,50,541.990192
-1.0,50,542.205537
-3.0,50,542.425484
-2.0,50,542.644741
-2.0,50,542.85686
-1.0,50,543.070548
-1.0,50,543.283105
-1.0,50,543.51452
-3.0,50,543.727479
-2.0,50,543.944776
-1.0,50,544.158245
-2.0,50,544.37268
-3.0,50,544.590456
-2.0,50,544.80468
-1.0,50,545.017416
0.0,50,545.231025
-1.0,50,545.444314
-3.0,50,545.669008
-1.0,50,545.887517
-1.0,50,546.114607
-1.0,50,546.349609
-1.0,50,546.5778
-1.0,50,546.797326
-2.0,50,547.018339
-2.0,50,547.237536
-2.0,50,547.459851
-1.0,50,547.679337
-2.0,50,547.900063
-2.0,50,548.129304
-2.0,50,548.360262
-2.0,50,548.580325
-2.0,50,548.801148
-2.0,50,549.019213
0.0,50,549.235793
-3.0,50,549.452982
0.0,50,549.668022
-2.0,50,549.883957
-2.0,50,550.104796
-2.0,50,550.320564
-1.0,50,550.537984
-1.0,50,550.754934
-2.0,50,550.969818
-2.0,50,551.183342
-2.0,50,551.397969
-2.0,50,551.609431
-1.0,50,551.821082
-2.0,50,552.033168
-1.0,50,552.248998
-3.0,50,552.460736
-2.0,50,552.679681
-2.0,50,552.898532
-1.0,50,553.114285
-2.0,50,553.333802
-2.0,50,553.549505
-3.0,50,553.76737
-3.0,50,553.982642
-3.0,50,554.202102
-3.0,50,554.417194
-1.0,50,554.631766
-2.0,50,554.867743
0.0,50,555.081438
-2.0,50,555.29417
-2.0,50,555.510527
-1.0,50,555.724777
-2.0,50,555.938548
-1.0,50,556.154797
-1.0,50,556.38108
0.0,50,556.601647
-2.0,50,556.825698
-2.0,50,557.053303
-2.0,50,557.279888
-3.0,50,557.497724
-2.0,50,557.717671
-2.0,50,557.937811
-2.0,50,558.155864
-1.0,50,558.370501
-2.0,50,558.592017
-3.0,50,558.804132
-2.0,50,559.017536
-2.0,50,559.238324
-2.0,50,559.451107
-2.0,50,559.6614
-1.0,50,559.873036
-2.0,50,560.094054
0.0,50,560.304912
-2.0,50,560.520275
-2.0,50,560.731231
-1.0,50,560.943477
-1.0,50,561.157461
-2.0,50,561.369267
-3.0,50,561.581053
0.0,50,561.794738
-1.0,50,562.007619
-3.0,50,562.224155
-3.0,50,562.443943
-2.0,50,562.658096
-1.0,50,562.868599
-3.0,50,563.081091
-2.0,50,563.297784
-2.0,50,563.515704
-2.0,50,563.732597
-1.0,50,563.950821
-2.0,50,564.169671
-1.0,50,564.384721
-3.0,50,564.604792
0.0,50,564.81838
-2.0,50,565.029786
-1.0,50,565.244073
-3.0,50,565.455544
-2.0,50,565.667195
-3.0,50,565.883839
-2.0,50,566.115986
-2.0,50,566.3333
-1.0,50,566.545978
-3.0,50,566.764033
-1.0,50,566.979059
-2.0,50,567.192408
-2.0,50,567.421485
0.0,50,567.637346
0.0,50,567.861412
-2.0,50,568.087516
-2.0,50,568.308578
-2.0,50,568.53175
-2.0,50,568.752211
0.0,50,568.966146
-3.0,50,569.187577
0.0,50,569.400202
-2.0,50,569.615829
-3.0,50,569.837335
-3.0,50,570.052858
-2.0,50,570.266162
-1.0,50,570.481382
-3.0,50,570.69855
-1.0,50,570.910864
0.0,50,571.122795
-1.0,50,571.337682
-1.0,50,571.550227
-3.0,50,571.761862
-1.0,50,571.974469
-1.0,50,572.19186
0.0,50,572.405566
-1.0,50,572.617897
-3.0,50,572.837677
-3.0,50,573.07694
0.0,50,573.292743
-2.0,50,573.534848
-1.0,50,573.756709
-1.0,50,573.990813
-3.0,50,574.211357
-2.0,50,574.42596
-2.0,50,574.652476
-3.0,50,574.876608
-3.0,50,575.094968
-1.0,50,575.306439
-2.0,50,575.517496
-3.0,50,575.731134
-2.0,50,575.942713
-1.0,50,576.154029
-1.0,50,576.367686
0.0,50,576.590348
-2.0,50,576.85034
-1.0,50,577.090625
-2.0,50,577.330111
-1.0,50,577.563755
-1.0,50,577.786653
-1.0,50,578.002759
-2.0,50,578.215598
-2.0,50,578.438613
-1.0,50,578.65501
-2.0,50,578.875541
-3.0,50,579.088716
-2.0,50,579.301718
-1.0,50,579.513031
-2.0,50,579.722928
-1.0,50,579.933004
-1.0,50,580.150234
-3.0,50,580.365055
-2.0,50,580.575215
-2.0,50,580.786704
-1.0,50,581.003491
0.0,50,581.212184
-2.0,50,581.423128
-2.0,50,581.632755
-2.0,50,581.845098
-1.0,50,582.058386
-2.0,50,582.276435
-2.0,50,582.488256
-1.0,50,582.705308
0.0,50,582.916462
-1.0,50,583.13479
-1.0,50,583.350778
-1.0,50,583.577734
-2.0,50,583.798386
-2.0,50,584.017928
-1.0,50,584.232845
-2.0,50,584.448852
-2.0,50,584.660746
-2.0,50,584.879145
-2.0,50,585.098134
-3.0,50,585.32405
0.0,50,585.538851
-2.0,50,585.756915
-1.0,50,585.97473
-2.0,50,586.190919
-1.0,50,586.404912
-1.0,50,586.625912
-2.0,50,586.838602
-3.0,50,587.063699
-1.0,50,587.27784
-2.0,50,587.49576
-1.0,50,587.710273
-1.0,50,587.924315
-1.0,50,588.140322
-2.0,50,588.353799
-2.0,50,588.568523
-1.0,50,588.786597
-1.0,50,589.000819
-2.0,50,589.212872
-2.0,50,589.430946
-2.0,50,589.646827
-48.0,50,589.867322
-3.0,50,590.078758
-2.0,50,590.301867
-2.0,50,590.516505
0.0,50,590.728442
-36.0,50,590.947339
-32.0,50,591.168354
-15.0,50,591.38709
-50.0,50,591.607424
-2.0,50,591.819217
-50.0,50,592.047141
-50.0,50,592.278257
-50.0,50,592.500271
-50.0,50,592.71991
-50.0,50,592.94392
-50.0,50,593.164478
-50.0,50,593.39226
-50.0,50,593.624013
-50.0,50,593.85234
-50.0,50,594.10469
-50.0,50,594.328926
-50.0,50,594.552308
-50.0,50,594.773823
-50.0,50,594.996976
-50.0,50,595.213267
-50.0,50,595.429715
-50.0,50,595.643915
-50.0,50,595.859202
-50.0,50,596.075367
-49.0,50,596.299941
-50.0,50,596.524195
-50.0,50,596.743429
-50.0,50,596.958683
-50.0,50,597.172663
-50.0,50,597.388256
-50.0,50,597.611563
-50.0,50,597.827904
-49.0,50,598.044001
-50.0,50,598.260515
-50.0,50,598.488866
-50.0,50,598.711048
-50.0,50,598.932643
-50.0,50,599.1559
-50.0,50,599.379053
-50.0,50,599.598087
-49.0,50,599.81813
-17.0,50,600.034849
-50.0,50,600.247656
-15.0,50,600.463344
-31.0,50,600.688504
-2.0,50,600.903351
-3.0,50,601.117187
-2.0,50,601.331902
-2.0,50,601.543892
0.0,50,601.755987
-2.0,50,601.975088
-1.0,50,602.191197
-1.0,50,602.404435
-2.0,50,602.61701
-2.0,50,602.835179
-2.0,50,603.053593
-4.0,50,603.273581
-1.0,50,603.486626
-2.0,50,603.704152
-2.0,50,603.9211
-2.0,50,604.132337
-2.0,50,604.349861
-3.0,50,604.579498
-3.0,50,604.796142
-1.0,50,605.008793
-2.0,50,605.221819
0.0,50,605.436382
-1.0,50,605.648627
-1.0,50,605.861721
-3.0,50,606.077361
-1.0,50,606.294658
-1.0,50,606.508143
-1.0,50,606.720908
-1.0,50,606.933993
0.0,50,607.151591
-3.0,50,607.373369
-1.0,50,607.586853
0.0,50,607.798642
-1.0,50,608.016496
-2.0,50,608.229952
0.0,50,608.445341
-2.0,50,608.664213
-3.0,50,608.882569
-1.0,50,609.095759
-1.0,50,609.309936
-1.0,50,609.521554
0.0,50,609.737736
-1.0,50,609.949165
-1.0,50,610.162526
-2.0,50,610.380972
-2.0,50,610.59558
-2.0,50,610.808917
-2.0,50,611.022588
-1.0,50,611.236667
-3.0,50,611.462252
-3.0,50,611.678504
0.0,50,611.891666
-2.0,50,612.103935
-2.0,50,612.32476
-2.0,50,612.560106
-2.0,50,612.785721
-3.0,50,613.017349
0.0,50,613.240431
-2.0,50,613.458043
-2.0,50,613.672419
-3.0,50,613.884526
-2.0,50,614.099774
-2.0,50,614.314277
0.0,50,614.527669
-2.0,50,614.741627
-1.0,50,614.972266
-2.0,50,615.185723
-2.0,50,615.397137
-1.0,50,615.610359
-3.0,50,615.833888
-2.0,50,616.046686
-3.0,50,616.264242
-3.0,50,616.482263
-2.0,50,616.704143
-3.0,50,616.916762
-1.0,50,617.129298
-3.0,50,617.350109
-1.0,50,617.571571
-3.0,50,617.785846
-2.0,50,617.999902
-3.0,50,618.211768
-3.0,50,618.426734
-2.0,50,618.639359
-1.0,50,618.851558
-2.0,50,619.065272
-1.0,50,619.279704
0.0,50,619.490351
-2.0,50,619.702546
-3.0,50,619.917352
-3.0,50,620.134006
-1.0,50,620.345918
-1.0,50,620.556133
-1.0,50,620.766755
-1.0,50,620.978264
-1.0,50,621.191983
-1.0,50,621.403886
-1.0,50,621.616304
-2.0,50,621.82873
0.0,50,622.037943
-2.0,50,622.252418
-3.0,50,622.462269
-1.0,50,622.675354
-1.0,50,622.886938
-2.0,50,623.097611
-2.0,50,623.31557
-2.0,50,623.528802
-1.0,50,623.739299
-2.0,50,623.95167
-1.0,50,624.164523
-2.0,50,624.383833
0.0,50,624.598597
-1.0,50,624.814825
-2.0,50,625.027967
-3.0,50,625.261544
-1.0,50,625.476375
0.0,50,625.690197
-1.0,50,625.905956
-1.0,50,626.122578
0.0,50,626.337262
0.0,50,626.551291
-1.0,50,626.768849
-2.0,50,626.986289
-2.0,50,627.199729
-1.0,50,627.414016
-1.0,50,627.630883
-2.0,50,628.042569
-2.0,50,628.271463
-3.0,50,628.491448
-2.0,50,628.705325
-1.0,50,628.922401
-2.0,50,629.134614
-3.0,50,629.352613
0.0,50,629.564282
-2.0,50,629.780774
-2.0,50,629.994066
-1.0,50,630.204679
-2.0,50,630.422171
0.0,50,630.634462
0.0,50,630.844999
-2.0,50,631.054263
-3.0,50,631.270659
-2.0,50,631.482406
-1.0,50,631.692119
-2.0,50,631.903062
-2.0,50,632.112426
-1.0,50,632.324747
-2.0,50,632.535318
-2.0,50,632.745092
0.0,50,632.954284
-1.0,50,633.170369
-2.0,50,633.385934
-2.0,50,633.595997
0.0,50,633.807167
0.0,50,634.019022
0.0,50,634.238166
-1.0,50,634.463207
-1.0,50,634.683812
-2.0,50,634.917551
-1.0,50,635.139063
-2.0,50,635.355914
-2.0,50,635.568199
-2.0,50,635.789681
0.0,50,636.000323
-1.0,50,636.212663
-1.0,50,636.424992
-2.0,50,636.642687
-2.0,50,636.858704
-2.0,50,637.097437
-1.0,50,637.336133
-2.0,50,637.576175
-3.0,50,637.792746
0.0,50,638.006064
-2.0,50,638.221304
-2.0,50,638.451006
-1.0,50,638.664871
-1.0,50,638.882979
-2.0,50,639.096812
-2.0,50,639.311427
-3.0,50,639.530882
-2.0,50,639.746909
-2.0,50,639.961994
-2.0,50,640.175178
-2.0,50,640.387855
0.0,50,640.598901
-2.0,50,640.813459
-2.0,50,641.026523
0.0,50,641.240348
-1.0,50,641.452728
-2.0,50,641.669873
-2.0,50,641.891865
0.0,50,642.102636
-3.0,50,642.31531
-2.0,50,642.529467
-1.0,50,642.743724
-2.0,50,642.955936
0.0,50,643.166479
-3.0,50,643.377889
-2.0,50,643.592302
-2.0,50,643.805009
-2.0,50,644.022327
-2.0,50,644.232709
-3.0,50,644.445444
-2.0,50,644.662591
-2.0,50,644.881321
0.0,50,645.095338
-2.0,50,645.310394
-3.0,50,645.523786
-2.0,50,645.739713
-2.0,50,645.950417
-1.0,50,646.167286
-3.0,50,646.388698
-3.0,50,646.604344
-2.0,50,646.815556
-2.0,50,647.029038
-1.0,50,647.241341
-3.0,50,647.463103
-3.0,50,647.685228
-1.0,50,647.900991
-2.0,50,648.119643
-2.0,50,648.336923
-3.0,50,648.55623
-2.0,50,648.791892
-2.0,50,649.008879
0.0,50,649.223103
-3.0,50,649.436933
-1.0,50,649.653279
-3.0,50,649.871892
-2.0,50,650.085027
-3.0,50,650.297803
-2.0,50,650.51559
-2.0,50,650.728422
-2.0,50,650.946829
-2.0,50,651.15739
-2.0,50,651.371522
0.0,50,651.583526
-3.0,50,651.801734
-2.0,50,652.013856
0.0,50,652.227047
-1.0,50,652.442631
-1.0,50,652.657133
-1.0,50,652.870007
-3.0,50,653.087554
-2.0,50,653.301902
-1.0,50,653.514948
0.0,50,653.740587
-1.0,50,653.971438
-2.0,50,654.195027
0.0,50,654.423519
-3.0,50,654.641833
0.0,50,654.861965
-2.0,50,655.080842
-2.0,50,655.293873
-1.0,50,655.509622
-2.0,50,655.729286
-2.0,50,655.949429
-2.0,50,656.163178
-1.0,50,656.377412
-2.0,50,656.605394
-3.0,50,656.828893
-2.0,50,657.044759
-1.0,50,657.258931
-2.0,50,657.47393
-3.0,50,657.69639
-1.0,50,657.909112
-2.0,50,658.12761
-1.0,50,658.359769
-2.0,50,658.575865
-3.0,50,658.79339
-2.0,50,659.006414
-2.0,50,659.223388
-2.0,50,659.438617
-1.0,50,659.651848
-1.0,50,659.865071
-2.0,50,660.080426
-3.0,50,660.298187
-1.0,50,660.50949
-2.0,50,660.7205
-1.0,50,660.934002
-2.0,50,661.145553
-2.0,50,661.359362
-3.0,50,661.580167
-2.0,50,661.79282
-3.0,50,662.006876
-2.0,50,662.221485
-1.0,50,662.434795
-2.0,50,662.656861
-1.0,50,662.8694
0.0,50,663.081843
-2.0,50,663.29486
-1.0,50,663.514774
-1.0,50,663.730401
-1.0,50,663.943176
-1.0,50,664.155822
-2.0,50,664.370532
-2.0,50,664.588396
-2.0,50,664.800767
-1.0,50,665.014591
-1.0,50,665.232042
-3.0,50,665.445093
-1.0,50,665.658563
-2.0,50,665.872836
0.0,50,666.087644
-3.0,50,666.308354
-3.0,50,666.529252
-1.0,50,666.743069
-2.0,50,666.957549
-2.0,50,667.172429
-2.0,50,667.394877
-2.0,50,667.615208
-1.0,50,667.856874
0.0,50,668.071191
-2.0,50,668.286787
0.0,50,668.502776
-1.0,50,668.721208
-2.0,50,668.933161
-3.0,50,669.154406
-1.0,50,669.368716
-2.0,50,669.586959
-2.0,50,669.80427
-2.0,50,670.015858
-2.0,50,670.225689
-1.0,50,670.439116
-1.0,50,670.651538
-2.0,50,670.862828
-2.0,50,671.074534
-3.0,50,671.294973
-2.0,50,671.506873
-1.0,50,671.719397
0.0,50,671.930136
-1.0,50,672.148042
-2.0,50,672.364145
-2.0,50,672.575688
-3.0,50,672.786612
-2.0,50,673.002712
-2.0,50,673.222072
-2.0,50,673.436659
-2.0,50,673.648211
-2.0,50,673.861391
-1.0,50,674.07434
-2.0,50,674.286408
-2.0,50,674.499488
-2.0,50,674.714187
-2.0,50,674.930825
-1.0,50,675.154555
-2.0,50,675.386886
-2.0,50,675.637067
-1.0,50,675.867286
-1.0,50,676.089858
-2.0,50,676.310207
-1.0,50,676.552843
-3.0,50,676.772095
-3.0,50,677.007097
-1.0,50,677.225789
-1.0,50,677.440259
0.0,50,677.652918
-2.0,50,677.869291
-2.0,50,678.089682
-1.0,50,678.303275
-1.0,50,678.51865
-1.0,50,678.730592
-1.0,50,678.972683
-2.0,50,679.211344
-2.0,50,679.433632
-2.0,50,679.660722
-3.0,50,679.903463
-2.0,50,680.132011
-3.0,50,680.353862
-1.0,50,680.568315
-2.0,50,680.78197
-3.0,50,681.006685
-2.0,50,681.218107
-1.0,50,681.431882
-2.0,50,681.644644
-1.0,50,681.858907
-2.0,50,682.070628
-2.0,50,682.291721
-2.0,50,682.50625
-2.0,50,682.724256
-3.0,50,682.947082
-2.0,50,683.163161
-2.0,50,683.37642
-1.0,50,683.590159
-2.0,50,683.8027
-1.0,50,684.015372
-1.0,50,684.22897
-2.0,50,684.44792
-2.0,50,684.659723
-2.0,50,684.873176
-2.0,50,685.088982
-2.0,50,685.31134
-1.0,50,685.527309
0.0,50,685.739564
0.0,50,685.953327
-2.0,50,686.184766
-2.0,50,686.398212
-1.0,50,686.611849
-3.0,50,686.829912
-3.0,50,687.049022
-2.0,50,687.264072
-1.0,50,687.479783
-2.0,50,687.69604
-1.0,50,687.919142
-2.0,50,688.135447
-1.0,50,688.353057
-1.0,50,688.569005
-2.0,50,688.789893
-2.0,50,689.018076
-2.0,50,689.239502
-2.0,50,689.461553
-3.0,50,689.685642
0.0,50,689.91075
0.0,50,690.13097
-3.0,50,690.357601
-1.0,50,690.581851
-2.0,50,690.809523
0.0,50,691.031449
-2.0,50,691.255652
-1.0,50,691.492776
-2.0,50,691.723096
-1.0,50,691.947317
-2.0,50,692.167701
-1.0,50,692.382631
-2.0,50,692.594858
0.0,50,692.807148
-2.0,50,693.019079
0.0,50,693.232638
-2.0,50,693.452713
0.0,50,693.664203
-3.0,50,693.876184
-1.0,50,694.089037
-3.0,50,694.301464
-1.0,50,694.514134
-2.0,50,694.726707
-1.0,50,694.962163
-3.0,50,695.173371
0.0,50,695.38625
-2.0,50,695.598326
-3.0,50,695.814085
-2.0,50,696.029589
-3.0,50,696.24304
-2.0,50,696.455699
-2.0,50,696.671379
-2.0,50,696.886232
-2.0,50,697.10285
-1.0,50,697.317354
-2.0,50,697.53651
-2.0,50,697.749271
-1.0,50,697.962867
-2.0,50,698.18219
-3.0,50,698.410065
-2.0,50,698.623859
-2.0,50,698.841936
-1.0,50,699.055488
-2.0,50,699.271776
-2.0,50,699.486998
-2.0,50,699.69998
-1.0,50,699.913809
-2.0,50,700.131553
-2.0,50,700.344469
0.0,50,700.558042
-2.0,50,700.770668
-2.0,50,700.985829
-2.0,50,701.197151
-2.0,50,701.412431
-2.0,50,701.625062
-2.0,50,701.842764
-2.0,50,702.059287
-2.0,50,702.271123
0.0,50,702.483874
-2.0,50,702.705897
-3.0,50,702.919081
-1.0,50,703.13088
-3.0,50,703.344337
-1.0,50,703.574604
-2.0,50,703.787105
0.0,50,703.998077
-1.0,50,704.208047
-2.0,50,704.424982
-2.0,50,704.643887
-2.0,50,704.855541
-2.0,50,705.066442
-1.0,50,705.281661
-2.0,50,705.493614
-1.0,50,705.703156
-3.0,50,705.913495
-2.0,50,706.128671
-2.0,50,706.34002
-2.0,50,706.557607
-2.0,50,706.770035
-3.0,50,706.991794
-1.0,50,707.208219
-1.0,50,707.422979
-2.0,50,707.638438
-3.0,50,707.853283
-2.0,50,708.068421
-3.0,50,708.288246
-2.0,50,708.502637
0.0,50,708.719701
-3.0,50,708.939166
-2.0,50,709.151725
-2.0,50,709.366201
-3.0,50,709.587502
-1.0,50,709.801522
-2.0,50,710.014231
-2.0,50,710.233923
-1.0,50,710.45036
-2.0,50,710.673014
-2.0,50,710.886865
-2.0,50,711.106685
-2.0,50,711.327468
-1.0,50,711.551201
-3.0,50,711.775374
-1.0,50,711.993339
-2.0,50,712.242018
-1.0,50,712.462487
-3.0,50,712.693796
-2.0,50,712.913771
-3.0,50,713.145489
-1.0,50,713.361427
-3.0,50,713.581604
-1.0,50,713.792916
-3.0,50,714.015515
-2.0,50,714.227331
0.0,50,714.439992
-2.0,50,714.660057
-1.0,50,714.874042
-2.0,50,715.090622
-1.0,50,715.302307
-3.0,50,715.522136
-2.0,50,715.737371
-1.0,50,715.948449
-3.0,50,716.168438
0.0,50,716.380555
-2.0,50,716.595782
0.0,50,716.805541
-3.0,50,717.016859
-1.0,50,717.230227
-2.0,50,717.448538
-2.0,50,717.670616
-2.0,50,717.885791
-2.0,50,718.101293
-1.0,50,718.318951
-2.0,50,718.5398
-3.0,50,718.753693
-1.0,50,718.967766
-1.0,50,719.187051
-2.0,50,719.4054
-2.0,50,719.62751
-3.0,50,719.865153
-2.0,50,720.088285
-1.0,50,720.320404
-2.0,50,720.545042
-2.0,50,720.763812
-2.0,50,720.995274
-3.0,50,721.213699
-2.0,50,721.428665
-3.0,50,721.651627
-2.0,50,721.867968
-2.0,50,722.082056
-2.0,50,722.308708
-2.0,50,722.521677
-1.0,50,722.738371
-1.0,50,722.949842
-1.0,50,723.163161
0.0,50,723.373897
-1.0,50,723.590806
-2.0,50,723.808877
-2.0,50,724.02245
-2.0,50,724.237881
-3.0,50,724.465925
0.0,50,724.68693
-2.0,50,724.908109
-2.0,50,725.12123
0.0,50,725.335595
-2.0,50,725.548242
-1.0,50,725.760077
-1.0,50,725.971191
-1.0,50,726.187982
-2.0,50,726.399394
-2.0,50,726.616554
-2.0,50,726.835118
-1.0,50,727.047618
-1.0,50,727.260203
-1.0,50,727.472858
-1.0,50,727.691337
-3.0,50,727.91727
0.0,50,728.12978
-2.0,50,728.343824
-2.0,50,728.563738
0.0,50,728.780267
-3.0,50,728.993899
-1.0,50,729.207561
-2.0,50,729.421407
-3.0,50,729.663261
-3.0,50,729.881233
-2.0,50,730.096962
-2.0,50,730.312448
-2.0,50,730.529872
-2.0,50,730.744395
-3.0,50,730.966121
-3.0,50,731.179455
-2.0,50,731.39864
-2.0,50,731.612713
-1.0,50,731.827548
-1.0,50,732.041409
-3.0,50,732.260242
-3.0,50,732.474693
-1.0,50,732.689447
-2.0,50,732.901727
-2.0,50,733.120561
-1.0,50,733.334644
-3.0,50,733.549121
-3.0,50,733.769214
-1.0,50,733.983279
-1.0,50,734.194806
-2.0,50,734.414438
-2.0,50,734.63422
-1.0,50,734.854087
-1.0,50,735.07731
-2.0,50,735.303755
-1.0,50,735.528736
-1.0,50,735.745531
-1.0,50,735.958276
-2.0,50,736.176291
-2.0,50,736.389595
-1.0,50,736.790709
-2.0,50,737.004729
-2.0,50,737.216034
-1.0,50,737.428927
-2.0,50,737.644856
-2.0,50,737.864004
-2.0,50,738.082048
-1.0,50,738.298325
-1.0,50,738.516562
0.0,50,738.731933
-1.0,50,738.947811
-1.0,50,739.164175
-2.0,50,739.380199
-2.0,50,739.596987
-2.0,50,739.817976
-1.0,50,740.034877
-2.0,50,740.254859
-2.0,50,740.475247
-2.0,50,740.698184
-3.0,50,740.912547
-2.0,50,741.137975
-2.0,50,741.351943
-1.0,50,741.568145
-1.0,50,741.786962
-2.0,50,742.005807
-2.0,50,742.229953
0.0,50,742.447209
-3.0,50,742.667505
-3.0,50,742.889993
-2.0,50,743.103902
-3.0,50,743.317092
-2.0,50,743.533804
-1.0,50,743.752898
0.0,50,743.966576
-2.0,50,744.180123
-1.0,50,744.392087
-2.0,50,744.604816
-2.0,50,744.819689
-2.0,50,745.03295
-2.0,50,745.246042
-2.0,50,745.478043
-2.0,50,745.690464
-2.0,50,745.900523
-3.0,50,746.11143
-2.0,50,746.330524
-2.0,50,746.54766
-2.0,50,746.756983
-1.0,50,746.967583
-1.0,50,747.183529
-2.0,50,747.401515
-2.0,50,747.611147
-2.0,50,747.825323
-1.0,50,748.041227
-1.0,50,748.25247
-3.0,50,748.47108
-3.0,50,748.692809
-2.0,50,748.906962
-1.0,50,749.120119
-2.0,50,749.338909
-2.0,50,749.55092
0.0,50,749.764187
-1.0,50,749.975443
-1.0,50,750.188966
-1.0,50,750.400721
-2.0,50,750.616234
-3.0,50,750.830143
0.0,50,751.043173
-2.0,50,751.255265
-1.0,50,751.470268
-3.0,50,751.682185
-3.0,50,751.895436
-1.0,50,752.106358
0.0,50,752.320336
-1.0,50,752.533379
-2.0,50,752.747937
-3.0,50,752.964449
-1.0,50,753.177758
0.0,50,753.38781
-3.0,50,753.601568
-1.0,50,753.81342
-2.0,50,754.04556
-1.0,50,754.258642
-2.0,50,754.469715
-2.0,50,754.683552
0.0,50,754.89668
-3.0,50,755.108831
-2.0,50,755.320583
-3.0,50,755.536495
-2.0,50,755.751475
-1.0,50,755.963851
-2.0,50,756.182062
-2.0,50,756.399215
-3.0,50,756.614335
-2.0,50,756.827009
-2.0,50,757.038854
0.0,50,757.251038
-2.0,50,757.485897
-2.0,50,757.718089
-2.0,50,757.948575
-2.0,50,758.187126
-2.0,50,758.41433
-2.0,50,758.634119
-2.0,50,758.850812
-1.0,50,759.065427
-1.0,50,759.282001
-3.0,50,759.49848
-1.0,50,759.713868
-1.0,50,759.929828
-2.0,50,760.144341
-2.0,50,760.362174
-2.0,50,760.577605
-2.0,50,760.795535
-3.0,50,761.020913
-1.0,50,761.234916
-2.0,50,761.451197
-2.0,50,761.664166
-3.0,50,761.884327
0.0,50,762.097396
-3.0,50,762.314516
0.0,50,762.528627
-2.0,50,762.752197
-1.0,50,762.974746
0.0,50,763.186915
-2.0,50,763.399337
0.0,50,763.615113
-2.0,50,763.826374
-1.0,50,764.039033
-2.0,50,764.250442
-1.0,50,764.472211
-1.0,50,764.689719
-2.0,50,764.902287
-2.0,50,765.117124
-3.0,50,765.338628
-2.0,50,765.552042
-2.0,50,765.763697
0.0,50,765.975247
-3.0,50,766.196703
-1.0,50,766.40942
-2.0,50,766.626083
-2.0,50,766.840567
-2.0,50,767.0565
-3.0,50,767.269919
-2.0,50,767.48365
-2.0,50,767.69459
0.0,50,767.911646
-3.0,50,768.128201
-1.0,50,768.342068
-3.0,50,768.564242
-2.0,50,768.779151
-2.0,50,768.994178
-1.0,50,769.208795
-2.0,50,769.421903
-1.0,50,769.638941
-2.0,50,769.853192
-1.0,50,770.06835
-2.0,50,770.282273
-3.0,50,770.503013
-1.0,50,770.714639
-3.0,50,770.928617
-1.0,50,771.141852
-2.0,50,771.38123
-2.0,50,771.598709
-2.0,50,771.816432
-2.0,50,772.030541
-3.0,50,772.251228
-1.0,50,772.468504
0.0,50,772.682831
-2.0,50,772.898884
-1.0,50,773.115553
-2.0,50,773.332829
-1.0,50,773.549432
-2.0,50,773.762122
-2.0,50,773.981844
-3.0,50,774.200529
-3.0,50,774.413441
-2.0,50,774.627645
-2.0,50,774.843848
-3.0,50,775.055964
-1.0,50,775.275561
-2.0,50,775.503418
-2.0,50,775.727216
-2.0,50,775.949196
-1.0,50,776.162548
-2.0,50,776.38301
-2.0,50,776.597003
-2.0,50,776.811931
-2.0,50,777.027078
-2.0,50,777.239346
-1.0,50,777.453491
-3.0,50,777.67413
-2.0,50,777.8864
-1.0,50,778.105845
-2.0,50,778.328435
-3.0,50,778.542507
-3.0,50,778.760981
-3.0,50,778.976145
-3.0,50,779.192828
0.0,50,779.407193
0.0,50,779.621039
-2.0,50,779.838362
-2.0,50,780.071326
-3.0,50,780.28562
-3.0,50,780.505777
-2.0,50,780.728504
-3.0,50,780.946214
-3.0,50,781.158946
-2.0,50,781.372487
-2.0,50,781.585225
0.0,50,781.804532
-3.0,50,782.018963
-1.0,50,782.234988
0.0,50,782.45679
-3.0,50,782.676522
-2.0,50,782.890034
-1.0,50,783.10458
-3.0,50,783.316833
-3.0,50,783.530881
-1.0,50,783.745974
-2.0,50,783.9584
-2.0,50,784.169473
-1.0,50,784.384052
0.0,50,784.595396
-2.0,50,784.808516
0.0,50,785.019363
-1.0,50,785.237335
-2.0,50,785.45002
-3.0,50,785.665796
-1.0,50,785.878627
-2.0,50,786.092993
-1.0,50,786.304835
-1.0,50,786.515578
-1.0,50,786.727728
-1.0,50,786.941099
0.0,50,787.152219
-1.0,50,787.364933
-2.0,50,787.575936
-2.0,50,787.790663
-2.0,50,788.008271
0.0,50,788.222225
-2.0,50,788.436958
-2.0,50,788.673459
-2.0,50,788.891117
-2.0,50,789.111969
-1.0,50,789.323756
-1.0,50,789.537752
-2.0,50,789.756077
-1.0,50,789.970688
-3.0,50,790.19175
-2.0,50,790.406011
-1.0,50,790.617981
-3.0,50,790.827407
-1.0,50,791.037786
-2.0,50,791.251526
0.0,50,791.462187
-1.0,50,791.67512
-2.0,50,791.887392
-2.0,50,792.107107
-3.0,50,792.322977
0.0,50,792.533106
-3.0,50,792.743444
-2.0,50,792.959962
-3.0,50,793.171405
0.0,50,793.381124
-2.0,50,793.599102
-2.0,50,793.814407
-2.0,50,794.030507
-1.0,50,794.243917
-1.0,50,794.45386
-1.0,50,794.670661
-2.0,50,794.881395
-2.0,50,795.093237
-1.0,50,795.300906
0.0,50,795.514189
0.0,50,795.724945
-2.0,50,795.957496
-2.0,50,796.184213
-1.0,50,796.399847
-3.0,50,796.611705
-2.0,50,796.826831
-1.0,50,797.039724
-3.0,50,797.279896
-1.0,50,797.506638
-2.0,50,797.731796
-2.0,50,797.961921
0.0,50,798.193113
0.0,50,798.417824
-3.0,50,798.635128
-1.0,50,798.849862
-2.0,50,799.070256
-2.0,50,799.290086
-3.0,50,799.504526
-1.0,50,799.719548
-3.0,50,799.937337
-1.0,50,800.151286
-2.0,50,800.366674
0.0,50,800.581277
-2.0,50,800.797168
-2.0,50,801.013011
-1.0,50,801.225659
-2.0,50,801.440338
-3.0,50,801.655889
-1.0,50,801.870122
-2.0,50,802.084161
-2.0,50,802.296687
-1.0,50,802.515672
-1.0,50,802.730727
-1.0,50,802.947696
0.0,50,803.163437
-2.0,50,803.384164
-2.0,50,803.597167
-2.0,50,803.812556
-3.0,50,804.033079
-2.0,50,804.248144
-1.0,50,804.513727
-2.0,50,804.740154
-3.0,50,804.959919
-2.0,50,805.175515
-2.0,50,805.389626
-1.0,50,805.608587
-2.0,50,805.819725
-2.0,50,806.037869
-1.0,50,806.250136
-3.0,50,806.466859
-1.0,50,806.693548
-1.0,50,806.930529
-1.0,50,807.167762
-2.0,50,807.393081
-1.0,50,807.608906
-3.0,50,807.831259
-1.0,50,808.045467
-2.0,50,808.266748
-1.0,50,808.488774
-1.0,50,808.710173
-1.0,50,808.926388
-2.0,50,809.144511
-2.0,50,809.357845
0.0,50,809.581008
-3.0,50,809.816885
-1.0,50,810.034404
-2.0,50,810.250246
-2.0,50,810.483101
-2.0,50,810.697033
-2.0,50,810.918653
-1.0,50,811.13263
-3.0,50,811.35619
-1.0,50,811.570138
-2.0,50,811.784055
-1.0,50,811.996446
-2.0,50,812.211563
-1.0,50,812.426363
-3.0,50,812.642515
-1.0,50,812.856485
-2.0,50,813.075812
-2.0,50,813.291463
-1.0,50,813.503197
-2.0,50,813.717146
-2.0,50,813.943855
-2.0,50,814.160937
-2.0,50,814.372564
-1.0,50,814.587387
-3.0,50,814.808624
-1.0,50,815.019905
-2.0,50,815.232281
-3.0,50,815.452108
-2.0,50,815.667229
-2.0,50,815.879649
-2.0,50,816.101295
-2.0,50,816.314522
-2.0,50,816.532194
-3.0,50,816.74474
-2.0,50,816.957318
-2.0,50,817.169743
-2.0,50,817.385026
-1.0,50,817.597828
-1.0,50,817.812638
-1.0,50,818.025863
-3.0,50,818.263012
-2.0,50,818.479652
-2.0,50,818.697473
-1.0,50,818.912562
-2.0,50,819.132318
-1.0,50,819.346596
-2.0,50,819.560623
-1.0,50,819.776098
-3.0,50,819.99496
-1.0,50,820.217715
-2.0,50,820.446304
-2.0,50,820.677653
-1.0,50,820.905514
-2.0,50,821.132702
-2.0,50,821.350097
-2.0,50,821.565728
-1.0,50,821.781233
-3.0,50,822.002199
-2.0,50,822.214135
-1.0,50,822.430302
-2.0,50,822.648025
-3.0,50,822.862702
-3.0,50,823.076413
-2.0,50,823.289378
-2.0,50,823.509795
-1.0,50,823.7239
0.0,50,823.935677
-3.0,50,824.147282
-3.0,50,824.360368
-1.0,50,824.575897
0.0,50,824.788141
-1.0,50,825.000435
-1.0,50,825.21364
0.0,50,825.426076
-2.0,50,825.642477
-1.0,50,825.856297
-3.0,50,826.094375
-1.0,50,826.306993
-1.0,50,826.518935
-2.0,50,826.730939
-2.0,50,826.947825
-1.0,50,827.159843
-2.0,50,827.38169
-3.0,50,827.593619
-1.0,50,827.805786
-2.0,50,828.016966
-2.0,50,828.228742
-2.0,50,828.439526
-2.0,50,828.656823
-1.0,50,828.875562
0.0,50,829.089395
0.0,50,829.30577
0.0,50,829.530441
-2.0,50,829.750659
-3.0,50,829.962873
-1.0,50,830.181983
-2.0,50,830.408544
-2.0,50,830.622427
-2.0,50,830.836307
-3.0,50,831.053392
0.0,50,831.271269
0.0,50,831.487023
-2.0,50,831.703299
-2.0,50,831.922332
-2.0,50,832.142501
-2.0,50,832.356555
-2.0,50,832.582423
-1.0,50,832.800517
-1.0,50,833.018734
-2.0,50,833.237388
-1.0,50,833.454801
-1.0,50,833.671835
-2.0,50,833.915156
-2.0,50,834.126679
-2.0,50,834.340111
-1.0,50,834.551559
-2.0,50,834.76576
-1.0,50,834.978403
0.0,50,835.189256
-2.0,50,835.406567
-1.0,50,835.620917
-1.0,50,835.831773
-3.0,50,836.051109
-2.0,50,836.263034
-3.0,50,836.477992
-3.0,50,836.699115
-3.0,50,836.909247
-3.0,50,837.129936
-3.0,50,837.349242
-2.0,50,837.561081
-1.0,50,837.772663
-1.0,50,837.985066
-1.0,50,838.199009
-3.0,50,838.410594
0.0,50,838.623125
-2.0,50,838.836145
-3.0,50,839.058542
-1.0,50,839.280213
-2.0,50,839.493679
-1.0,50,839.709494
-3.0,50,839.945006
-2.0,50,840.191996
-2.0,50,840.424805
-2.0,50,840.657669
-2.0,50,840.892651
-1.0,50,841.107641
-1.0,50,841.321054
-2.0,50,841.53516
-2.0,50,841.771999
-2.0,50,841.987115
-2.0,50,842.20628
-2.0,50,842.424251
-2.0,50,842.645167
-2.0,50,842.864058
-2.0,50,843.088318
-3.0,50,843.307889
-2.0,50,843.523798
0.0,50,843.739147
0.0,50,843.95548
-2.0,50,844.16762
-3.0,50,844.387331
-2.0,50,844.602932
-1.0,50,844.814501
-2.0,50,845.032599
0.0,50,845.466443
-2.0,50,845.683849
-1.0,50,845.896805
-1.0,50,846.109422
-2.0,50,846.323731
-2.0,50,846.535578
0.0,50,846.746595
-3.0,50,846.960402
-2.0,50,847.17378
-1.0,50,847.384845
-2.0,50,847.600474
-2.0,50,847.813086
-2.0,50,848.038654
-2.0,50,848.249273
-2.0,50,848.469272
-3.0,50,848.690042
-2.0,50,848.903861
-2.0,50,849.118427
-2.0,50,849.331498
-1.0,50,849.548005
-2.0,50,849.763834
-3.0,50,849.977939
-1.0,50,850.190037
-3.0,50,850.41026
-2.0,50,850.62785
-2.0,50,850.843392
-2.0,50,851.065193
-1.0,50,851.279398
-3.0,50,851.501234
-2.0,50,851.714616
0.0,50,851.928368
0.0,50,852.141487
-1.0,50,852.354117
-3.0,50,852.57578
0.0,50,852.788059
-2.0,50,853.002344
-2.0,50,853.235162
-2.0,50,853.447687
-1.0,50,853.662825
-3.0,50,853.879293
-2.0,50,854.09462
-2.0,50,854.312717
-1.0,50,854.525091
-3.0,50,854.739013
-2.0,50,854.964158
-3.0,50,855.185947
-1.0,50,855.39878
-2.0,50,855.612018
-2.0,50,855.827548
-3.0,50,856.039121
-3.0,50,856.249896
-2.0,50,856.46239
-3.0,50,856.6826
-2.0,50,856.898001
-2.0,50,857.109785
-5.0,50,857.320526
-2.0,50,857.53478
0.0,50,857.746577
-1.0,50,857.961099
-2.0,50,858.178244
-2.0,50,858.395288
-1.0,50,858.607803
-3.0,50,858.82092
-2.0,50,859.031605
-2.0,50,859.24537
-3.0,50,859.463775
-1.0,50,859.679914
-1.0,50,859.894546
-2.0,50,860.109047
-1.0,50,860.324747
-2.0,50,860.539439
-1.0,50,860.754937
-1.0,50,860.9877
-1.0,50,861.204003
0.0,50,861.417792
-2.0,50,861.639916
-2.0,50,861.859688
-3.0,50,862.076032
-3.0,50,862.290706
-1.0,50,862.50423
-1.0,50,862.721591
-1.0,50,862.952815
-3.0,50,863.188456
-2.0,50,863.420338
-2.0,50,863.667572
-1.0,50,863.893248
-3.0,50,864.108229
-3.0,50,864.329499
-1.0,50,864.547804
-1.0,50,864.759758
-1.0,50,864.974209
-2.0,50,865.185341
-2.0,50,865.40499
-3.0,50,865.618931
-2.0,50,865.829073
-1.0,50,866.039678
-2.0,50,866.254147
0.0,50,866.465875
-2.0,50,866.68038
-2.0,50,866.894499
-2.0,50,867.110149
-2.0,50,867.322354
-1.0,50,867.533107
-1.0,50,867.747082
-2.0,50,867.968334
-3.0,50,868.186765
-1.0,50,868.398008
-2.0,50,868.610009
-2.0,50,868.84013
-2.0,50,869.053694
-2.0,50,869.265643
-3.0,50,869.48892
0.0,50,869.706572
-2.0,50,869.935219
-2.0,50,870.152818
-2.0,50,870.366839
-2.0,50,870.588354
-2.0,50,870.801975
-2.0,50,871.016401
-1.0,50,871.228139
-1.0,50,871.444955
-3.0,50,871.659595
-2.0,50,871.872826
-1.0,50,872.085329
-2.0,50,872.300131
-2.0,50,872.51312
-1.0,50,872.727463
-1.0,50,872.941861
0.0,50,873.155678
-2.0,50,873.369458
-1.0,50,873.582764
0.0,50,873.797387
-1.0,50,874.022893
-2.0,50,874.245715
0.0,50,874.46053
0.0,50,874.673273
-2.0,50,874.898439
-2.0,50,875.114936
-3.0,50,875.326757
-1.0,50,875.53964
-3.0,50,875.763152
-3.0,50,875.974865
-3.0,50,876.195067
-2.0,50,876.410158
-2.0,50,876.640357
-3.0,50,876.849972
-2.0,50,877.063146
-2.0,50,877.273023
-1.0,50,877.486046
-2.0,50,877.698716
-2.0,50,877.916606
-2.0,50,878.130022
-1.0,50,878.346228
-1.0,50,878.556799
-2.0,50,878.77273
-2.0,50,878.987503
-1.0,50,879.200992
-2.0,50,879.417367
-1.0,50,879.629929
-3.0,50,879.852088
-2.0,50,880.067275
-1.0,50,880.283081
0.0,50,880.496029
-2.0,50,880.710552
-3.0,50,880.931916
-2.0,50,881.145698
-2.0,50,881.358591
-1.0,50,881.571011
-3.0,50,881.800085
-1.0,50,882.012541
-2.0,50,882.224576
-1.0,50,882.437358
-2.0,50,882.656639
0.0,50,882.882397
-3.0,50,883.113126
-1.0,50,883.340885
0.0,50,883.576138
-3.0,50,883.800471
-3.0,50,884.027961
-2.0,50,884.246126
-2.0,50,884.477217
-2.0,50,884.697436
-3.0,50,884.90664
-1.0,50,885.117816
-2.0,50,885.336367
-1.0,50,885.548112
-2.0,50,885.758342
-3.0,50,885.973444
-2.0,50,886.186686
-2.0,50,886.397449
-2.0,50,886.61036
0.0,50,886.820734
-1.0,50,887.033224
-3.0,50,887.251396
-2.0,50,887.462061
-3.0,50,887.672215
-1.0,50,887.887553
0.0,50,888.098716
-1.0,50,888.310503
-2.0,50,888.520446
-2.0,50,888.737226
-2.0,50,888.949695
-2.0,50,889.15892
-2.0,50,889.369378
-2.0,50,889.582624
-1.0,50,889.793429
-2.0,50,890.00643
-2.0,50,890.22352
0.0,50,890.437891
-2.0,50,890.648057
-1.0,50,890.859405
0.0,50,891.070785
-2.0,50,891.285349
-3.0,50,891.501855
0.0,50,891.713522
-2.0,50,891.924815
-1.0,50,892.156822
-2.0,50,892.371598
-2.0,50,892.588455
-2.0,50,892.800076
-2.0,50,893.020467
-2.0,50,893.23738
-2.0,50,893.453755
-3.0,50,893.666748
-1.0,50,893.884883
-2.0,50,894.096582
-1.0,50,894.308595
-2.0,50,894.524984
0.0,50,894.739517
0.0,50,894.950693
-1.0,50,895.161775
-1.0,50,895.371075
-3.0,50,895.586284
-3.0,50,895.796656
-2.0,50,896.007775
-2.0,50,896.218689
-3.0,50,896.431915
-2.0,50,896.648017
-2.0,50,896.864747
-2.0,50,897.07453
-2.0,50,897.287033
-1.0,50,897.49725
-2.0,50,897.70747
-1.0,50,897.918487
-2.0,50,898.132267
-3.0,50,898.348663
-2.0,50,898.56456
-2.0,50,898.776988
-2.0,50,898.999513
-1.0,50,899.210962
-2.0,50,899.423323
-2.0,50,899.635486
-2.0,50,899.878075
-2.0,50,900.091753
-2.0,50,900.30932
-2.0,50,900.525371
-4.0,50,900.745942
-2.0,50,900.972152
-2.0,50,901.198135
-24.0,50,901.419397
-2.0,50,901.634549
-2.0,50,901.849396
-3.0,50,902.062851
-2.0,50,902.28178
-2.0,50,902.50506
-1.0,50,902.724472
-2.0,50,902.938116
-1.0,50,903.151717
-3.0,50,903.366997
-3.0,50,903.587185
-3.0,50,903.800907
-2.0,50,904.017636
-39.0,50,904.238691
-49.0,50,904.458221
-1.0,50,904.674925
-45.0,50,904.894736
-13.0,50,905.112298
-1.0,50,905.325066
-49.0,50,905.545244
-50.0,50,905.763363
-50.0,50,905.986026
-50.0,50,906.203409
-50.0,50,906.421783
-50.0,50,906.642021
-50.0,50,906.864724
-50.0,50,907.098917
-50.0,50,907.333508
-50.0,50,907.565821
-50.0,50,907.813341
-50.0,50,908.038046
-50.0,50,908.25565
-50.0,50,908.470857
-50.0,50,908.689051
-50.0,50,908.905213
-50.0,50,909.124256
-50.0,50,909.342104
-50.0,50,909.564351
-50.0,50,909.784709
-50.0,50,909.999375
-50.0,50,910.217091
-50.0,50,910.439199
-50.0,50,910.658683
-50.0,50,910.878987
-50.0,50,911.100494
-50.0,50,911.321379
-50.0,50,911.540988
-47.0,50,911.774873
-49.0,50,911.994435
-47.0,50,912.216697
-50.0,50,912.44633
-50.0,50,912.674097
-48.0,50,912.900236
-50.0,50,913.137389
-50.0,50,913.371947
-50.0,50,913.602387
-49.0,50,913.832881
-50.0,50,914.063878
-50.0,50,914.284857
-50.0,50,914.512558
-50.0,50,914.741939
-48.0,50,914.969955
-50.0,50,915.200578
-48.0,50,915.430196
-50.0,50,915.656487
-50.0,50,915.899672
-50.0,50,916.124658
-50.0,50,916.350881
-50.0,50,916.560562
-13.0,50,916.775926
-2.0,50,916.988174
0.0,50,917.199682
-8.0,50,917.413231
-2.0,50,917.637207
-1.0,50,917.848197
-3.0,50,918.060961
-3.0,50,918.271215
0.0,50,918.485479
-3.0,50,918.698093
-4.0,50,918.91192
-1.0,50,919.125729
-3.0,50,919.339617
-2.0,50,919.551331
-3.0,50,919.767816
-5.0,50,919.979764
-3.0,50,920.196558
-3.0,50,920.40939
-3.0,50,920.624348
-1.0,50,920.837853
-4.0,50,921.054315
-2.0,50,921.26735
-3.0,50,921.48685
-2.0,50,921.703228
-3.0,50,921.919333
-50.0,50,922.140749
-4.0,50,922.354372
-1.0,50,922.568255
-1.0,50,922.800137
-2.0,50,923.01537
-2.0,50,923.229181
-1.0,50,923.442306
-2.0,50,923.667093
-6.0,50,923.888672
-2.0,50,924.107084
-3.0,50,924.318121
-4.0,50,924.532593
-1.0,50,924.747517
-3.0,50,924.967058
-3.0,50,925.181461
-1.0,50,925.395295
-1.0,50,925.609291
-2.0,50,925.820422
-2.0,50,926.033046
-1.0,50,926.246964
-2.0,50,926.457846
-2.0,50,926.674498
-8.0,50,926.88931
-1.0,50,927.10512
-3.0,50,927.319388
-2.0,50,927.531723
-2.0,50,927.744605
-3.0,50,927.967627
-3.0,50,928.194149
-2.0,50,928.414257
-2.0,50,928.639185
-2.0,50,928.864612
0.0,50,929.077212
-4.0,50,929.297796
-2.0,50,929.508819
-2.0,50,929.737365
-3.0,50,929.94823
-2.0,50,930.159417
-3.0,50,930.37055
-16.0,50,930.586384
-2.0,50,930.799566
-2.0,50,931.021086
0.0,50,931.23442
-3.0,50,931.451995
-2.0,50,931.667166
-2.0,50,931.881821
-3.0,50,932.101807
-2.0,50,932.322665
-2.0,50,932.542705
-2.0,50,932.761216
-3.0,50,932.981253
-3.0,50,933.210524
-2.0,50,933.435215
-2.0,50,933.652921
-2.0,50,933.873216
-2.0,50,934.105962
-1.0,50,934.339418
-2.0,50,934.562038
-2.0,50,934.782184
-1.0,50,935.000785
-2.0,50,935.223191
0.0,50,935.440559
-2.0,50,935.662876
-2.0,50,935.891857
-2.0,50,936.106791
0.0,50,936.320314
-2.0,50,936.535504
-2.0,50,936.768261
-2.0,50,936.989405
-1.0,50,937.204589
-1.0,50,937.419188
-2.0,50,937.638212
-1.0,50,937.853675
-2.0,50,938.067955
-2.0,50,938.283724
-3.0,50,938.520243
0.0,50,938.73523
-2.0,50,938.948813
-1.0,50,939.165338
-3.0,50,939.385203
-1.0,50,939.597168
-1.0,50,939.811807
-3.0,50,940.022234
-2.0,50,940.238082
0.0,50,940.448663
-1.0,50,940.660023
-2.0,50,940.881572
-2.0,50,941.102605
0.0,50,941.317438
-2.0,50,941.531668
-2.0,50,941.753029
-2.0,50,941.967067
-3.0,50,942.181327
-1.0,50,942.394272
-2.0,50,942.607855
-1.0,50,942.82393
-1.0,50,943.036462
-2.0,50,943.247733
0.0,50,943.460588
-2.0,50,943.691935
-3.0,50,943.912469
-2.0,50,944.128136
-1.0,50,944.341284
-1.0,50,944.556789
-1.0,50,944.771086
-1.0,50,944.984398
-1.0,50,945.196913
0.0,50,945.4117
-3.0,50,945.626222
-3.0,50,945.844984
-3.0,50,946.061324
-2.0,50,946.2786
0.0,50,946.489513
-2.0,50,946.709927
-2.0,50,946.922442
0.0,50,947.133931
0.0,50,947.345574
0.0,50,947.556721
-1.0,50,947.767681
-1.0,50,947.981339
-2.0,50,948.200209
-2.0,50,948.410525
-2.0,50,948.623385
-2.0,50,948.840467
-2.0,50,949.065419
-1.0,50,949.289903
-2.0,50,949.514748
-3.0,50,949.74203
-3.0,50,949.963727
-2.0,50,950.183632
0.0,50,950.394767
0.0,50,950.640583
-2.0,50,950.85145
-3.0,50,951.065732
0.0,50,951.278155
-3.0,50,951.501509
-1.0,50,951.713214
-2.0,50,951.924143
-2.0,50,952.13811
-2.0,50,952.350438
-2.0,50,952.565327
-2.0,50,952.778606
-2.0,50,952.989898
-1.0,50,953.20511
-2.0,50,953.421934
-2.0,50,953.633913
-1.0,50,953.84642
-2.0,50,954.272079
-2.0,50,954.49244
-2.0,50,954.705198
-1.0,50,954.918689
-3.0,50,955.141556
0.0,50,955.354079
-2.0,50,955.565246
-2.0,50,955.776768
-2.0,50,955.993299
-2.0,50,956.203828
-1.0,50,956.416466
-2.0,50,956.624646
-2.0,50,956.846061
-2.0,50,957.06088
-1.0,50,957.271508
-1.0,50,957.489718
-2.0,50,957.701554
-2.0,50,957.91602
-2.0,50,958.128981
-2.0,50,958.338802
-3.0,50,958.559035
-2.0,50,958.77675
-3.0,50,958.994388
-2.0,50,959.205655
-1.0,50,959.420362
-2.0,50,959.63025
-2.0,50,959.84212
-2.0,50,960.060618
-2.0,50,960.273503
-3.0,50,960.485847
-2.0,50,960.700501
-1.0,50,960.914341
-1.0,50,961.143293
-2.0,50,961.365816
-2.0,50,961.578606
-1.0,50,961.792235
-1.0,50,962.011809
-2.0,50,962.223681
-2.0,50,962.439049
-2.0,50,962.662972
-2.0,50,962.882168
-1.0,50,963.097034
-2.0,50,963.312091
-1.0,50,963.527347
0.0,50,963.740338
0.0,50,963.952989
0.0,50,964.16814
-1.0,50,964.382622
-1.0,50,964.59996
-2.0,50,964.822734
-2.0,50,965.043909
0.0,50,965.254803
-1.0,50,965.474407
-2.0,50,965.691376
-1.0,50,965.905616
-2.0,50,966.119071
-1.0,50,966.334561
-3.0,50,966.545736
-2.0,50,966.756138
0.0,50,966.968065
0.0,50,967.182613
-1.0,50,967.394511
-2.0,50,967.619854
-2.0,50,967.846613
-2.0,50,968.078799
0.0,50,968.291085
0.0,50,968.503042
-3.0,50,968.719415
-3.0,50,968.937904
-3.0,50,969.151959
-2.0,50,969.364041
0.0,50,969.577606
-1.0,50,969.793707
-3.0,50,970.004734
-3.0,50,970.223961
-2.0,50,970.43716
-3.0,50,970.655698
-1.0,50,970.867562
0.0,50,971.078697
0.0,50,971.290677
-2.0,50,971.509882
-2.0,50,971.72719
-1.0,50,971.956183
-2.0,50,972.192791
-2.0,50,972.425442
-2.0,50,972.656936
-3.0,50,972.875975
-3.0,50,973.095378
-2.0,50,973.329571
-2.0,50,973.553666
-1.0,50,973.774776
-2.0,50,973.998051
-2.0,50,974.216631
-1.0,50,974.43019
-1.0,50,974.643068
-3.0,50,974.855879
-1.0,50,975.090655
-1.0,50,975.30413
-2.0,50,975.516491
-2.0,50,975.735373
-3.0,50,975.956934
0.0,50,976.175087
0.0,50,976.390847
-3.0,50,976.601533
-2.0,50,976.81505
0.0,50,977.025873
-2.0,50,977.243556
-2.0,50,977.453853
-2.0,50,977.668397
-2.0,50,977.884421
-3.0,50,978.095537
-3.0,50,978.312879
0.0,50,978.52619
-2.0,50,978.739027
-3.0,50,978.949449
-3.0,50,979.160312
0.0,50,979.372369
-3.0,50,979.589953
-2.0,50,979.8019
-3.0,50,980.017109
-2.0,50,980.233557
-1.0,50,980.44405
0.0,50,980.656043
-2.0,50,980.87075
-3.0,50,981.082519
-1.0,50,981.291577
-3.0,50,981.515466
-2.0,50,981.731425
-2.0,50,981.96277
-2.0,50,982.176103
0.0,50,982.387713
-2.0,50,982.600428
0.0,50,982.817375
-3.0,50,983.034821
-3.0,50,983.2523
-3.0,50,983.468759
-1.0,50,983.684609
-3.0,50,983.902444
-2.0,50,984.116715
-2.0,50,984.333211
-1.0,50,984.549311
-2.0,50,984.76936
-3.0,50,984.984006
-1.0,50,985.197896
-2.0,50,985.418006
-2.0,50,985.63666
-2.0,50,985.84831
0.0,50,986.059875
-2.0,50,986.285596
-2.0,50,986.502812
-2.0,50,986.715018
-3.0,50,986.925824
-1.0,50,987.138129
-2.0,50,987.349457
-1.0,50,987.559921
-2.0,50,987.771938
0.0,50,987.987918
-2.0,50,988.199092
-2.0,50,988.408967
-2.0,50,988.623426
-2.0,50,988.874262
-3.0,50,989.085723
-2.0,50,989.298349
-1.0,50,989.510283
-1.0,50,989.730933
-3.0,50,989.948694
-2.0,50,990.15973
-1.0,50,990.371697
-2.0,50,990.588586
-3.0,50,990.79922
0.0,50,991.011442
-2.0,50,991.223858
-3.0,50,991.436595
-2.0,50,991.654153
0.0,50,991.866518
-3.0,50,992.085101
-1.0,50,992.298308
-2.0,50,992.513768
-1.0,50,992.727177
-2.0,50,992.942824
-2.0,50,993.161189
-2.0,50,993.375719
-2.0,50,993.587076
-2.0,50,993.807137
-2.0,50,994.024413
-1.0,50,994.237183
-3.0,50,994.451537
0.0,50,994.662177
0.0,50,994.877134
-2.0,50,995.100062
-2.0,50,995.329001
-2.0,50,995.549947
-2.0,50,995.801391
0.0,50,996.015252
-1.0,50,996.230432
-2.0,50,996.442445
-2.0,50,996.66289
-2.0,50,996.879368
-2.0,50,997.093851
-3.0,50,997.312195
-2.0,50,997.533876
-2.0,50,997.745112
-2.0,50,997.959548
-1.0,50,998.17117
-3.0,50,998.386766
-1.0,50,998.611196
-2.0,50,998.83095
0.0,50,999.044675
-1.0,50,999.266303
-3.0,50,999.48473
-2.0,50,999.701916
-2.0,50,999.914406
-2.0,50,1000.129933
-3.0,50,1000.348764
-2.0,50,1000.567276
-2.0,50,1000.7848
-1.0,50,1001.00213
-2.0,50,1001.224088
-2.0,50,1001.436633
-1.0,50,1001.647791
-2.0,50,1001.863792
-1.0,50,1002.079668
-3.0,50,1002.295203
-1.0,50,1002.50876
-2.0,50,1002.744248
-1.0,50,1002.95919
-2.0,50,1003.176391
-1.0,50,1003.397339
0.0,50,1003.617368
-2.0,50,1003.841297
0.0,50,1004.057863
-2.0,50,1004.275524
-1.0,50,1004.504016
-3.0,50,1004.721373
-2.0,50,1004.941218
-2.0,50,1005.159712
-3.0,50,1005.379866
-3.0,50,1005.599301
-2.0,50,1005.817704
-3.0,50,1006.038522
-1.0,50,1006.2614
-1.0,50,1006.479516
-2.0,50,1006.698925
-3.0,50,1006.916631
0.0,50,1007.135431
-3.0,50,1007.350453
-2.0,50,1007.564357
-2.0,50,1007.782163
0.0,50,1007.999
-3.0,50,1008.233416
-2.0,50,1008.470651
-2.0,50,1008.701874
-3.0,50,1008.9194
0.0,50,1009.131847
0.0,50,1009.366523
-2.0,50,1009.603892
-1.0,50,1009.83893
-1.0,50,1010.050746
-2.0,50,1010.308531
-1.0,50,1010.521295
-2.0,50,1010.740976
-2.0,50,1010.959517
-2.0,50,1011.171599
-1.0,50,1011.402129
-1.0,50,1011.64894
-1.0,50,1011.897256
-3.0,50,1012.138805
0.0,50,1012.363252
0.0,50,1012.583205
-2.0,50,1012.803621
-2.0,50,1013.022032
-2.0,50,1013.241334
-1.0,50,1013.455744
0.0,50,1013.670688
0.0,50,1013.884776
-2.0,50,1014.105237
-3.0,50,1014.345231
-2.0,50,1014.566585
0.0,50,1014.782399
-3.0,50,1014.996681
-1.0,50,1015.211645
-3.0,50,1015.428887
-1.0,50,1015.643563
-2.0,50,1015.860261
-2.0,50,1016.078641
-2.0,50,1016.294248
-2.0,50,1016.518421
-2.0,50,1016.742454
-3.0,50,1016.962661
-2.0,50,1017.177945
-1.0,50,1017.389429
-2.0,50,1017.603643
-3.0,50,1017.825804
-2.0,50,1018.03702
-1.0,50,1018.248494
-2.0,50,1018.458981
-3.0,50,1018.672723
-2.0,50,1018.884484
0.0,50,1019.098942
-1.0,50,1019.314496
-2.0,50,1019.53184
-3.0,50,1019.747661
-2.0,50,1019.964367
0.0,50,1020.177298
-1.0,50,1020.394875
-2.0,50,1020.618188
-1.0,50,1020.830574
-3.0,50,1021.051684
-1.0,50,1021.299619
-2.0,50,1021.512971
-1.0,50,1021.727353
-1.0,50,1021.949181
-1.0,50,1022.200159
-2.0,50,1022.420669
-1.0,50,1022.657087
-2.0,50,1022.904846
-2.0,50,1023.144579
-2.0,50,1023.387234
-2.0,50,1023.622943
-2.0,50,1023.846753
-1.0,50,1024.060499
-2.0,50,1024.274193
-2.0,50,1024.484042
-2.0,50,1024.698355
-1.0,50,1024.914105
-2.0,50,1025.128384
-1.0,50,1025.359403
-2.0,50,1025.570744
-2.0,50,1025.784726
-2.0,50,1026.001374
-1.0,50,1026.21121
-2.0,50,1026.426538
-1.0,50,1026.638636
-2.0,50,1026.854576
-2.0,50,1027.073982
-3.0,50,1027.285643
-3.0,50,1027.505627
-3.0,50,1027.723558
-3.0,50,1027.93325
-1.0,50,1028.141659
-2.0,50,1028.369054
-1.0,50,1028.581394
-2.0,50,1028.795427
-3.0,50,1029.012849
-3.0,50,1029.224973
0.0,50,1029.4339
-1.0,50,1029.643246
-2.0,50,1029.855302
-2.0,50,1030.070608
-3.0,50,1030.28127
-3.0,50,1030.489428
-2.0,50,1030.698404
-2.0,50,1030.910177
-2.0,50,1031.12036
-1.0,50,1031.330588
-2.0,50,1031.546218
-2.0,50,1031.758213
-1.0,50,1031.970762
-3.0,50,1032.215657
0.0,50,1032.461467
0.0,50,1032.706493
-2.0,50,1032.937709
-1.0,50,1033.165138
0.0,50,1033.405235
-2.0,50,1033.654634
-1.0,50,1033.892271
-3.0,50,1034.12282
0.0,50,1034.355361
-2.0,50,1034.587941
-2.0,50,1034.818136
-1.0,50,1035.047223
-2.0,50,1035.273354
-2.0,50,1035.519681
-2.0,50,1035.748712
-1.0,50,1035.985997
-3.0,50,1036.229301
-2.0,50,1036.475113
-2.0,50,1036.710004
-3.0,50,1036.953845
-1.0,50,1037.197023
-1.0,50,1037.45046
0.0,50,1037.673465
-2.0,50,1037.900713
-2.0,50,1038.147797
0.0,50,1038.388387
-1.0,50,1038.619293
-2.0,50,1038.86099
-2.0,50,1039.110069
-3.0,50,1039.341564
-3.0,50,1039.562967
0.0,50,1039.78734
-2.0,50,1040.026803
-1.0,50,1040.242836
-2.0,50,1040.461917
-1.0,50,1040.701909
-2.0,50,1040.916852
0.0,50,1041.130896
-1.0,50,1041.340119
-2.0,50,1041.557222
-2.0,50,1041.767395
-2.0,50,1041.987108
-1.0,50,1042.195018
-2.0,50,1042.424131
-2.0,50,1042.654849
-1.0,50,1042.889186
-1.0,50,1043.131191
-2.0,50,1043.361199
-10.0,50,1043.581833
-2.0,50,1043.799358
-3.0,50,1044.015432
-2.0,50,1044.226452
0.0,50,1044.452444
-2.0,50,1044.679707
-1.0,50,1044.922335
-1.0,50,1045.136623
-2.0,50,1045.352827
-3.0,50,1045.589564
-1.0,50,1045.818622
0.0,50,1046.028351
0.0,50,1046.237181
-2.0,50,1046.450711
0.0,50,1046.659757
-1.0,50,1046.873435
0.0,50,1047.090378
-1.0,50,1047.304404
0.0,50,1047.514245
-2.0,50,1047.725463
-1.0,50,1047.937142
-2.0,50,1048.152962
0.0,50,1048.36053
-2.0,50,1048.570971
-2.0,50,1048.783635
-2.0,50,1048.99764
-2.0,50,1049.215751
-2.0,50,1049.427045
-2.0,50,1049.637303
0.0,50,1049.861719
-3.0,50,1050.070237
-3.0,50,1050.285
-2.0,50,1050.493415
0.0,50,1050.703262
-2.0,50,1050.913053
-2.0,50,1051.121075
-3.0,50,1051.340499
0.0,50,1051.554789
-2.0,50,1051.766153
-2.0,50,1051.982013
-2.0,50,1052.194734
-1.0,50,1052.405898
-2.0,50,1052.619233
-2.0,50,1052.830755
-2.0,50,1053.041861
-1.0,50,1053.264209
-1.0,50,1053.472745
-3.0,50,1053.680838
-3.0,50,1053.889332
-1.0,50,1054.10444
-3.0,50,1054.317093
-1.0,50,1054.52688
-1.0,50,1054.73558
0.0,50,1054.945625
-3.0,50,1055.157408
-1.0,50,1055.365902
-1.0,50,1055.57451
-2.0,50,1055.806326
-1.0,50,1056.014905
-2.0,50,1056.222316
-1.0,50,1056.432166
-1.0,50,1056.659928
-2.0,50,1056.871104
-2.0,50,1057.084394
-1.0,50,1057.293157
-1.0,50,1057.523692
-1.0,50,1057.756765
-2.0,50,1057.987982
-3.0,50,1058.217902
-2.0,50,1058.457194
-1.0,50,1058.68204
-2.0,50,1058.904743
-1.0,50,1059.155152
0.0,50,1059.415952
-2.0,50,1059.649448
-1.0,50,1059.878113
-2.0,50,1060.097571
-2.0,50,1060.31784
-2.0,50,1060.53286
-2.0,50,1060.746695
-1.0,50,1060.966719
-2.0,50,1061.208481
-1.0,50,1061.444117
-2.0,50,1061.680067
-1.0,50,1061.89445
-3.0,50,1062.130376
-3.0,50,1062.350755
-2.0,50,1062.570074
-2.0,50,1062.784629
-3.0,50,1062.997918
-2.0,50,1063.215929
-2.0,50,1063.44824
-3.0,50,1063.675092
-3.0,50,1064.094925
-1.0,50,1064.306193
-3.0,50,1064.51813
-2.0,50,1064.729238
-1.0,50,1064.954942
-2.0,50,1065.166842
-1.0,50,1065.377717
-1.0,50,1065.593962
-1.0,50,1065.807376
-3.0,50,1066.024302
-3.0,50,1066.232774
-2.0,50,1066.442103
-1.0,50,1066.656915
-2.0,50,1066.903056
0.0,50,1067.151268
-2.0,50,1067.40982
-2.0,50,1067.666942
-2.0,50,1067.918537
-2.0,50,1068.161375
-1.0,50,1068.400927
-2.0,50,1068.654883
-2.0,50,1068.905814
-2.0,50,1069.151853
-1.0,50,1069.393253
-1.0,50,1069.681694
-2.0,50,1069.923147
-3.0,50,1070.161686
-1.0,50,1070.397908
-3.0,50,1070.646276
-3.0,50,1070.880354
-1.0,50,1071.109642
-2.0,50,1071.344215
-2.0,50,1071.577578
0.0,50,1071.809882
-2.0,50,1072.046435
0.0,50,1072.285906
-2.0,50,1072.535126
-2.0,50,1072.787495
-3.0,50,1073.041377
-2.0,50,1073.292819
-2.0,50,1073.59685
-2.0,50,1073.836174
-2.0,50,1074.05493
-2.0,50,1074.272634
-3.0,50,1074.500356
-1.0,50,1074.725866
-2.0,50,1074.942397
-2.0,50,1075.158792
-3.0,50,1075.414931
-1.0,50,1075.661168
-2.0,50,1075.89399
-3.0,50,1076.127151
-2.0,50,1076.354958
-2.0,50,1076.577887
0.0,50,1076.813333
-2.0,50,1077.042987
-3.0,50,1077.286291
0.0,50,1077.503194
-3.0,50,1077.720809
-2.0,50,1077.933082
-1.0,50,1078.156041
-2.0,50,1078.372731
-2.0,50,1078.591985
-2.0,50,1078.816803
-2.0,50,1079.060337
-3.0,50,1079.280073
-2.0,50,1079.503192
-2.0,50,1079.722001
-2.0,50,1079.947785
-1.0,50,1080.164033
0.0,50,1080.379758
-3.0,50,1080.602101
-2.0,50,1080.833594
-2.0,50,1081.059793
-1.0,50,1081.291322
-2.0,50,1081.51595
-3.0,50,1081.746282
-2.0,50,1081.964053
-2.0,50,1082.192611
-2.0,50,1082.412113
-1.0,50,1082.63411
-3.0,50,1082.85777
-1.0,50,1083.075068
-2.0,50,1083.300709
-1.0,50,1083.536319
-1.0,50,1083.752996
-1.0,50,1083.972943
-3.0,50,1084.19551
0.0,50,1084.414402
-1.0,50,1084.632254
0.0,50,1084.852426
-2.0,50,1085.073876
-2.0,50,1085.293084
-3.0,50,1085.515933
-1.0,50,1085.728862
-2.0,50,1085.946541
-2.0,50,1086.169202
-2.0,50,1086.387214
-1.0,50,1086.60369
-3.0,50,1086.824764
0.0,50,1087.043611
-2.0,50,1087.262876
-1.0,50,1087.478877
-2.0,50,1087.698111
-2.0,50,1087.916046
-1.0,50,1088.131288
-2.0,50,1088.35537
-3.0,50,1088.576099
-1.0,50,1088.795849
-1.0,50,1089.015233
0.0,50,1089.239267
-1.0,50,1089.462849
-3.0,50,1089.714327
-2.0,50,1089.931621
0.0,50,1090.147078
-1.0,50,1090.363592
-3.0,50,1090.584305
-2.0,50,1090.806422
-2.0,50,1091.023822
-1.0,50,1091.240347
-1.0,50,1091.459417
-3.0,50,1091.676397
-1.0,50,1091.895055
-1.0,50,1092.111179
-2.0,50,1092.332924
-2.0,50,1092.559762
-2.0,50,1092.782641
-3.0,50,1093.012129
-1.0,50,1093.240821
-1.0,50,1093.467685
-2.0,50,1093.698503
-1.0,50,1093.923328
-3.0,50,1094.147622
-2.0,50,1094.370762
-1.0,50,1094.588934
-3.0,50,1094.8041
-3.0,50,1095.033759
-1.0,50,1095.248981
-2.0,50,1095.461074
0.0,50,1095.673309
-3.0,50,1095.907524
-3.0,50,1096.130583
-1.0,50,1096.351343
-1.0,50,1096.568023
-1.0,50,1096.784839
-1.0,50,1096.999551
-1.0,50,1097.217374
-1.0,50,1097.432701
-2.0,50,1097.659363
0.0,50,1097.874019
-2.0,50,1098.087589
-1.0,50,1098.304469
-1.0,50,1098.527436
-1.0,50,1098.76294
-2.0,50,1098.99985
-1.0,50,1099.228047
-2.0,50,1099.45909
-3.0,50,1099.681188
-2.0,50,1099.898022
-2.0,50,1100.114198
0.0,50,1100.336441
-3.0,50,1100.565412
-2.0,50,1100.783884
-2.0,50,1101.000027
0.0,50,1101.22421
-3.0,50,1101.44605
-2.0,50,1101.669315
-3.0,50,1101.896199
-1.0,50,1102.136167
0.0,50,1102.357831
-1.0,50,1102.580754
-1.0,50,1102.807915
-1.0,50,1103.04718
0.0,50,1103.279609
-1.0,50,1103.502148
-2.0,50,1103.724535
-1.0,50,1103.9509
-2.0,50,1104.175816
0.0,50,1104.391902
-2.0,50,1104.607246
-2.0,50,1104.825525
-2.0,50,1105.040219
-1.0,50,1105.255108
0.0,50,1105.468838
-2.0,50,1105.687153
-2.0,50,1105.906837
-2.0,50,1106.118682
-2.0,50,1106.331535
-1.0,50,1106.547285
-1.0,50,1106.760388
-2.0,50,1106.981957
-2.0,50,1107.201947
-2.0,50,1107.422759
-3.0,50,1107.639238
-3.0,50,1107.861203
-2.0,50,1108.076372
-3.0,50,1108.316128
-2.0,50,1108.535397
0.0,50,1108.752787
-2.0,50,1108.973032
-2.0,50,1109.188841
-3.0,50,1109.410472
-3.0,50,1109.631003
-3.0,50,1109.847644
-1.0,50,1110.075086
-2.0,50,1110.301053
-3.0,50,1110.526661
-1.0,50,1110.744585
-2.0,50,1110.970896
0.0,50,1111.187106
-1.0,50,1111.404691
0.0,50,1111.620915
0.0,50,1111.843433
-2.0,50,1112.062321
0.0,50,1112.28061
-2.0,50,1112.498664
-3.0,50,1112.718021
-3.0,50,1112.938145
-3.0,50,1113.157949
-3.0,50,1113.38849
-2.0,50,1113.619204
-1.0,50,1113.843505
-1.0,50,1114.068382
-1.0,50,1114.289525
-2.0,50,1114.526237
0.0,50,1114.739195
-1.0,50,1114.95281
-2.0,50,1115.165836
-1.0,50,1115.383555
-2.0,50,1115.59673
-2.0,50,1115.810298
-1.0,50,1116.023521
-2.0,50,1116.24453
-1.0,50,1116.456276
-2.0,50,1116.668875
-1.0,50,1116.88177
-1.0,50,1117.094989
-2.0,50,1117.312431
-2.0,50,1117.525121
-2.0,50,1117.737907
-2.0,50,1117.958763
-2.0,50,1118.174327
-2.0,50,1118.389124
-2.0,50,1118.601372
-2.0,50,1118.830588
-3.0,50,1119.061065
-1.0,50,1119.277615
-2.0,50,1119.503686
0.0,50,1119.727869
-2.0,50,1119.950939
-2.0,50,1120.177779
-2.0,50,1120.40267
-3.0,50,1120.641711
0.0,50,1120.864193
-2.0,50,1121.08934
-3.0,50,1121.310607
-2.0,50,1121.53774
-1.0,50,1121.760036
-1.0,50,1121.978512
-2.0,50,1122.20575
-2.0,50,1122.428319
-2.0,50,1122.649189
-1.0,50,1122.87379
-2.0,50,1123.09965
-2.0,50,1123.322826
-2.0,50,1123.550971
-2.0,50,1123.769381
0.0,50,1123.989262
-1.0,50,1124.214297
-2.0,50,1124.434363
0.0,50,1124.648587
-2.0,50,1124.861876
-2.0,50,1125.086041
-3.0,50,1125.303932
-1.0,50,1125.52
-1.0,50,1125.735427
-2.0,50,1125.962432
-2.0,50,1126.176593
-2.0,50,1126.396077
-1.0,50,1126.60866
-1.0,50,1126.844487
-2.0,50,1127.058389
-2.0,50,1127.272005
-1.0,50,1127.485649
-3.0,50,1127.704295
-2.0,50,1127.919015
-1.0,50,1128.134035
-2.0,50,1128.354062
-1.0,50,1128.570768
0.0,50,1128.790449
-1.0,50,1129.011598
0.0,50,1129.232803
0.0,50,1129.460528
-3.0,50,1129.690149
-2.0,50,1129.913071
-1.0,50,1130.129963
-2.0,50,1130.355666
0.0,50,1130.581574
-3.0,50,1130.803494
-1.0,50,1131.022327
-1.0,50,1131.241829
-3.0,50,1131.458526
-2.0,50,1131.676939
-2.0,50,1131.89473
-2.0,50,1132.119771
0.0,50,1132.336877
0.0,50,1132.554512
-2.0,50,1132.771663
-2.0,50,1133.008048
-1.0,50,1133.22455
0.0,50,1133.439529
-2.0,50,1133.662977
-2.0,50,1133.883119
-1.0,50,1134.102547
0.0,50,1134.321132
-2.0,50,1134.544849
-2.0,50,1134.773055
-1.0,50,1134.987127
-3.0,50,1135.201053
-2.0,50,1135.416144
-2.0,50,1135.646038
-2.0,50,1135.867596
-2.0,50,1136.082606
-1.0,50,1136.300079
-2.0,50,1136.516083
-1.0,50,1136.729128
0.0,50,1136.942878
0.0,50,1137.157866
-2.0,50,1137.377587
-2.0,50,1137.591333
0.0,50,1137.804198
-3.0,50,1138.018968
0.0,50,1138.233865
0.0,50,1138.447081
-2.0,50,1138.667332
-3.0,50,1138.881267
0.0,50,1139.11299
-2.0,50,1139.326682
-2.0,50,1139.54207
-2.0,50,1139.75897
-1.0,50,1139.996074
-1.0,50,1140.214889
-1.0,50,1140.432086
-2.0,50,1140.65012
-1.0,50,1140.869187
0.0,50,1141.084652
-1.0,50,1141.299533
-2.0,50,1141.520137
-2.0,50,1141.7481
-2.0,50,1141.963577
-3.0,50,1142.187138
0.0,50,1142.410012
-3.0,50,1142.645888
0.0,50,1142.869687
-3.0,50,1143.091885
-2.0,50,1143.320739
-2.0,50,1143.552205
-2.0,50,1143.783703
-2.0,50,1144.007834
-2.0,50,1144.232918
-1.0,50,1144.457193
-3.0,50,1144.68448
-2.0,50,1144.912235
-13.0,50,1145.138102
-1.0,50,1145.379568
-1.0,50,1145.596868
-2.0,50,1145.824998
-1.0,50,1146.044328
-1.0,50,1146.259298
-3.0,50,1146.498038
-2.0,50,1146.749506
-2.0,50,1146.997301
-3.0,50,1147.2292
-2.0,50,1147.450279
-2.0,50,1147.6695
-3.0,50,1147.920242
-2.0,50,1148.144154
-2.0,50,1148.363921
-1.0,50,1148.576534
-2.0,50,1148.806386
-3.0,50,1149.025177
-2.0,50,1149.244773
-1.0,50,1149.459577
-2.0,50,1149.674369
-3.0,50,1149.94647
-1.0,50,1150.201376
-2.0,50,1150.436109
-3.0,50,1150.677459
-2.0,50,1150.94553
-1.0,50,1151.170618
-2.0,50,1151.406727
-2.0,50,1151.631307
0.0,50,1151.861172
-2.0,50,1152.097343
-2.0,50,1152.318711
-2.0,50,1152.537836
-2.0,50,1152.763664
-1.0,50,1152.984186
-3.0,50,1153.204685
-2.0,50,1153.43333
-2.0,50,1153.657721
-1.0,50,1153.880214
-2.0,50,1154.098497
-3.0,50,1154.316568
-1.0,50,1154.5392
-2.0,50,1154.758376
-2.0,50,1154.98551
-2.0,50,1155.205301
-2.0,50,1155.422367
-3.0,50,1155.639938
-2.0,50,1155.855631
-3.0,50,1156.070682
-2.0,50,1156.293107
-2.0,50,1156.51101
0.0,50,1156.726331
-1.0,50,1156.946475
-1.0,50,1157.177772
-1.0,50,1157.393405
-2.0,50,1157.608887
-2.0,50,1157.826003
0.0,50,1158.042495
-3.0,50,1158.254739
-1.0,50,1158.468969
-2.0,50,1158.682697
-2.0,50,1158.904374
-2.0,50,1159.119273
-1.0,50,1159.331757
-3.0,50,1159.55211
-3.0,50,1159.766997
-2.0,50,1159.986215
-2.0,50,1160.214864
-1.0,50,1160.431406
-1.0,50,1160.647903
-2.0,50,1160.865286
-1.0,50,1161.083047
-2.0,50,1161.301972
-2.0,50,1161.523499
-2.0,50,1161.739162
-1.0,50,1161.963521
-2.0,50,1162.184771
-1.0,50,1162.404482
-2.0,50,1162.618978
-1.0,50,1162.837164
-3.0,50,1163.062942
-2.0,50,1163.321637
-2.0,50,1163.548752
-1.0,50,1163.7645
-2.0,50,1163.979165
-1.0,50,1164.202438
-1.0,50,1164.418917
-2.0,50,1164.637797
-2.0,50,1164.852688
-1.0,50,1165.080807
-1.0,50,1165.298755
-2.0,50,1165.518433
0.0,50,1165.732036
-1.0,50,1165.947702
-2.0,50,1166.168623
-1.0,50,1166.382636
-2.0,50,1166.599964
-2.0,50,1166.820327
-2.0,50,1167.038975
-2.0,50,1167.257254
-1.0,50,1167.48755
-3.0,50,1167.718739
-2.0,50,1167.93369
-1.0,50,1168.147511
-2.0,50,1168.363969
-3.0,50,1168.581561
-2.0,50,1168.797152
-1.0,50,1169.014622
-1.0,50,1169.233402
-3.0,50,1169.481841
-2.0,50,1169.707897
-2.0,50,1169.933887
-3.0,50,1170.161747
-1.0,50,1170.38748
-2.0,50,1170.60753
-2.0,50,1170.831625
-2.0,50,1171.048017
-3.0,50,1171.274323
-2.0,50,1171.492072
-2.0,50,1171.705975
-1.0,50,1171.928424
-1.0,50,1172.153617
-1.0,50,1172.371141
-2.0,50,1172.592466
-3.0,50,1172.807113
-1.0,50,1173.025895
-2.0,50,1173.24568
-1.0,50,1173.46881
-3.0,50,1173.686099
-1.0,50,1173.904117
-2.0,50,1174.12182
-3.0,50,1174.340477
-2.0,50,1174.555949
-3.0,50,1174.783888
-2.0,50,1175.007605
-1.0,50,1175.224738
-3.0,50,1175.441209
-1.0,50,1175.856742
-2.0,50,1176.071417
-3.0,50,1176.285517
-2.0,50,1176.50002
-2.0,50,1176.720906
-1.0,50,1176.934054
-1.0,50,1177.14749
-3.0,50,1177.35665
-2.0,50,1177.578206
0.0,50,1177.792419
-2.0,50,1178.006172
-2.0,50,1178.221471
-2.0,50,1178.438581
-4.0,50,1178.652065
-1.0,50,1178.864425
-2.0,50,1179.086324
-2.0,50,1179.306715
-2.0,50,1179.519224
-3.0,50,1179.74063
-2.0,50,1179.958391
-2.0,50,1180.192104
-2.0,50,1180.415774
-2.0,50,1180.643613
-3.0,50,1180.863015
-2.0,50,1181.084598
-3.0,50,1181.304557
-3.0,50,1181.522299
-1.0,50,1181.745264
-3.0,50,1181.968501
-2.0,50,1182.193866
-2.0,50,1182.422249
-2.0,50,1182.642578
-1.0,50,1182.868538
-2.0,50,1183.086361
-2.0,50,1183.314016
-2.0,50,1183.534664
-2.0,50,1183.759947
-3.0,50,1183.982794
-3.0,50,1184.205432
-1.0,50,1184.424051
-2.0,50,1184.648205
-2.0,50,1184.873308
-3.0,50,1185.098409
-2.0,50,1185.322541
-1.0,50,1185.546693
-2.0,50,1185.762994
-2.0,50,1185.978832
-2.0,50,1186.195682
-1.0,50,1186.428433
-3.0,50,1186.646509
-3.0,50,1186.862748
-2.0,50,1187.079164
-2.0,50,1187.29688
-1.0,50,1187.513542
-3.0,50,1187.730776
-2.0,50,1187.948525
-3.0,50,1188.170776
-3.0,50,1188.387395
-2.0,50,1188.606677
-5.0,50,1188.823064
-1.0,50,1189.041357
-1.0,50,1189.266313
-2.0,50,1189.484036
-2.0,50,1189.701865
-1.0,50,1189.926147
-3.0,50,1190.153492
-2.0,50,1190.373285
-3.0,50,1190.610907
-2.0,50,1190.849317
-2.0,50,1191.075611
-1.0,50,1191.300666
0.0,50,1191.519928
-2.0,50,1191.75321
-3.0,50,1191.978181
-2.0,50,1192.205969
-2.0,50,1192.431598
-2.0,50,1192.665749
-2.0,50,1192.890724
-1.0,50,1193.107182
-1.0,50,1193.32772
-3.0,50,1193.549984
-1.0,50,1193.770361
-2.0,50,1193.986028
0.0,50,1194.198517
-1.0,50,1194.418583
-3.0,50,1194.638274
-2.0,50,1194.86318
-1.0,50,1195.081413
-2.0,50,1195.308
-2.0,50,1195.527786
-2.0,50,1195.749522
-3.0,50,1195.965967
-2.0,50,1196.18701
-1.0,50,1196.400597
-2.0,50,1196.619917
-2.0,50,1196.835921
-2.0,50,1197.060331
-1.0,50,1197.273549
0.0,50,1197.487958
-1.0,50,1197.703134
-1.0,50,1197.916317
-2.0,50,1198.128304
-2.0,50,1198.348568
-2.0,50,1198.562969
-3.0,50,1198.804494
-2.0,50,1199.018322
-2.0,50,1199.22981
-2.0,50,1199.449585
-2.0,50,1199.664124
-2.0,50,1199.88217
-2.0,50,1200.100286
-1.0,50,1200.31312
-3.0,50,1200.537675
-2.0,50,1200.761186
-2.0,50,1200.982966
0.0,50,1201.203993
-2.0,50,1201.427103
-1.0,50,1201.650061
-2.0,50,1201.87255
-3.0,50,1202.103048
-3.0,50,1202.327676
0.0,50,1202.551127
-2.0,50,1202.772468
-2.0,50,1203.00094
-3.0,50,1203.23247
0.0,50,1203.454286
-3.0,50,1203.678415
0.0,50,1203.90066
-3.0,50,1204.132039
-3.0,50,1204.355197
-3.0,50,1204.577908
-1.0,50,1204.801072
-2.0,50,1205.056406
-2.0,50,1205.278326
-1.0,50,1205.498554
0.0,50,1205.721844
-2.0,50,1205.945362
-2.0,50,1206.161981
-2.0,50,1206.385285
0.0,50,1206.602045
-1.0,50,1206.82953
-1.0,50,1207.044133
-3.0,50,1207.259117
-2.0,50,1207.474551
-3.0,50,1207.699642
-3.0,50,1207.915856
-1.0,50,1208.131733
-2.0,50,1208.347046
0.0,50,1208.564169
-1.0,50,1208.777148
-2.0,50,1208.989124
-1.0,50,1209.211841
-3.0,50,1209.446796
-1.0,50,1209.667138
-2.0,50,1209.895819
-2.0,50,1210.121864
-2.0,50,1210.356476
-2.0,50,1210.575138
0.0,50,1210.799003
0.0,50,1211.024967
-2.0,50,1211.281773
-3.0,50,1211.506117
0.0,50,1211.725597
-2.0,50,1211.944813
-2.0,50,1212.173879
-2.0,50,1212.399821
-3.0,50,1212.621847
-1.0,50,1212.841081
-2.0,50,1213.069865
-1.0,50,1213.294073
-3.0,50,1213.515949
-1.0,50,1213.739109
-2.0,50,1213.964374
-2.0,50,1214.1889
-3.0,50,1214.41785
-2.0,50,1214.648949
-2.0,50,1214.889306
-2.0,50,1215.122727
-2.0,50,1215.347628
0.0,50,1215.567702
0.0,50,1215.789829
0.0,50,1216.003404
-2.0,50,1216.231925
-3.0,50,1216.453522
-1.0,50,1216.670603
-2.0,50,1216.88597
-1.0,50,1217.103434
0.0,50,1217.318419
-1.0,50,1217.553746
-3.0,50,1217.776949
-2.0,50,1218.00005
-1.0,50,1218.215625
-3.0,50,1218.440647
-1.0,50,1218.657742
-2.0,50,1218.873833
-1.0,50,1219.107058
-2.0,50,1219.346535
-1.0,50,1219.562331
-1.0,50,1219.781342
-1.0,50,1219.998524
-2.0,50,1220.227127
-1.0,50,1220.44345
-1.0,50,1220.659693
-3.0,50,1220.88224
-2.0,50,1221.106217
-2.0,50,1221.328487
-1.0,50,1221.559354
-2.0,50,1221.780341
0.0,50,1222.005446
-2.0,50,1222.231346
-3.0,50,1222.452879
-2.0,50,1222.675496
-2.0,50,1222.900273
-2.0,50,1223.122799
-1.0,50,1223.349292
-3.0,50,1223.572806
-2.0,50,1223.814862
-3.0,50,1224.034811
-2.0,50,1224.259929
-1.0,50,1224.484635
-2.0,50,1224.711811
0.0,50,1224.934168
-2.0,50,1225.15879
-1.0,50,1225.38024
-3.0,50,1225.612744
-2.0,50,1225.832155
0.0,50,1226.046583
-2.0,50,1226.262205
-2.0,50,1226.478941
-2.0,50,1226.693126
-3.0,50,1226.9129
-3.0,50,1227.130968
-2.0,50,1227.352596
0.0,50,1227.582967
-2.0,50,1227.808432
-3.0,50,1228.023833
0.0,50,1228.242432
-1.0,50,1228.456575
0.0,50,1228.669484
-3.0,50,1228.88645
-2.0,50,1229.103408
-2.0,50,1229.316204
-1.0,50,1229.528909
-2.0,50,1229.749953
-1.0,50,1229.98609
0.0,50,1230.204885
-3.0,50,1230.434602
-1.0,50,1230.655322
-2.0,50,1230.886917
-2.0,50,1231.114535
-1.0,50,1231.34053
-1.0,50,1231.567924
-2.0,50,1231.799702
-2.0,50,1232.023534
-2.0,50,1232.241515
-2.0,50,1232.463729
0.0,50,1232.692738
-2.0,50,1232.913802
-2.0,50,1233.141879
-1.0,50,1233.361438
-1.0,50,1233.589379
-1.0,50,1233.810691
-1.0,50,1234.029721
-2.0,50,1234.246175
-2.0,50,1234.465574
-1.0,50,1234.682387
-1.0,50,1234.904193
-1.0,50,1235.122813
-1.0,50,1235.35762
-2.0,50,1235.578727
-1.0,50,1235.800973
-2.0,50,1236.019271
-2.0,50,1236.239911
0.0,50,1236.458549
-3.0,50,1236.676194
-1.0,50,1236.893966
-1.0,50,1237.111432
-2.0,50,1237.330168
-2.0,50,1237.548595
-3.0,50,1237.767537
-1.0,50,1237.986791
-2.0,50,1238.205677
-2.0,50,1238.421657
-2.0,50,1238.637661
-1.0,50,1238.862433
-3.0,50,1239.079909
-2.0,50,1239.296912
-2.0,50,1239.51771
0.0,50,1239.739764
-2.0,50,1239.957257
-2.0,50,1240.174637
-1.0,50,1240.391018
-3.0,50,1240.626856
-2.0,50,1240.844762
-2.0,50,1241.073811
-2.0,50,1241.296273
0.0,50,1241.51689
-1.0,50,1241.731667
-2.0,50,1241.952187
-3.0,50,1242.180809
-1.0,50,1242.405886
-2.0,50,1242.628507
-1.0,50,1242.850152
-1.0,50,1243.072229
-2.0,50,1243.296028
-1.0,50,1243.519448
-1.0,50,1243.743979
-1.0,50,1243.966871
-2.0,50,1244.196775
-2.0,50,1244.424334
-3.0,50,1244.656873
-1.0,50,1244.884468
0.0,50,1245.107651
-1.0,50,1245.331842
-1.0,50,1245.553274
-2.0,50,1245.774118
0.0,50,1246.016496
-3.0,50,1246.239316
-2.0,50,1246.454741
-1.0,50,1246.670002
-2.0,50,1246.893958
-2.0,50,1247.110964
-3.0,50,1247.334306
0.0,50,1247.549798
-2.0,50,1247.776309
-2.0,50,1247.989315
-2.0,50,1248.208221
-1.0,50,1248.421534
-2.0,50,1248.637073
-1.0,50,1248.850137
-1.0,50,1249.062618
-2.0,50,1249.275705
-3.0,50,1249.50001
-1.0,50,1249.7206
-1.0,50,1249.93514
-2.0,50,1250.153159
-3.0,50,1250.372145
-2.0,50,1250.599286
-2.0,50,1250.820108
-1.0,50,1251.04124
-1.0,50,1251.285899
-1.0,50,1251.511526
-3.0,50,1251.742241
-1.0,50,1251.968697
-2.0,50,1252.196571
-3.0,50,1252.427638
-3.0,50,1252.652402
-2.0,50,1252.877359
-3.0,50,1253.111533
-2.0,50,1253.343168
-2.0,50,1253.566868
0.0,50,1253.7883
-1.0,50,1254.012202
-2.0,50,1254.240658
-1.0,50,1254.46184
-3.0,50,1254.689325
-2.0,50,1254.923475
-3.0,50,1255.145924
-3.0,50,1255.370417
0.0,50,1255.590885
-1.0,50,1255.817403
-1.0,50,1256.040857
-1.0,50,1256.261731
0.0,50,1256.476333
-2.0,50,1256.709999
-1.0,50,1256.926166
-3.0,50,1257.144656
-2.0,50,1257.363675
-1.0,50,1257.584577
-2.0,50,1257.806703
-2.0,50,1258.021783
-1.0,50,1258.239144
-2.0,50,1258.46633
0.0,50,1258.682137
0.0,50,1258.895409
-3.0,50,1259.108695
-2.0,50,1259.331758
-2.0,50,1259.546774
-2.0,50,1259.769445
-1.0,50,1259.985035
-2.0,50,1260.212019
-2.0,50,1260.42591
-2.0,50,1260.643083
-1.0,50,1260.862653
-2.0,50,1261.084326
-2.0,50,1261.306303
-1.0,50,1261.526174
-2.0,50,1261.749916
-1.0,50,1261.987817
-2.0,50,1262.219056
-2.0,50,1262.440244
-2.0,50,1262.660434
-1.0,50,1262.888193
-1.0,50,1263.11614
-2.0,50,1263.338122
-2.0,50,1263.566452
-3.0,50,1263.795125
-3.0,50,1264.022501
-2.0,50,1264.24317
-2.0,50,1264.465495
-2.0,50,1264.689821
-1.0,50,1264.91092
-3.0,50,1265.137494
-3.0,50,1265.358676
-1.0,50,1265.584512
-3.0,50,1265.806463
-1.0,50,1266.023401
-2.0,50,1266.242834
-1.0,50,1266.461351
-2.0,50,1266.674729
-3.0,50,1266.889678
-3.0,50,1267.111916
-2.0,50,1267.346702
-1.0,50,1267.561562
-1.0,50,1267.776623
-1.0,50,1267.992103
-2.0,50,1268.21158
-1.0,50,1268.428039
-2.0,50,1268.648018
-2.0,50,1268.864207
-1.0,50,1269.082787
-2.0,50,1269.297428
-2.0,50,1269.515115
-3.0,50,1269.738247
-1.0,50,1269.955676
-1.0,50,1270.170661
-3.0,50,1270.394863
-2.0,50,1270.615858
-2.0,50,1270.843622
-1.0,50,1271.067173
-1.0,50,1271.285399
-2.0,50,1271.517263
-3.0,50,1271.750382
-2.0,50,1271.983839
-2.0,50,1272.211131
-3.0,50,1272.438564
-2.0,50,1272.685658
-2.0,50,1272.913531
-2.0,50,1273.143509
-2.0,50,1273.371631
0.0,50,1273.59787
-2.0,50,1273.818033
-1.0,50,1274.03871
-2.0,50,1274.268219
-2.0,50,1274.491947
-1.0,50,1274.713705
-1.0,50,1274.939351
-1.0,50,1275.158424
-1.0,50,1275.379502
0.0,50,1275.592233
-2.0,50,1275.818333
-2.0,50,1276.040738
-2.0,50,1276.262287
-3.0,50,1276.488363
-3.0,50,1276.703295
-2.0,50,1276.916907
-2.0,50,1277.14083
-1.0,50,1277.357948
-2.0,50,1277.571223
-1.0,50,1277.791317
-2.0,50,1278.022854
-2.0,50,1278.235205
-2.0,50,1278.448313
-2.0,50,1278.659962
-2.0,50,1278.878904
-1.0,50,1279.090551
-3.0,50,1279.310141
-1.0,50,1279.523241
-2.0,50,1279.739108
-2.0,50,1279.963488
-1.0,50,1280.177621
-1.0,50,1280.392121
-2.0,50,1280.605651
0.0,50,1280.819905
-3.0,50,1281.039585
-2.0,50,1281.256069
-2.0,50,1281.481035
-1.0,50,1281.703969
-3.0,50,1281.932032
-1.0,50,1282.150461
-2.0,50,1282.372847
-2.0,50,1282.595415
-1.0,50,1282.817826
-1.0,50,1283.037776
-3.0,50,1283.279925
-2.0,50,1283.496941
-2.0,50,1283.714806
0.0,50,1283.934829
-1.0,50,1284.159898
-3.0,50,1284.385921
-3.0,50,1284.60447
-2.0,50,1284.825237
-3.0,50,1285.052847
-1.0,50,1285.271277
-1.0,50,1285.488911
-2.0,50,1285.712541
-1.0,50,1285.933259
0.0,50,1286.151765
-1.0,50,1286.370589
-1.0,50,1286.590432
