#{"t_start": 1769336709.5117242, "env_id": "FetchReachDense-v4"}
r,l,t
-8.01099,50,1.983962
-13.564336,50,2.153071
-4.883722,50,2.318106
-14.151727,50,2.49787
-13.708845,50,2.692618
-10.631089,50,2.872635
-6.772971,50,3.061151
-11.522284,50,3.171308
-12.187148,50,3.277525
-13.470265,50,3.385184
-6.78603,50,3.49712
-11.25061,50,3.600231
-9.23872,50,3.710518
-12.343985,50,3.81693
-14.777682,50,3.926202
-9.03433,50,4.044553
-6.882893,50,4.156424
-10.992754,50,4.264447
-6.665183,50,4.374635
-9.737457,50,4.477316
-12.417987,50,4.580867
-12.772767,50,4.69382
-6.895906,50,4.809414
-8.210356,50,4.913936
-5.074884,50,5.029994
-14.413981,50,5.136413
-10.894542,50,5.246255
-8.169878,50,5.356318
-9.862289,50,5.458763
-13.233304,50,5.560669
-9.533831,50,5.670363
-8.787854,50,5.774713
-11.885472,50,5.882702
-7.139397,50,5.983574
-15.962128,50,6.106778
-4.560607,50,6.218294
-13.731743,50,6.324958
-13.470798,50,6.428506
-9.840128,50,6.533303
-6.087658,50,6.646305
-12.667471,50,6.753623
-9.834984,50,6.861524
-15.200591,50,6.968686
-9.373142,50,7.08797
-11.054287,50,7.201271
-10.686643,50,7.316364
-6.875455,50,7.42468
-12.731522,50,7.531689
-6.212396,50,7.644547
-9.193303,50,7.75746
-7.309239,50,7.865474
-8.839652,50,7.969742
-12.342361,50,8.073495
-10.791118,50,8.196337
-9.245857,50,8.307094
-10.689015,50,8.41138
-8.682164,50,8.518244
-4.442476,50,8.628597
-13.179241,50,8.741458
-8.727605,50,8.848042
-6.206796,50,8.951027
-13.275591,50,9.058349
-15.395259,50,9.184823
-11.182309,50,9.291073
-11.711662,50,9.402185
-4.1074,50,9.505436
-13.029225,50,9.612649
-4.848956,50,9.723937
-8.76792,50,9.834863
-12.242864,50,9.93926
-10.855295,50,10.049723
-10.099763,50,10.160834
-9.174583,50,10.286869
-13.226,50,10.394555
-5.750327,50,10.504045
-6.995194,50,10.609297
-10.14074,50,10.720353
-7.026468,50,10.83239
-10.535561,50,10.936003
-11.217481,50,11.038951
-14.325824,50,11.145168
-11.79239,50,11.270191
-10.823719,50,11.376025
-7.581613,50,11.478914
-9.123246,50,11.589559
-9.641469,50,11.693387
-5.49478,50,11.801558
-12.840998,50,11.908289
-11.64606,50,12.013778
-12.531922,50,12.119267
-4.167986,50,12.231634
-15.440638,50,12.351758
-12.483211,50,12.459694
-7.953136,50,12.564098
-13.810233,50,12.683162
-10.780601,50,12.789043
-10.887987,50,12.903557
-16.037138,50,13.013595
-13.815283,50,13.179049
-12.332469,50,13.353744
-4.772703,50,14.861356
-10.327729,50,15.772084
-8.686129,50,16.559687
-7.112161,50,17.225603
-7.425594,50,17.900717
-10.925217,50,18.578311
-12.152018,50,19.246485
-12.250938,50,19.952442
-6.675972,50,20.654504
-14.289818,50,21.350592
-9.455743,50,22.04626
-16.173559,50,22.738017
-9.094737,50,23.402194
-6.624977,50,24.077766
-7.794171,50,24.753001
-6.255825,50,25.443017
-12.659701,50,26.13205
-6.370066,50,27.029376
-13.500305,50,27.934188
-13.414509,50,28.843904
-16.065975,50,29.626343
-7.518266,50,30.312137
-10.159727,50,30.982801
-10.683321,50,31.663536
-10.958805,50,32.334954
-11.100972,50,33.008812
-8.805116,50,33.686993
-5.671693,50,34.365855
-13.421081,50,35.034052
-7.546236,50,35.715888
-10.680852,50,36.389478
-7.392772,50,37.045811
-6.673006,50,37.734909
-13.134556,50,38.410209
-15.147775,50,39.070508
-8.150291,50,39.966263
-11.865798,50,40.882282
-16.441284,50,41.791148
-15.838649,50,42.643083
-9.778065,50,43.30898
-9.575385,50,43.99048
-12.761357,50,44.658695
-11.868144,50,45.315376
-17.619592,50,45.993422
-9.44891,50,46.67208
-10.87893,50,47.33375
-15.019082,50,48.011395
-14.151202,50,48.6821
-7.97807,50,49.387305
-6.579455,50,50.082653
-17.658528,50,50.746725
-9.112894,50,51.44038
-14.140798,50,52.150837
-14.071239,50,53.050994
-13.604941,50,53.944499
-8.938856,50,54.835461
-10.95839,50,55.675338
-10.689508,50,56.358602
-8.095441,50,57.01737
-10.239665,50,57.689035
-10.728332,50,58.358927
-10.006889,50,59.025651
-16.55313,50,59.704968
-6.536983,50,60.375366
-10.497872,50,61.035891
-5.238687,50,61.72545
-9.535743,50,62.394926
-11.403644,50,63.059888
-11.888165,50,63.741307
-7.528208,50,64.41494
-8.035729,50,65.078816
-9.829097,50,65.935849
-5.695384,50,66.851823
-12.172749,50,67.733121
-8.202902,50,68.621977
-11.990933,50,69.286952
-12.042411,50,69.97561
-9.019677,50,70.648607
-13.107589,50,71.304665
-13.029294,50,71.976565
-11.517435,50,72.646117
-6.476036,50,73.315718
-2.851399,50,73.991958
-15.575062,50,74.661428
-14.30085,50,75.350392
-8.260216,50,76.026995
-5.293381,50,76.704162
-15.519159,50,77.386539
-10.743857,50,78.055809
-5.23516,50,78.865779
-12.311254,50,79.756969
-7.630444,50,80.658837
-7.635044,50,81.611303
-7.565962,50,82.289752
-6.259918,50,82.962837
-10.413204,50,83.653317
-12.41782,50,84.337996
-7.646472,50,84.997596
-9.435282,50,85.683864
-9.314027,50,86.360763
-11.290518,50,87.027509
-7.153874,50,87.709764
-6.854692,50,88.384591
-13.707222,50,89.046853
-11.046328,50,89.729444
-6.811111,50,90.412201
-13.153033,50,91.081815
-6.842693,50,91.883519
-9.731955,50,92.788334
-10.77374,50,93.664818
-5.744245,50,94.601421
-7.102645,50,95.268699
-6.895219,50,95.960249
-8.42964,50,96.639185
-5.240985,50,97.305043
-5.164461,50,97.982954
-7.617119,50,98.648341
-3.636962,50,99.321806
-3.825917,50,99.989493
-8.144404,50,100.661052
-9.522068,50,101.331466
-8.707263,50,102.000055
-7.366823,50,102.68284
-4.952456,50,103.355929
-3.186916,50,104.02814
-2.86292,50,104.780684
-9.785888,50,105.678005
-7.22785,50,106.565695
-5.189569,50,107.530854
-8.427353,50,108.222563
-7.687941,50,108.89991
-7.02666,50,109.56871
-6.200569,50,110.246715
-7.956617,50,110.918854
-4.528666,50,111.58585
-5.384348,50,112.307685
-6.093066,50,112.980887
-4.792649,50,113.669948
-3.481057,50,114.352663
-5.491398,50,115.028545
-6.528822,50,115.710921
-4.133294,50,116.364359
-5.730159,50,117.056921
-4.876854,50,117.82134
-4.875563,50,118.732384
-4.494721,50,119.64279
-6.243409,50,120.583155
-4.959036,50,121.274969
-4.69458,50,121.952942
-8.446281,50,122.614655
-4.14186,50,123.283083
-4.643821,50,123.983617
-5.648097,50,124.654443
-4.583982,50,125.329756
-6.189942,50,126.000656
-6.681834,50,126.659602
-5.864322,50,127.344029
-4.902811,50,128.016034
-6.280268,50,128.686875
-4.463842,50,129.363502
-4.114374,50,130.094962
-4.908883,50,130.912527
-4.78574,50,131.809137
-3.438794,50,132.706171
-6.024497,50,133.64498
-6.050448,50,134.342071
-5.383217,50,135.007924
-3.624787,50,135.685008
-5.223374,50,136.358938
-5.98151,50,137.019673
-3.810507,50,137.70395
-5.267359,50,138.391867
-4.872064,50,139.059028
-6.570391,50,139.749011
-4.161428,50,140.434192
-3.312939,50,141.097046
-4.820312,50,141.797703
-2.882382,50,142.490647
-3.379687,50,143.161691
-4.567033,50,143.925624
-5.370206,50,144.844308
-3.902405,50,145.77366
-2.950922,50,146.721332
-3.18414,50,147.413467
-4.145846,50,148.093759
-4.396119,50,148.781999
-6.880208,50,149.443964
-4.46021,50,150.11369
-2.488556,50,150.796061
-2.801541,50,151.468527
-4.245099,50,152.147727
-5.10612,50,152.813998
-3.172394,50,153.500128
-4.956852,50,154.189506
-2.736078,50,154.857897
-5.699161,50,155.535115
-4.289071,50,156.232723
-3.555778,50,157.057484
-2.756255,50,158.765803
-3.584049,50,159.646528
-4.02223,50,160.500925
-5.925408,50,161.168746
-4.196548,50,161.839807
-5.927804,50,162.520674
-3.962503,50,163.184088
-3.718119,50,163.883636
-6.229501,50,164.556881
-2.705066,50,165.218215
-5.060507,50,165.894801
-2.950602,50,166.618078
-3.625189,50,167.28361
-2.339657,50,167.955461
-3.773375,50,168.636527
-3.882628,50,169.303703
-2.475314,50,169.977748
-4.345547,50,170.821612
-2.550572,50,171.743445
-2.757873,50,172.62735
-3.1204,50,173.525319
-4.245805,50,174.212905
-3.583131,50,174.889219
-6.022483,50,175.544836
-3.835109,50,176.214806
-5.798154,50,176.900795
-5.405205,50,177.569403
-3.984866,50,178.266613
-3.620156,50,178.958701
-3.698821,50,179.621954
-2.582746,50,180.305958
-2.9025,50,180.978052
-2.18681,50,181.645297
-4.035585,50,182.322585
-6.916512,50,182.99283
-2.89129,50,183.798195
-1.782487,50,184.694979
-2.438708,50,185.574864
-2.097214,50,186.522186
-4.967342,50,187.188131
-4.644498,50,187.877033
-3.622718,50,188.55076
-4.660074,50,189.220649
-3.020616,50,189.900259
-3.226958,50,190.579684
-4.705878,50,191.262125
-4.056835,50,191.952953
-2.108622,50,192.630726
-2.259566,50,193.292328
-4.785329,50,193.965981
-2.347901,50,194.64318
-2.176135,50,195.307155
-3.220902,50,195.98972
-3.067108,50,196.786406
-3.796057,50,197.692878
-4.254648,50,198.559897
-1.91081,50,199.509072
-4.301407,50,200.185614
-1.953261,50,200.879336
-2.983814,50,201.548302
-3.107537,50,202.266615
-2.905521,50,202.961511
-2.761697,50,203.633119
-2.043998,50,204.310052
-2.404071,50,204.992188
-5.065084,50,205.663126
-2.080272,50,206.354012
-2.012213,50,207.031168
-1.813486,50,207.70701
-4.543796,50,208.390676
-1.976216,50,209.079787
-1.538653,50,209.862233
-3.855463,50,210.788976
-2.248348,50,211.724487
-5.030431,50,212.682967
-3.961505,50,213.36603
-2.256957,50,214.035192
-4.014156,50,214.726994
-1.967574,50,215.418148
-1.641453,50,216.085087
-1.749296,50,216.781308
-2.595885,50,217.465515
-3.925469,50,218.146029
-1.429415,50,218.829734
-4.60974,50,219.508796
-4.576423,50,220.171474
-1.687484,50,220.862957
-1.927616,50,221.531708
-1.552425,50,222.210794
-5.686266,50,223.041923
-1.946129,50,223.944988
-3.487118,50,224.839906
-6.294886,50,225.805594
-1.327744,50,226.477923
-3.037799,50,227.162529
-2.034413,50,227.831674
-4.674802,50,228.501306
-3.146405,50,229.190308
-1.481938,50,229.856048
-2.057008,50,230.536881
-4.29104,50,231.223705
-2.304056,50,231.913739
-3.378676,50,232.630046
-4.453084,50,233.310007
-2.486739,50,233.977887
-1.400382,50,234.678409
-3.17151,50,235.366052
-1.642502,50,236.197405
-3.153871,50,237.09811
-2.418009,50,237.971933
-3.93013,50,238.911319
-2.545978,50,239.582994
-1.199517,50,240.238985
-5.177731,50,240.924204
-1.688801,50,241.615954
-1.798649,50,242.303544
-1.790413,50,242.994875
-2.864176,50,243.693588
-3.538529,50,244.403542
-1.588494,50,245.128197
-2.571599,50,245.822776
-2.301093,50,246.49941
-3.375505,50,247.192088
-2.718537,50,247.887789
-3.980724,50,248.558755
-1.927209,50,249.440371
-2.906788,50,250.372339
-1.446764,50,251.267123
-1.329409,50,252.149433
-2.327213,50,252.828277
-3.04502,50,253.520857
-2.4422,50,254.193833
-1.386169,50,254.864729
-1.795486,50,255.550017
-3.509563,50,256.239116
-2.693117,50,256.904457
-2.224857,50,257.579986
-2.267625,50,258.256583
-2.644466,50,258.925754
-3.260337,50,259.602804
-2.19315,50,260.278193
-1.500277,50,260.948551
-1.177133,50,261.646304
-1.353657,50,262.5387
-1.560465,50,263.468423
-1.95077,50,264.372547
-2.122679,50,265.286608
-2.212427,50,265.982239
-2.220791,50,266.670416
-3.85651,50,267.345015
-2.734488,50,268.054102
-2.163241,50,268.757127
-1.545577,50,269.438235
-2.770706,50,270.125906
-2.968835,50,270.825155
-2.543829,50,271.489727
-1.316797,50,272.172921
-2.153957,50,272.870804
-3.389559,50,273.547883
-1.84801,50,274.257756
-3.931821,50,274.949054
-1.615667,50,275.843228
-1.395249,50,276.763058
-1.888998,50,277.674404
-2.855811,50,278.519955
-1.13804,50,279.206968
-1.115179,50,279.885854
-3.617242,50,280.55583
-2.343525,50,281.230727
-1.738785,50,281.897708
-2.717795,50,282.603779
-2.397846,50,283.272101
-3.072357,50,283.949959
-1.568301,50,284.650938
-1.851957,50,285.340092
-3.43272,50,286.006448
-3.109089,50,286.69582
-1.253892,50,287.381227
-2.53226,50,288.047346
-2.979141,50,288.928382
-3.843488,50,289.848247
-1.569732,50,290.786014
-3.009064,50,291.664185
-2.431656,50,292.348888
-2.388582,50,293.084029
-3.745872,50,293.775007
-2.298521,50,294.449802
-2.700742,50,295.12601
-2.19389,50,295.813238
-2.299061,50,296.476961
-2.283657,50,297.162844
-2.915114,50,297.851826
-1.278716,50,298.516926
-3.296508,50,299.189321
-3.235544,50,299.878924
-3.386137,50,300.554638
-1.332115,50,301.224723
-2.685492,50,302.136341
-1.440021,50,303.054958
-2.817525,50,303.973295
-2.737929,50,304.804881
-3.671858,50,305.482903
-2.150466,50,306.919781
-1.304605,50,307.607832
-2.969585,50,308.29561
-3.223971,50,308.970554
-2.203743,50,309.677926
-3.559972,50,310.393106
-1.944056,50,311.077329
-3.933045,50,311.766535
-1.94699,50,312.459071
-3.571695,50,313.122471
-0.962037,50,313.8156
-3.702418,50,314.57138
-1.489246,50,315.507449
-1.796738,50,316.458379
-1.014936,50,317.422333
-1.5722,50,318.139476
-2.784862,50,318.845505
-2.937888,50,319.532376
-2.31089,50,320.205783
-1.71988,50,320.906854
-3.729647,50,321.577
-2.47465,50,322.262928
-3.469042,50,322.981541
-3.18636,50,323.668921
-1.973506,50,324.374075
-3.554622,50,325.054971
-1.967449,50,325.742467
-3.167277,50,326.431526
-1.821081,50,327.120899
-3.097727,50,327.922052
-2.729355,50,328.818969
-4.017626,50,329.726729
-3.284313,50,330.728928
-3.090768,50,331.409125
-2.05441,50,332.090127
-2.995121,50,332.761581
-3.042887,50,333.439464
-1.39033,50,334.14273
-3.33201,50,334.832926
-2.418455,50,335.536092
-2.359209,50,336.266513
-2.589277,50,336.947128
-2.877857,50,337.631302
-2.027073,50,338.299151
-2.327893,50,338.969982
-1.808432,50,339.662648
-2.209651,50,340.347974
-2.003414,50,341.16129
-1.735937,50,342.064864
-1.366623,50,342.952156
-1.386976,50,343.903788
-3.682306,50,344.574894
-1.705695,50,345.258759
-2.317717,50,345.963465
-2.492837,50,346.642586
-2.741859,50,347.337119
-1.957365,50,348.018381
-1.574381,50,348.687466
-2.949022,50,349.368643
-1.955465,50,350.043741
-2.229371,50,350.713525
-1.370461,50,351.381115
-1.877361,50,352.058161
-2.669478,50,352.746037
-2.458301,50,353.449945
-2.29963,50,354.276937
-1.462477,50,355.174509
-2.395922,50,356.067268
-2.715476,50,357.009759
-2.090743,50,357.690101
-1.651121,50,358.363972
-1.454267,50,359.021744
-2.575926,50,359.702968
-2.07444,50,360.38377
-2.03909,50,361.062908
-1.601932,50,361.74999
-3.289544,50,362.430648
-2.788742,50,363.101716
-1.45618,50,363.786281
-3.087424,50,364.467169
-2.197514,50,365.139601
-1.671008,50,365.825159
-3.462302,50,366.508419
-3.122958,50,367.319127
-1.690624,50,368.247404
-1.660496,50,369.121181
-2.134145,50,370.068441
-2.190354,50,370.761814
-1.525002,50,371.432203
-2.069729,50,372.123769
-1.696548,50,372.842794
-1.698218,50,373.532537
-1.929417,50,374.229142
-3.447732,50,374.920079
-2.920223,50,375.584201
-1.582071,50,376.26088
-3.468287,50,376.968929
-3.62215,50,377.628173
-1.669747,50,378.298844
-3.234362,50,378.987922
-2.883388,50,379.658521
-2.220866,50,380.509974
-2.068565,50,381.413981
-3.070197,50,382.302855
-2.424142,50,383.277431
-2.878544,50,383.950619
-1.884032,50,384.626444
-2.484389,50,385.315553
-1.461005,50,385.992236
-1.796582,50,386.662677
-1.78157,50,387.350045
-2.974198,50,388.015112
-1.494645,50,388.69289
-2.131305,50,389.381387
-2.343702,50,390.054051
-1.539677,50,390.726566
-1.449877,50,391.413478
-1.823458,50,392.093756
-1.820988,50,392.768682
-1.93413,50,393.581452
-3.876225,50,394.478689
-1.775719,50,395.348901
-2.035323,50,396.319174
-1.716143,50,397.010888
-2.415751,50,397.684655
-1.755412,50,398.363951
-3.121312,50,399.037679
-2.279706,50,399.70208
-2.987403,50,400.401477
-1.991699,50,401.073762
-1.370207,50,401.744499
-2.589423,50,402.425803
-1.660061,50,403.14669
-2.430081,50,403.824598
-3.876451,50,404.505749
-1.815084,50,405.198913
-2.016569,50,405.875895
-1.508052,50,406.677099
-1.578727,50,407.601286
-2.308827,50,408.468011
-1.911005,50,409.423641
-1.773342,50,410.082812
-1.779542,50,410.759901
-1.111219,50,411.427479
-2.987289,50,412.114777
-1.908652,50,412.789841
-1.497048,50,413.489723
-1.842421,50,414.15583
-3.52614,50,414.848545
-4.768476,50,415.533115
-4.163601,50,416.213755
-1.609272,50,416.901522
-2.436884,50,417.611098
-2.012123,50,418.278959
-2.157562,50,418.970865
-2.281761,50,419.767625
-1.776502,50,420.672289
-1.187954,50,421.548347
-2.941683,50,422.500923
-2.385583,50,423.205039
-2.822574,50,423.886714
-3.799888,50,424.552977
-2.788544,50,425.240898
-1.76601,50,425.921941
-1.532739,50,426.585331
-1.560782,50,427.256325
-2.073288,50,427.952047
-2.287033,50,428.622996
-2.273499,50,429.320417
-2.080686,50,430.004918
-2.019066,50,430.673191
-1.997774,50,431.347883
-1.679064,50,432.037957
-2.678358,50,432.853201
-1.914082,50,433.756963
-1.710073,50,434.646899
-1.932432,50,435.604708
-2.007932,50,436.297684
-3.155143,50,436.960726
-1.891481,50,437.647509
-2.606342,50,438.337868
-3.302944,50,439.003624
-4.983904,50,439.688582
-4.939959,50,440.384622
-1.530402,50,441.057893
-2.876906,50,441.759422
-2.089036,50,442.446896
-1.482261,50,443.124979
-2.321748,50,443.837189
-1.309196,50,444.515579
-2.387249,50,445.196247
-2.338462,50,446.013189
-2.060174,50,446.922168
-1.123558,50,447.804918
-2.486613,50,448.765195
-2.995146,50,449.43299
-2.267874,50,450.113642
-1.741498,50,450.78177
-1.04984,50,451.460322
-2.370445,50,452.162875
-2.158564,50,452.84554
-3.051052,50,453.558472
-1.983599,50,454.272183
-2.590084,50,454.955971
-1.433715,50,455.645959
-2.068355,50,456.324665
-1.362082,50,456.989038
-1.826696,50,457.687981
-2.198709,50,458.37517
-2.056327,50,459.210551
-1.915104,50,460.102793
-1.470187,50,460.970425
-2.082589,50,461.887832
-4.135735,50,462.56235
-1.933109,50,463.259875
-2.038228,50,463.961179
-1.520928,50,464.657637
-2.046081,50,465.329062
-1.991965,50,466.013825
-1.126092,50,466.696172
-1.707707,50,467.377097
-2.672747,50,468.04554
-1.598063,50,468.729839
-2.688549,50,469.403885
-2.676525,50,470.085768
-3.306351,50,470.767636
-2.471002,50,471.435246
-1.415866,50,472.260744
-2.513465,50,473.181866
-2.120556,50,474.103163
-2.384844,50,475.022412
-2.680828,50,475.714039
-2.999141,50,476.404061
-2.099774,50,477.080855
-1.519371,50,477.767862
-2.858123,50,478.454936
-2.721708,50,479.152324
-1.849938,50,479.821136
-2.712262,50,480.496641
-1.979491,50,481.193048
-1.802763,50,481.871295
-2.403967,50,482.560331
-1.594954,50,483.257942
-2.431932,50,483.945532
-2.863575,50,484.63518
-1.927198,50,485.484013
-2.435938,50,486.406539
-2.518782,50,487.305071
-3.493286,50,488.20116
-2.885591,50,488.874013
-2.410674,50,489.562279
-2.134769,50,490.221401
-2.186718,50,490.90985
-1.929021,50,491.590552
-4.90439,50,492.270983
-2.791407,50,492.95189
-3.944947,50,493.627051
-4.002955,50,494.279728
-2.222743,50,494.977811
-2.696337,50,495.674951
-3.914092,50,496.346861
-3.666793,50,497.030521
-0.979472,50,497.710277
-1.665366,50,498.54847
-1.051102,50,499.461705
-1.431648,50,500.394933
-2.624401,50,501.266875
-1.986259,50,501.941679
-2.305449,50,502.610987
-2.262054,50,503.294966
-1.345587,50,504.027023
-1.162576,50,504.700768
-1.11828,50,505.386672
-3.56273,50,506.073939
-1.887842,50,506.747699
-2.924679,50,507.429712
-1.810593,50,508.124165
-1.536097,50,508.807981
-1.272568,50,509.485714
-1.088085,50,510.202666
-2.138471,50,510.885421
-2.360309,50,511.782774
-1.470304,50,512.684098
-2.307816,50,513.606693
-2.159226,50,514.460285
-2.060859,50,515.141125
-2.558002,50,515.830417
-1.610053,50,516.519871
-5.514446,50,517.192458
-1.821947,50,517.873889
-2.548856,50,518.547161
-2.779561,50,519.221739
-2.628256,50,519.913043
-1.126244,50,520.606289
-2.013926,50,521.285384
-2.271486,50,521.970969
-3.456974,50,522.655915
-1.857351,50,523.333151
-3.38642,50,524.011008
-1.401406,50,524.902717
-1.873803,50,525.819438
-1.806634,50,526.705116
-2.050084,50,527.52966
-2.008921,50,528.210483
-2.130308,50,528.899656
-0.704725,50,529.553944
-2.251939,50,530.224681
-1.928048,50,530.912082
-2.109559,50,531.587805
-1.413597,50,532.289096
-3.263618,50,532.967294
-3.104669,50,533.645329
-2.358899,50,534.385122
-1.707975,50,535.090448
-2.177971,50,535.774055
-4.292514,50,536.458513
-2.074102,50,537.156085
-1.853843,50,538.061452
-2.684772,50,538.983328
-2.417537,50,539.904677
-2.135822,50,540.700424
-1.264653,50,541.397316
-1.076633,50,542.066714
-0.884847,50,542.736164
-2.148688,50,543.423929
-1.127668,50,544.093668
-2.718434,50,544.780436
-2.445225,50,545.454867
-2.009272,50,546.136872
-1.839703,50,546.816905
-2.183233,50,547.483024
-2.256575,50,548.173839
-4.26974,50,548.858217
-2.433288,50,549.51984
-3.986093,50,550.202564
-2.940687,50,551.135405
-2.378165,50,552.082502
-2.075454,50,553.008307
-1.598908,50,553.781947
-1.594137,50,554.468169
-2.580314,50,555.178739
-2.079944,50,555.848984
-2.353022,50,556.53104
-2.332165,50,557.224819
-3.906005,50,557.904287
-2.744699,50,558.575994
-2.343631,50,559.265881
-1.588981,50,559.941001
-2.152278,50,560.629715
-3.063576,50,561.315901
-2.089974,50,561.983798
-2.48928,50,562.656549
-1.180723,50,563.38151
-2.239753,50,564.290404
-1.307543,50,565.21607
-2.367083,50,566.142255
-2.123112,50,566.914824
-2.04405,50,567.595706
-0.971879,50,568.25983
-2.419483,50,568.933989
-1.358253,50,569.616418
-1.328238,50,570.282086
-2.618687,50,570.969813
-2.124636,50,571.656859
-1.981212,50,572.332247
-2.426389,50,573.024066
-1.570414,50,573.708256
-1.282499,50,574.377293
-2.140006,50,575.092541
-2.763647,50,575.778732
-2.111827,50,576.467366
-1.419051,50,577.36333
-2.062271,50,578.280025
-1.281217,50,579.197524
-2.107479,50,579.960251
-2.376263,50,580.625926
-2.095416,50,581.318428
-1.35146,50,581.999815
-1.808075,50,582.667194
-2.295477,50,583.356219
-2.52489,50,584.058648
-2.124451,50,584.730564
-2.339457,50,585.410463
-2.12233,50,586.094368
-1.456552,50,586.792906
-2.774543,50,587.471904
-3.207331,50,588.134678
-2.459059,50,588.814795
-2.96424,50,589.527366
-1.82181,50,590.408643
-2.237575,50,591.302305
-2.165402,50,592.227318
-2.543312,50,592.997566
-2.536525,50,593.6718
-1.433722,50,594.36452
-1.528942,50,595.052161
-1.755172,50,595.745408
-2.695008,50,596.413791
-3.247924,50,597.093808
-1.580077,50,597.770118
-2.727856,50,598.437334
-1.014515,50,599.118767
-3.037289,50,599.796562
-0.871969,50,600.459111
-2.425113,50,601.140178
-1.334702,50,601.819005
-2.991538,50,602.493648
-2.818442,50,603.404252
-2.108136,50,604.352552
-2.22666,50,605.289626
-2.126021,50,606.050637
-1.765634,50,606.708338
-1.213184,50,607.404602
-1.516155,50,608.088878
-2.527534,50,608.756663
-3.02222,50,609.436194
-2.99366,50,610.112815
-2.405698,50,610.771822
-1.497826,50,611.448336
-3.36128,50,612.122557
-1.960411,50,612.793995
-4.09103,50,613.471971
-2.635191,50,614.145847
-4.236757,50,614.841084
-2.268496,50,615.612982
-2.409759,50,616.535619
-2.892218,50,617.44349
-2.422047,50,618.373876
-1.072071,50,619.11278
-0.880893,50,619.786755
-1.977023,50,620.472188
-1.821443,50,621.139665
-1.893096,50,621.829056
-2.211125,50,622.506648
-1.311211,50,623.213757
-1.958033,50,623.885828
-1.178177,50,624.583286
-3.731181,50,625.260363
-2.21388,50,625.940217
-1.77899,50,626.602306
-2.135208,50,627.282907
-1.922527,50,627.96646
-2.20724,50,628.678179
-1.994058,50,629.56906
-2.402826,50,630.531529
-1.758964,50,631.475871
-1.603908,50,632.224861
-1.347586,50,632.904061
-1.141696,50,633.615514
-1.764719,50,634.306428
-2.105311,50,634.985626
-2.57165,50,635.722848
-1.203255,50,636.415631
-2.53096,50,637.082393
-1.22708,50,637.79431
-2.008231,50,638.492297
-1.775567,50,639.170659
-2.218296,50,639.857997
-2.223101,50,640.55327
-1.18401,50,641.29684
-1.503771,50,642.104442
-2.21056,50,643.027596
-1.20093,50,643.96132
-1.579864,50,644.887965
-1.599811,50,645.576545
-1.441883,50,646.233109
-1.928374,50,646.925894
-1.223435,50,647.602682
-2.925715,50,648.280988
-4.765105,50,648.963959
-1.614618,50,649.654948
-1.498759,50,650.330207
-1.502362,50,651.016129
-1.206784,50,651.682677
-2.019662,50,652.354869
-1.871574,50,653.026673
-1.394136,50,653.699842
-2.485763,50,654.412058
-3.401937,50,655.232579
-1.411041,50,656.173584
-4.05522,50,657.089848
-3.198095,50,657.990891
-1.449331,50,658.667104
-1.527388,50,659.33761
-1.771015,50,660.001772
-1.869165,50,660.678344
-2.117748,50,661.364785
-2.212168,50,662.023835
-1.81883,50,662.723176
-1.818115,50,663.392221
-4.179365,50,664.053826
-3.566871,50,664.75085
-1.899237,50,665.44998
-1.569783,50,666.106635
-4.071966,50,666.790817
-2.162182,50,667.481277
-2.291216,50,668.315422
-2.000966,50,669.218988
-2.182327,50,670.1192
-2.428111,50,671.044113
-3.009189,50,672.489223
-2.523747,50,673.175487
-1.495042,50,673.871547
-4.593668,50,674.537173
-1.611429,50,675.222049
-2.758999,50,675.899569
-0.932615,50,676.576133
-1.613797,50,677.254169
-1.682707,50,677.954536
-1.588071,50,678.612818
-1.754035,50,679.285861
-1.486169,50,679.980006
-2.564609,50,680.669543
-2.829319,50,681.570727
-1.448071,50,682.501494
-3.472071,50,683.438661
-1.579467,50,684.259977
-2.347091,50,684.965119
-1.072901,50,685.642161
-1.676679,50,686.338279
-1.646765,50,687.016138
-4.09476,50,687.702548
-3.071614,50,688.383496
-1.926644,50,689.044545
-3.825782,50,689.729006
-1.838476,50,690.411209
-3.337496,50,691.083745
-1.291285,50,691.764623
-1.636177,50,692.438779
-1.847943,50,693.112377
-2.291407,50,693.807444
-2.34029,50,694.706632
-2.667931,50,695.66074
-2.597033,50,696.592978
-2.913216,50,697.404646
-2.82555,50,698.075535
-2.084811,50,698.756627
-1.228544,50,699.408511
-2.304312,50,700.078443
-2.95536,50,700.766989
-2.277627,50,701.43453
-2.965355,50,702.107223
-2.054823,50,702.794912
-1.452379,50,703.483909
-1.466763,50,704.188485
-1.218214,50,704.876443
-1.622524,50,705.55717
-1.406315,50,706.235083
-2.32835,50,706.917687
-1.341538,50,707.80037
-2.197052,50,708.703286
-1.489371,50,709.599676
-1.730417,50,710.410492
-2.063919,50,711.094558
-2.09381,50,711.762842
-1.951516,50,712.446333
-1.103433,50,713.130874
-1.541711,50,713.817335
-1.352179,50,714.483046
-1.922463,50,715.168905
-0.98939,50,715.849812
-1.184808,50,716.562431
-1.427999,50,717.227969
-1.180555,50,717.900779
-2.326726,50,718.57499
-2.777333,50,719.236609
-2.233934,50,719.925917
-3.000785,50,720.818879
-2.131674,50,721.74082
-1.731062,50,722.648849
-1.363503,50,723.447661
-2.559071,50,724.129326
-1.842972,50,724.83312
-1.9775,50,725.499367
-1.55134,50,726.183896
-1.998481,50,726.867851
-2.883458,50,727.533483
-4.045488,50,728.212914
-1.349934,50,728.914382
-1.075358,50,729.590122
-1.091195,50,730.280906
-2.065025,50,730.975754
-0.866773,50,731.648914
-1.811864,50,732.314846
-1.896161,50,733.015006
-3.223461,50,733.931884
-1.836478,50,734.857156
-1.924621,50,735.777953
-1.844443,50,736.572517
-1.770505,50,737.248601
-0.993052,50,737.919383
-1.95965,50,738.592192
-1.254925,50,739.290778
-1.905591,50,739.967927
-2.015376,50,740.650306
-2.018121,50,741.329821
-1.766274,50,742.009724
-2.13669,50,742.686923
-1.957959,50,743.359907
-1.124563,50,744.036926
-1.045647,50,744.751279
-1.833178,50,745.433163
-2.192109,50,746.134947
-2.461549,50,747.056132
-1.035803,50,747.96797
-2.762887,50,748.87892
-2.391587,50,749.656438
-1.857551,50,750.314466
-1.525768,50,751.00554
-1.647184,50,751.671778
-1.433617,50,752.349244
-1.509597,50,753.025329
-3.240232,50,753.699733
-2.46156,50,754.389342
-2.701411,50,755.0721
-2.533113,50,755.755445
-1.031381,50,756.442281
-1.027141,50,757.14788
-1.028187,50,757.820232
-1.082143,50,758.498292
-1.589367,50,759.183624
-1.136695,50,760.105987
-3.43217,50,761.01416
-2.306156,50,761.932465
-1.508511,50,762.718298
-2.268496,50,763.397977
-1.82964,50,764.08392
-1.770161,50,764.757641
-1.365052,50,765.433387
-3.1833,50,766.102998
-1.686093,50,766.786231
-2.210729,50,767.465957
-0.703516,50,768.151231
-0.843985,50,768.822845
-1.476992,50,769.497027
-1.881732,50,770.178212
-1.594879,50,770.855977
-1.283449,50,771.530232
-1.391338,50,772.21562
-0.904415,50,773.12687
-2.9851,50,774.052414
-1.369669,50,775.030397
-1.138107,50,775.826879
-2.552617,50,776.508768
-2.212177,50,777.231915
-1.943774,50,777.905884
-0.965551,50,778.579177
-1.441333,50,779.283533
-1.735561,50,779.968054
-1.617685,50,780.640462
-1.430148,50,781.317884
-1.413766,50,781.991054
-2.513749,50,782.682086
-3.080642,50,783.355728
-2.214469,50,784.027982
-1.040531,50,784.709004
-1.058995,50,785.441968
-1.372308,50,786.322399
-0.99755,50,787.248867
-1.976225,50,788.170389
-1.891973,50,788.921175
-1.176227,50,789.597825
-1.293791,50,790.268245
-2.944036,50,790.940804
-1.699613,50,791.624025
-1.192093,50,792.29996
-3.723344,50,792.962482
-1.035303,50,793.63305
-2.307494,50,794.296664
-2.113962,50,794.972824
-0.980874,50,795.663103
-3.214038,50,796.321901
-1.941464,50,797.010492
-1.409978,50,797.703311
-2.271931,50,798.359596
-1.12486,50,799.269334
-1.704233,50,800.19972
-1.82964,50,801.124851
-1.999686,50,801.921715
-1.602931,50,802.608658
-1.282174,50,803.304465
-1.064116,50,803.976636
-1.159813,50,804.631177
-1.953597,50,805.353462
-2.09045,50,806.030852
-1.655394,50,806.706694
-1.862385,50,807.383755
-1.469512,50,808.073992
-1.258018,50,808.744409
-1.236149,50,809.423752
-1.208312,50,810.099978
-2.765981,50,810.787316
-1.492592,50,811.490285
-1.100935,50,812.386627
-0.69572,50,813.298802
-3.325879,50,814.229027
-1.54019,50,814.99221
-2.004459,50,815.67357
-1.354081,50,816.355438
-0.926556,50,817.029428
-1.295296,50,817.714841
-1.907464,50,818.383778
-1.293887,50,819.044021
-1.402881,50,819.726001
-1.076308,50,820.399076
-1.14193,50,821.073809
-1.304692,50,821.757311
-1.150395,50,822.418142
-1.780337,50,823.092808
-1.190849,50,823.78034
-1.463677,50,824.481274
-1.048076,50,825.397282
-0.64397,50,826.304136
-2.23427,50,827.198242
-1.746406,50,827.999809
-1.035001,50,828.664859
-1.54717,50,829.353146
-1.936282,50,830.029842
-1.581446,50,830.703346
-1.996761,50,831.384052
-2.442945,50,832.056897
-1.488745,50,832.723704
-2.212036,50,833.392877
-1.210257,50,834.090479
-1.812314,50,834.80189
-1.292511,50,835.523962
-1.851162,50,836.226673
-2.671411,50,836.894138
-2.018529,50,837.595753
-2.101101,50,838.514269
-2.250454,50,839.436481
-1.506791,50,840.358074
-1.424142,50,841.130338
-1.880277,50,841.818359
-1.584216,50,842.500787
-1.265005,50,843.16097
-2.242167,50,843.861011
-0.744832,50,844.548153
-0.874506,50,845.22401
-1.363628,50,845.905353
-1.321509,50,846.602135
-1.826605,50,847.272457
-0.959484,50,847.944153
-1.123638,50,848.617551
-1.998933,50,849.28548
-2.124609,50,849.97299
-1.234485,50,850.669167
-1.833237,50,851.556118
-1.113912,50,852.475062
-1.306288,50,853.407792
-0.893723,50,854.178611
-1.26775,50,854.85668
-1.090345,50,855.519093
-1.448322,50,856.221099
-2.271862,50,856.916344
-1.98344,50,857.603218
-1.591134,50,858.328862
-1.514526,50,859.015652
-1.222414,50,859.677829
-1.735961,50,860.352975
-2.038549,50,861.059303
-1.64215,50,861.742451
-1.557086,50,862.438399
-1.900475,50,863.143416
-1.440832,50,863.928948
-0.987926,50,864.852298
-1.777378,50,865.785534
-1.113054,50,866.747188
-1.118943,50,867.429853
-1.459102,50,868.092541
-1.857907,50,868.778871
-1.274681,50,869.467619
-1.841299,50,870.146358
-1.298758,50,870.850749
-0.997672,50,871.532871
-1.660196,50,872.194322
-1.197085,50,872.875741
-1.285414,50,873.545115
-1.501351,50,874.201632
-1.839311,50,874.880976
-2.278086,50,875.558524
-1.325702,50,876.228984
-0.986791,50,876.970297
-2.051662,50,877.875894
-1.43682,50,878.818664
-1.090227,50,879.753952
-0.950073,50,880.44595
-0.687848,50,881.11747
-0.872662,50,881.78507
-0.911544,50,882.462074
-1.070002,50,883.142843
-2.252072,50,883.814353
-1.060196,50,884.529164
-1.743943,50,885.21483
-1.960559,50,885.883832
-1.597239,50,886.557071
-1.122914,50,887.233926
-1.888906,50,887.903967
-1.000125,50,888.567705
-1.328521,50,889.246306
-0.881059,50,889.984076
-1.007019,50,890.885441
-2.642624,50,891.797609
-1.88219,50,892.735551
-1.426555,50,893.451952
-1.207665,50,894.128775
-1.360882,50,894.800822
-1.27569,50,895.478262
-1.718382,50,896.192408
-0.794999,50,896.865929
-2.065781,50,897.54388
-1.748577,50,898.225172
-1.802477,50,898.92089
-1.757908,50,899.599287
-2.205383,50,900.278989
-1.017888,50,900.964042
-1.463647,50,901.656175
-0.950771,50,902.342892
-0.978169,50,903.098701
-0.851098,50,904.015753
-0.879119,50,904.933658
-0.700623,50,905.900591
-1.954344,50,906.56955
-1.309631,50,907.272459
-0.90622,50,907.939675
-1.018771,50,908.60679
-0.950465,50,909.28073
-1.207264,50,909.941617
-0.944757,50,910.61893
-0.806106,50,911.297088
-1.235455,50,911.965092
-0.929831,50,912.63115
-0.886228,50,913.309738
-0.944022,50,913.984902
-1.81716,50,914.66465
-1.320363,50,915.341825
-1.693927,50,916.068907
-1.748234,50,916.936283
-1.439489,50,917.881685
-1.168499,50,918.820669
-1.349819,50,919.542816
-0.890589,50,920.202335
-1.123162,50,920.887722
-1.508403,50,921.561946
-2.05614,50,922.248498
-1.055718,50,922.934955
-1.138526,50,923.614532
-0.679667,50,924.283925
-0.989479,50,924.973314
-0.804449,50,925.679608
-0.838279,50,926.340662
-1.030686,50,927.010776
-1.353774,50,927.694651
-2.269411,50,928.367759
-0.804902,50,929.093647
-1.627244,50,929.992142
-1.197227,50,930.924317
-1.529137,50,931.850135
-0.896987,50,932.559556
-1.621007,50,933.234716
-1.130916,50,933.903694
-0.782491,50,934.574865
-1.134582,50,935.251867
-2.329071,50,935.927308
-0.714094,50,936.607355
-2.025732,50,937.295386
-1.017738,50,937.965976
-1.772142,50,938.660971
-1.784109,50,939.362223
-2.176907,50,940.027855
-2.549061,50,940.728284
-1.613037,50,941.411866
-2.298627,50,942.156903
-1.435766,50,943.047297
-2.130312,50,943.980038
-1.668411,50,944.969284
-2.31588,50,945.709431
-1.504571,50,946.38878
-1.848013,50,947.082987
-0.986245,50,947.762078
-0.822259,50,948.437971
-1.176906,50,949.123307
-0.786452,50,949.811868
-1.604198,50,950.484992
-1.095228,50,951.184677
-1.953884,50,951.888905
-0.99761,50,952.562005
-1.470295,50,953.254121
-2.121843,50,953.943432
-1.397549,50,954.625931
-1.401728,50,955.453114
-0.977949,50,956.404894
-1.161834,50,957.324033
-2.754443,50,958.279877
-1.520583,50,958.936319
-0.956368,50,959.631504
-1.747019,50,960.319637
-1.658941,50,960.989422
-2.024503,50,961.68509
-1.187032,50,962.356935
-0.650406,50,963.020371
-3.169366,50,963.719171
-0.776569,50,964.396986
-0.931151,50,965.063067
-1.083558,50,965.751764
-1.817219,50,966.450968
-2.593207,50,967.132528
-1.331527,50,967.834775
-0.948087,50,968.648054
-1.267413,50,969.560447
-1.760377,50,970.489112
-2.054158,50,971.406334
-1.972002,50,972.085784
-0.868008,50,972.769009
-0.583078,50,973.437246
-1.025971,50,974.138779
-0.930145,50,974.817292
-0.662746,50,975.477918
-1.279648,50,976.153454
-0.771061,50,976.837821
-0.902922,50,977.505614
-2.13672,50,978.185134
-0.95565,50,978.867416
-1.914625,50,979.545183
-1.403017,50,980.232042
-0.606159,50,980.907877
-1.424848,50,981.708635
-1.714538,50,982.616365
-0.815554,50,983.515381
-0.987999,50,984.449961
-1.524614,50,985.122621
-1.339606,50,985.797265
-0.898018,50,986.498716
-1.201456,50,987.183786
-0.891663,50,987.846288
-1.011776,50,988.528841
-1.697953,50,989.212126
-0.883908,50,989.871993
-1.21243,50,990.551661
-0.94177,50,991.241472
-1.336543,50,991.917568
-1.100229,50,992.595456
-1.2774,50,993.261819
-0.820673,50,993.926613
-0.950547,50,994.730544
-1.706944,50,995.687425
-1.262301,50,996.575708
-1.89902,50,997.521758
-1.434146,50,998.204678
-0.860602,50,998.87981
-2.065008,50,999.538437
-1.547962,50,1000.22071
-0.994733,50,1000.913093
-0.742782,50,1001.59029
-0.982809,50,1002.264811
-0.703349,50,1002.933717
-0.802547,50,1003.62274
-0.893272,50,1004.317147
-1.031827,50,1004.988859
-1.550206,50,1005.658432
-1.461743,50,1006.34064
-1.140693,50,1007.008835
-0.593126,50,1007.803056
-1.595879,50,1008.70827
-1.261034,50,1009.592902
-0.87577,50,1010.555482
-1.393782,50,1011.237009
-1.156147,50,1011.908763
-1.926452,50,1012.608191
-1.279942,50,1013.295464
-1.211901,50,1013.957045
-1.876423,50,1014.636519
-2.001642,50,1015.320256
-0.785155,50,1015.979881
-2.111877,50,1016.687983
-1.803344,50,1017.370129
-1.111871,50,1018.034117
-0.819554,50,1018.710161
-1.222437,50,1019.379668
-0.894061,50,1020.05095
-1.512455,50,1020.852316
-1.359103,50,1021.736361
-0.845589,50,1022.633449
-2.447272,50,1023.605541
-0.919995,50,1024.282173
-1.375419,50,1024.974048
-0.976599,50,1025.6677
-1.712551,50,1026.325117
-1.039701,50,1027.012464
-1.599741,50,1027.698751
-1.123321,50,1028.355254
-1.039167,50,1029.03192
-0.989361,50,1029.721295
-0.913823,50,1030.393851
-2.575888,50,1031.077238
-1.060664,50,1031.742949
-1.189862,50,1032.424804
-2.307095,50,1033.100272
-0.873832,50,1033.891036
-0.901712,50,1034.76499
-0.781896,50,1036.822137
-1.275218,50,1037.506794
-1.544473,50,1038.189907
-1.748216,50,1038.861713
-1.255655,50,1039.537888
-1.055628,50,1040.222984
-0.798285,50,1040.890337
-2.05328,50,1041.577209
-2.057659,50,1042.263608
-2.229106,50,1042.938302
-2.565808,50,1043.618802
-2.540623,50,1044.288899
-2.050794,50,1044.964208
-1.014428,50,1045.668858
-1.858748,50,1046.375704
-0.865853,50,1047.19463
-1.252412,50,1048.132751
-1.15924,50,1049.018343
-1.207574,50,1049.950074
-0.947182,50,1050.628438
-2.519677,50,1051.293545
-0.923768,50,1051.975096
-1.075916,50,1052.656618
-0.899908,50,1053.31264
-0.935463,50,1053.994305
-1.153629,50,1054.683589
-1.031839,50,1055.362097
-1.884699,50,1056.051646
-0.847935,50,1056.743297
-0.730833,50,1057.406566
-0.792724,50,1058.089738
-0.65108,50,1058.763828
-2.235205,50,1059.44656
-1.711617,50,1060.293931
-1.143645,50,1061.20692
-0.833813,50,1062.094705
-0.976384,50,1062.999946
-0.760076,50,1063.679859
-0.811949,50,1064.359113
-1.095591,50,1065.055232
-1.018676,50,1065.738027
-0.746357,50,1066.407813
-0.58419,50,1067.067764
-0.818861,50,1067.75074
-1.195582,50,1068.419897
-1.759785,50,1069.091934
-0.77762,50,1069.775651
-0.910968,50,1070.453776
-1.905799,50,1071.123072
-0.846555,50,1071.813187
-1.286921,50,1072.491743
-1.061984,50,1073.293062
-0.993289,50,1074.20989
-0.710339,50,1075.086404
-0.927103,50,1076.009803
-0.613825,50,1076.727709
-0.99071,50,1077.398065
-1.699413,50,1078.092287
-1.271306,50,1078.775585
-1.0922,50,1079.430704
-1.1663,50,1080.106174
-1.019472,50,1080.79132
-1.070765,50,1081.453144
-0.763162,50,1082.128898
-0.954221,50,1082.824539
-0.964304,50,1083.479839
-0.91451,50,1084.162889
-0.664345,50,1084.861548
-0.976335,50,1085.537844
-0.771201,50,1086.351635
-1.451873,50,1087.259542
-1.547644,50,1088.144548
-0.653159,50,1089.061921
-1.415881,50,1089.746171
-1.198513,50,1090.410657
-0.713555,50,1091.069721
-0.779472,50,1091.756157
-1.268603,50,1092.432703
-0.807351,50,1093.098307
-0.679536,50,1093.78502
-1.542328,50,1094.466239
-0.866805,50,1095.128136
-0.792906,50,1095.816005
-0.900355,50,1096.481755
-0.823413,50,1097.149947
-1.823479,50,1097.832946
-1.283203,50,1098.526515
-0.666501,50,1099.323789
-0.493829,50,1100.24199
-0.99141,50,1101.125142
-0.953901,50,1102.07939
-2.074504,50,1102.757024
-1.830455,50,1103.42498
-1.0812,50,1104.109053
-0.918693,50,1104.792353
-0.651615,50,1105.463042
-0.920796,50,1106.148909
-1.257616,50,1106.855989
-1.765516,50,1107.529264
-1.140579,50,1108.233519
-1.948026,50,1108.927518
-0.991761,50,1109.579816
-0.977232,50,1110.258867
-1.628555,50,1110.959982
-1.535059,50,1111.626773
-0.843507,50,1112.436896
-0.650537,50,1113.346987
-1.713915,50,1114.225263
-1.391302,50,1115.166973
-1.186626,50,1115.847794
-0.702597,50,1116.512025
-1.396836,50,1117.190125
-0.844661,50,1117.88816
-0.836534,50,1118.570019
-0.858987,50,1119.233746
-0.621193,50,1119.920472
-1.87398,50,1120.633958
-1.643019,50,1121.302816
-1.590069,50,1121.977846
-1.193254,50,1122.657561
-0.811974,50,1123.322169
-1.236827,50,1124.00966
-1.153872,50,1124.703426
-0.781498,50,1125.50938
-1.048515,50,1126.419624
-1.023102,50,1127.300171
-1.003538,50,1128.231281
-0.767723,50,1128.912324
-0.812087,50,1129.584753
-0.670257,50,1130.259603
-0.886656,50,1130.934976
-1.263135,50,1131.611134
-1.236982,50,1132.327263
-1.729643,50,1133.024224
-0.658128,50,1133.701786
-0.589057,50,1134.392837
-1.887192,50,1135.082146
-1.680347,50,1135.775444
-0.868309,50,1136.457692
-1.439854,50,1137.192075
-1.190525,50,1137.871457
-0.767892,50,1138.747749
-0.997106,50,1139.687432
-1.205175,50,1140.573289
-1.480157,50,1141.44094
-0.780964,50,1142.119152
-0.776175,50,1142.797411
-0.712393,50,1143.480259
-1.600214,50,1144.162618
-1.622747,50,1144.85496
-1.119948,50,1145.543894
-0.956583,50,1146.219186
-1.257655,50,1146.928123
-1.194529,50,1147.609118
-0.890662,50,1148.270566
-0.669918,50,1148.946007
-0.73783,50,1149.64156
-1.761202,50,1150.311234
-0.743885,50,1151.005284
-1.501516,50,1151.899535
-1.660523,50,1152.821653
-1.153958,50,1153.758189
-1.425602,50,1154.587093
-1.348032,50,1155.269691
-1.285626,50,1155.958553
-0.723734,50,1156.620332
-1.657859,50,1157.320045
-0.789562,50,1158.011936
-1.18654,50,1158.678825
-1.111537,50,1159.358546
-0.927207,50,1160.050942
-0.897818,50,1160.735547
-1.060765,50,1161.421789
-1.079835,50,1162.109115
-0.847422,50,1162.776095
-0.885106,50,1163.450633
-0.979503,50,1164.142556
-0.737291,50,1165.034891
-1.141933,50,1165.953868
-0.745419,50,1166.894232
-0.65166,50,1167.742971
-0.974638,50,1168.447054
-1.276673,50,1169.122101
-1.390011,50,1169.815161
-1.427822,50,1170.510027
-1.063211,50,1171.174438
-1.196957,50,1171.858409
-1.224792,50,1172.537462
-0.999993,50,1173.210721
-1.360176,50,1173.91516
-1.553074,50,1174.606926
-0.86205,50,1175.276423
-1.095186,50,1175.982451
-0.700945,50,1176.670627
-1.690637,50,1177.3483
-1.015548,50,1178.301671
-0.815741,50,1179.221926
-0.507514,50,1180.162147
-1.28226,50,1180.965043
-1.554782,50,1181.663428
-2.003607,50,1182.370383
-1.343768,50,1183.054685
-1.061179,50,1183.726609
-0.741427,50,1184.396126
-0.63015,50,1185.117471
-0.630867,50,1185.792233
-1.368873,50,1186.478998
-0.57912,50,1187.168087
-1.058633,50,1187.835696
-0.902441,50,1188.515636
-0.542896,50,1189.203872
-1.10397,50,1189.880071
-0.78359,50,1190.633581
-1.260322,50,1191.566317
-2.226301,50,1192.490104
-0.674125,50,1193.445449
-0.460321,50,1194.1449
-0.913481,50,1194.836925
-1.684734,50,1195.537261
-0.680681,50,1196.217165
-1.143428,50,1196.952864
-1.123844,50,1197.654119
-1.441068,50,1198.341525
-0.730442,50,1199.03964
-0.763574,50,1199.723693
-0.787568,50,1200.392977
-0.749756,50,1201.09042
-0.579495,50,1201.78469
-0.665512,50,1202.473591
-1.219764,50,1203.167908
-0.796769,50,1204.018729
-0.818947,50,1204.951095
-1.028018,50,1205.889753
-0.962335,50,1206.819025
-1.694057,50,1207.495423
-0.985647,50,1208.183801
-0.896894,50,1208.882971
-1.287517,50,1209.567126
-0.662962,50,1210.260205
-1.135414,50,1210.960015
-1.679535,50,1211.667175
-0.885702,50,1212.363134
-0.745225,50,1213.048713
-0.834794,50,1213.723188
-0.906405,50,1214.408516
-0.764999,50,1215.092341
-1.046784,50,1215.775656
-0.970111,50,1216.473524
-1.831561,50,1217.403478
-0.976918,50,1218.314905
-0.791941,50,1219.212273
-0.794737,50,1220.04204
-1.097225,50,1220.740198
-0.835835,50,1221.417842
-0.486864,50,1222.080943
-0.82462,50,1222.756869
-0.819524,50,1223.435122
-0.68093,50,1224.108945
-0.840355,50,1224.795967
-0.755081,50,1225.471428
-1.764637,50,1226.172191
-0.673601,50,1226.866554
-0.677599,50,1227.597258
-1.936649,50,1228.291453
-1.066991,50,1229.002507
-1.869668,50,1229.705138
-0.813349,50,1230.6081
-0.558192,50,1231.581653
-0.584403,50,1232.518127
-0.477939,50,1233.26574
-0.798708,50,1233.94862
-0.960163,50,1234.624878
-0.920333,50,1235.318359
-1.2846,50,1236.019022
-0.672252,50,1236.688866
-0.734981,50,1237.368641
-1.430993,50,1238.070193
-0.847857,50,1238.741788
-0.839034,50,1239.428508
-0.785625,50,1240.11124
-0.753943,50,1240.785026
-0.729917,50,1241.460037
-0.786426,50,1242.142302
-0.647629,50,1242.87441
-0.462315,50,1243.776712
-0.781902,50,1244.697641
-1.034216,50,1245.676929
-0.657712,50,1246.416366
-0.781415,50,1247.099902
-1.225671,50,1247.793377
-0.734228,50,1248.46866
-0.698407,50,1249.134314
-0.772496,50,1249.826142
-0.821986,50,1250.514457
-0.826905,50,1251.222129
-1.419375,50,1251.930288
-0.635834,50,1252.629188
-0.684877,50,1253.308046
-0.686233,50,1253.999255
-0.620676,50,1254.677063
-0.803225,50,1255.364074
-0.509567,50,1256.176672
-0.833057,50,1257.086253
-0.752068,50,1258.026493
-0.856587,50,1258.986834
-0.757987,50,1259.66126
-1.957607,50,1260.360641
-1.076684,50,1261.058186
-0.972562,50,1261.749155
-1.255022,50,1262.46415
-1.105342,50,1263.163862
-1.143415,50,1263.835764
-1.079684,50,1264.535508
-1.173121,50,1265.248889
-1.018615,50,1265.935401
-1.150982,50,1266.630129
-0.751233,50,1267.318725
-0.727789,50,1268.017227
-1.054414,50,1268.708299
-0.810098,50,1269.577908
-0.518548,50,1270.497121
-0.740984,50,1271.381026
-0.843804,50,1272.247637
-1.36188,50,1272.930494
-0.711264,50,1273.614813
-0.552038,50,1274.275548
-0.772536,50,1274.956709
-1.457422,50,1275.654104
-0.690754,50,1276.33487
-0.821485,50,1277.020971
-0.83252,50,1277.720353
-0.919478,50,1278.38344
-0.93544,50,1279.066505
-0.867242,50,1279.742117
-1.168588,50,1280.403055
-1.089594,50,1281.088253
-1.540282,50,1281.792643
-0.89793,50,1282.668375
-0.77268,50,1283.588943
-0.734154,50,1284.498781
-1.236774,50,1285.351847
-0.910707,50,1286.029652
-0.649502,50,1286.704976
-0.845662,50,1287.431467
-1.096957,50,1288.123039
-0.894725,50,1288.798224
-0.633209,50,1289.473881
-0.947061,50,1290.150989
-1.279409,50,1290.832502
-0.930706,50,1291.510783
-0.880026,50,1292.194026
-0.623277,50,1292.883262
-0.633979,50,1293.571407
-1.068542,50,1294.270121
-0.891518,50,1294.938334
-0.47419,50,1295.860393
-1.279523,50,1296.796354
-0.721559,50,1297.72048
-0.849096,50,1298.545203
-1.046481,50,1299.219887
-0.958904,50,1299.914976
-0.840921,50,1300.605314
-0.701934,50,1301.27611
-0.931475,50,1301.952958
-0.942246,50,1302.654944
-0.904957,50,1303.326508
-0.605358,50,1304.026977
-0.8212,50,1304.718517
-0.935117,50,1305.413824
-0.625686,50,1306.095784
-0.718719,50,1306.770063
-0.74321,50,1307.436791
-0.64154,50,1308.151951
-0.785379,50,1309.073504
-0.70284,50,1309.999641
-0.550896,50,1310.91587
-0.55465,50,1311.692147
-0.833644,50,1312.36916
-1.166114,50,1313.051845
-0.90813,50,1313.715689
-0.929909,50,1314.395772
-0.86195,50,1315.088021
-0.6983,50,1315.752989
-0.706891,50,1316.421938
-0.530238,50,1317.08811
-0.975133,50,1317.81458
-0.571225,50,1318.501783
-0.955808,50,1319.177795
-0.835384,50,1319.865967
-0.514508,50,1320.540938
-0.987567,50,1321.231684
-1.158363,50,1322.160218
-1.836247,50,1323.111421
-0.870757,50,1324.036822
-1.264038,50,1324.796624
-0.523853,50,1325.473056
-0.619396,50,1326.163378
-1.069656,50,1326.854165
-0.6184,50,1327.527102
-1.283966,50,1328.215931
-0.727265,50,1328.913628
-0.56769,50,1329.582852
-0.78847,50,1330.269069
-1.107384,50,1330.966994
-0.752581,50,1331.654546
-1.071813,50,1332.331259
-0.742189,50,1333.009007
-0.780702,50,1333.683873
-0.669735,50,1334.438471
-0.527038,50,1335.338007
-0.73201,50,1336.245975
-0.772243,50,1337.194039
-1.037944,50,1337.916273
-1.074432,50,1338.601429
-0.673114,50,1339.285176
-0.68844,50,1339.948348
-1.361528,50,1340.629781
-0.726374,50,1341.307744
-0.799706,50,1341.964474
-0.95866,50,1342.634711
-0.709584,50,1343.317551
-0.941225,50,1343.985077
-0.669258,50,1344.665856
-0.539715,50,1345.347957
-1.887495,50,1346.041198
-1.436154,50,1346.737242
-0.699392,50,1347.478048
-0.862657,50,1348.378178
-1.005803,50,1349.291351
-0.957404,50,1350.230868
-0.78759,50,1350.968777
-0.397742,50,1351.64628
-0.597086,50,1352.313854
-0.65239,50,1352.986252
-0.651938,50,1353.669683
-1.32792,50,1354.347805
-0.83994,50,1355.029464
-0.883415,50,1355.722538
-0.511045,50,1356.383979
-1.170335,50,1357.068503
-0.52219,50,1357.753267
-0.751766,50,1358.42607
-0.940714,50,1359.095493
-0.87614,50,1359.76251
-0.547334,50,1360.464487
-0.902987,50,1361.369131
-1.248785,50,1362.286913
-0.811815,50,1363.218295
-0.926987,50,1363.98368
-0.916797,50,1364.656858
-0.728895,50,1365.351712
-1.407425,50,1366.035308
-1.276019,50,1366.739791
-0.592449,50,1367.417837
-0.480255,50,1368.091729
-0.913166,50,1368.765973
-0.893974,50,1369.45126
-0.72243,50,1370.112921
-1.226152,50,1370.797663
-0.999544,50,1371.471913
-0.584503,50,1372.153182
-0.834753,50,1372.839722
-1.119406,50,1373.557006
-0.539011,50,1374.457958
-0.695346,50,1375.374727
-1.128804,50,1376.322408
-1.064124,50,1377.060029
-0.953991,50,1377.782763
-0.892415,50,1378.447474
-0.932333,50,1379.119833
-0.810815,50,1379.814139
-0.879588,50,1380.484576
-0.978203,50,1381.165656
-1.117488,50,1381.863143
-0.917888,50,1382.522604
-0.554269,50,1383.192998
-0.656109,50,1383.86989
-0.69125,50,1384.53477
-0.514242,50,1385.228438
-0.649423,50,1385.912729
-1.180914,50,1386.646509
-0.609024,50,1387.536005
-0.512562,50,1388.465214
-1.012159,50,1389.407519
-0.907617,50,1390.110024
-0.955159,50,1390.793378
-0.736037,50,1391.4646
-2.043354,50,1392.142494
-0.760631,50,1392.826105
-0.948687,50,1393.50445
-1.132598,50,1394.178361
-0.680743,50,1394.861384
-0.826517,50,1395.554395
-0.798732,50,1396.230904
-0.673672,50,1396.93231
-0.642632,50,1397.61484
-0.746327,50,1398.289363
-0.703278,50,1398.973105
-0.906884,50,1399.740639
-0.49589,50,1400.649069
-0.798275,50,1402.696157
-0.616251,50,1403.361925
-1.831715,50,1404.065038
-0.536799,50,1404.75039
-1.914147,50,1405.421973
-0.904979,50,1406.097837
-1.35904,50,1406.771039
-0.624901,50,1407.450633
-0.919523,50,1408.187404
-0.801918,50,1408.853488
-0.512829,50,1409.55586
-0.812967,50,1410.238388
-0.890962,50,1410.907814
-0.889323,50,1411.590594
-0.850609,50,1412.274788
-0.74216,50,1413.092142
-0.949439,50,1413.987874
-1.569436,50,1414.889637
-0.974356,50,1415.838154
-0.6725,50,1416.532295
-1.04502,50,1417.19794
-0.581532,50,1417.880158
-0.911433,50,1418.557632
-1.468697,50,1419.235611
-0.534349,50,1419.920935
-1.43533,50,1420.604352
-1.866173,50,1421.289449
-1.357334,50,1421.982126
-0.940361,50,1422.665657
-0.666178,50,1423.324248
-1.589212,50,1424.027036
-0.760964,50,1424.714454
-1.016302,50,1425.409767
-1.066933,50,1426.278745
-0.947865,50,1427.194989
-0.973394,50,1428.088062
-0.749303,50,1428.960864
-0.914643,50,1429.637213
-0.599501,50,1430.316539
-0.780514,50,1431.005514
-1.19631,50,1431.691445
-0.986901,50,1432.36586
-0.557622,50,1433.03588
-0.600508,50,1433.705738
-0.664727,50,1434.390035
-1.852434,50,1435.083866
-1.193775,50,1435.756712
-1.149331,50,1436.433334
-0.575119,50,1437.124136
-1.797602,50,1437.805738
-0.878108,50,1438.510626
-1.047667,50,1439.380904
-0.767189,50,1440.298937
-1.60302,50,1441.222626
-1.802594,50,1442.090692
-0.8273,50,1442.770272
-0.846536,50,1443.449054
-1.044079,50,1444.111911
-1.315843,50,1444.802767
-0.554337,50,1445.481386
-0.908866,50,1446.16519
-1.074948,50,1446.859668
-0.669096,50,1447.539466
-1.035416,50,1448.209497
-0.728883,50,1448.889861
-0.726655,50,1449.560195
-0.468592,50,1450.226487
-0.870893,50,1450.903687
-0.653963,50,1451.583443
-0.606633,50,1452.46042
-1.268439,50,1453.385809
-0.945145,50,1454.31242
-0.719488,50,1455.157584
-0.62129,50,1455.840961
-0.650385,50,1456.494797
-1.438692,50,1457.166952
-0.817873,50,1457.838518
-0.823099,50,1458.510321
-0.593617,50,1459.195913
-0.735145,50,1459.869163
-1.729132,50,1460.558877
-1.630209,50,1461.254348
-0.699493,50,1461.916226
-0.563016,50,1462.58998
-0.732844,50,1463.285853
-1.103636,50,1463.970618
-0.663092,50,1464.644979
-0.562376,50,1465.549806
-1.096022,50,1466.475185
-0.832366,50,1467.37512
-1.10885,50,1468.225299
-1.164447,50,1468.907947
-0.506313,50,1469.59062
-0.592178,50,1470.264623
-0.89524,50,1470.946869
-0.655322,50,1471.62629
-0.711326,50,1472.302492
-0.717743,50,1472.97768
-1.116146,50,1473.672834
-0.604778,50,1474.350419
-0.823174,50,1475.05268
-0.677052,50,1475.746891
-0.674755,50,1476.411025
-0.943199,50,1477.082865
-0.863081,50,1477.770961
-0.769932,50,1478.671261
-0.707072,50,1479.572317
-1.253023,50,1480.5154
-0.600824,50,1481.329698
-1.141104,50,1482.014132
-1.211085,50,1482.684669
-0.655359,50,1483.373136
-0.676964,50,1484.057789
-0.992648,50,1484.727328
-0.745679,50,1485.431854
-0.783696,50,1486.126773
-0.886933,50,1486.806896
-1.892872,50,1487.492986
-1.407644,50,1488.180073
-0.887497,50,1488.845024
-0.817493,50,1489.517101
-1.089641,50,1490.217283
-1.044953,50,1490.925083
-0.766599,50,1491.842273
-0.656925,50,1492.761102
-0.780565,50,1493.703604
-0.702428,50,1494.458891
-0.616725,50,1495.117744
-0.636089,50,1495.808034
-0.749719,50,1496.501905
-0.89263,50,1497.193465
-0.847541,50,1497.894814
-0.793395,50,1498.59794
-0.837937,50,1499.256805
-0.755827,50,1499.941486
-0.888192,50,1500.622125
-0.658016,50,1501.300698
-1.107878,50,1501.976259
-1.362624,50,1502.674239
-1.598417,50,1503.350604
-1.005868,50,1504.097437
-0.960279,50,1505.020606
-0.834111,50,1505.962512
-0.780344,50,1506.897609
-1.311786,50,1507.626559
-1.058131,50,1508.303647
-1.04746,50,1509.00153
-0.848409,50,1509.670754
-0.655557,50,1510.35802
-0.704276,50,1511.050569
-0.922634,50,1511.733567
-0.989032,50,1512.4117
-0.820927,50,1513.098803
-1.440793,50,1513.784529
-0.588258,50,1514.458315
-0.628515,50,1515.132388
-0.749486,50,1515.796751
-1.595017,50,1516.469872
-0.832544,50,1517.195945
-0.739344,50,1518.079262
-1.056345,50,1519.024672
-1.007248,50,1520.009166
-1.085586,50,1520.71209
-1.599582,50,1521.395818
-1.440848,50,1522.068094
-1.321275,50,1522.737542
-0.759224,50,1523.405087
-0.821181,50,1524.074899
-0.9382,50,1524.762638
-0.912458,50,1525.428885
-0.897934,50,1526.106752
-1.207837,50,1526.787984
-0.935735,50,1527.455116
-1.408159,50,1528.133026
-1.095611,50,1528.853141
-1.382518,50,1529.532045
-0.575621,50,1530.291852
-0.571842,50,1531.191489
-0.94201,50,1532.108086
-0.683971,50,1533.06701
-0.736215,50,1533.755136
-1.313382,50,1534.430302
-1.572747,50,1535.111239
-0.932369,50,1535.797798
-0.779442,50,1536.482226
-0.879437,50,1537.161071
-1.441974,50,1537.830001
-0.576314,50,1538.507584
-1.144267,50,1539.196935
-0.969968,50,1539.855007
-0.722496,50,1540.524814
-1.096715,50,1541.197359
-1.030136,50,1541.869902
-0.918958,50,1542.545905
-0.684029,50,1543.295249
-1.335821,50,1544.184864
-1.221938,50,1545.111043
-0.974433,50,1546.07737
-0.878953,50,1546.781628
-0.696461,50,1547.460073
-0.958815,50,1548.154323
-1.15119,50,1548.843274
-0.670367,50,1549.521438
-0.857924,50,1550.185961
-0.858199,50,1550.871018
-0.544981,50,1551.549022
-1.130217,50,1552.224287
-1.608117,50,1552.917409
-0.763923,50,1553.607627
-1.051691,50,1554.287258
-0.731377,50,1554.967737
-1.517004,50,1555.661071
-0.777084,50,1556.420372
-0.732621,50,1557.33892
-0.880476,50,1558.250725
-0.905427,50,1559.24086
-0.670902,50,1559.922989
-0.720806,50,1560.589248
-0.570482,50,1561.262763
-0.817082,50,1561.938604
-0.603901,50,1562.629744
-0.931942,50,1563.31815
-0.780111,50,1564.001976
-0.854356,50,1564.688692
-0.6432,50,1565.380085
-0.659487,50,1566.049954
-1.284091,50,1566.748216
-1.093699,50,1567.43488
-0.625874,50,1568.102901
-0.935593,50,1568.79827
-1.135022,50,1569.584692
-0.868659,50,1570.485112
-0.736186,50,1571.405076
-1.19688,50,1572.34803
-0.529237,50,1573.0611
-0.625566,50,1573.755123
-0.89214,50,1574.429963
-0.831973,50,1575.113328
-0.813865,50,1575.806002
-0.55296,50,1576.470973
-0.92467,50,1577.15911
-0.949898,50,1577.850049
-1.136944,50,1578.517246
-0.635751,50,1579.20201
-0.554716,50,1579.897091
-0.860646,50,1580.568159
-0.752435,50,1581.24461
-0.906935,50,1581.915158
-0.714306,50,1582.753601
-0.665832,50,1583.6609
-1.465715,50,1584.560762
-1.476869,50,1585.484559
-1.027314,50,1586.184014
-1.0004,50,1586.853552
-0.687119,50,1587.539101
-0.624095,50,1588.231291
-1.281305,50,1588.943606
-1.097484,50,1589.620876
-0.856569,50,1590.292445
-0.523027,50,1590.953915
-0.762797,50,1591.62965
-0.890276,50,1592.303492
-1.003792,50,1592.974086
-0.683572,50,1593.65493
-1.067571,50,1594.346488
-1.076783,50,1595.038016
-0.923425,50,1595.904583
-0.774298,50,1596.820507
-0.995717,50,1597.700053
-1.601084,50,1598.6093
-1.107355,50,1599.282977
-0.877147,50,1599.956652
-1.307531,50,1600.651214
-0.681418,50,1601.315587
-0.85283,50,1601.987854
-0.841047,50,1602.659224
-1.574417,50,1603.341157
-0.91579,50,1604.022985
-1.289327,50,1604.712552
-0.947657,50,1605.367012
-0.645516,50,1606.080351
-0.622985,50,1606.755826
-0.724886,50,1607.411083
-0.717181,50,1608.096876
-0.696933,50,1608.955224
-0.92103,50,1609.861698
-1.110572,50,1610.740354
-0.837198,50,1611.605669
-0.995974,50,1612.296978
-0.915257,50,1612.987202
-0.443453,50,1613.671269
-0.762686,50,1614.348817
-0.528705,50,1615.015086
-0.820887,50,1615.699392
-0.772862,50,1616.367704
-1.318079,50,1617.051097
-0.76657,50,1617.739747
-0.91419,50,1618.410144
-0.711741,50,1619.09881
-1.375741,50,1619.79262
-0.679142,50,1620.468815
-0.541849,50,1621.13808
-1.723681,50,1622.008522
-0.839853,50,1622.904491
-0.534648,50,1623.791997
-1.084745,50,1624.656587
-1.381697,50,1625.334584
-0.772577,50,1626.01907
-0.614332,50,1626.708855
-0.523047,50,1627.382348
-0.803297,50,1628.08566
-0.878672,50,1628.771984
-1.74892,50,1629.44417
-0.721788,50,1630.119996
-1.055823,50,1630.818489
-0.582465,50,1631.484013
-0.71515,50,1632.170429
-0.64458,50,1632.846913
-0.609531,50,1633.516252
-0.625275,50,1634.200628
-1.060867,50,1635.078106
-1.317927,50,1635.991039
-0.999065,50,1636.882172
-0.512233,50,1637.741084
-0.757352,50,1638.435145
-1.044003,50,1639.116665
-0.780514,50,1639.785689
-0.727814,50,1640.455858
-0.775666,50,1641.15294
-0.636257,50,1641.830019
-1.275432,50,1642.516791
-0.523049,50,1643.184133
-1.056172,50,1643.871434
-1.442682,50,1644.553183
-0.87135,50,1645.214779
-0.670587,50,1645.887131
-0.894488,50,1646.570295
-0.645193,50,1647.234664
-0.69768,50,1648.113678
-0.579305,50,1649.037388
-0.933359,50,1649.943918
-0.576443,50,1650.821488
-0.882569,50,1651.500268
-0.597225,50,1652.200114
-0.854708,50,1652.909715
-1.050981,50,1653.571037
-1.093675,50,1654.263905
-1.023455,50,1654.946109
-0.816588,50,1655.62196
-0.72504,50,1656.293977
-1.133722,50,1656.984388
-0.925131,50,1657.664802
-0.651255,50,1658.355915
-1.178589,50,1659.054804
-1.178971,50,1659.7302
-1.865885,50,1660.413729
-0.663085,50,1661.324453
-0.930362,50,1662.2297
-0.625635,50,1663.146535
-0.721447,50,1663.95716
-0.671505,50,1664.636891
-0.585224,50,1665.305851
-0.814109,50,1666.018039
-0.760163,50,1666.715091
-0.606274,50,1667.408202
-0.754655,50,1668.06855
-0.89964,50,1668.750901
-0.582298,50,1669.429928
-1.31442,50,1670.11178
-0.661064,50,1670.789146
-0.688992,50,1671.462052
-0.664534,50,1672.127016
-0.994846,50,1672.815055
-1.003783,50,1673.486473
-0.813922,50,1674.385738
-0.519372,50,1675.288146
-0.576381,50,1676.204884
-0.763202,50,1677.029029
-1.201625,50,1677.704255
-0.915729,50,1678.36195
-0.720759,50,1679.070086
-0.581568,50,1679.755857
-0.515796,50,1680.41786
-0.643217,50,1681.090566
-0.748678,50,1681.774779
-0.837971,50,1682.447109
-0.730292,50,1683.128896
-0.839852,50,1683.822034
-0.842635,50,1684.493757
-0.786067,50,1685.174116
-0.623708,50,1685.841481
-0.594065,50,1686.509987
-0.90243,50,1687.432516
-1.480959,50,1688.353255
-0.693019,50,1689.264256
-1.653026,50,1690.087854
-1.436167,50,1690.79277
-0.806666,50,1691.475803
-0.835819,50,1692.132242
-0.836503,50,1692.817735
-0.742831,50,1693.495915
-0.863699,50,1694.154902
-0.671945,50,1694.840967
-1.488054,50,1695.527521
-0.827899,50,1696.202756
-1.123522,50,1696.88299
-1.097347,50,1697.562199
-0.902309,50,1698.241624
-0.725752,50,1698.922212
-0.591875,50,1699.598828
-0.417946,50,1700.518632
-1.49659,50,1701.446426
-0.949551,50,1702.372658
-0.815333,50,1703.165345
-1.835251,50,1703.860945
-0.597318,50,1704.52865
-0.662107,50,1705.21738
-0.778579,50,1705.897213
-0.684558,50,1706.555822
-1.038632,50,1707.236037
-0.891021,50,1707.915045
-0.543051,50,1708.574722
-0.893714,50,1709.281013
-0.781042,50,1709.964357
-0.697299,50,1710.641353
-0.769022,50,1711.325868
-0.738271,50,1711.998019
-0.610807,50,1712.666912
-0.518018,50,1713.589546
-0.611519,50,1714.511375
-0.615061,50,1715.421329
-0.429615,50,1716.207742
-0.816097,50,1716.883039
-1.001113,50,1717.575078
-1.013333,50,1718.247835
-0.769352,50,1718.911941
-0.719782,50,1719.612009
-0.838971,50,1720.302931
-0.914532,50,1720.974577
-0.599985,50,1721.650713
-1.983674,50,1722.345315
-0.527378,50,1723.018116
-0.810361,50,1723.697468
-0.718356,50,1724.386864
-1.364776,50,1725.078529
-0.727554,50,1725.791517
-0.554968,50,1726.71182
-1.079201,50,1727.641666
-0.833413,50,1728.557507
-1.131664,50,1729.320021
-0.799769,50,1730.007362
-0.848441,50,1730.686137
-0.627636,50,1731.36586
-0.531651,50,1732.06655
-0.747597,50,1732.740742
-0.719507,50,1733.420696
-1.059947,50,1734.117944
-1.257702,50,1734.791569
-0.526691,50,1735.474408
-0.587913,50,1736.161949
-0.956168,50,1736.834826
-1.047167,50,1737.506994
-2.05601,50,1738.212833
-0.640146,50,1738.936424
-1.410244,50,1739.875395
-0.573314,50,1740.792905
-0.76294,50,1741.745718
-0.482441,50,1742.462464
-1.141671,50,1743.138929
-0.909121,50,1743.827106
-1.059342,50,1744.509552
-0.707675,50,1745.182831
-0.745899,50,1745.872852
-0.442494,50,1746.547068
-0.688663,50,1747.247256
-0.476564,50,1747.955493
-0.816146,50,1748.634009
-1.093751,50,1749.297915
-1.04958,50,1749.985831
-1.718093,50,1750.680188
-0.569811,50,1751.359805
-0.646106,50,1752.121735
-0.452265,50,1753.015752
-0.379557,50,1753.911575
-1.134348,50,1754.904701
-0.509332,50,1755.568858
-0.914988,50,1756.268925
-0.735138,50,1756.956333
-0.783425,50,1757.637451
-1.052037,50,1758.311174
-0.599401,50,1758.998085
-0.666179,50,1759.667819
-0.69943,50,1760.344165
-0.457612,50,1761.023857
-0.557531,50,1761.687938
-0.90613,50,1762.366593
-1.303855,50,1763.069329
-0.677966,50,1763.732648
-0.564772,50,1764.4
-0.594355,50,1765.167627
-0.860849,50,1767.160249
-0.51445,50,1768.107125
-0.9683,50,1768.790388
-0.476583,50,1769.486684
-0.781694,50,1770.165104
-1.716334,50,1770.845467
-0.613733,50,1771.527927
-1.133521,50,1772.206496
-0.777871,50,1772.89346
-0.634317,50,1773.573781
-1.447723,50,1774.265134
-0.78769,50,1774.953069
-0.969571,50,1775.678556
-0.712403,50,1776.339257
-0.974608,50,1777.028022
-0.572628,50,1777.710596
-0.443065,50,1778.538196
-0.863323,50,1779.448973
-0.5804,50,1780.333047
-0.498144,50,1781.249271
-0.608599,50,1781.937498
-0.760046,50,1782.623133
-0.572616,50,1783.301906
-0.707319,50,1783.977921
-0.803191,50,1784.67026
-0.529104,50,1785.340868
-0.976533,50,1786.030611
-1.240219,50,1786.720569
-0.758238,50,1787.411386
-0.728955,50,1788.092941
-0.799688,50,1788.766459
-0.631853,50,1789.439544
-1.78855,50,1790.130769
-1.059388,50,1790.796988
-1.173836,50,1791.678029
-0.826834,50,1792.594716
-0.779896,50,1793.498996
-1.033858,50,1794.380723
-0.708643,50,1795.042722
-0.557758,50,1795.730325
-0.647101,50,1796.412436
-0.668941,50,1797.073832
-0.55697,50,1797.754955
-0.881826,50,1798.427108
-0.743027,50,1799.102552
-0.72307,50,1799.807824
-1.097117,50,1800.491894
-0.973927,50,1801.153591
-1.067235,50,1801.836988
-0.666638,50,1802.513004
-0.903098,50,1803.20352
-0.785944,50,1803.89737
-1.052155,50,1804.774136
-0.690502,50,1805.684843
-0.636469,50,1806.565896
-1.823029,50,1807.442823
-0.540104,50,1808.123797
-1.124116,50,1808.811957
-0.61482,50,1809.466929
-0.795577,50,1810.148916
-0.790278,50,1810.818913
-2.040434,50,1811.495399
-0.711258,50,1812.167901
-0.775757,50,1812.842903
-0.769435,50,1813.525892
-1.497885,50,1814.222806
-0.639743,50,1814.892707
-0.564927,50,1815.562495
-0.95789,50,1816.239665
-0.543988,50,1816.910427
-0.622844,50,1817.79291
-0.955536,50,1818.718528
-1.880008,50,1819.648046
-0.729039,50,1820.483253
-0.679149,50,1821.175859
-0.841053,50,1821.855444
-0.805937,50,1822.540661
-0.409794,50,1823.215839
-0.594549,50,1823.891608
-0.973713,50,1824.567475
-0.775004,50,1825.251844
-0.791178,50,1825.954164
-0.989774,50,1826.631418
-0.806277,50,1827.299953
-0.625894,50,1828.023624
-1.218833,50,1828.740335
-1.754677,50,1829.410356
-0.995712,50,1830.118643
-0.948095,50,1831.043692
-0.558134,50,1831.955844
-0.692831,50,1832.879823
-0.641901,50,1833.663695
-0.606858,50,1834.340023
-0.853588,50,1835.019363
-0.777094,50,1835.702127
-0.827263,50,1836.379224
-0.885564,50,1837.064659
-1.276599,50,1837.750031
-0.664913,50,1838.429925
-0.746534,50,1839.11768
-0.76234,50,1839.804077
-0.714759,50,1840.478649
-0.706496,50,1841.157137
-0.430645,50,1841.824293
-0.495793,50,1842.500829
-0.558584,50,1843.174527
-0.864651,50,1844.072806
-0.860289,50,1845.016428
-0.707085,50,1846.012855
-0.502266,50,1846.862092
-1.358652,50,1847.572873
-0.897368,50,1848.279929
-1.113705,50,1848.968589
-0.877667,50,1849.670682
-0.770903,50,1850.352044
-0.700102,50,1851.051611
-0.503035,50,1851.74864
-0.797112,50,1852.42372
-1.009744,50,1853.102208
-0.849476,50,1853.796954
-0.687095,50,1854.460547
-0.589164,50,1855.151019
-0.659166,50,1855.83112
-0.986383,50,1856.545203
-0.91349,50,1857.472209
-0.865469,50,1858.42852
-1.017834,50,1859.453882
-0.524962,50,1860.202245
-0.496325,50,1860.905957
-0.796162,50,1861.722423
-0.629816,50,1862.404811
-0.524354,50,1863.093687
-0.736396,50,1863.771924
-0.776553,50,1864.451473
-0.829897,50,1865.153294
-0.759748,50,1865.83539
-0.854309,50,1866.527862
-1.760014,50,1867.238172
-0.89974,50,1867.918738
-0.784581,50,1868.599915
-0.707044,50,1869.284308
-0.698991,50,1870.139107
-0.997017,50,1871.087302
-0.608146,50,1871.997783
-0.673804,50,1872.896281
-0.797812,50,1873.583095
-0.756097,50,1874.273085
-1.377912,50,1874.965998
-0.950369,50,1875.677546
-0.867227,50,1876.350803
-1.210786,50,1877.063113
-0.693375,50,1877.759846
-0.699132,50,1878.446841
-0.707393,50,1879.142715
-0.907611,50,1879.827649
-0.652402,50,1880.495688
-0.640106,50,1881.188537
-0.59402,50,1881.876823
-1.581994,50,1882.566846
-0.699983,50,1883.482949
-0.821665,50,1884.477286
-0.76633,50,1885.408222
-0.564954,50,1886.177827
-0.951837,50,1886.844423
-0.878729,50,1887.532676
-1.276477,50,1888.242184
-0.711275,50,1888.94055
-1.199069,50,1889.634504
-0.582571,50,1890.367992
-0.413317,50,1891.051352
-0.569484,50,1891.755533
-0.679059,50,1892.452356
-0.524162,50,1893.164085
-1.504142,50,1893.876434
-0.642474,50,1894.568889
-0.776697,50,1895.25691
-0.928689,50,1896.097798
-0.728858,50,1897.018181
-0.646078,50,1897.937469
-0.488278,50,1898.883379
-0.690042,50,1899.593864
-0.993512,50,1900.284917
-0.662202,50,1900.990309
-1.435084,50,1901.688072
-1.104755,50,1902.358413
-0.838779,50,1903.045469
-0.97403,50,1903.746739
-0.883965,50,1904.435061
-0.524174,50,1905.121743
-0.738266,50,1905.818713
-0.71954,50,1906.49729
-0.976948,50,1907.173862
-1.037847,50,1907.857857
-0.789168,50,1908.527377
-0.924089,50,1909.446226
-1.968108,50,1910.400935
-0.503983,50,1911.348081
-0.740695,50,1912.212396
-1.727445,50,1912.908381
-0.665559,50,1913.601029
-0.516072,50,1914.30507
-0.507318,50,1914.982741
-0.432428,50,1915.671592
-0.51319,50,1916.35304
-1.020041,50,1917.045631
-0.452365,50,1917.732876
-1.35169,50,1918.412596
-0.729562,50,1919.089347
-0.607531,50,1919.788006
-0.643738,50,1920.510083
-0.435737,50,1921.1862
-0.954532,50,1921.864649
-1.050873,50,1922.790828
-0.797027,50,1923.761147
-0.853284,50,1924.671895
-0.531851,50,1925.452833
-0.696566,50,1926.14695
-0.793073,50,1926.833306
-1.183759,50,1927.49644
-0.896355,50,1928.179815
-0.604527,50,1928.877832
-0.662083,50,1929.564188
-0.788518,50,1930.254249
-0.662873,50,1930.938175
-0.605883,50,1931.614978
-1.194183,50,1932.294874
-0.942842,50,1932.985953
-0.651914,50,1933.652884
-0.775659,50,1934.336666
-0.600961,50,1935.036721
-1.02226,50,1935.978892
-0.889512,50,1936.888785
-1.056893,50,1937.828726
-0.828269,50,1938.58876
-0.513908,50,1939.271425
-0.822976,50,1939.935077
-0.663909,50,1940.62797
-0.509478,50,1941.305711
-0.836128,50,1941.968712
-0.834352,50,1942.640482
-0.780645,50,1943.322331
-0.546952,50,1943.978789
-0.850497,50,1944.665416
-0.803742,50,1945.362774
-1.021213,50,1946.054138
-0.510404,50,1946.75057
-0.93941,50,1947.442301
-0.694543,50,1948.150202
-0.786343,50,1949.051275
-0.787311,50,1949.993037
-0.825543,50,1950.925798
-0.989064,50,1951.687968
-0.755876,50,1952.380991
-1.211912,50,1953.055858
-0.892102,50,1953.738223
-0.787017,50,1954.400011
-0.842608,50,1955.09625
-0.576052,50,1955.785721
-0.657908,50,1956.455406
-0.574512,50,1957.156113
-0.886435,50,1957.86029
-0.782373,50,1958.532896
-0.778237,50,1959.215933
-0.815351,50,1959.898682
-0.617129,50,1960.570413
-1.394054,50,1961.318553
-0.496123,50,1962.22985
-0.562614,50,1963.155752
-0.507863,50,1964.118843
-0.819089,50,1964.828008
-0.917012,50,1965.505758
-1.040136,50,1966.176215
-0.503922,50,1966.874243
-1.294406,50,1967.56607
-1.120186,50,1968.243896
-0.666016,50,1968.909132
-0.755967,50,1969.603019
-0.913165,50,1970.279306
-0.993135,50,1970.944955
-0.874416,50,1971.642681
-0.765705,50,1972.321155
-0.662018,50,1973.011885
-0.628917,50,1973.691944
-0.686205,50,1974.449386
-0.838592,50,1975.34255
-0.634864,50,1976.267306
-0.700207,50,1977.235952
-0.672998,50,1977.929308
-0.61402,50,1978.608515
-1.261317,50,1979.300149
-0.711381,50,1979.979055
-0.740927,50,1980.668226
-0.414381,50,1981.357811
-0.435381,50,1982.046114
-1.035796,50,1982.724271
-0.568053,50,1983.405009
-1.161892,50,1984.107376
-0.573208,50,1984.782745
-0.633835,50,1985.470667
-0.479453,50,1986.144438
-1.609769,50,1986.833877
-0.828654,50,1987.629121
-0.528155,50,1988.551372
-0.734415,50,1989.432776
-0.959589,50,1990.408308
-0.867207,50,1991.092107
-0.667086,50,1991.785354
-0.86947,50,1992.458204
-0.534868,50,1993.137824
-0.357276,50,1993.824603
-0.530079,50,1994.496667
-0.788308,50,1995.157094
-1.024446,50,1995.837264
-0.831643,50,1996.511013
-0.566077,50,1997.179371
-0.675877,50,1997.872989
-0.785086,50,1998.546893
-0.49953,50,1999.217914
-1.183849,50,1999.905926
-1.514963,50,2000.718218
-0.490328,50,2001.638586
-0.632035,50,2002.518019
-0.423541,50,2003.469155
-0.548778,50,2004.146028
-0.526936,50,2004.822901
-0.812701,50,2005.485981
-0.544826,50,2006.168619
-0.791933,50,2006.841593
-0.677346,50,2007.505945
-0.525857,50,2008.190488
-0.646852,50,2008.874917
-0.676452,50,2009.54383
-1.045364,50,2010.252722
-1.070094,50,2010.981089
-0.668719,50,2011.661089
-0.929534,50,2012.343723
-0.592851,50,2013.044436
-1.869834,50,2013.885147
-0.870479,50,2014.806796
-0.848483,50,2015.698686
-0.56214,50,2016.610913
-1.132101,50,2017.303516
-0.698635,50,2017.989418
-0.700143,50,2018.681607
-0.921161,50,2019.364926
-0.565759,50,2020.035108
-0.896348,50,2020.715546
-0.593854,50,2021.396048
-0.762721,50,2022.071234
-0.917329,50,2022.754895
-0.671604,50,2023.432944
-0.532889,50,2024.105747
-0.672548,50,2024.808922
-0.64688,50,2025.504453
-1.209521,50,2026.179332
-0.760237,50,2027.057414
-0.645226,50,2027.982778
-0.87679,50,2028.868583
-0.812332,50,2029.752154
-0.545107,50,2030.417974
-0.764193,50,2031.099651
-0.67392,50,2031.781629
-0.400146,50,2032.456617
-0.37476,50,2033.152158
-0.546308,50,2033.841271
-1.121297,50,2034.54435
-0.386288,50,2035.231312
-0.363774,50,2035.922192
-0.704719,50,2036.587768
-0.64273,50,2037.266783
-0.771578,50,2037.948806
-0.630365,50,2038.611814
-0.776183,50,2039.290552
-0.876952,50,2040.157475
-0.898481,50,2041.106086
-0.609594,50,2041.999127
-0.591949,50,2042.877961
-0.674226,50,2043.563557
-0.463252,50,2044.23188
-0.680546,50,2044.909866
-0.703058,50,2045.603024
-0.667026,50,2046.277351
-2.00073,50,2046.970459
-0.557337,50,2047.653293
-0.549791,50,2048.337215
-0.524016,50,2049.023902
-1.441266,50,2049.718986
-0.968274,50,2050.39273
-0.891706,50,2051.070954
-0.52042,50,2051.757492
-0.398605,50,2052.429798
-0.930559,50,2053.335217
-0.844256,50,2054.257667
-0.72629,50,2055.169227
-0.314362,50,2055.991544
-0.661726,50,2056.679955
-1.037546,50,2057.363907
-0.678329,50,2058.04887
-0.654923,50,2058.712641
-0.97396,50,2059.391789
-1.080671,50,2060.086709
-0.651729,50,2060.76102
-0.42249,50,2061.43908
-0.416299,50,2062.121948
-0.894817,50,2062.797318
-0.77749,50,2063.469987
-0.450228,50,2064.144404
-0.600945,50,2064.812843
-1.023538,50,2065.486596
-0.652087,50,2066.388277
-0.727647,50,2067.311218
-0.659291,50,2068.212267
-0.794101,50,2069.036526
-1.25042,50,2069.744553
-0.652536,50,2070.423966
-0.795398,50,2071.11867
-0.660603,50,2071.800856
-0.923533,50,2072.471292
-0.552559,50,2073.145013
-0.709787,50,2073.825426
-0.42929,50,2074.510883
-0.598962,50,2075.174542
-0.707548,50,2075.854886
-0.497849,50,2076.544294
-0.549106,50,2077.208802
-0.959595,50,2077.893959
-0.782824,50,2078.568979
-0.721378,50,2079.458393
-0.911416,50,2080.371946
-0.577916,50,2081.278628
-0.575393,50,2082.087881
-0.601697,50,2082.769742
-0.861892,50,2083.440609
-0.551481,50,2084.122146
-0.646033,50,2084.788382
-0.616,50,2085.47333
-1.249491,50,2086.173728
-0.71469,50,2086.874414
-0.451266,50,2087.545076
-0.777267,50,2088.226937
-0.830738,50,2088.901016
-0.720695,50,2089.575905
-0.558245,50,2090.257787
-1.190661,50,2090.944443
-0.578866,50,2091.647594
-0.842568,50,2092.582909
-0.533419,50,2093.495213
-0.60634,50,2094.424043
-1.005342,50,2095.201771
-0.733016,50,2095.883199
-0.80654,50,2096.554926
-0.403155,50,2097.224669
-1.12099,50,2097.912124
-0.832764,50,2098.608996
-0.821927,50,2099.272663
-0.501178,50,2099.949279
-1.003506,50,2100.6296
-0.74113,50,2101.359094
-0.663803,50,2102.033844
-0.781318,50,2102.722903
-0.585048,50,2103.397449
-1.198159,50,2104.07179
-0.596235,50,2104.790326
-0.784923,50,2105.692241
-1.007879,50,2106.611173
-0.565704,50,2107.544904
-0.719236,50,2108.292138
-0.697796,50,2108.970037
-0.618948,50,2109.649621
-0.739759,50,2110.347036
-0.763818,50,2111.025751
-0.638326,50,2111.69689
-0.542801,50,2112.383697
-0.766263,50,2113.055172
-0.764785,50,2113.724803
-0.532204,50,2114.415464
-1.342752,50,2115.10154
-0.581754,50,2115.776966
-0.858084,50,2116.457313
-0.614128,50,2117.147088
-0.785862,50,2117.880143
-0.841331,50,2118.759825
-0.769995,50,2119.679742
-0.992653,50,2120.600487
-0.690652,50,2121.345684
-0.846945,50,2122.019562
-0.617372,50,2122.711631
-0.973774,50,2123.386132
-0.57813,50,2124.05403
-0.562644,50,2124.732079
-0.652543,50,2125.408772
-0.814982,50,2126.079011
-0.465066,50,2126.756603
-0.952065,50,2127.418296
-0.765061,50,2128.096485
-0.807345,50,2128.778775
-0.799706,50,2129.455302
-0.580428,50,2130.136053
-0.723153,50,2130.865446
-1.006476,50,2131.810323
-1.183075,50,2133.858936
-0.819908,50,2134.544033
-1.073047,50,2135.228979
-1.610228,50,2135.940664
-0.714044,50,2136.617707
-0.656482,50,2137.317839
-0.961675,50,2138.00194
-0.796502,50,2138.669745
-0.391092,50,2139.380949
-0.461454,50,2140.07694
-0.780911,50,2140.78187
-1.667185,50,2141.48724
-0.821874,50,2142.177303
-0.741032,50,2142.847568
-0.687271,50,2143.538013
-0.643771,50,2144.364951
-0.514014,50,2145.329723
-0.628428,50,2146.204224
-0.856016,50,2147.175768
-1.124884,50,2147.873426
-0.891009,50,2148.583262
-1.123798,50,2149.278447
-1.267571,50,2149.965133
-0.812706,50,2150.667332
-0.566781,50,2151.344068
-0.762262,50,2152.05084
-1.212933,50,2152.746971
-0.58602,50,2153.427193
-0.601094,50,2154.127007
-0.664635,50,2154.807237
-0.438711,50,2155.484019
-0.544187,50,2156.169051
-0.790432,50,2156.861367
-1.013217,50,2157.767117
-1.520642,50,2158.699899
-0.859474,50,2159.601733
-0.643811,50,2160.428289
-1.150418,50,2161.106013
-0.973874,50,2161.807834
-0.775021,50,2162.499457
-0.811162,50,2163.204624
-0.698735,50,2163.884505
-0.523045,50,2164.57065
-1.476577,50,2165.269394
-1.895511,50,2165.972661
-0.662878,50,2166.665228
-0.502298,50,2167.352153
-0.493282,50,2168.038605
-0.460507,50,2168.719673
-0.604541,50,2169.398958
-0.637478,50,2170.10098
-0.72287,50,2171.016155
-0.774795,50,2171.967137
-0.757108,50,2172.897041
-0.676705,50,2173.656672
-0.544667,50,2174.327046
-0.597547,50,2175.010973
-0.768633,50,2175.695959
-0.649505,50,2176.366381
-0.826992,50,2177.063049
-0.740542,50,2177.754139
-1.724361,50,2178.445191
-0.681119,50,2179.118294
-0.676883,50,2179.797067
-0.788761,50,2180.462729
-0.565158,50,2181.157497
-0.799117,50,2181.838633
-1.953079,50,2182.51088
-0.758219,50,2183.248738
-0.537092,50,2184.166966
-0.642959,50,2185.120389
-0.563923,50,2186.071268
-0.639301,50,2186.776325
-0.484145,50,2187.456857
-0.467834,50,2188.149551
-0.491066,50,2188.829522
-0.585883,50,2189.518042
-0.42517,50,2190.211665
-0.668574,50,2190.899641
-0.611801,50,2191.614892
-0.644011,50,2192.315223
-0.575557,50,2192.983597
-0.580886,50,2193.677118
-0.800934,50,2194.394822
-0.90249,50,2195.08007
-0.764103,50,2195.789847
-0.640571,50,2196.612208
-0.824981,50,2197.540704
-0.694151,50,2198.433414
-0.720771,50,2199.373312
-0.534029,50,2200.064943
-1.277259,50,2200.762729
-1.301075,50,2201.474019
-0.966943,50,2202.163777
-1.719138,50,2202.874474
-0.644357,50,2203.549942
-0.758248,50,2204.227241
-0.864404,50,2204.906474
-0.765379,50,2205.58522
-1.216297,50,2206.265187
-1.021362,50,2206.963857
-0.914858,50,2207.663986
-0.474618,50,2208.358368
-0.688639,50,2209.048953
-0.723178,50,2209.947252
-0.497192,50,2210.870767
-0.598738,50,2211.771593
-0.680205,50,2212.623256
-0.67,50,2213.308931
-0.523654,50,2214.012753
-1.669637,50,2214.693069
-0.669779,50,2215.370117
-0.861538,50,2216.060031
-0.671298,50,2216.731998
-0.953779,50,2217.424665
-0.725525,50,2218.118875
-0.908129,50,2218.800451
-0.784017,50,2219.48565
-0.611351,50,2220.171218
-0.526569,50,2220.849522
-0.432786,50,2221.58768
-0.522016,50,2222.284285
-1.12693,50,2223.213927
-0.746389,50,2224.155252
-1.381303,50,2225.108735
-0.774872,50,2225.891659
-0.716202,50,2226.57511
-0.578066,50,2227.253322
-0.779522,50,2227.947866
-1.115002,50,2228.648953
-0.617486,50,2229.325213
-0.444226,50,2230.01273
-1.041674,50,2230.712271
-0.652554,50,2231.381841
-0.573517,50,2232.065082
-0.4747,50,2232.755301
-0.584906,50,2233.43433
-1.069292,50,2234.117618
-0.864128,50,2234.800734
-0.373155,50,2235.529819
-0.809386,50,2236.478753
-0.729855,50,2237.39875
-0.818151,50,2238.364786
-0.317502,50,2239.064852
-0.723771,50,2239.744846
-0.514735,50,2240.431828
-0.434206,50,2241.117006
-0.346691,50,2241.778736
-0.571043,50,2242.454889
-0.555749,50,2243.14255
-0.50651,50,2243.811508
-0.650763,50,2244.482299
-0.510538,50,2245.150239
-0.625074,50,2245.83436
-0.432174,50,2246.510108
-0.616707,50,2247.178262
-0.500556,50,2247.875636
-0.671789,50,2248.602913
-0.856225,50,2249.486357
-0.757906,50,2250.406241
-0.664699,50,2251.364723
-0.561103,50,2252.125608
-0.669903,50,2252.819182
-0.455616,50,2253.487891
-0.613374,50,2254.203142
-0.601846,50,2254.898902
-0.488301,50,2255.580704
-1.566217,50,2256.2934
-0.893942,50,2257.003253
-0.538517,50,2257.673288
-0.366409,50,2258.338694
-0.444556,50,2259.02118
-0.418777,50,2259.706851
-0.653628,50,2260.396698
-1.525729,50,2261.076005
-1.794887,50,2261.895199
-1.905799,50,2262.810447
-0.42792,50,2263.70217
-0.810093,50,2264.662982
-0.652588,50,2265.341254
-0.375275,50,2266.003942
-0.535457,50,2266.690235
-0.396929,50,2267.402611
-0.579207,50,2268.074034
-0.719835,50,2268.765983
-0.710421,50,2269.444835
-0.571388,50,2270.104809
-0.481191,50,2270.776953
-0.434696,50,2271.464873
-0.610768,50,2272.145915
-0.657479,50,2272.853896
-0.641915,50,2273.547616
-0.667806,50,2274.223365
-0.7631,50,2275.053754
-0.432414,50,2275.954749
-0.412688,50,2276.828091
-0.644998,50,2277.787122
-0.837297,50,2278.46576
-0.503427,50,2279.169322
-0.359394,50,2279.855596
-0.500452,50,2280.538154
-1.185764,50,2281.252369
-0.33651,50,2281.959876
-0.606344,50,2282.660038
-0.601509,50,2283.334958
-1.811586,50,2284.028381
-0.878707,50,2284.720748
-0.616952,50,2285.395116
-0.492636,50,2286.071325
-1.06621,50,2286.738646
-0.437451,50,2287.422318
-0.613859,50,2288.334421
-0.48986,50,2289.242358
-0.681881,50,2290.135339
-0.721388,50,2290.958339
-0.535306,50,2291.629702
-1.016113,50,2292.367265
-0.511537,50,2293.083846
-0.675619,50,2293.761954
-0.717772,50,2294.432758
-0.666059,50,2295.114279
-0.4824,50,2295.813545
-1.64535,50,2296.516585
-0.611698,50,2297.189687
-0.871955,50,2297.878863
-0.515087,50,2298.545403
-0.414087,50,2299.224989
-0.656213,50,2299.905063
-0.580344,50,2300.587739
-0.570336,50,2301.486854
-1.584243,50,2302.414287
-0.617297,50,2303.366351
-0.581292,50,2304.144914
-1.2687,50,2304.854718
-0.743182,50,2305.521952
-0.766438,50,2306.208086
-1.921434,50,2306.910166
-0.641655,50,2307.574482
-1.163517,50,2308.268934
-0.583653,50,2308.949795
-0.642318,50,2309.616016
-0.544542,50,2310.291003
-0.606836,50,2310.974893
-0.780392,50,2311.644466
-0.559937,50,2312.359138
-0.856176,50,2313.093626
-0.352155,50,2313.873206
-0.693529,50,2314.75959
-0.418812,50,2315.677927
-0.664258,50,2316.621885
-1.395908,50,2317.335126
-0.651632,50,2317.994616
-0.618986,50,2318.699792
-0.527702,50,2319.382246
-0.559037,50,2320.059387
-0.709141,50,2320.751616
-0.621307,50,2321.439341
-1.868111,50,2322.122477
-0.589523,50,2322.800286
-0.619202,50,2323.472193
-0.715834,50,2324.140879
-1.517572,50,2324.832141
-0.79005,50,2325.508257
-0.825992,50,2326.177785
-0.79602,50,2326.957636
-0.796035,50,2327.893199
-0.390087,50,2328.801873
-0.62647,50,2329.7884
-0.606093,50,2330.465858
-0.789686,50,2331.140754
-0.531801,50,2331.832714
-0.760402,50,2332.489542
-0.487895,50,2333.167891
-2.331997,50,2333.863835
-0.861792,50,2334.531793
-0.570272,50,2335.202005
-0.551997,50,2335.885019
-0.540018,50,2336.551467
-0.752652,50,2337.234942
-0.573101,50,2337.90986
-1.070506,50,2338.579574
-0.650473,50,2339.261005
-0.451534,50,2340.041446
-0.572354,50,2340.945887
-0.54611,50,2341.848518
-0.543153,50,2342.831996
-0.613633,50,2343.513859
-0.611599,50,2344.185294
-0.733634,50,2344.863022
-0.620735,50,2345.540014
-0.405641,50,2346.219543
-0.551686,50,2346.900009
-1.646334,50,2347.606195
-0.465796,50,2348.281219
-0.839648,50,2348.947139
-0.581334,50,2349.625943
-2.407972,50,2350.340297
-0.953175,50,2351.02345
-1.035366,50,2351.722593
-1.376245,50,2352.431369
-0.542257,50,2353.252464
-0.835735,50,2354.177003
-0.63746,50,2355.073203
-1.03589,50,2356.028245
-0.49992,50,2356.724007
-0.440377,50,2357.388212
-0.662474,50,2358.06321
-1.087965,50,2358.76899
-0.437335,50,2359.442701
-0.582064,50,2360.118974
-0.737112,50,2360.798822
-0.672974,50,2361.456028
-0.673442,50,2362.145148
-0.459999,50,2362.825856
-0.712635,50,2363.49338
-0.624753,50,2364.163832
-0.677479,50,2364.849415
-0.542066,50,2365.515922
-0.635895,50,2366.339048
-0.480902,50,2367.256253
-0.946374,50,2368.161243
-0.851666,50,2369.067727
-0.684136,50,2369.757184
-0.506134,50,2370.44514
-0.727521,50,2371.136126
-0.707062,50,2371.811843
-0.596401,50,2372.530219
-0.633653,50,2373.21588
-0.420683,50,2373.884921
-0.423987,50,2374.576788
-0.637495,50,2375.2478
-0.566617,50,2375.913671
-0.61228,50,2376.590885
-1.57745,50,2377.257308
-0.842841,50,2377.93379
-0.791523,50,2378.623635
-0.7178,50,2379.461583
-1.418238,50,2380.371043
-0.613012,50,2381.241798
-0.472776,50,2382.138644
-0.460879,50,2382.83813
-1.521944,50,2383.517052
-0.704052,50,2384.188931
-0.904837,50,2384.884391
-0.4025,50,2385.56483
-0.422166,50,2386.24365
-0.91807,50,2386.922871
-0.308033,50,2387.598946
-0.416369,50,2388.275134
-1.881348,50,2388.965215
-0.840609,50,2389.641964
-0.487367,50,2390.316177
-0.837211,50,2390.995077
-0.464403,50,2391.659324
-0.638741,50,2392.498295
-0.68868,50,2393.393086
-0.687916,50,2394.32313
-0.53283,50,2395.224456
-0.753842,50,2395.889757
-0.953151,50,2396.573453
-0.403506,50,2397.260804
-1.059453,50,2397.923844
-0.828165,50,2398.612645
-0.694263,50,2399.29784
-0.67283,50,2399.965643
-0.998221,50,2400.645105
-0.504239,50,2401.312622
-1.132927,50,2401.981689
-0.863936,50,2402.69378
-0.507688,50,2403.368996
-0.295655,50,2404.030532
-0.80076,50,2404.719826
-0.7269,50,2405.568507
-0.746686,50,2406.475127
-0.649989,50,2407.345443
-0.690213,50,2408.2524
-0.550347,50,2408.933883
-0.752999,50,2409.598469
-0.312256,50,2410.277864
-0.899992,50,2410.959604
-0.59264,50,2411.642412
-0.603948,50,2412.313701
-0.485617,50,2412.994776
-0.412086,50,2413.661987
-0.534583,50,2414.34218
-0.755547,50,2415.025784
-1.139706,50,2415.715504
-0.429813,50,2416.394808
-0.512509,50,2417.074902
-0.420112,50,2417.744071
-0.912493,50,2418.632672
-0.548874,50,2419.534117
-0.852985,50,2420.422985
-1.495169,50,2421.321274
-0.563642,50,2421.995695
-0.8503,50,2422.678469
-0.770195,50,2423.365175
-0.894278,50,2424.034788
-1.017245,50,2424.711103
-0.473969,50,2425.389177
-0.40223,50,2426.060893
-0.409138,50,2426.742918
-0.714985,50,2427.409817
-0.495123,50,2428.073134
-0.492785,50,2428.769734
-0.764101,50,2429.552077
-0.538569,50,2430.275123
-0.574512,50,2431.005975
-0.559863,50,2431.936649
-0.575752,50,2432.947392
-0.431098,50,2433.89076
-0.696254,50,2434.638536
-0.297209,50,2435.333604
-0.460919,50,2436.026134
-0.405378,50,2436.706516
-0.560893,50,2437.387107
-1.506325,50,2438.082805
-0.508005,50,2438.752788
-0.406102,50,2439.433055
-0.808822,50,2440.126968
-0.885697,50,2440.80288
-0.613612,50,2441.473913
-0.44749,50,2442.148717
-0.424113,50,2442.822094
-0.567473,50,2443.49759
-0.524466,50,2444.213018
-0.629996,50,2445.108661
-0.43649,50,2446.161886
-0.467579,50,2447.097436
-0.410568,50,2447.815844
-0.730244,50,2448.492689
-0.523847,50,2449.160131
-0.35665,50,2449.834901
-0.659652,50,2450.513019
-0.678965,50,2451.185161
-0.340545,50,2451.87415
-0.625696,50,2452.559978
-0.408665,50,2453.239249
-0.854294,50,2453.915087
-0.75361,50,2454.611631
-0.603837,50,2455.297025
-0.884729,50,2455.977027
-0.553993,50,2456.659327
-1.847314,50,2457.43955
-0.529533,50,2458.356903
-0.56904,50,2459.262713
-0.584783,50,2460.219303
-0.55701,50,2460.910947
-0.898741,50,2461.588474
-0.821467,50,2462.273435
-0.521752,50,2462.989829
-0.883224,50,2463.658288
-0.618553,50,2464.337595
-1.226981,50,2465.019094
-0.477843,50,2465.685871
-0.857268,50,2466.37085
-0.591819,50,2467.058462
-0.774674,50,2467.731837
-0.369175,50,2468.410728
-0.813867,50,2469.091798
-0.704961,50,2469.762772
-0.862718,50,2470.530455
-0.80651,50,2471.458194
-0.354064,50,2472.367931
-0.461833,50,2473.333029
-0.522022,50,2473.992729
-0.747757,50,2474.684186
-0.516562,50,2475.377073
-0.553683,50,2476.07413
-0.639924,50,2476.781454
-0.519542,50,2477.464023
-0.597927,50,2478.137669
-0.634242,50,2478.831097
-0.596324,50,2479.512936
-0.723405,50,2480.183112
-0.64835,50,2480.870537
-0.597676,50,2481.560103
-0.609358,50,2482.234297
-0.795437,50,2482.918871
-1.552683,50,2483.760786
-0.37403,50,2484.683899
-0.915467,50,2485.576054
-0.668312,50,2486.513044
-0.411019,50,2487.186099
-0.826898,50,2487.880088
-0.496927,50,2488.562897
-0.544276,50,2489.241669
-0.780783,50,2489.917543
-0.970737,50,2490.601874
-0.871532,50,2491.280313
-0.490146,50,2491.966074
-0.446649,50,2492.632798
-0.500991,50,2493.34942
-0.914817,50,2494.037038
-0.396142,50,2494.726634
-0.478708,50,2495.433529
-0.594364,50,2496.128433
-0.479953,50,2496.973603
-0.513731,50,2497.890435
-0.888231,50,2498.789016
-0.530935,50,2500.427793
-0.798841,50,2501.118269
-0.46041,50,2501.814739
-0.954552,50,2502.518514
-0.497768,50,2503.212976
-0.713567,50,2503.896532
-0.692186,50,2504.580086
-0.865852,50,2505.286822
-0.589089,50,2505.989612
-0.54152,50,2506.670855
-0.454854,50,2507.330256
-0.948669,50,2508.0336
-0.650392,50,2508.720203
-0.76227,50,2509.3836
-0.68141,50,2510.300341
-0.875895,50,2511.216845
-0.53626,50,2512.142253
-0.456239,50,2512.91682
-0.659398,50,2513.578101
-0.543054,50,2514.255825
-0.903285,50,2514.951208
-0.578226,50,2515.614868
-0.766867,50,2516.306836
-1.379014,50,2517.002083
-0.583315,50,2517.681097
-0.869011,50,2518.371192
-1.062161,50,2519.054353
-0.620782,50,2519.728988
-0.551882,50,2520.4085
-1.145788,50,2521.099229
-0.709957,50,2521.762684
-0.713593,50,2522.452155
-1.056206,50,2523.416757
-0.471413,50,2524.351416
-0.657903,50,2525.286845
-1.078668,50,2526.053315
-0.532282,50,2526.733824
-1.23487,50,2527.415199
-0.388446,50,2528.074022
-0.773823,50,2528.769998
-0.531341,50,2529.455838
-0.414818,50,2530.133372
-0.799253,50,2530.820856
-0.428285,50,2531.497042
-1.323259,50,2532.193255
-0.643294,50,2532.867678
-0.835536,50,2533.525213
-0.321638,50,2534.194706
-1.014721,50,2534.872694
-0.728988,50,2535.56306
-0.399339,50,2536.459255
-1.195996,50,2537.385614
-0.916463,50,2538.316201
-1.346364,50,2539.094387
-1.330019,50,2539.779801
-0.871034,50,2540.469843
-0.466191,50,2541.14903
-0.360077,50,2541.807527
-0.538353,50,2542.478599
-0.852289,50,2543.161521
-0.846039,50,2543.835467
-0.745106,50,2544.507684
-0.746407,50,2545.180121
-0.408268,50,2545.839067
-0.591805,50,2546.520895
-0.476633,50,2547.192952
-0.62916,50,2547.857284
-0.520555,50,2548.528707
-0.947333,50,2549.467613
-0.423824,50,2550.376622
-0.383257,50,2551.301436
-0.668206,50,2552.068418
-0.686107,50,2552.744835
-0.935227,50,2553.464271
-0.362425,50,2554.122623
-0.406154,50,2554.802832
-0.578598,50,2555.510547
-0.685245,50,2556.213688
-0.408047,50,2556.890953
-0.969672,50,2557.561846
-0.592645,50,2558.243823
-0.469902,50,2558.91589
-0.473395,50,2559.581433
-0.586886,50,2560.257035
-1.384092,50,2560.96587
-0.607663,50,2561.672784
-0.634945,50,2562.573549
-1.058241,50,2563.499236
-1.141099,50,2564.438668
-0.609846,50,2565.183682
-2.211245,50,2565.875756
-1.949246,50,2566.570114
-1.316604,50,2567.251979
-0.656152,50,2567.951672
-0.380018,50,2568.6459
-0.551053,50,2569.322668
-0.875159,50,2569.98593
-0.29294,50,2570.660874
-0.629556,50,2571.341471
-1.534195,50,2572.015808
-0.524942,50,2572.697268
-0.640362,50,2573.363597
-0.54223,50,2574.027094
-0.667149,50,2574.758806
-0.38318,50,2575.647937
-2.06445,50,2576.599578
-0.657859,50,2577.546734
-0.416413,50,2578.254767
-0.764413,50,2578.928722
-0.461141,50,2579.603518
-1.695436,50,2580.296828
-0.256505,50,2580.971479
-0.511348,50,2581.651907
-0.847944,50,2582.330919
-0.401493,50,2583.028183
-0.779356,50,2583.752157
-0.608927,50,2584.432966
-0.356302,50,2585.116893
-1.822833,50,2585.809006
-0.446571,50,2586.479187
-0.674428,50,2587.182641
-0.282823,50,2587.968137
-0.367493,50,2588.874912
-0.470533,50,2589.775239
-0.661682,50,2590.739864
-0.61359,50,2591.418632
-0.509475,50,2592.110089
-0.625159,50,2592.788966
-0.474492,50,2593.484849
-0.535024,50,2594.190836
-0.353234,50,2594.867188
-0.319897,50,2595.557455
-0.605559,50,2596.252291
-0.431839,50,2596.922389
-0.649541,50,2597.607136
-0.689144,50,2598.290152
-0.394967,50,2598.97531
-0.752611,50,2599.664674
-0.448476,50,2600.346932
-0.600252,50,2601.191939
-0.592276,50,2602.137594
-0.44791,50,2603.029351
-0.924459,50,2603.956612
-0.811192,50,2604.648293
-0.327993,50,2605.333326
-0.969424,50,2606.03955
-1.156343,50,2606.72905
-0.392373,50,2607.390987
-0.616605,50,2608.080063
-0.481026,50,2608.763948
-0.544296,50,2609.446768
-1.581639,50,2610.163447
-0.592475,50,2610.866961
-0.624751,50,2611.53265
-0.419627,50,2612.216948
-1.419402,50,2612.921876
-0.479377,50,2613.6408
-0.530614,50,2614.544249
-0.555725,50,2615.463382
-0.615249,50,2616.391166
-0.755753,50,2617.246761
-0.480166,50,2617.917858
-1.182283,50,2618.606354
-0.547832,50,2619.309156
-0.793714,50,2619.988845
-0.70861,50,2620.68906
-0.65527,50,2621.385793
-0.384969,50,2622.051115
-0.378833,50,2622.741923
-0.972488,50,2623.433028
-0.337338,50,2624.094972
-0.274196,50,2624.769781
-0.295607,50,2625.462084
-0.808347,50,2626.135844
-0.592946,50,2626.836031
-0.358913,50,2627.77041
-0.599441,50,2628.748447
-0.449692,50,2629.687451
-0.396814,50,2630.426829
-0.415098,50,2631.111775
-0.672459,50,2631.794764
-0.609246,50,2632.468364
-0.679532,50,2633.156882
-0.740952,50,2633.84811
-1.340791,50,2634.542051
-0.42167,50,2635.235076
-0.380037,50,2635.923975
-0.616084,50,2636.647368
-0.734933,50,2637.344678
-0.330208,50,2638.023923
-0.538977,50,2638.705998
-0.561603,50,2639.393836
-0.446293,50,2640.184989
-0.444108,50,2641.095208
-0.883949,50,2642.02822
-0.524824,50,2643.00506
-0.725655,50,2643.720428
-0.849663,50,2644.428176
-0.29973,50,2645.107203
-0.609364,50,2645.78927
-0.504211,50,2646.483886
-0.914425,50,2647.177517
-0.516616,50,2647.847027
-0.497907,50,2648.524987
-1.436088,50,2649.224919
-0.962855,50,2649.90778
-0.666412,50,2650.59377
-0.340532,50,2651.286522
-0.563571,50,2651.969424
-0.452253,50,2652.652902
-1.670231,50,2653.50981
-1.029248,50,2654.461406
-0.537748,50,2655.367462
-0.580557,50,2656.266906
-0.826206,50,2656.977965
-0.650343,50,2657.663783
-0.783254,50,2658.347032
-0.55462,50,2659.018879
-0.657363,50,2659.69905
-0.309258,50,2660.38373
-0.574922,50,2661.073818
-0.5608,50,2661.750037
-1.516606,50,2662.447811
-0.725019,50,2663.121988
-0.716475,50,2663.798835
-0.550643,50,2664.487013
-2.16069,50,2665.191155
-1.195491,50,2665.879768
-0.393147,50,2666.764028
-0.558129,50,2667.677474
-0.349656,50,2668.576749
-0.31089,50,2669.430917
-0.323646,50,2670.125743
-0.679091,50,2670.810463
-0.891355,50,2671.508215
-0.736165,50,2672.190502
-0.721931,50,2672.882923
-0.654542,50,2673.610315
-0.640077,50,2674.317785
-1.243126,50,2675.002365
-0.599714,50,2675.711036
-0.672639,50,2676.407025
-0.787625,50,2677.088429
-0.43443,50,2677.782777
-0.660804,50,2678.471882
-0.742942,50,2679.177684
-0.607396,50,2680.091447
-0.456643,50,2681.025002
-0.695833,50,2681.972007
-0.466226,50,2682.726476
-0.437008,50,2683.393935
-0.515045,50,2684.076346
-0.581988,50,2684.770911
-0.395559,50,2685.44399
-2.049175,50,2686.142449
-0.291842,50,2686.82844
-0.386182,50,2687.511608
-0.631569,50,2688.196821
-0.836978,50,2688.90993
-0.683445,50,2689.589317
-0.790141,50,2690.28831
-0.78031,50,2690.965687
-0.890802,50,2691.648416
-0.639361,50,2692.45033
-0.446698,50,2693.359928
-0.446615,50,2694.27109
-0.517535,50,2695.238095
-0.497528,50,2695.906027
-0.29535,50,2696.592743
-0.496324,50,2697.275285
-0.500876,50,2697.954734
-0.748985,50,2698.643546
-0.574078,50,2699.334062
-0.60814,50,2700.017921
-0.63154,50,2700.712125
-0.412072,50,2701.395993
-0.607132,50,2702.074606
-0.519463,50,2702.760022
-0.617171,50,2703.436306
-0.655587,50,2704.139491
-0.495395,50,2704.829949
-0.476924,50,2705.646084
-0.384871,50,2706.554298
-0.444462,50,2707.462438
-0.619992,50,2708.425444
-1.11087,50,2709.129131
-0.322413,50,2709.817629
-0.278381,50,2710.483294
-0.453643,50,2711.170143
-0.276101,50,2711.869902
-0.326575,50,2712.549927
-0.513234,50,2713.242703
-0.541459,50,2713.941715
-0.322001,50,2714.612102
-0.597888,50,2715.296863
-0.562094,50,2715.985785
-0.37819,50,2716.663027
-0.564352,50,2717.389291
-0.571033,50,2718.081502
-1.75547,50,2718.980236
-0.571047,50,2719.947699
-0.808011,50,2720.851748
-1.185643,50,2721.70066
-0.214403,50,2722.376977
-0.578146,50,2723.061607
-0.373872,50,2723.747012
-0.355215,50,2724.433578
-0.540172,50,2725.110828
-0.639489,50,2725.811938
-0.524442,50,2726.498833
-0.529686,50,2727.16221
-0.642885,50,2727.851906
-0.465451,50,2728.53959
-0.367334,50,2729.204085
-0.862641,50,2729.899481
-0.516946,50,2730.596252
-0.606614,50,2731.266956
-0.44062,50,2732.176774
-1.144135,50,2733.133322
-0.426562,50,2734.163407
-0.743847,50,2734.964957
-0.770441,50,2735.640793
-0.566129,50,2736.319828
-0.650512,50,2737.01107
-0.433952,50,2737.694217
-0.844982,50,2738.391435
-0.519002,50,2739.076849
-0.436786,50,2739.768876
-0.506415,50,2740.465779
-0.335294,50,2741.162819
-0.48609,50,2741.857947
-0.408446,50,2742.539955
-1.853719,50,2743.238972
-0.576674,50,2743.923567
-0.52696,50,2744.665523
-0.470701,50,2745.572819
-0.481491,50,2746.492994
-0.554868,50,2747.465134
-0.537444,50,2748.157067
-0.784408,50,2748.889318
-0.333646,50,2749.57182
-0.336134,50,2750.244957
-0.296962,50,2750.93293
-1.324526,50,2751.618102
-0.702426,50,2752.290675
-0.82138,50,2752.973782
-0.389954,50,2753.652637
-0.472443,50,2754.311879
-0.633158,50,2755.008481
-0.63191,50,2755.706801
-0.529606,50,2756.365139
-0.581618,50,2757.050107
-0.62026,50,2757.827708
-0.606239,50,2758.714085
-0.608421,50,2759.599149
-0.505915,50,2760.564831
-0.612108,50,2761.263895
-0.785147,50,2761.939816
-0.547662,50,2762.605973
-0.680164,50,2763.300654
-0.564864,50,2763.994884
-0.324066,50,2764.693417
-0.626428,50,2765.380172
-0.380716,50,2766.074538
-0.762553,50,2766.761996
-0.94263,50,2767.457837
-0.600711,50,2768.150037
-1.671769,50,2768.838204
-0.602312,50,2769.52753
-0.324632,50,2770.210519
-0.373336,50,2771.029258
-0.96056,50,2771.944167
-0.454442,50,2772.8426
-0.454439,50,2773.778361
-0.662445,50,2774.471467
-0.495393,50,2775.138713
-0.261642,50,2775.826035
-0.408849,50,2776.509015
-0.591675,50,2777.17614
-0.435608,50,2777.864693
-0.406482,50,2778.54616
-0.716457,50,2779.227682
-0.514871,50,2779.921672
-0.398775,50,2780.608246
-0.393836,50,2781.297939
-0.670344,50,2781.996023
-0.494331,50,2782.692027
-0.629755,50,2783.373378
-0.67734,50,2784.270931
-1.266379,50,2785.221774
-0.558565,50,2786.109526
-0.558959,50,2787.001135
-0.46158,50,2787.679277
-0.371974,50,2788.364125
-0.640393,50,2789.050844
-0.521927,50,2789.727812
-0.36334,50,2790.410564
-0.556695,50,2791.098585
-0.60851,50,2791.7723
-0.593209,50,2792.454182
-0.439054,50,2793.1414
-0.58265,50,2793.836218
-0.485464,50,2794.545229
-0.748157,50,2795.253093
-0.472519,50,2795.940872
-0.355307,50,2796.633673
-0.475754,50,2797.546223
-0.827369,50,2798.530465
-0.590918,50,2799.457017
-0.342641,50,2800.275105
-1.836319,50,2800.981604
-0.644801,50,2801.667559
-0.465475,50,2802.339353
-0.526313,50,2803.013855
-0.45628,50,2803.685718
-0.807215,50,2804.363326
-0.49925,50,2805.055452
-0.467696,50,2805.760294
-0.521546,50,2806.446949
-0.263163,50,2807.145372
-0.655009,50,2807.849595
-0.656389,50,2808.538932
-0.677281,50,2809.240835
-0.572554,50,2809.985678
-0.430685,50,2810.93445
-0.61467,50,2811.878752
-0.476845,50,2812.814439
-0.451886,50,2813.552935
-0.391311,50,2814.261245
-0.3354,50,2814.949898
-0.633607,50,2815.654787
-0.954163,50,2816.369921
-0.348774,50,2817.057252
-0.580032,50,2817.730686
-0.551958,50,2818.428281
-0.754606,50,2819.116724
-0.545374,50,2819.792979
-0.523148,50,2820.469609
-0.477373,50,2821.174054
-0.332893,50,2821.844561
-1.023698,50,2822.522804
-0.28722,50,2823.300434
-0.552451,50,2824.195475
-0.77406,50,2825.132968
-0.642967,50,2826.083661
-0.444274,50,2826.77002
-0.406793,50,2827.429401
-0.450869,50,2828.102845
-0.637233,50,2828.804824
-0.608772,50,2829.469646
-0.498161,50,2830.151663
-0.686786,50,2830.840744
-0.667887,50,2831.528893
-0.982544,50,2832.234846
-0.801893,50,2832.92788
-0.561518,50,2833.590778
-0.399063,50,2834.281856
-0.493451,50,2834.959798
-0.392306,50,2835.62563
-0.467166,50,2836.422385
-0.610626,50,2837.341953
-0.741429,50,2838.235855
-0.326207,50,2839.167766
-0.571457,50,2839.834118
-0.47386,50,2840.513366
-0.328631,50,2841.2066
-0.436499,50,2841.876731
-1.274023,50,2842.564359
-0.469318,50,2843.258808
-0.6418,50,2843.931134
-0.509984,50,2844.603439
-0.489272,50,2845.279346
-0.630632,50,2845.952613
-0.824477,50,2846.639206
-0.641602,50,2847.31975
-0.286716,50,2847.998925
-0.654665,50,2848.700662
-0.764927,50,2849.520774
-0.310592,50,2850.463633
-0.49719,50,2851.351715
-0.507461,50,2852.281625
-0.640922,50,2852.965934
-0.590976,50,2853.639259
-0.628202,50,2854.3308
-0.317278,50,2855.062086
-0.378687,50,2855.757903
-0.510759,50,2856.430882
-0.524352,50,2857.123812
-0.484237,50,2857.807718
-0.418629,50,2858.473617
-0.334772,50,2859.160292
-0.683335,50,2859.85646
-0.440376,50,2860.530025
-0.370579,50,2861.208
-0.541135,50,2861.895185
-0.434443,50,2862.746368
-0.585933,50,2863.67781
-0.517201,50,2864.587149
-0.729744,50,2865.492476
-0.352389,50,2866.179872
-0.38232,50,2867.628753
-0.378194,50,2868.297975
-0.841093,50,2868.996077
-0.531435,50,2869.67051
-0.524787,50,2870.359537
-0.525308,50,2871.037981
-0.42369,50,2871.72221
-0.539698,50,2872.405734
-0.602977,50,2873.084919
-0.442541,50,2873.773006
-0.436052,50,2874.458816
-0.404976,50,2875.122916
-1.585033,50,2876.084136
-0.387301,50,2877.00687
-0.431918,50,2877.931625
-0.745767,50,2878.746433
-0.343579,50,2879.453025
-0.511704,50,2880.112947
-0.488699,50,2880.8191
-0.350306,50,2881.490929
-0.310218,50,2882.162036
-0.577402,50,2882.844009
-1.065741,50,2883.527531
-1.359028,50,2884.230026
-0.627967,50,2884.959449
-0.63543,50,2885.642292
-0.60128,50,2886.312962
-0.651407,50,2886.99398
-0.55022,50,2887.685949
-0.450056,50,2888.434516
-1.082752,50,2889.356155
-0.46085,50,2890.284102
-0.518494,50,2891.232949
-0.512032,50,2891.920534
-0.530374,50,2892.609092
-1.130613,50,2893.305998
-0.691066,50,2893.974751
-0.492419,50,2894.648489
-0.774129,50,2895.340013
-0.436896,50,2895.999784
-0.383689,50,2896.680843
-0.684619,50,2897.358381
-0.78632,50,2898.035107
-1.671524,50,2898.735871
-0.591135,50,2899.429057
-0.440059,50,2900.09935
-0.468231,50,2900.790156
-0.49229,50,2901.551059
-0.467243,50,2902.445597
-0.791964,50,2903.353217
-0.667024,50,2904.325623
-0.514157,50,2905.006074
-0.426487,50,2905.690154
-0.604863,50,2906.367066
-0.411711,50,2907.069843
-0.661228,50,2907.765597
-0.54497,50,2908.44692
-0.531445,50,2909.143453
-0.488373,50,2909.835639
-0.525831,50,2910.504734
-1.459767,50,2911.222417
-0.52365,50,2911.904116
-0.686213,50,2912.580368
-0.536776,50,2913.263433
-0.947882,50,2913.965359
-0.720795,50,2914.807617
-0.582328,50,2915.763273
-0.615926,50,2916.663672
-0.522046,50,2917.605857
-0.752582,50,2918.286766
-0.584504,50,2918.952882
-0.613864,50,2919.636197
-0.331584,50,2920.315164
-0.445894,50,2920.988829
-0.700283,50,2921.682551
-0.318644,50,2922.362733
-0.458884,50,2923.043223
-0.447095,50,2923.723063
-0.533828,50,2924.40569
-0.472872,50,2925.078248
-0.416607,50,2925.762973
-1.671579,50,2926.453788
-0.597813,50,2927.128176
-0.389506,50,2927.957987
-0.381794,50,2928.885936
-1.61595,50,2929.79508
-0.421614,50,2930.691725
-0.350596,50,2931.349389
-0.455062,50,2932.044416
-0.508664,50,2932.728084
-1.467227,50,2933.404613
-0.597829,50,2934.086042
-0.393613,50,2934.786055
-0.228746,50,2935.442194
-0.34786,50,2936.133052
-0.608422,50,2936.83138
-0.444994,50,2937.506013
-1.830997,50,2938.19396
-0.508196,50,2938.872947
-0.388899,50,2939.538708
-0.631974,50,2940.217778
-0.525047,50,2941.043332
-0.741216,50,2941.947981
-0.639038,50,2942.819682
-0.626769,50,2943.73567
-1.435614,50,2944.431686
-0.569516,50,2945.149009
-0.573217,50,2945.830959
-0.390273,50,2946.515326
-0.419292,50,2947.18881
-0.596344,50,2947.871009
-0.589078,50,2948.548361
-0.615181,50,2949.252012
-0.575296,50,2949.912851
-0.48018,50,2950.58895
-0.829724,50,2951.273771
-0.586385,50,2951.949072
-0.645138,50,2952.629998
-0.421143,50,2953.325038
-0.362255,50,2954.164745
-0.639375,50,2955.083082
-2.124765,50,2955.996241
-0.440074,50,2956.853837
-0.432802,50,2957.518673
-0.434891,50,2958.197154
-0.504508,50,2958.874841
-1.067314,50,2959.558162
-0.439729,50,2960.272565
-0.441581,50,2960.957672
-0.680004,50,2961.614962
-0.263128,50,2962.292493
-0.719694,50,2962.964524
-0.852845,50,2963.647721
-0.524573,50,2964.321941
-0.409257,50,2965.003934
-0.48514,50,2965.66808
-0.403858,50,2966.354515
-0.321126,50,2967.21398
-0.367144,50,2968.115215
-0.611761,50,2968.997934
-0.739521,50,2969.867732
-0.482848,50,2970.549723
-0.542877,50,2971.230566
-0.767326,50,2971.905297
-0.518542,50,2972.587971
-0.280316,50,2973.259042
-1.658019,50,2973.93542
-0.611816,50,2974.624628
-0.690268,50,2975.341889
-0.410806,50,2976.002295
-0.372681,50,2976.681753
-0.55278,50,2977.368523
-0.794305,50,2978.045643
-0.422709,50,2978.721024
-0.34127,50,2979.38793
-0.354315,50,2980.253656
-0.5057,50,2981.166313
-0.692391,50,2982.057442
-0.786184,50,2982.921653
-1.608466,50,2983.606314
-0.390589,50,2984.271965
-0.573124,50,2984.962907
-0.424035,50,2985.616548
-0.609336,50,2986.290863
-0.687076,50,2986.985111
-0.610403,50,2987.660835
-0.432075,50,2988.343128
-0.361331,50,2989.03915
-0.563606,50,2989.716805
-0.432133,50,2990.397132
-0.330792,50,2991.083161
-0.377446,50,2991.758628
-0.999858,50,2992.434952
-0.891903,50,2993.291808
-0.490576,50,2994.194958
-0.60051,50,2995.072308
-0.465043,50,2995.947629
-1.35275,50,2996.64362
-0.399077,50,2997.337389
-0.455907,50,2998.004176
-0.479238,50,2998.680817
-0.600243,50,2999.353621
-0.497644,50,3000.012189
-0.52352,50,3000.682914
-0.409938,50,3001.357892
-0.380589,50,3002.031503
-0.604884,50,3002.713922
-0.290533,50,3003.394961
-0.420527,50,3004.073327
-0.580571,50,3004.766282
-0.514864,50,3005.484505
-0.446862,50,3006.334712
-0.56525,50,3007.245046
-0.516124,50,3008.140151
-0.470917,50,3008.99579
-0.5804,50,3009.676855
-0.523855,50,3010.344825
-0.530678,50,3011.027436
-0.372364,50,3011.703839
-0.380321,50,3012.369031
-0.671599,50,3013.061738
-1.189247,50,3013.752098
-0.499291,50,3014.422509
-1.191521,50,3015.099557
-0.549474,50,3015.776924
-0.305788,50,3016.432402
-0.620264,50,3017.116965
-0.511392,50,3017.797105
-0.455633,50,3018.473835
-0.479876,50,3019.315302
-0.594392,50,3020.231945
-0.401246,50,3021.117181
-0.281937,50,3021.972588
-0.548172,50,3022.655342
-0.411082,50,3023.335763
-0.734776,50,3024.003649
-0.511525,50,3024.688922
-0.602361,50,3025.366694
-0.517588,50,3026.02815
-0.349318,50,3026.714404
-0.499751,50,3027.392353
-0.404552,50,3028.056108
-0.368018,50,3028.739049
-0.310495,50,3029.425746
-1.850643,50,3030.114468
-0.644454,50,3030.803605
-0.654635,50,3031.48194
-0.470109,50,3032.321857
-0.433197,50,3033.225878
-0.563108,50,3034.119498
-0.592426,50,3035.011744
-1.820936,50,3035.732981
-0.538376,50,3036.404199
-0.478573,50,3037.094761
-0.557491,50,3037.784267
-0.646625,50,3038.451609
-0.733551,50,3039.137022
-0.38463,50,3039.80989
-0.462824,50,3040.504237
-0.394655,50,3041.200494
-0.545866,50,3041.880418
-0.544675,50,3042.541345
-0.767191,50,3043.212044
-0.718366,50,3043.878544
-0.626919,50,3044.548954
-0.68029,50,3045.425452
-0.284285,50,3046.357256
-0.317524,50,3047.266723
-1.721828,50,3048.098911
-1.632997,50,3048.792878
-0.55559,50,3049.482534
-0.506577,50,3050.145815
-0.579282,50,3050.831415
-0.786625,50,3051.504287
-1.542807,50,3052.183536
-0.496656,50,3052.858282
-0.71396,50,3053.530702
-0.335011,50,3054.196915
-0.554903,50,3054.873353
-0.644905,50,3055.553867
-0.468856,50,3056.222753
-0.681222,50,3056.915177
-0.364233,50,3057.587044
-0.358098,50,3058.452342
-0.580055,50,3059.355408
-0.392566,50,3060.271373
-0.685766,50,3061.13376
-0.464491,50,3061.806619
-0.661423,50,3062.466674
-0.310556,50,3063.135845
-0.311555,50,3063.819055
-1.764966,50,3064.495958
-0.685768,50,3065.181025
-0.467269,50,3065.881826
-0.414587,50,3066.541127
-0.464785,50,3067.218875
-0.62385,50,3067.916152
-0.668417,50,3068.578054
-0.51341,50,3069.253994
-1.177828,50,3069.956816
-0.323722,50,3070.643119
-0.546607,50,3071.527422
-0.586134,50,3072.434823
-0.366612,50,3073.353391
-1.612878,50,3074.208005
-0.500138,50,3074.875516
-0.398375,50,3075.547906
-0.382894,50,3076.229146
-0.612168,50,3076.90836
-0.442759,50,3077.592075
-1.973885,50,3078.280619
-1.034774,50,3078.959132
-0.53984,50,3079.637737
-1.787122,50,3080.332359
-0.657489,50,3081.012065
-0.384896,50,3081.688725
-1.231272,50,3082.395124
-0.588381,50,3083.068969
-0.388423,50,3083.744009
-0.559097,50,3084.661336
-0.403759,50,3085.574089
-0.658966,50,3086.467189
-1.115802,50,3087.284005
-0.438483,50,3087.964092
-1.159003,50,3088.645721
-0.782104,50,3089.329454
-0.594738,50,3090.002365
-0.711871,50,3090.679124
-0.338396,50,3091.360156
-0.767433,50,3092.049871
-0.523774,50,3092.719233
-0.72084,50,3093.40483
-0.457276,50,3094.083258
-0.334231,50,3094.752777
-0.557711,50,3095.438139
-0.569106,50,3096.172968
-0.603468,50,3096.847473
-0.680953,50,3097.788983
-0.441127,50,3098.707123
-0.902307,50,3099.647392
-0.430711,50,3100.409186
-0.311896,50,3101.071805
-0.419252,50,3101.757392
-0.517484,50,3102.42351
-0.573053,50,3103.088739
-0.351347,50,3103.772844
-0.584447,50,3104.459735
-0.233339,50,3105.127551
-0.675028,50,3105.808456
-0.506611,50,3106.483424
-0.491686,50,3107.141804
-0.546137,50,3107.828701
-0.687499,50,3108.525242
-0.368634,50,3109.198912
-0.313007,50,3109.91029
-0.547055,50,3110.826831
-0.318004,50,3111.752184
-0.811149,50,3112.690325
-0.350675,50,3113.438704
-0.488008,50,3114.110955
-0.75977,50,3114.788997
-0.276703,50,3115.445765
-0.383251,50,3116.130771
-0.326365,50,3116.830364
-0.296286,50,3117.49881
-0.379201,50,3118.178444
-0.506137,50,3118.859863
-0.494472,50,3119.528867
-0.580455,50,3120.237892
-0.560758,50,3120.93088
-0.776814,50,3121.60483
-0.56886,50,3122.294392
-0.602969,50,3123.00167
-0.698953,50,3123.9281
-0.678855,50,3124.885277
-0.494829,50,3125.849023
-0.567305,50,3126.635554
-0.307156,50,3127.319043
-0.680057,50,3128.000981
-0.456617,50,3128.686191
-0.433143,50,3129.365035
-0.477296,50,3130.032355
-0.745486,50,3130.719981
-0.378269,50,3131.407132
-0.443723,50,3132.099365
-0.539769,50,3132.783072
-0.268324,50,3133.454947
-0.59432,50,3134.117042
-0.564112,50,3134.802738
-0.406335,50,3135.463807
-0.77686,50,3136.21141
-0.260058,50,3137.105782
-0.715961,50,3138.050087
-0.293877,50,3138.990475
-0.551424,50,3139.695041
-0.372036,50,3140.362917
-0.624114,50,3141.050098
-0.357852,50,3141.730383
-0.396555,50,3142.398792
-0.459562,50,3143.069958
-0.364991,50,3143.755102
-0.629238,50,3144.421739
-0.577396,50,3145.107793
-0.596223,50,3145.769776
-0.900148,50,3146.448481
-0.279976,50,3147.119862
-0.808515,50,3147.805537
-0.239196,50,3148.483538
-0.422305,50,3149.227287
-0.47525,50,3150.098282
-0.414702,50,3151.003863
-0.561609,50,3151.934414
-0.403413,50,3152.676573
-0.417256,50,3153.344125
-0.37288,50,3154.008495
-0.624384,50,3154.698653
-0.672381,50,3155.394062
-0.645271,50,3156.116927
-0.346501,50,3156.800514
-0.679244,50,3157.484898
-0.549612,50,3158.167977
-0.473604,50,3158.854743
-0.50777,50,3159.541863
-0.819632,50,3160.212457
-0.532409,50,3160.893809
-0.46601,50,3161.575455
-0.387575,50,3162.314069
-0.54082,50,3163.190616
-0.369865,50,3164.113887
-0.408546,50,3165.071061
-0.318041,50,3165.761239
-0.729479,50,3166.453954
-0.441658,50,3167.131027
-0.394635,50,3167.799623
-0.600547,50,3168.491041
-0.607911,50,3169.171144
-0.279886,50,3169.860585
-0.502246,50,3170.539978
-0.643108,50,3171.234077
-0.479875,50,3171.9048
-0.521074,50,3172.58889
-0.39267,50,3173.259977
-0.390925,50,3173.927999
-0.545479,50,3174.608421
-0.484349,50,3175.391428
-0.434961,50,3176.27086
-0.495943,50,3177.145856
-0.419703,50,3178.105826
-0.697081,50,3178.820188
-0.77169,50,3179.498847
-0.529492,50,3180.170926
-0.487832,50,3180.858291
-0.363171,50,3181.534629
-0.395675,50,3182.197067
-0.327705,50,3182.878834
-0.644969,50,3183.554369
-1.753303,50,3184.243329
-0.262632,50,3184.935543
-0.375963,50,3185.635465
-0.846457,50,3186.340271
-0.536397,50,3187.035305
-0.466976,50,3187.741711
-0.674439,50,3188.517695
-0.570576,50,3189.426737
-0.56465,50,3190.312377
-0.378666,50,3191.256495
-0.312363,50,3191.941077
-0.405044,50,3192.603157
-0.596962,50,3193.287107
-0.641948,50,3193.987015
-0.499359,50,3194.656693
-1.771293,50,3195.350511
-0.696381,50,3196.047675
-0.494328,50,3196.716622
-0.64821,50,3197.392384
-0.516961,50,3198.068993
-0.471371,50,3198.748175
-0.509925,50,3199.432563
-0.667381,50,3200.129538
-0.505378,50,3200.805624
-0.441237,50,3201.628119
-1.404418,50,3202.625327
-0.514151,50,3203.502631
-0.608675,50,3204.447983
-0.465545,50,3205.151794
-0.413754,50,3205.833531
-1.096932,50,3206.528977
-0.396126,50,3207.201704
-0.405429,50,3207.888638
-0.332409,50,3208.563029
-0.547361,50,3209.235098
-0.563348,50,3209.919147
-0.401515,50,3210.600352
-0.434679,50,3211.268565
-0.433699,50,3211.957248
-0.57503,50,3212.634353
-0.746864,50,3213.304568
-0.551422,50,3213.979943
-0.326085,50,3214.805445
-0.609084,50,3215.725763
-0.352483,50,3216.639298
-0.573226,50,3217.567328
-0.249991,50,3218.242314
-1.437031,50,3218.934012
-0.530725,50,3219.607513
-0.385012,50,3220.288221
-0.518546,50,3220.955065
-0.250823,50,3221.635534
-0.475702,50,3222.335871
-0.461876,50,3223.027894
-0.442006,50,3223.707835
-0.446682,50,3224.411153
-0.796526,50,3225.088133
-0.597953,50,3225.777162
-0.444106,50,3226.464129
-0.494702,50,3227.127791
-0.682446,50,3227.98259
-0.621722,50,3228.884304
-0.87903,50,3229.780832
-0.41363,50,3230.681993
-0.337926,50,3232.102386
-0.42585,50,3232.785057
-0.481352,50,3233.461838
-0.619435,50,3234.137815
-0.413301,50,3234.835695
-0.366955,50,3235.503755
-0.610591,50,3236.191382
-0.546922,50,3236.863759
-0.249368,50,3237.529403
-0.512597,50,3238.218586
-0.620911,50,3238.918812
-1.516615,50,3239.621009
-0.722016,50,3240.303863
-1.108555,50,3241.209983
-0.537984,50,3242.133597
-0.5333,50,3243.054504
-0.608877,50,3243.900278
-0.464968,50,3244.581325
-0.434515,50,3245.283223
-0.268151,50,3245.954426
-0.711399,50,3246.648589
-0.519992,50,3247.330066
-0.474734,50,3248.017381
-0.443678,50,3248.691708
-1.115831,50,3249.383895
-0.633607,50,3250.076074
-0.514023,50,3250.741836
-0.370594,50,3251.416997
-0.686645,50,3252.090697
-0.532859,50,3252.777245
-0.467659,50,3253.453224
-0.649262,50,3254.391338
-0.421993,50,3255.321432
-0.665443,50,3256.228867
-0.768473,50,3257.010098
-0.316311,50,3257.689611
-0.396738,50,3258.36567
-0.818304,50,3259.066074
-0.28763,50,3259.747437
-1.787421,50,3260.422254
-0.470565,50,3261.114348
-0.477626,50,3261.809549
-0.309348,50,3262.47565
-0.531202,50,3263.172271
-0.449245,50,3263.854981
-0.797376,50,3264.526567
-0.489121,50,3265.220252
-0.672143,50,3265.898748
-0.411524,50,3266.58866
-0.591095,50,3267.511767
-0.271698,50,3268.429245
-0.306432,50,3269.363498
-0.421702,50,3270.112829
-0.508897,50,3270.787192
-0.441505,50,3271.465037
-0.342847,50,3272.148996
-0.47524,50,3272.819946
-0.33156,50,3273.494786
-0.360038,50,3274.179159
-0.4948,50,3274.855511
-1.444602,50,3275.557199
-0.451182,50,3276.246246
-0.502609,50,3276.978684
-0.509845,50,3277.678168
-0.630759,50,3278.380022
-0.356582,50,3279.047666
-0.536466,50,3279.834754
-0.366588,50,3280.743538
-0.678865,50,3281.637007
-0.786797,50,3282.596064
-0.571398,50,3283.278444
-1.309135,50,3283.983345
-0.516815,50,3284.681683
-0.739988,50,3285.36367
-0.507928,50,3286.046954
-0.325441,50,3286.732243
-0.750899,50,3287.417504
-1.566062,50,3288.102935
-1.071409,50,3288.784133
-0.622638,50,3289.444729
-0.464033,50,3290.142562
-0.564453,50,3290.834939
-0.492716,50,3291.501397
-0.380669,50,3292.190417
-0.543229,50,3293.025276
-0.245785,50,3293.929418
-0.237567,50,3294.818452
-0.339196,50,3295.738147
-0.265356,50,3296.422694
-0.509338,50,3297.118994
-0.640861,50,3297.788003
-0.547942,50,3298.465686
-0.56201,50,3299.149609
-0.378043,50,3299.816418
-0.39613,50,3300.496441
-0.30432,50,3301.180135
-0.419374,50,3301.84962
-0.533955,50,3302.533818
-0.885115,50,3303.23519
-0.365338,50,3303.912439
-1.010615,50,3304.610047
-0.755113,50,3305.294179
-0.364365,50,3306.125729
-0.555026,50,3307.055343
-0.484946,50,3307.937017
-0.556846,50,3308.868945
-0.412444,50,3309.549736
-0.530356,50,3310.236692
-0.614855,50,3310.924964
-0.457448,50,3311.603936
-0.587689,50,3312.277638
-1.451077,50,3312.970112
-0.398142,50,3313.64682
-0.52817,50,3314.299569
-0.361274,50,3314.971934
-0.416392,50,3315.651363
-1.18034,50,3316.32914
-0.401841,50,3317.017114
-0.501218,50,3317.69532
-0.356267,50,3318.365445
-0.546199,50,3319.206849
-0.777402,50,3320.123723
-0.569508,50,3321.04445
-0.872889,50,3322.046873
-0.472725,50,3322.733413
-0.454276,50,3323.422654
-0.506475,50,3324.117881
-0.550919,50,3324.790054
-0.410906,50,3325.482665
-0.531991,50,3326.169047
-0.313454,50,3326.847982
-0.467699,50,3327.531004
-0.579703,50,3328.23231
-0.683221,50,3328.910122
-0.346521,50,3329.599533
-0.652279,50,3330.289602
-0.581278,50,3330.968121
-0.499701,50,3331.660378
-0.469768,50,3332.538295
-0.473269,50,3333.450747
-0.707888,50,3334.461988
-0.367656,50,3335.328808
-0.672959,50,3336.023497
-0.518986,50,3336.719896
-0.850558,50,3337.538685
-0.310664,50,3338.219874
-0.439508,50,3338.919301
-0.708534,50,3339.613212
-0.340093,50,3340.287415
-0.471561,50,3340.988807
-0.528072,50,3341.676018
-0.346627,50,3342.337766
-0.316814,50,3343.02431
-0.642,50,3343.747536
-0.460721,50,3344.439221
-0.212595,50,3345.227905
-0.34665,50,3346.158762
-1.952829,50,3347.093309
-0.531942,50,3348.053642
-0.457146,50,3348.737539
-0.495008,50,3349.432986
-0.493227,50,3350.144558
-0.556686,50,3350.833173
-0.356083,50,3351.523404
-0.302431,50,3352.213793
-0.743356,50,3352.901352
-0.66067,50,3353.57979
-0.317877,50,3354.282544
-0.322413,50,3354.972759
-0.499235,50,3355.657516
-1.173648,50,3356.354831
-0.564191,50,3357.037971
-0.281217,50,3357.719872
-0.436093,50,3358.576072
-0.480265,50,3359.499725
-0.323198,50,3360.389616
-0.599572,50,3361.312018
-0.414808,50,3361.988369
-0.316146,50,3362.675922
-0.501625,50,3363.362456
-0.559386,50,3364.043862
-0.538321,50,3364.738734
-0.607305,50,3365.437955
-1.570558,50,3366.127256
-0.619684,50,3366.828622
-0.296402,50,3367.540253
-0.464811,50,3368.216975
-0.395427,50,3368.903434
-0.460742,50,3369.605513
-0.494362,50,3370.296439
-0.647807,50,3371.005647
-0.571946,50,3371.945978
-0.478582,50,3372.898254
-0.536995,50,3373.830865
-0.414783,50,3374.614616
-0.446001,50,3375.300031
-0.327232,50,3376.020307
-0.524099,50,3376.713727
-0.939875,50,3377.415359
-0.467156,50,3378.101702
-0.413885,50,3378.775558
-0.293585,50,3379.458628
-0.56593,50,3380.148016
-0.403144,50,3380.81497
-0.556228,50,3381.503482
-1.657517,50,3382.207928
-1.52518,50,3382.894313
-1.568203,50,3383.590126
-0.304952,50,3384.343159
-0.407913,50,3385.238355
-0.513152,50,3386.156823
-0.696763,50,3387.13597
-0.821152,50,3387.864462
-0.440925,50,3388.546308
-0.519675,50,3389.216306
-0.401806,50,3389.889687
-0.340106,50,3390.571638
-0.911916,50,3391.253837
-0.637449,50,3391.940883
-0.710216,50,3392.616965
-0.457001,50,3393.296164
-1.154062,50,3393.998431
-0.533918,50,3394.696206
-0.540556,50,3395.382955
-0.473995,50,3396.097915
-2.02677,50,3396.804501
-0.501944,50,3397.640758
-0.390019,50,3398.558192
-0.939016,50,3399.453739
-0.218562,50,3400.382531
-0.336539,50,3401.072405
-1.002695,50,3401.759037
-0.354119,50,3402.447515
-0.31734,50,3403.128389
-0.619514,50,3403.803525
-0.309776,50,3404.488011
-0.222026,50,3405.183347
-0.303957,50,3405.868021
-1.790167,50,3406.56515
-0.339458,50,3407.253865
-0.370386,50,3407.935269
-0.434418,50,3408.617112
-0.546082,50,3409.303125
-0.421209,50,3409.981175
-0.454222,50,3410.874229
-0.364726,50,3411.794543
-0.52506,50,3412.727176
-0.533856,50,3413.598997
-0.503965,50,3414.279725
-0.627719,50,3414.963923
-0.425362,50,3415.645356
-0.753641,50,3416.333856
-0.524241,50,3417.019009
-0.555888,50,3417.708279
-0.53817,50,3418.36901
-0.297769,50,3419.042225
-0.396103,50,3419.728918
-0.291529,50,3420.404052
-0.763305,50,3421.084868
-0.627306,50,3421.762752
-0.373857,50,3422.434743
-0.332746,50,3423.14033
-0.340285,50,3424.033365
-0.586875,50,3424.96234
-0.672092,50,3425.865197
-0.506122,50,3426.694729
-0.440503,50,3427.42397
-0.687892,50,3428.11799
-0.433952,50,3428.815266
-0.307372,50,3429.492111
-0.462355,50,3430.170449
-0.510351,50,3430.851963
-0.561804,50,3431.53505
-0.639819,50,3432.226737
-0.479191,50,3432.90504
-0.232279,50,3433.588295
-0.443117,50,3434.280189
-0.255331,50,3434.959863
-0.474256,50,3435.64543
-0.387913,50,3436.339492
-0.601451,50,3437.31095
-0.542762,50,3438.230396
-0.254988,50,3439.165591
-0.568684,50,3439.946945
-0.315525,50,3440.647793
-0.191435,50,3441.312454
-0.616988,50,3442.007387
-0.331808,50,3442.729327
-0.715921,50,3443.402071
-0.658542,50,3444.085533
-0.445281,50,3444.767283
-0.216481,50,3445.426807
-0.624964,50,3446.121863
-0.514155,50,3446.804222
-0.440713,50,3447.458735
-0.406936,50,3448.133174
-0.35898,50,3448.812828
-0.339499,50,3449.526481
-0.275988,50,3450.409734
-0.421587,50,3451.352897
-0.309458,50,3452.309167
-0.426556,50,3453.03238
-0.348872,50,3453.72256
-0.459289,50,3454.423368
-0.349399,50,3455.105384
-0.753702,50,3455.798983
-0.431261,50,3456.482425
-0.442442,50,3457.166116
-0.483373,50,3457.889131
-0.572087,50,3458.577369
-0.534881,50,3459.243755
-0.32658,50,3459.927589
-0.493421,50,3460.6118
-0.340859,50,3461.283159
-0.655972,50,3461.984184
-0.510026,50,3462.767413
-0.500818,50,3463.680815
-0.426045,50,3464.575286
-0.202787,50,3465.52016
-0.477465,50,3466.208271
-0.499638,50,3466.902416
-0.439656,50,3467.578782
-0.488374,50,3468.259151
-0.430125,50,3468.9522
-0.373712,50,3469.630794
-0.588165,50,3470.337859
-1.827251,50,3471.030302
-0.536649,50,3471.702019
-0.428926,50,3472.392776
-0.31804,50,3473.074743
-0.320638,50,3473.738115
-0.430292,50,3474.408855
-0.382967,50,3475.114814
-0.410622,50,3475.927419
-0.400069,50,3476.834293
-0.306044,50,3477.714924
-0.525426,50,3478.652596
-0.242913,50,3479.319797
-0.48679,50,3479.998601
-0.520363,50,3480.682713
-0.256944,50,3481.373811
-0.597043,50,3482.053038
-1.259273,50,3482.754694
-0.355243,50,3483.430157
-0.288356,50,3484.100658
-0.466179,50,3484.799002
-0.359083,50,3485.480804
-0.442783,50,3486.140758
-0.356096,50,3486.826497
-0.288328,50,3487.541405
-1.485221,50,3488.230639
-0.589777,50,3489.091421
-0.332853,50,3490.011485
-0.428114,50,3490.907768
-0.540882,50,3491.791625
-0.353173,50,3492.455537
-0.585428,50,3493.142753
-0.341583,50,3493.824602
-0.416518,50,3494.49297
-0.399284,50,3495.181604
-0.300944,50,3495.867862
-0.370365,50,3496.527456
-0.446124,50,3497.198753
-0.3351,50,3497.880603
-0.383532,50,3498.547672
-0.679888,50,3499.221936
-0.547099,50,3499.90585
-0.396969,50,3500.579731
-0.466172,50,3501.259116
-0.691276,50,3502.108362
-0.368133,50,3503.004693
-0.557308,50,3503.891388
-0.312299,50,3504.788963
-0.733064,50,3505.4862
-0.421241,50,3506.17642
-0.526653,50,3506.840884
-0.759452,50,3507.541652
-0.319881,50,3508.238234
-0.331717,50,3508.899531
-0.490802,50,3509.586038
-0.313459,50,3510.274529
-0.557046,50,3510.95144
-0.32087,50,3511.638019
-0.362299,50,3512.316908
-0.388511,50,3512.992826
-0.734429,50,3513.689284
-0.314551,50,3514.368183
-0.298741,50,3515.240979
-0.532011,50,3516.170859
-0.498073,50,3517.061843
-0.312531,50,3517.963775
-0.358654,50,3518.661871
-0.28953,50,3519.339623
-0.738559,50,3520.045188
-0.521454,50,3520.732276
-0.388143,50,3521.408951
-0.478015,50,3522.087991
-0.52937,50,3522.754906
-1.563922,50,3523.439572
-0.445536,50,3524.118669
-0.522298,50,3524.808725
-0.462528,50,3525.492618
-0.276446,50,3526.16801
-0.429097,50,3526.856246
-0.617064,50,3527.538769
-0.233932,50,3528.422248
-0.658938,50,3529.363678
-0.472002,50,3530.261614
-0.575362,50,3531.110728
-0.3713,50,3531.778874
-0.493078,50,3532.460186
-0.507752,50,3533.138948
-0.24838,50,3533.823362
-0.733983,50,3534.49597
-0.4466,50,3535.162919
-0.361663,50,3535.860528
-0.668566,50,3536.540193
-0.420178,50,3537.20888
-0.392256,50,3537.891763
-0.650144,50,3538.573013
-0.398653,50,3539.240791
-0.430961,50,3539.925976
-0.5032,50,3540.605801
-0.474205,50,3541.513008
-0.28495,50,3542.426372
-0.406893,50,3543.328308
-0.473985,50,3544.151994
-0.433616,50,3544.851659
-0.508118,50,3545.525608
-0.517499,50,3546.222717
-0.587615,50,3546.922217
-0.330642,50,3547.588362
-0.494372,50,3548.302846
-0.464316,50,3548.98947
-0.459034,50,3549.658525
-0.413374,50,3550.342248
-1.868852,50,3551.052339
-0.267297,50,3551.718531
-0.445091,50,3552.400029
-0.437839,50,3553.088243
-0.585333,50,3553.771974
-0.427302,50,3554.680526
-0.298027,50,3555.590444
-0.486502,50,3556.502295
-0.302703,50,3557.300046
-0.488981,50,3557.969381
-0.747211,50,3558.662029
-0.319322,50,3559.344695
-0.421614,50,3560.022028
-0.23722,50,3560.707767
-0.389769,50,3561.376878
-0.459798,50,3562.044997
-0.275511,50,3562.728973
-0.498385,50,3563.413943
-0.611752,50,3564.100255
-0.345185,50,3564.790131
-0.325716,50,3565.477976
-0.36125,50,3566.142983
-0.549859,50,3566.849105
-0.555492,50,3567.780517
-0.356345,50,3568.702659
-0.2782,50,3569.600028
-0.509517,50,3570.390754
-0.257922,50,3571.072273
-0.298421,50,3571.765046
-0.216171,50,3572.431979
-0.482072,50,3573.121045
-0.300338,50,3573.785639
-0.591504,50,3574.475444
-0.6348,50,3575.157309
-0.342061,50,3575.835295
-0.454144,50,3576.525103
-0.271224,50,3577.21593
-0.261581,50,3577.936526
-0.42724,50,3578.608498
-0.264047,50,3579.298097
-0.278801,50,3580.03683
-0.503949,50,3580.909936
-0.586783,50,3581.842578
-0.313738,50,3582.766165
-0.346609,50,3583.506431
-0.20299,50,3584.170842
-1.100514,50,3584.86585
-0.877466,50,3585.549916
-0.53347,50,3586.217951
-0.521954,50,3586.903512
-0.549081,50,3587.580738
-1.311393,50,3588.254985
-0.340284,50,3588.936038
-1.803875,50,3589.633865
-0.660349,50,3590.325052
-0.410908,50,3591.041851
-0.569063,50,3591.721791
-0.364547,50,3592.396613
-0.337367,50,3593.161907
-0.711794,50,3594.079495
-0.475892,50,3594.990525
-0.507277,50,3595.931757
-0.310213,50,3596.617813
-0.408309,50,3597.295069
-0.368234,50,3598.7099
-0.601688,50,3599.38466
-0.454203,50,3600.078311
-1.030829,50,3600.770878
-0.309581,50,3601.460958
-0.54876,50,3602.150868
-0.285696,50,3602.829018
-0.323083,50,3603.515198
-0.290249,50,3604.207466
-0.923909,50,3604.909978
-0.604083,50,3605.615488
-0.638447,50,3606.497538
-0.349373,50,3607.419649
-0.340343,50,3608.347304
-0.190447,50,3609.2797
-0.590305,50,3609.943548
-0.353328,50,3610.634872
-0.762957,50,3611.340164
-0.582087,50,3612.002136
-0.222337,50,3612.689527
-0.481467,50,3613.384742
-0.525842,50,3614.071193
-0.508026,50,3614.750936
-0.396918,50,3615.435906
-0.309985,50,3616.107428
-0.474584,50,3616.791827
-0.341684,50,3617.466448
-0.565985,50,3618.134276
-0.228475,50,3618.826167
-0.484477,50,3619.655528
-0.284026,50,3620.543219
-0.508288,50,3621.448353
-0.428038,50,3622.372509
-0.232281,50,3623.040825
-0.361305,50,3623.710648
-0.424363,50,3624.389819
-0.432004,50,3625.072163
-1.309508,50,3625.751376
-0.502217,50,3626.441469
-0.455363,50,3627.127395
-0.438694,50,3627.805716
-0.359495,50,3628.493916
-0.317449,50,3629.182102
-0.477632,50,3629.85469
-1.147827,50,3630.55317
-0.472508,50,3631.240209
-0.433735,50,3631.915047
-0.628166,50,3632.766587
-0.550645,50,3633.706417
-0.651325,50,3634.606902
-0.428236,50,3635.504669
-0.537497,50,3636.173538
-0.210397,50,3636.863856
-0.638699,50,3637.560927
-0.425044,50,3638.25378
-1.893707,50,3638.944197
-0.254825,50,3639.6332
-0.524163,50,3640.314284
-1.890792,50,3641.023086
-0.39128,50,3641.708932
-0.342972,50,3642.388362
-0.425481,50,3643.083531
-0.436209,50,3643.776304
-0.490342,50,3644.448982
-0.604108,50,3645.134795
-0.31998,50,3646.027768
-0.188844,50,3646.938584
-0.784915,50,3647.872611
-0.532546,50,3648.710454
-0.31516,50,3649.396623
-0.250639,50,3650.063523
-0.798309,50,3650.761501
-0.58949,50,3651.455636
-0.444058,50,3652.154534
-0.495231,50,3652.823825
-0.715291,50,3653.503132
-0.268866,50,3654.192329
-1.055381,50,3654.882055
-0.427409,50,3655.560817
-0.202302,50,3656.245808
-0.365556,50,3656.923115
-0.357562,50,3657.619516
-0.578577,50,3658.304759
-0.272923,50,3659.216873
-0.409448,50,3660.115819
-0.453636,50,3661.032713
-0.285236,50,3661.828589
-0.639354,50,3662.511395
-0.445748,50,3663.181954
-1.306638,50,3663.882113
-0.60021,50,3664.565441
-0.554813,50,3665.245025
-0.333841,50,3665.938797
-0.356878,50,3666.610097
-0.335948,50,3667.289325
-0.424389,50,3667.972893
-1.397225,50,3668.70554
-0.345667,50,3669.377391
-0.413089,50,3670.049173
-0.332651,50,3670.731858
-1.703284,50,3671.421189
-0.383293,50,3672.329875
-0.418985,50,3673.293162
-0.42968,50,3674.22748
-0.327503,50,3674.988979
-0.551021,50,3675.677287
-0.463699,50,3676.363142
-0.606105,50,3677.0588
-0.294881,50,3677.737004
-0.496024,50,3678.415947
-0.25785,50,3679.085728
-1.090907,50,3679.766244
-0.471835,50,3680.458113
-0.300549,50,3681.138014
-0.656819,50,3681.813912
-0.547103,50,3682.488808
-1.733579,50,3683.192739
-0.334376,50,3683.86812
-1.461893,50,3684.633995
-0.5544,50,3685.541293
-0.854973,50,3686.494492
-0.44444,50,3687.49551
-0.403619,50,3688.179838
-0.783376,50,3688.879181
-0.265966,50,3689.560725
-1.690232,50,3690.243279
-0.656698,50,3690.930767
-0.291947,50,3691.603858
-0.497859,50,3692.281034
-0.916633,50,3692.978878
-0.425211,50,3693.660751
-0.217221,50,3694.325288
-1.646845,50,3695.016222
-0.190849,50,3695.709692
-0.254869,50,3696.377749
-0.425797,50,3697.061808
-0.318081,50,3697.851012
-0.35312,50,3698.776329
-0.541866,50,3699.677633
-0.46694,50,3700.634839
-1.898102,50,3701.332354
-0.407833,50,3702.013164
-0.974453,50,3702.698746
-0.445334,50,3703.373247
-0.285393,50,3704.048849
-0.281867,50,3704.716005
-0.374156,50,3705.393947
-0.390093,50,3706.091856
-0.319861,50,3706.767985
-0.370948,50,3707.457291
-0.504388,50,3708.147908
-0.868152,50,3708.826823
-0.507819,50,3709.516839
-0.2986,50,3710.203088
-0.298636,50,3710.998451
-0.360357,50,3711.896082
-0.454049,50,3712.810462
-0.338692,50,3713.759744
-0.344865,50,3714.441048
-0.313427,50,3715.118535
-0.524264,50,3715.825805
-0.420191,50,3716.507013
-0.30443,50,3717.174884
-0.197501,50,3717.857759
-0.291851,50,3718.538639
-0.524263,50,3719.196977
-0.307152,50,3719.874813
-1.682872,50,3720.556028
-0.407568,50,3721.242719
-0.714103,50,3721.942105
-0.245622,50,3722.606497
-0.617516,50,3723.287042
-0.357836,50,3724.101495
-0.403828,50,3725.019843
-0.440485,50,3725.908854
-0.632545,50,3726.849885
-0.410208,50,3727.512824
-0.232699,50,3728.180822
-0.364577,50,3728.870013
-1.506001,50,3729.555022
-0.460198,50,3730.231504
-0.679635,50,3730.921244
-0.597509,50,3731.600294
-0.599545,50,3732.277814
-0.322438,50,3732.94379
-0.375611,50,3733.617935
-0.420964,50,3734.302066
-0.392296,50,3734.973813
-0.607692,50,3735.678998
-0.418636,50,3736.367761
-0.760962,50,3737.166026
-0.627983,50,3738.097105
-0.484008,50,3739.01276
-0.632288,50,3739.948407
-0.490535,50,3740.62836
-0.439363,50,3741.299078
-0.272061,50,3742.001175
-0.406641,50,3742.68889
-0.606215,50,3743.351795
-0.457601,50,3744.052686
-0.318703,50,3744.738054
-0.323734,50,3745.412399
-0.300029,50,3746.092912
-0.215502,50,3746.772475
-0.636335,50,3747.454213
-0.381907,50,3748.165272
-0.497009,50,3748.853951
-0.831114,50,3749.541648
-1.760651,50,3750.412045
-0.185448,50,3751.334479
-0.474392,50,3752.230108
-0.170186,50,3753.109534
-0.463472,50,3753.791459
-0.431002,50,3754.473759
-0.281312,50,3755.162411
-0.277103,50,3755.835654
-1.13249,50,3756.534067
-0.326555,50,3757.218988
-1.028226,50,3757.908945
-0.29853,50,3758.589037
-0.379718,50,3759.301848
-0.211877,50,3759.974852
-0.446728,50,3760.665077
-0.48529,50,3761.336886
-0.53023,50,3762.023842
-0.464351,50,3762.719838
-0.304211,50,3763.606025
-0.384652,50,3764.516843
-0.345992,50,3765.421357
-0.187486,50,3766.237071
-0.566363,50,3766.938476
-0.373734,50,3767.618192
-0.305134,50,3768.29913
-0.601854,50,3768.979983
-0.569033,50,3769.666214
-0.472297,50,3770.334246
-0.359399,50,3771.039477
-0.406484,50,3771.736001
-0.524873,50,3772.406761
-0.299905,50,3773.077384
-0.706337,50,3773.771172
-0.452484,50,3774.445135
-0.533438,50,3775.130399
-0.399399,50,3775.817979
-0.590036,50,3776.723679
-0.297664,50,3777.636858
-1.801556,50,3778.578919
-0.237187,50,3779.358071
-0.535567,50,3780.039855
-0.619738,50,3780.703005
-0.378047,50,3781.384822
-0.572707,50,3782.068947
-0.334201,50,3782.737602
-0.522969,50,3783.428972
-0.360826,50,3784.110176
-0.500887,50,3784.778274
-0.480901,50,3785.463408
-0.65384,50,3786.139931
-0.411937,50,3786.811021
-0.337942,50,3787.487921
-0.273609,50,3788.195113
-0.857501,50,3788.930936
-0.483393,50,3789.835821
-0.528662,50,3790.769854
-0.554037,50,3791.732449
-0.348204,50,3792.475081
-0.585726,50,3793.148098
-0.497412,50,3793.833216
-0.259844,50,3794.519855
-0.239254,50,3795.185668
-0.507171,50,3795.874337
-0.407775,50,3796.544091
-0.32339,50,3797.226871
-0.453976,50,3797.908334
-1.207332,50,3798.585966
-0.499103,50,3799.262284
-0.560043,50,3799.949935
-0.336089,50,3800.614983
-0.225676,50,3801.292563
-0.850259,50,3802.025137
-0.342994,50,3802.934
-0.296886,50,3803.858668
-0.384091,50,3804.78474
-0.444309,50,3805.523858
-0.559033,50,3806.202063
-0.361365,50,3806.877407
-0.33958,50,3807.549557
-0.391588,50,3808.230084
-0.497233,50,3808.904721
-0.280559,50,3809.578644
-0.511349,50,3810.248571
-1.692304,50,3810.920053
-0.354907,50,3811.601568
-0.667551,50,3812.286416
-1.026197,50,3812.972399
-0.27515,50,3813.654299
-0.436499,50,3814.341882
-0.430782,50,3815.048802
-0.618819,50,3815.971262
-0.517767,50,3816.893025
-0.557555,50,3817.836361
-0.35821,50,3818.574337
-0.615017,50,3819.266788
-0.36813,50,3819.940959
-0.630765,50,3820.61777
-0.635139,50,3821.283783
-0.286253,50,3821.978246
-0.34122,50,3822.663467
-0.233484,50,3823.32771
-0.497717,50,3824.023643
-0.199773,50,3824.709051
-0.307551,50,3825.377355
-0.476004,50,3826.071014
-0.304067,50,3826.743061
-0.441875,50,3827.401755
-0.444193,50,3828.120074
-0.410064,50,3829.028432
-0.296259,50,3829.946429
-0.400094,50,3830.874102
-0.32041,50,3831.632839
-0.62843,50,3832.320779
-0.682622,50,3833.022314
-0.550559,50,3833.701681
-0.379879,50,3834.387129
-1.748801,50,3835.090067
-0.506567,50,3835.768146
-0.36344,50,3836.453884
-0.513761,50,3837.132688
-0.430852,50,3837.826367
-0.317075,50,3838.502744
-0.61649,50,3839.180181
-0.294079,50,3839.871079
-0.325257,50,3840.551838
-0.46758,50,3841.288666
-0.614656,50,3842.172549
-0.395197,50,3843.084195
-1.678406,50,3844.053334
-0.229019,50,3844.757044
-0.405011,50,3845.424961
-0.671006,50,3846.10314
-0.483015,50,3846.789657
-0.476628,50,3847.457088
-0.614541,50,3848.191697
-0.425278,50,3848.882044
-0.406029,50,3849.594021
-0.359999,50,3850.278021
-0.35164,50,3850.964852
-0.430089,50,3851.632339
-0.187993,50,3852.303696
-0.3518,50,3852.990915
-0.305399,50,3853.652331
-0.34882,50,3854.433014
-1.780073,50,3855.372266
-0.362626,50,3856.259596
-0.462871,50,3857.220489
-0.610942,50,3857.890493
-0.458031,50,3858.56686
-0.403229,50,3859.246
-0.304129,50,3859.905646
-0.240398,50,3860.579173
-0.312225,50,3861.265625
-0.353022,50,3861.937649
-1.539557,50,3862.628462
-0.276117,50,3863.308608
-0.495249,50,3863.984016
-0.817561,50,3864.669703
-0.560713,50,3865.345772
-0.316871,50,3866.014608
-0.419824,50,3866.693966
-0.488708,50,3867.48302
-0.43935,50,3868.393344
-0.639967,50,3869.298102
-0.563599,50,3870.253907
-0.689062,50,3870.948321
-0.305443,50,3871.644822
-0.449715,50,3872.339882
-0.512769,50,3873.062585
-0.384849,50,3873.77749
-0.40415,50,3874.452598
-0.38992,50,3875.140503
-0.235683,50,3875.837287
-0.317888,50,3876.522948
-0.612263,50,3877.243419
-1.350773,50,3877.952268
-1.749894,50,3878.634323
-0.577494,50,3879.334083
-0.201939,50,3880.0128
-0.464852,50,3880.897137
-0.47149,50,3881.77834
-0.376072,50,3882.710122
-0.298419,50,3883.557684
-0.283609,50,3884.242028
-0.332485,50,3884.908611
-1.716158,50,3885.603144
-0.294168,50,3886.287882
-0.249951,50,3886.980955
-0.445325,50,3887.678318
-1.908492,50,3888.385674
-0.44449,50,3889.057307
-0.456122,50,3889.742984
-0.226399,50,3890.423639
-0.506179,50,3891.099496
-0.429937,50,3891.80853
-0.470446,50,3892.484762
-0.463846,50,3893.151121
-0.615734,50,3894.056805
-0.576485,50,3895.001235
-0.362322,50,3895.930053
-0.842485,50,3896.747689
-0.429085,50,3897.409886
-0.326442,50,3898.09443
-1.01353,50,3898.790406
-0.571924,50,3899.468106
-0.570899,50,3900.161411
-0.461847,50,3900.854191
-0.359655,50,3901.531687
-0.433203,50,3902.226531
-0.4645,50,3902.90484
-0.562864,50,3903.559999
-0.440669,50,3904.246774
-0.225383,50,3904.930098
-0.474323,50,3905.608469
-0.430683,50,3906.297786
-0.698338,50,3907.226406
-0.291019,50,3908.150809
-0.376994,50,3909.080812
-0.596422,50,3909.868659
-0.402724,50,3910.547698
-1.394662,50,3911.242925
-0.241624,50,3911.905592
-0.81039,50,3912.591633
-0.472155,50,3913.26282
-0.222992,50,3913.938106
-0.651126,50,3914.609596
-0.564854,50,3915.282759
-0.304847,50,3915.953071
-0.255812,50,3916.632208
-0.272161,50,3917.304972
-0.213196,50,3917.974016
-0.27575,50,3918.659755
-0.273493,50,3919.3334
-0.475282,50,3920.243387
-0.432541,50,3921.168211
-0.527654,50,3922.069317
-0.36352,50,3922.883401
-0.507985,50,3923.551262
-1.02056,50,3924.243935
-0.666929,50,3924.929207
-0.501561,50,3925.603009
-0.298988,50,3926.289163
-0.302327,50,3926.960462
-0.148526,50,3927.610392
-0.444876,50,3928.296991
-0.579238,50,3928.991712
-0.272627,50,3929.67239
-0.476086,50,3930.346878
-0.364413,50,3931.020539
-0.383743,50,3931.684935
-0.621181,50,3932.369688
-0.375241,50,3933.278506
-0.26661,50,3934.215227
-0.593284,50,3935.146913
-0.337884,50,3935.916607
-0.203349,50,3936.582608
-0.467116,50,3937.284903
-0.364579,50,3937.958136
-0.925137,50,3938.654438
-0.262778,50,3939.332165
-0.568193,50,3940.023656
-0.433744,50,3940.700233
-0.789117,50,3941.382493
-0.592732,50,3942.040202
-0.507284,50,3942.720006
-0.398419,50,3943.396515
-0.537732,50,3944.063714
-0.257747,50,3944.739927
-0.458273,50,3945.416042
-1.277025,50,3946.351312
-0.357458,50,3947.281441
-0.564651,50,3948.222386
-0.442978,50,3948.99643
-0.297144,50,3949.689568
-0.453699,50,3950.352302
-1.253331,50,3951.035949
-0.343272,50,3951.753438
-0.238624,50,3952.425735
-0.328724,50,3953.111011
-0.30567,50,3953.796319
-0.695965,50,3954.488992
-0.392703,50,3955.189827
-0.416053,50,3955.873774
-0.280676,50,3956.539435
-0.458262,50,3957.231557
-0.41415,50,3957.903721
-0.343682,50,3958.650872
-0.47278,50,3959.526866
-0.394537,50,3960.461787
-0.376315,50,3961.428401
-0.336342,50,3962.124194
-0.388817,50,3962.809715
-0.317574,50,3964.215288
-1.485641,50,3964.914324
-0.578898,50,3965.600693
-0.389845,50,3966.269536
-0.473621,50,3966.949816
-0.325205,50,3967.619679
-0.467749,50,3968.282821
-0.461332,50,3968.960809
-0.39581,50,3969.677444
-0.579245,50,3970.348016
-0.416979,50,3971.027306
-0.255239,50,3971.80445
-0.258944,50,3972.709268
-0.518235,50,3973.603178
-0.387392,50,3974.543255
-0.711388,50,3975.233102
-0.710498,50,3975.914103
-0.372702,50,3976.589447
-0.533172,50,3977.272857
-0.423091,50,3977.954948
-0.337308,50,3978.645164
-0.478533,50,3979.310429
-0.494193,50,3979.994933
-0.397559,50,3980.672339
-0.56991,50,3981.355953
-0.563107,50,3982.038843
-0.50716,50,3982.714485
-0.4463,50,3983.39547
-0.343561,50,3984.069221
-0.379892,50,3984.848072
-0.417706,50,3985.757976
-0.471613,50,3986.674745
-0.760798,50,3987.633965
-0.30759,50,3988.314047
-1.261795,50,3988.999882
-0.475495,50,3989.686339
-0.550929,50,3990.367826
-0.494488,50,3991.026278
-0.328653,50,3991.708268
-0.380326,50,3992.386927
-0.307096,50,3993.044612
-0.488299,50,3993.728636
-0.491335,50,3994.411984
-0.472828,50,3995.096324
-0.582992,50,3995.788718
-0.463315,50,3996.466827
-0.217055,50,3997.133263
-0.401655,50,3997.925164
-0.435209,50,3998.852707
-0.369977,50,3999.775792
-0.537511,50,4000.747825
-0.298065,50,4001.409905
-0.304697,50,4002.08409
-0.370723,50,4002.76172
-0.427571,50,4003.429971
-0.335744,50,4004.109108
-0.404898,50,4004.789704
-0.26554,50,4005.457287
-0.518253,50,4006.136074
-0.459458,50,4006.795858
-0.544262,50,4007.486463
-0.338641,50,4008.158239
-0.262042,50,4008.821768
-1.470396,50,4009.507161
-0.262482,50,4010.190098
-1.276438,50,4010.999928
-0.603473,50,4011.952
-1.477774,50,4012.854337
-0.450228,50,4013.790609
-0.361834,50,4014.466151
-0.341574,50,4015.132131
-0.289822,50,4015.822824
-0.528624,50,4016.516958
-0.456822,50,4017.186726
-0.325831,50,4017.86091
-0.389104,50,4018.540886
-0.56846,50,4019.208671
-0.484612,50,4019.88106
-0.543888,50,4020.556645
-0.43865,50,4021.214001
-0.548933,50,4021.89963
-0.426769,50,4022.577879
-0.338229,50,4023.243641
-0.512213,50,4024.012214
-0.486291,50,4024.938192
-0.862891,50,4025.870367
-0.204388,50,4026.814836
-0.451425,50,4027.494723
-0.190441,50,4028.17378
-0.24707,50,4028.855244
-0.324899,50,4029.521719
-0.63906,50,4030.240891
-0.22816,50,4030.929176
-0.494395,50,4031.600683
-0.602647,50,4032.292095
-0.565755,50,4032.966954
-0.573435,50,4033.644239
-0.476271,50,4034.330716
-0.424265,50,4035.001939
-0.436376,50,4035.663808
-0.193699,50,4036.347722
-0.51018,50,4037.123389
-1.681011,50,4038.043582
-0.482507,50,4038.932464
-1.017563,50,4039.891917
-0.515375,50,4040.572514
-0.368625,50,4041.257974
-0.556625,50,4041.938372
-0.546186,50,4042.627776
-0.505951,50,4043.291789
-0.528959,50,4043.969984
-0.372237,50,4044.65674
-0.276576,50,4045.325785
-0.545323,50,4045.99444
-0.56565,50,4046.679838
-0.5181,50,4047.346596
-0.634613,50,4048.024121
-0.316697,50,4048.715905
-0.39385,50,4049.388416
-0.500746,50,4050.184627
-0.457856,50,4051.115175
-0.575825,50,4051.999682
-0.504525,50,4052.930634
-0.536891,50,4053.599023
-0.258191,50,4054.295545
-0.266496,50,4054.988149
-0.609394,50,4055.680073
-0.459206,50,4056.363927
-0.285776,50,4057.057973
-0.450331,50,4057.733051
-0.393548,50,4058.443117
-0.48775,50,4059.140408
-1.170541,50,4059.826335
-0.441471,50,4060.533658
-0.454736,50,4061.210751
-0.293103,50,4061.876015
-0.436307,50,4062.575096
-0.372406,50,4063.411962
-0.520831,50,4064.331462
-0.469047,50,4065.204311
-0.340094,50,4066.120328
-0.478789,50,4066.803741
-0.22766,50,4067.48491
-0.533992,50,4068.152582
-0.329639,50,4068.847355
-0.353682,50,4069.534139
-0.363407,50,4070.19808
-0.397179,50,4070.878819
-1.614999,50,4071.600863
-0.435595,50,4072.282213
-0.507863,50,4072.95598
-0.586261,50,4073.632748
-0.647052,50,4074.32152
-0.226043,50,4075.007603
-0.392134,50,4075.697039
-0.488145,50,4076.552541
-0.50694,50,4077.480075
-0.364401,50,4078.372128
-0.251806,50,4079.230227
-0.322221,50,4079.902397
-0.279203,50,4080.563924
-0.336809,50,4081.231777
-0.526057,50,4081.91566
-0.478246,50,4082.581726
-0.229407,50,4083.26725
-0.413453,50,4083.958949
-0.339515,50,4084.635493
-0.322343,50,4085.314539
-0.398655,50,4086.004002
-0.429783,50,4086.687244
-0.525313,50,4087.365929
-0.598923,50,4088.064801
-0.494675,50,4088.752903
-0.67801,50,4089.628395
-0.768132,50,4090.612325
-0.515667,50,4091.509332
-0.838805,50,4092.393063
-0.356378,50,4093.050642
-0.261521,50,4093.735529
-0.461918,50,4094.422262
-0.52207,50,4095.098824
-0.489241,50,4095.777948
-0.408761,50,4096.466012
-0.34237,50,4097.136929
-0.484789,50,4097.824977
-0.376988,50,4098.502183
-0.486058,50,4099.18361
-0.464028,50,4099.884418
-0.366636,50,4100.57331
-0.481952,50,4101.237011
-0.810906,50,4101.934407
-0.423138,50,4102.847214
-0.460804,50,4103.77808
-0.230188,50,4104.669509
-0.278618,50,4105.483429
-0.215904,50,4106.158673
-0.301104,50,4106.841537
-0.365569,50,4107.507158
-0.41716,50,4108.185075
-1.577951,50,4108.870127
-0.585784,50,4109.54447
-0.480049,50,4110.21608
-0.559039,50,4110.887736
-0.794431,50,4111.589111
-0.36571,50,4112.276407
-1.07343,50,4112.950373
-0.534886,50,4113.613405
-0.260041,50,4114.287041
-0.551889,50,4114.976962
-0.34191,50,4115.885466
-0.445117,50,4116.800588
-0.465125,50,4117.721931
-0.418122,50,4118.537899
-0.417643,50,4119.205899
-0.543252,50,4119.895694
-0.493372,50,4120.607982
-0.387409,50,4121.292055
-0.528247,50,4121.985212
-0.558229,50,4122.668315
-0.35809,50,4123.335048
-0.268708,50,4124.008758
-0.456493,50,4124.686918
-0.420392,50,4125.352555
-0.393293,50,4126.032982
-0.335599,50,4126.731873
-0.378052,50,4127.41418
-0.409313,50,4128.084709
-0.508022,50,4129.00493
-0.396824,50,4129.928651
-0.724062,50,4130.881891
-0.48369,50,4131.637604
-0.425169,50,4132.337075
-0.584224,50,4133.036374
-0.497112,50,4133.71018
-0.447028,50,4134.396598
-0.449292,50,4135.094042
-0.383661,50,4135.762935
-0.445364,50,4136.440853
-0.300772,50,4137.129286
-0.634666,50,4137.817274
-0.405196,50,4138.499713
-0.509154,50,4139.165972
-0.43024,50,4139.823706
-0.320287,50,4140.492148
-0.385561,50,4141.206859
-0.348601,50,4142.0895
-0.316748,50,4142.99236
-0.346212,50,4143.912646
-0.418254,50,4144.68361
-0.667974,50,4145.344238
-0.374498,50,4146.028319
-0.420124,50,4146.716336
-0.346176,50,4147.385641
-0.538097,50,4148.054663
-0.473552,50,4148.742411
-0.541342,50,4149.408074
-0.305808,50,4150.089743
-0.549262,50,4150.8116
-0.485678,50,4151.479418
-0.463263,50,4152.171542
-0.516515,50,4152.847047
-0.525524,50,4153.516003
-0.295451,50,4154.220406
-0.325253,50,4155.138444
-0.49126,50,4156.067742
-0.416271,50,4157.000345
-0.425323,50,4157.715729
-0.53763,50,4158.400892
-0.34469,50,4159.103991
-0.36634,50,4159.774055
-0.444771,50,4160.449493
-0.418186,50,4161.116858
-0.515501,50,4161.787873
-0.24506,50,4162.464836
-0.374651,50,4163.1357
-0.30967,50,4163.792682
-0.416714,50,4164.472858
-0.52905,50,4165.154711
-0.453494,50,4165.834305
-0.279454,50,4166.505502
-0.52788,50,4167.201474
-0.379597,50,4168.120661
-0.435444,50,4169.041455
-0.231582,50,4169.955918
-0.45659,50,4170.729862
-0.497351,50,4171.432623
-0.317123,50,4172.133281
-0.5313,50,4172.829986
-0.510004,50,4173.499622
-0.505267,50,4174.185262
-0.554514,50,4174.875954
-0.295635,50,4175.540805
-0.379933,50,4176.235263
-0.280167,50,4176.908548
-0.24367,50,4177.564005
-0.384685,50,4178.259697
-0.466398,50,4178.939976
-0.2595,50,4179.597998
-0.327001,50,4180.323657
-0.195999,50,4181.240743
-0.30065,50,4182.175925
-0.356433,50,4183.102921
-0.204314,50,4183.835315
-0.397664,50,4184.515098
-0.462305,50,4185.197915
-0.62469,50,4185.864877
-1.288137,50,4186.556388
-0.302809,50,4187.241718
-0.229614,50,4187.910814
-0.224177,50,4188.583608
-0.477328,50,4189.270684
-0.583034,50,4189.943899
-0.544989,50,4190.637933
-0.632171,50,4191.325721
-0.478512,50,4192.061363
-0.25847,50,4192.748265
-1.511882,50,4193.531426
-0.574383,50,4194.440082
-0.509102,50,4195.32584
-0.953043,50,4196.291034
-0.512367,50,4196.964547
-0.340691,50,4197.639834
-0.553437,50,4198.30523
-0.512099,50,4198.999937
-0.508226,50,4199.699358
-0.450711,50,4200.371706
-0.474884,50,4201.055547
-0.282377,50,4201.74222
-1.008266,50,4202.422441
-0.50327,50,4203.124441
-0.385116,50,4203.807616
-0.457346,50,4204.494786
-0.413398,50,4205.182212
-0.416362,50,4205.868995
-0.516941,50,4206.635703
-0.289002,50,4207.545772
-0.331693,50,4208.446741
-0.292331,50,4209.383639
-0.65324,50,4210.056629
-0.733907,50,4210.714761
-0.571398,50,4211.435462
-0.265551,50,4212.117388
-0.33959,50,4212.801001
-0.423757,50,4213.484173
-0.205947,50,4214.178171
-0.434597,50,4214.843914
-0.775919,50,4215.516598
-0.281361,50,4216.186339
-1.307118,50,4216.890008
-0.553708,50,4217.564555
-0.487057,50,4218.228982
-0.345722,50,4218.902547
-0.515488,50,4219.704003
-0.190158,50,4220.596758
-0.521277,50,4221.495034
-0.428183,50,4222.419971
-0.393414,50,4223.117676
-0.653949,50,4223.813046
-0.551504,50,4224.486384
-0.399916,50,4225.160292
-0.496775,50,4225.851175
-0.380849,50,4226.512851
-0.29843,50,4227.195884
-0.543638,50,4227.880698
-0.422221,50,4228.55555
-0.250564,50,4229.245238
-0.288414,50,4229.930125
-1.256349,50,4230.604997
-0.417114,50,4231.28699
-0.337853,50,4231.978072
-0.527879,50,4232.797148
-0.355227,50,4233.706489
-0.353991,50,4234.596589
-0.510822,50,4235.513543
-0.312836,50,4236.203095
-0.301637,50,4236.875654
-0.459122,50,4237.565435
-0.474933,50,4238.247641
-0.396578,50,4238.906489
-0.542559,50,4239.5776
-0.279473,50,4240.260288
-0.370955,50,4240.951189
-0.478455,50,4241.63439
-0.525238,50,4242.312504
-0.213264,50,4242.977466
-0.456777,50,4243.663965
-0.353909,50,4244.335852
-0.616614,50,4245.006837
-0.354385,50,4245.839179
-0.248379,50,4246.752627
-0.426483,50,4247.662494
-0.215381,50,4248.536744
-0.466254,50,4249.219537
-0.382213,50,4249.901831
-0.526252,50,4250.568375
-0.344526,50,4251.253511
-0.324419,50,4251.946944
-0.434901,50,4252.662856
-0.558296,50,4253.337367
-0.3835,50,4254.015714
-0.598616,50,4254.68972
-0.437038,50,4255.366842
-0.455765,50,4256.046344
-0.521956,50,4256.722742
-0.293201,50,4257.407535
-0.373104,50,4258.078733
-0.537489,50,4258.907106
-0.352761,50,4259.807819
-1.435778,50,4260.716447
-0.323931,50,4261.592752
-0.337225,50,4262.279299
-0.46622,50,4262.951617
-0.657481,50,4263.647168
-0.559768,50,4264.31965
-0.333186,50,4264.997097
-0.421734,50,4265.681649
-0.302059,50,4266.358068
-1.672165,50,4267.033146
-0.335478,50,4267.705288
-0.464549,50,4268.363899
-0.305417,50,4269.040331
-0.432978,50,4269.720363
-0.44766,50,4270.377264
-0.52563,50,4271.083821
-0.322303,50,4271.941529
-0.543154,50,4272.888295
-0.493963,50,4273.773643
-0.494666,50,4274.653217
-0.195634,50,4275.334304
-0.474367,50,4276.017689
-0.413022,50,4276.690758
-0.406177,50,4277.371602
-0.514381,50,4278.060529
-0.519598,50,4278.732158
-0.34332,50,4279.410132
-0.400375,50,4280.092984
-0.241903,50,4280.75644
-0.65166,50,4281.439193
-0.391368,50,4282.134184
-0.344373,50,4282.795818
-0.293428,50,4283.466719
-0.203499,50,4284.134533
-0.534342,50,4284.95997
-0.654334,50,4285.876604
-0.521372,50,4286.807737
-0.507555,50,4287.68067
-0.291966,50,4288.357585
-0.438737,50,4289.017737
-0.542365,50,4289.695786
-0.357326,50,4290.378171
-0.546926,50,4291.046706
-0.333705,50,4291.717474
-0.515464,50,4292.405622
-1.056282,50,4293.089268
-0.299091,50,4293.764429
-0.344767,50,4294.426794
-0.490776,50,4295.115397
-0.301869,50,4295.800298
-0.536575,50,4296.466707
-0.494964,50,4297.151448
-0.861952,50,4298.035323
-0.435348,50,4298.946753
-0.444955,50,4299.828274
-0.388308,50,4300.721234
-0.501193,50,4301.440872
-0.533092,50,4302.133271
-0.217358,50,4302.800185
-0.481388,50,4303.47136
-0.603235,50,4304.162271
-0.521898,50,4304.831583
-0.493671,50,4305.504888
-0.476824,50,4306.190317
-0.253204,50,4306.86661
-1.215581,50,4307.559276
-0.235252,50,4308.232009
-0.407765,50,4308.905397
-0.594702,50,4309.577192
-0.358785,50,4310.240674
-0.368457,50,4311.093657
-0.705822,50,4311.998035
-0.710817,50,4312.931169
-0.428151,50,4313.801177
-0.301052,50,4314.476486
-0.59871,50,4315.14834
-0.436828,50,4315.832602
-0.348434,50,4316.51598
-0.357266,50,4317.185754
-0.427026,50,4317.867015
-0.29005,50,4318.547828
-0.247074,50,4319.216987
-0.602488,50,4319.895113
-0.48652,50,4320.574239
-0.469025,50,4321.254773
-1.051603,50,4321.950381
-0.229818,50,4322.630369
-0.366018,50,4323.302213
-0.887421,50,4324.190739
-1.140239,50,4325.124054
-0.452872,50,4326.027441
-0.281108,50,4326.877012
