#{"t_start": 1769290910.9349973, "env_id": "FetchReachDense-v4"}
r,l,t
-13.095236,50,1.831547
-6.702158,50,2.005402
-5.629989,50,2.169473
-5.579159,50,2.351476
-10.729919,50,2.521937
-8.870729,50,2.693455
-16.677679,50,2.859337
-14.225293,50,3.023473
-9.40944,50,3.189878
-7.085909,50,3.389408
-5.432861,50,3.567017
-9.439836,50,3.745713
-5.83635,50,3.927279
-9.072015,50,4.042464
-7.329984,50,4.154274
-6.277498,50,4.277137
-8.576488,50,4.403537
-8.056588,50,4.511989
-11.362535,50,4.619568
-11.645507,50,4.7308
-13.276078,50,4.842345
-12.566371,50,4.954285
-5.194885,50,5.063448
-8.576473,50,5.170413
-4.279806,50,5.286314
-6.542979,50,5.411458
-9.175435,50,5.524187
-11.190763,50,5.632967
-5.373922,50,5.741143
-9.94962,50,5.851804
-8.833517,50,5.963739
-12.102839,50,6.069699
-13.164424,50,6.184762
-10.991297,50,6.298142
-8.881394,50,6.431499
-7.127094,50,6.54469
-12.994991,50,6.654443
-7.946548,50,6.766507
-11.046069,50,6.877985
-7.028625,50,6.992244
-10.768828,50,7.104647
-4.732268,50,7.220426
-11.663082,50,7.33298
-6.538863,50,7.447005
-16.21012,50,7.564212
-8.776841,50,7.673269
-10.317942,50,7.785925
-10.887883,50,7.893951
-13.474506,50,8.000464
-8.419103,50,8.113295
-7.138738,50,8.228591
-6.352422,50,8.340796
-8.103981,50,8.450724
-10.943608,50,8.573311
-10.032292,50,8.688173
-5.194109,50,8.797482
-8.792914,50,8.905947
-10.328853,50,9.018606
-10.207978,50,9.125955
-8.954239,50,9.239098
-8.150322,50,9.351634
-5.585074,50,9.462
-11.519566,50,9.590401
-6.310188,50,9.702598
-9.829854,50,9.814672
-4.074581,50,9.932479
-10.008409,50,10.039738
-12.053353,50,10.15048
-14.251933,50,10.265435
-9.315851,50,10.376347
-9.656205,50,10.497282
-10.909455,50,10.618301
-13.299973,50,10.728228
-10.741083,50,10.840625
-8.602602,50,10.960599
-8.649004,50,11.076035
-11.441752,50,11.192726
-9.187645,50,11.305799
-10.129086,50,11.423972
-10.805063,50,11.541869
-12.671211,50,11.668902
-7.719514,50,11.781654
-11.629097,50,11.898454
-9.500003,50,12.018117
-14.791015,50,12.129697
-4.585105,50,12.247238
-7.957942,50,12.365383
-12.500534,50,12.478431
-5.36628,50,12.590372
-8.399319,50,12.717772
-6.802262,50,12.838387
-4.729116,50,12.956284
-12.280867,50,13.065323
-8.61226,50,13.181129
-6.266462,50,13.295552
-14.727904,50,13.408061
-5.380128,50,13.516533
-10.25358,50,13.633744
-9.218691,50,13.760473
-11.352016,50,13.874748
-25.313343,50,14.795755
-11.303958,50,15.453312
-21.792191,50,16.104883
-15.036784,50,16.76179
-16.942461,50,17.372002
-13.263321,50,17.833944
-19.685829,50,18.31487
-6.645185,50,18.786017
-5.617145,50,19.249253
-16.247367,50,19.709757
-4.746483,50,20.167982
-5.613169,50,20.633092
-5.760938,50,21.149087
-4.319614,50,21.606261
-8.081103,50,22.06096
-5.626869,50,22.521175
-4.019829,50,22.996624
-3.913996,50,23.491382
-2.211589,50,23.938156
-2.70389,50,24.408277
-3.847962,50,24.881635
-3.927259,50,25.35737
-4.742251,50,25.805527
-1.61384,50,26.263216
-2.934592,50,26.720638
-2.300278,50,27.206135
-2.393594,50,27.853991
-2.638471,50,28.505032
-1.448135,50,29.122636
-2.521107,50,29.748685
-4.012801,50,30.387706
-2.313454,50,30.8502
-1.666248,50,31.314155
-4.419371,50,31.79047
-3.331036,50,32.252992
-2.437413,50,32.7222
-2.650544,50,33.172135
-1.55085,50,33.630354
-2.757949,50,34.079013
-2.881001,50,34.528594
-1.2995,50,34.993464
-2.230979,50,35.45461
-1.834923,50,35.926238
-2.544685,50,36.393738
-2.4208,50,36.882987
-1.040126,50,37.347457
-1.726075,50,37.808317
-3.336002,50,38.259244
-1.588021,50,38.729669
-2.105477,50,39.179508
-2.002844,50,39.63461
-1.728568,50,40.09149
-2.546515,50,40.680148
-2.580453,50,41.290101
-1.337973,50,41.941083
-1.747373,50,42.547266
-1.400217,50,43.195462
-2.661825,50,43.749786
-2.592168,50,44.218165
-1.594269,50,44.674395
-3.771518,50,45.147729
-2.229937,50,45.60779
-2.096641,50,46.059697
-2.192166,50,46.537891
-2.545559,50,46.989711
-1.669351,50,47.475444
-2.532379,50,47.935484
-2.154775,50,48.421429
-3.369929,50,48.894649
-1.688977,50,49.39503
-2.413919,50,49.856845
-1.925216,50,50.332225
-2.084046,50,50.79321
-2.265019,50,51.289607
-1.694822,50,51.748053
-1.047101,50,52.223357
-1.731117,50,52.699753
-1.52885,50,53.15663
-1.503958,50,53.749485
-0.872887,50,54.377418
-1.303437,50,55.035593
-1.78984,50,55.659063
-1.265162,50,56.315803
-1.538226,50,56.883348
-3.562289,50,57.339365
-1.93855,50,57.804578
-1.32145,50,58.260759
-1.421814,50,58.7307
-1.522659,50,59.192994
-2.557128,50,59.651846
-2.219942,50,60.100749
-1.741987,50,60.554475
-1.797695,50,61.021364
-2.148117,50,61.47187
-3.036547,50,61.931985
-1.743695,50,62.379485
-1.818666,50,62.845407
-2.067148,50,63.297187
-1.573657,50,63.739792
-1.565201,50,64.209876
-1.474738,50,64.664236
-2.331899,50,65.129983
-1.757021,50,65.593085
-0.832588,50,66.056224
-1.245788,50,66.519106
-1.856035,50,67.146083
-1.876189,50,67.744222
-1.55723,50,68.40045
-1.133513,50,69.011621
-1.24681,50,69.705639
-1.456376,50,70.176362
-1.32749,50,70.648583
-1.480004,50,71.135036
-1.074194,50,71.614114
-1.34131,50,72.078567
-1.073138,50,72.571433
-1.447341,50,73.035353
-1.113208,50,73.508392
-1.29338,50,73.970437
-0.933158,50,74.443314
-1.131128,50,74.903173
-1.093865,50,75.40256
-1.472531,50,75.87794
-1.043448,50,76.349277
-0.788915,50,76.806528
-0.84243,50,77.262323
-1.473689,50,77.732768
-0.919727,50,78.189337
-1.237007,50,78.668949
-1.307145,50,79.123459
-1.028078,50,79.594906
-1.266729,50,80.211751
-2.84874,50,80.878209
-3.129739,50,81.564764
-1.871238,50,82.210237
-0.793354,50,82.894837
-1.263682,50,83.393594
-1.380936,50,83.874321
-1.557196,50,84.340087
-1.570915,50,84.84069
-0.875353,50,85.311318
-1.803724,50,85.781268
-1.078646,50,86.238032
-1.745525,50,86.699747
-0.870203,50,87.16178
-0.905074,50,87.63058
-1.061419,50,88.099954
-0.755001,50,88.56182
-1.512392,50,89.046078
-1.602331,50,89.493696
-1.002996,50,89.962495
-1.428659,50,90.424297
-1.834489,50,90.886794
-1.125214,50,91.334254
-0.910168,50,91.791841
-1.256379,50,92.277375
-1.491145,50,92.747965
-2.064468,50,93.373977
-0.994813,50,93.988326
-0.886875,50,94.624929
-1.135518,50,95.247203
-1.880874,50,95.914896
-1.242749,50,96.448158
-1.03183,50,96.901975
-1.500215,50,97.385374
-0.815993,50,97.837788
-1.382174,50,98.305603
-1.36002,50,98.761079
-2.269606,50,99.23183
-1.273424,50,99.684627
-1.419137,50,100.136394
-1.882272,50,100.607285
-1.155531,50,101.064801
-1.503432,50,101.536794
-2.418521,50,101.992429
-1.050522,50,102.460738
-1.961722,50,102.924241
-1.298984,50,103.396139
-1.702244,50,103.852308
-1.350996,50,104.306784
-1.479486,50,104.773403
-1.626784,50,105.229247
-1.47473,50,105.694702
-2.510729,50,106.215744
-1.052374,50,106.849167
-1.268886,50,107.473685
-1.614582,50,108.109267
-1.909858,50,108.743959
-2.242291,50,109.387195
-2.461538,50,109.861401
-1.394363,50,110.316144
-1.922648,50,110.781655
-2.680655,50,111.247711
-1.422662,50,111.73953
-1.323906,50,112.203222
-1.252874,50,112.656904
-2.50316,50,113.132193
-2.119353,50,113.602991
-1.525003,50,114.067625
-1.629741,50,114.53433
-2.423126,50,115.024016
-2.192162,50,115.488854
-1.43881,50,115.973381
-1.22629,50,116.430634
-2.137133,50,116.899054
-1.006736,50,117.35979
-1.764248,50,117.809587
-1.371044,50,118.282462
-2.74939,50,118.739716
-2.229207,50,119.218436
-1.149213,50,119.898821
-1.163646,50,120.545512
-1.659891,50,121.19141
-1.290716,50,121.811151
-1.300932,50,122.498804
-1.595677,50,122.95568
-1.529895,50,123.417726
-1.293482,50,123.863426
-1.277904,50,124.332304
-1.950163,50,124.791572
-1.444398,50,125.271469
-1.392926,50,125.726722
-1.595606,50,126.18464
-1.073678,50,126.661823
-1.721954,50,127.118015
-1.459984,50,127.586604
-1.722461,50,128.052224
-1.885494,50,128.524494
-1.882164,50,128.983638
-1.489551,50,129.454807
-1.495663,50,129.918202
-1.716052,50,130.370269
-1.225174,50,130.834605
-1.498967,50,131.300748
-1.203659,50,131.764841
-1.97818,50,132.230504
-1.408862,50,132.839419
-1.926977,50,133.454238
-1.270846,50,134.098556
-1.618087,50,134.728235
-1.320214,50,135.373954
-1.432707,50,135.922846
-1.194219,50,136.380331
-1.753997,50,136.841724
-1.550381,50,137.303125
-1.878085,50,137.761452
-1.764901,50,138.220164
-1.421498,50,138.672569
-2.473363,50,139.144122
-2.167993,50,139.607418
-1.433998,50,140.072511
-1.302818,50,140.531904
-2.077305,50,141.013791
-1.647464,50,141.508637
-1.527203,50,141.986794
-1.53699,50,142.441432
-1.045022,50,142.90681
-1.373724,50,143.390467
-1.629998,50,143.841236
-1.236284,50,144.313625
-1.713816,50,144.780539
-1.259743,50,145.259588
-1.860068,50,145.784966
-1.221014,50,146.461848
-1.468321,50,147.095353
-1.573025,50,147.728893
-1.510237,50,148.400471
-1.229762,50,148.995291
-1.454518,50,149.477144
-1.409122,50,149.931197
-1.201759,50,150.401242
-2.132529,50,150.86041
-0.960443,50,151.354923
-1.314383,50,151.804586
-1.494973,50,152.271371
-1.21417,50,152.733408
-1.561064,50,153.196197
-0.768567,50,153.672322
-1.958561,50,154.128634
-1.35548,50,154.60363
-1.205914,50,155.065751
-1.093028,50,155.543419
-1.05499,50,156.017386
-1.122814,50,156.492445
-1.505009,50,156.954893
-1.010763,50,157.415996
-0.960658,50,157.887568
-1.599207,50,158.347017
-1.716506,50,158.845216
-1.29607,50,159.487826
-1.295849,50,160.124321
-1.330478,50,160.75725
-1.613223,50,161.371881
-1.222591,50,162.024934
-1.072715,50,162.499857
-1.571664,50,162.967164
-1.373019,50,163.424448
-1.884584,50,163.908059
-1.783483,50,164.366629
-1.433741,50,164.824672
-1.520523,50,165.30073
-1.489022,50,165.767939
-1.034928,50,166.237475
-1.347691,50,166.685096
-1.67969,50,167.158773
-0.926402,50,167.640512
-1.042711,50,168.105687
-2.507714,50,168.5663
-1.428649,50,169.043037
-1.097445,50,169.502505
-1.442236,50,169.960158
-1.724114,50,170.425813
-2.253424,50,170.875292
-1.662433,50,171.345634
-1.611662,50,171.824159
-1.311037,50,172.438235
-1.251614,50,173.034483
-1.823376,50,173.714733
-1.594075,50,174.35415
-1.420107,50,175.037192
-0.953358,50,175.554747
-1.361904,50,176.019424
-1.330769,50,176.503572
-1.238772,50,176.968584
-1.714121,50,177.444565
-1.913421,50,177.917912
-1.420274,50,178.377243
-1.6928,50,178.855547
-1.039177,50,179.317363
-1.096794,50,179.794912
-1.962491,50,180.251204
-1.588702,50,180.718627
-1.025063,50,181.206487
-1.269046,50,181.674374
-1.785414,50,182.134562
-1.171616,50,182.599192
-0.716728,50,183.045361
-1.146388,50,183.498405
-0.873133,50,183.965684
-1.131155,50,184.436137
-1.455713,50,184.900835
-1.245458,50,185.464939
-1.351549,50,186.08894
-1.125651,50,186.733044
-1.390259,50,187.365005
-1.579685,50,188.016587
-0.810653,50,188.580656
-1.521238,50,189.051501
-1.664121,50,189.514738
-1.122148,50,189.976464
-1.608098,50,190.452434
-1.029715,50,190.937004
-1.787709,50,191.402268
-1.427317,50,191.858959
-1.373114,50,192.328001
-0.7969,50,192.77636
-1.442733,50,193.253072
-1.288302,50,193.717738
-1.842151,50,194.200962
-1.711237,50,194.669007
-1.503144,50,195.147866
-1.424503,50,195.609617
-0.826041,50,196.077727
-0.978861,50,196.541693
-1.452472,50,196.991369
-1.24298,50,197.453039
-2.605681,50,197.903473
-1.53642,50,198.409583
-0.798601,50,199.039033
-1.809076,50,199.6967
-1.035742,50,200.330339
-1.211097,50,200.95453
-0.969266,50,201.592248
-1.269476,50,202.07448
-0.854226,50,202.543628
-1.477074,50,203.008845
-1.587953,50,203.493238
-0.905837,50,203.958718
-1.311309,50,204.42579
-0.918345,50,204.91759
-0.922533,50,205.380572
-1.374512,50,205.846471
-1.570925,50,206.303866
-0.973482,50,206.773481
-1.380424,50,207.237271
-1.280016,50,207.703326
-1.142804,50,208.197619
-0.719052,50,208.664419
-0.973695,50,209.146485
-1.077142,50,209.612772
-1.247753,50,210.07804
-1.207952,50,210.54629
-0.7565,50,211.016693
-1.155137,50,211.471697
-0.763529,50,212.118234
-1.020555,50,212.732624
-0.877192,50,213.381399
-0.794803,50,213.997035
-0.986755,50,214.697809
-0.845108,50,215.160506
-1.276118,50,216.353511
-1.913068,50,216.839964
-0.978511,50,217.320389
-0.965437,50,217.781429
-1.07104,50,218.252737
-1.229872,50,218.70949
-1.020759,50,219.191989
-1.313528,50,219.644132
-1.38838,50,220.108437
-1.241839,50,220.56438
-0.877029,50,221.012403
-0.990551,50,221.481325
-0.840957,50,221.947908
-1.75993,50,222.422669
-1.275685,50,222.874785
-0.873871,50,223.3352
-1.760107,50,223.803476
-1.218517,50,224.286704
-0.794444,50,224.786061
-1.150871,50,225.432034
-0.971763,50,226.074355
-1.018338,50,226.693306
-1.125257,50,227.318983
-0.887178,50,227.936926
-0.927626,50,228.393604
-0.905792,50,228.859864
-0.843061,50,229.31319
-1.044004,50,229.782603
-0.998258,50,230.252778
-0.740821,50,230.726573
-1.2461,50,231.181567
-1.005275,50,231.65724
-1.123753,50,232.16563
-1.932438,50,232.647258
-1.092419,50,233.10134
-1.089364,50,233.565412
-1.175429,50,234.029866
-0.848785,50,234.484054
-0.817474,50,234.938203
-1.069616,50,235.39647
-1.326382,50,235.867943
-1.192392,50,236.323244
-0.969808,50,236.803809
-1.275491,50,237.257278
-1.009147,50,237.7147
-0.872061,50,238.361816
-0.768121,50,238.972358
-0.757216,50,239.610469
-0.885087,50,240.237078
-0.973725,50,240.913883
-0.661151,50,241.381456
-1.103623,50,241.840529
-0.871284,50,242.309424
-1.019064,50,242.76346
-0.963044,50,243.23166
-0.959211,50,243.688436
-0.717004,50,244.156278
-1.137689,50,244.616657
-0.539045,50,245.078703
-0.524239,50,245.541913
-1.285996,50,246.000381
-1.231382,50,246.469029
-1.200014,50,246.924109
-0.785501,50,247.415156
-1.129843,50,247.874166
-0.823695,50,248.342483
-0.842634,50,248.794223
-0.696749,50,249.279493
-1.000097,50,249.739327
-0.772561,50,250.19905
-0.629628,50,250.687476
-0.829808,50,251.276128
-0.664912,50,251.921208
-0.81869,50,252.572625
-1.044003,50,253.18003
-1.101403,50,253.834948
-0.569038,50,254.396722
-0.780721,50,254.880278
-0.773338,50,255.355525
-0.770662,50,255.82084
-1.164791,50,256.279673
-1.096526,50,256.752427
-0.809628,50,257.208358
-1.360772,50,257.687548
-1.032253,50,258.145669
-2.005939,50,258.635958
-0.946231,50,259.088705
-1.139675,50,259.544235
-0.931191,50,260.012111
-0.987087,50,260.469788
-1.083938,50,260.936408
-0.790977,50,261.388216
-0.832157,50,261.866699
-0.807156,50,262.366966
-0.802225,50,262.844253
-0.895915,50,263.304183
-1.492722,50,263.786793
-1.783395,50,264.349753
-1.206432,50,265.004652
-0.740179,50,265.645484
-1.383727,50,266.309886
-1.042323,50,266.967826
-2.414119,50,267.560468
-1.145309,50,268.019528
-1.246122,50,268.49177
-0.994205,50,268.978618
-0.77998,50,269.469622
-0.648643,50,269.926732
-1.284984,50,270.441497
-1.257887,50,270.894336
-0.896672,50,271.361774
-1.019417,50,271.808866
-0.933971,50,272.29468
-1.659359,50,272.760848
-0.797144,50,273.21134
-0.908848,50,273.667388
-1.03557,50,274.129404
-0.812093,50,274.618942
-0.706397,50,275.072396
-1.016568,50,275.566657
-0.647173,50,276.026722
-0.97465,50,276.499887
-1.225257,50,276.96564
-0.637825,50,277.510239
-1.179768,50,278.168478
-0.756735,50,278.814726
-1.148498,50,279.443027
-2.426579,50,280.10147
-1.390116,50,280.721694
-1.400549,50,281.17417
-1.142109,50,281.642398
-1.065886,50,282.105044
-1.036575,50,282.570688
-0.675473,50,283.045796
-1.36441,50,283.502512
-0.904528,50,283.964632
-0.922442,50,284.430613
-1.062251,50,284.896146
-1.608672,50,285.361499
-1.118669,50,285.832866
-0.558987,50,286.296325
-0.931332,50,286.774692
-0.803249,50,287.233035
-0.855177,50,287.693802
-0.796956,50,288.169329
-0.921306,50,288.647981
-1.236995,50,289.115997
-0.726426,50,289.611796
-1.188455,50,290.097429
-1.155158,50,290.619413
-1.077371,50,291.258904
-1.323854,50,291.877128
-0.691757,50,292.546142
-0.765019,50,293.18042
-0.797182,50,293.811274
-1.280761,50,294.283899
-0.861999,50,294.748933
-0.83087,50,295.219338
-0.815136,50,295.67533
-0.810608,50,296.138126
-0.896736,50,296.625287
-1.452353,50,297.081288
-0.852141,50,297.549297
-0.724187,50,298.009814
-1.054636,50,298.485499
-1.322125,50,298.949955
-1.098083,50,299.424607
-0.609006,50,299.87649
-1.32286,50,300.356298
-1.1257,50,300.826349
-0.943241,50,301.281336
-1.130939,50,301.744262
-1.282406,50,302.222491
-0.676404,50,302.690093
-0.735225,50,303.140238
-0.809922,50,303.610756
-0.641133,50,304.230148
-0.978687,50,304.832329
-1.178192,50,305.478243
-0.93621,50,306.095365
-0.778904,50,306.787628
-0.844656,50,307.275108
-1.231568,50,307.741561
-0.613947,50,308.194495
-0.806512,50,308.654433
-0.967319,50,309.112491
-1.497535,50,309.568535
-1.134039,50,310.049187
-0.736562,50,310.502239
-0.589417,50,310.969202
-1.20844,50,311.432963
-1.244231,50,311.902091
-0.758399,50,312.369678
-0.910404,50,312.849797
-0.916293,50,313.31861
-1.247139,50,313.785805
-1.143544,50,314.26197
-0.818834,50,314.714298
-1.117339,50,315.18966
-1.480414,50,315.649671
-1.244723,50,316.122149
-0.827757,50,316.576974
-0.893496,50,317.127409
-0.945157,50,317.777339
-0.953802,50,318.430327
-0.864092,50,319.049903
-0.931463,50,319.69038
-1.490375,50,320.278494
-1.427781,50,320.733325
-1.179236,50,321.192668
-0.747119,50,321.649348
-0.884005,50,322.112558
-1.043279,50,322.62884
-0.91445,50,323.088464
-0.923541,50,323.567625
-0.877477,50,324.021477
-0.938634,50,324.495235
-1.178952,50,324.990285
-0.883374,50,325.458657
-1.693578,50,325.908223
-1.071039,50,326.380528
-0.812943,50,326.829661
-0.966213,50,327.281189
-1.182835,50,327.738949
-0.794728,50,328.193853
-1.04748,50,328.663059
-1.015127,50,329.117759
-0.897606,50,329.588287
-0.729583,50,330.070317
-0.479882,50,330.717925
-0.967747,50,331.342905
-0.915357,50,331.974015
-1.10312,50,332.617415
-0.830864,50,333.259439
-1.705163,50,333.742446
-0.853034,50,334.202445
-0.897684,50,334.666799
-1.094613,50,335.140051
-1.721423,50,335.620573
-0.757287,50,336.08538
-0.503581,50,336.548857
-0.663867,50,337.023179
-0.838682,50,337.486438
-0.711118,50,337.949169
-0.758193,50,338.418649
-0.898552,50,338.884311
-1.301443,50,339.353876
-0.884581,50,339.795413
-1.152464,50,340.270513
-0.756964,50,340.725392
-0.915457,50,341.189806
-1.497875,50,341.640083
-1.038797,50,342.110393
-0.896825,50,342.570928
-0.794052,50,343.029325
-0.693483,50,343.632856
-0.799688,50,344.259219
-0.902034,50,344.898209
-1.004662,50,345.533696
-1.010037,50,346.229705
-0.57142,50,346.727453
-0.65626,50,347.186361
-0.713112,50,347.665262
-0.695836,50,348.136171
-0.674275,50,348.612523
-1.197786,50,349.066691
-0.557226,50,349.563901
-0.692698,50,350.063309
-0.932224,50,350.53332
-0.955016,50,350.987442
-0.845066,50,351.455987
-0.79529,50,351.90538
-1.268937,50,352.383591
-0.651125,50,352.879974
-1.038288,50,353.339899
-1.059308,50,353.811697
-1.464095,50,354.284591
-0.780684,50,354.750163
-0.863325,50,355.204303
-1.117661,50,355.678717
-0.859657,50,356.139647
-0.977411,50,356.735367
-0.61213,50,357.337045
-0.720069,50,357.975773
-0.728159,50,358.584394
-0.615668,50,359.253953
-0.855288,50,359.813753
-0.586991,50,360.276135
-0.827803,50,360.731394
-1.05484,50,361.209356
-0.829617,50,361.669182
-0.737264,50,362.132427
-1.096168,50,362.597389
-1.198561,50,363.059426
-0.891033,50,363.517526
-0.68534,50,363.978601
-0.783572,50,364.451811
-0.982524,50,364.91398
-1.006625,50,365.383335
-1.038038,50,365.83654
-0.878289,50,366.30906
-0.709743,50,366.755755
-0.67368,50,367.225469
-0.64578,50,367.677414
-0.803331,50,368.141863
-1.034175,50,368.596211
-0.572189,50,369.057684
-0.753355,50,369.52437
-0.820527,50,370.20685
-0.630652,50,370.840216
-0.903445,50,371.484109
-1.106534,50,372.088809
-0.718079,50,372.761077
-1.035294,50,373.21438
-0.871163,50,373.684339
-1.177183,50,374.136307
-0.8976,50,374.605439
-0.749322,50,375.048584
-1.020931,50,375.52048
-0.632552,50,375.98074
-1.034769,50,376.457781
-0.815443,50,376.930655
-0.606868,50,377.393613
-0.86236,50,377.847283
-0.791719,50,378.318528
-0.826116,50,378.793448
-0.908199,50,379.280907
-1.291508,50,379.762595
-1.269178,50,380.235635
-0.944679,50,380.701072
-0.709776,50,381.162442
-0.718304,50,381.640784
-0.717213,50,382.116371
-0.809866,50,382.625844
-0.50125,50,383.276776
-0.763413,50,383.912265
-1.274987,50,384.583729
-1.075313,50,385.230643
-1.287593,50,385.95674
-0.884677,50,386.438731
-0.88747,50,386.916259
-0.905788,50,387.373618
-0.746749,50,387.828359
-0.945222,50,388.290189
-0.472756,50,388.746214
-0.647089,50,389.214354
-1.176816,50,389.665273
-1.326494,50,390.120883
-0.806846,50,390.57817
-0.906988,50,391.041666
-0.760077,50,391.526278
-0.665199,50,391.978848
-1.82737,50,392.470273
-0.931566,50,392.923295
-0.98807,50,393.394599
-1.128987,50,393.845602
-0.683883,50,394.316672
-0.782977,50,394.771857
-1.277106,50,395.279945
-0.791329,50,395.752126
-1.150292,50,396.37879
-0.734613,50,396.987204
-1.88184,50,397.682008
-1.126045,50,398.290173
-0.83562,50,398.971818
-0.787099,50,399.482664
-0.821152,50,399.947483
-1.485186,50,400.403543
-0.873547,50,400.872877
-1.086538,50,401.326283
-0.674406,50,401.792642
-0.998883,50,402.237648
-0.63766,50,402.698498
-0.842225,50,403.158971
-0.782863,50,403.631246
-0.870388,50,404.08313
-0.726594,50,404.544062
-0.810645,50,404.9982
-0.555751,50,405.452221
-0.610043,50,405.919733
-0.873777,50,406.385697
-0.893392,50,406.853396
-1.184054,50,407.313402
-0.906482,50,407.772467
-0.899332,50,408.23203
-0.904843,50,408.710806
-0.668502,50,409.2545
-2.049644,50,409.872119
-3.482592,50,410.511397
-1.459509,50,411.13449
-1.410087,50,411.750543
-1.533536,50,412.364311
-0.620508,50,412.849317
-0.93369,50,413.313479
-0.466341,50,413.768794
-0.817475,50,414.240913
-0.9364,50,414.694478
-1.731689,50,415.178685
-0.782684,50,415.634153
-0.674788,50,416.096284
-0.755241,50,416.556654
-0.805431,50,417.012276
-0.685305,50,417.485062
-0.705371,50,417.948957
-0.632857,50,418.423533
-0.663962,50,418.896872
-0.864044,50,419.389067
-1.158696,50,419.837111
-0.876064,50,420.312065
-0.935461,50,420.761197
-0.543826,50,421.2258
-1.018887,50,421.692655
-0.747759,50,422.149877
-1.058988,50,422.786696
-0.856119,50,423.400368
-1.318462,50,424.025646
-0.800604,50,424.670761
-0.760712,50,425.347857
-0.842014,50,425.808409
-0.775063,50,426.261458
-0.679022,50,426.7314
-0.980272,50,427.18287
-0.843435,50,427.647239
-0.900166,50,428.100762
-0.661786,50,428.572408
-1.059447,50,429.029465
-1.017011,50,429.497166
-0.963664,50,429.961263
-1.130211,50,430.415287
-1.612251,50,430.894918
-0.709217,50,431.347978
-0.970718,50,431.817507
-1.014577,50,432.274051
-1.301766,50,432.743641
-0.87454,50,433.200089
-1.245725,50,433.648806
-0.90439,50,434.112451
-0.870568,50,434.570935
-0.899589,50,435.031708
-0.861378,50,435.561323
-0.622044,50,436.201135
-0.86047,50,436.819466
-0.755448,50,437.435323
-0.943517,50,438.051565
-0.795924,50,438.653209
-1.036081,50,439.110601
-0.874899,50,439.568328
-1.096835,50,440.03406
-0.750946,50,440.491391
-0.808495,50,440.948226
-1.008654,50,441.404721
-1.032364,50,441.845879
-0.963423,50,442.325803
-1.397187,50,442.811827
-1.367027,50,443.285173
-0.698755,50,443.747434
-0.963231,50,444.217166
-0.910739,50,444.684786
-1.322428,50,445.200707
-0.670618,50,445.664343
-0.734493,50,446.119467
-1.731706,50,446.585141
-0.801978,50,447.046207
-0.788792,50,447.510718
-1.220686,50,447.96065
-1.096149,50,448.43557
-1.991023,50,449.1
-0.66962,50,449.726587
-0.962357,50,450.351619
-0.595963,50,450.971744
-0.535078,50,451.633505
-0.894184,50,452.085303
-0.81003,50,452.572435
-0.851516,50,453.023693
-1.043725,50,453.476531
-1.178349,50,453.939364
-0.851288,50,454.395966
-0.839674,50,454.864941
-0.665628,50,455.319843
-0.619499,50,455.797913
-1.018922,50,456.254112
-1.021165,50,456.75922
-0.980039,50,457.212246
-0.651928,50,457.66156
-0.706402,50,458.122494
-0.689803,50,458.576282
-0.740858,50,459.03529
-0.890483,50,459.497881
-0.535114,50,459.971769
-0.730496,50,460.426176
-1.34534,50,460.892473
-1.087395,50,461.339287
-0.991531,50,461.89778
-1.662161,50,462.507104
-0.973449,50,463.151156
-0.673615,50,463.755552
-0.803498,50,464.411318
-0.881108,50,464.967354
-1.147971,50,465.44882
-0.96301,50,465.915222
-0.821622,50,467.105822
-1.028399,50,467.56046
-0.78035,50,468.020318
-0.800258,50,468.488307
-0.552976,50,468.944578
-0.705741,50,469.422681
-1.027287,50,469.882642
-0.920509,50,470.351458
-0.726061,50,470.813828
-1.159878,50,471.301952
-1.948446,50,471.764615
-0.662602,50,472.234714
-1.302566,50,472.683158
-1.57935,50,473.185461
-0.684762,50,473.656672
-0.675618,50,474.111615
-0.798031,50,474.584886
-0.898448,50,475.210174
-1.350528,50,475.865712
-0.923168,50,476.515888
-0.577332,50,477.134994
-0.898261,50,477.828189
-0.570669,50,478.283947
-0.724805,50,478.741197
-0.928062,50,479.213258
-1.052383,50,479.67449
-0.661605,50,480.129974
-1.069309,50,480.585866
-1.177334,50,481.04708
-0.793225,50,481.491598
-0.885129,50,481.95905
-0.985871,50,482.416321
-0.918647,50,482.887016
-1.237917,50,483.341388
-1.86467,50,483.81127
-1.04529,50,484.273494
-0.709663,50,484.738094
-0.997141,50,485.19671
-0.861364,50,485.649586
-0.778866,50,486.113217
-0.735747,50,486.580734
-0.775032,50,487.037331
-0.574676,50,487.49116
-0.91889,50,488.034919
-1.596604,50,488.677707
-1.049899,50,489.315882
-1.095927,50,489.921788
-1.710037,50,490.552246
-0.904192,50,491.157514
-1.042861,50,491.613645
-0.924548,50,492.06737
-0.690101,50,492.534132
-0.729314,50,492.992129
-0.513775,50,493.459268
-0.891446,50,493.91871
-1.168516,50,494.38547
-0.902351,50,494.83967
-1.032386,50,495.305821
-0.793656,50,495.758805
-0.754905,50,496.22714
-0.677102,50,496.682322
-0.794865,50,497.150748
-0.695099,50,497.620471
-0.7249,50,498.085999
-0.69058,50,498.562094
-0.614642,50,499.016821
-1.178663,50,499.492168
-1.144478,50,499.949809
-0.89782,50,500.421453
-2.265605,50,500.887554
-1.229646,50,501.540361
-1.402928,50,502.153725
-0.471009,50,502.855477
-0.536565,50,503.522789
-0.535115,50,504.212629
-0.786388,50,504.694361
-0.619614,50,505.180808
-0.953979,50,505.643406
-0.81684,50,506.099613
-0.572311,50,506.555985
-0.779148,50,507.030921
-0.742472,50,507.499511
-0.690904,50,507.976409
-1.049534,50,508.443726
-0.756508,50,508.914912
-0.662368,50,509.373448
-0.770365,50,509.842547
-1.032711,50,510.304474
-0.991112,50,510.760507
-0.939274,50,511.23654
-0.728182,50,511.686286
-1.252404,50,512.153015
-1.198287,50,512.620526
-0.812903,50,513.108668
-0.797356,50,513.566432
-0.88834,50,514.034329
-0.711307,50,514.642324
-1.006724,50,515.256207
-1.161251,50,515.887572
-0.847836,50,516.506039
-0.612313,50,517.214805
-1.069041,50,517.706902
-1.238001,50,518.155994
-1.056243,50,518.652099
-0.821696,50,519.120325
-0.689757,50,519.612715
-1.26277,50,520.064167
-0.774117,50,520.535084
-1.135499,50,520.986254
-0.746615,50,521.465843
-2.059114,50,521.924349
-0.73788,50,522.389647
-0.93728,50,522.856189
-0.870303,50,523.30867
-0.714187,50,523.761368
-0.65244,50,524.214678
-0.737593,50,524.681317
-1.106182,50,525.144765
-1.009054,50,525.616543
-0.885106,50,526.064448
-0.811916,50,526.529462
-0.802561,50,526.989086
-0.736232,50,527.534043
-0.744693,50,528.182008
-0.876712,50,528.819784
-0.518104,50,529.42468
-1.024513,50,530.050487
-0.793438,50,530.645438
-0.759371,50,531.111398
-0.393877,50,531.562421
-0.816994,50,532.048275
-0.754501,50,532.506278
-0.627824,50,532.981122
-0.81315,50,533.470568
-0.401058,50,533.942693
-0.831981,50,534.415825
-0.742292,50,534.896468
-1.087269,50,535.354177
-1.42846,50,535.803583
-0.872334,50,536.271984
-0.775356,50,536.714813
-0.870628,50,537.183304
-1.156215,50,537.633142
-0.774944,50,538.096309
-0.894573,50,538.564492
-0.905455,50,539.02854
-0.682477,50,539.479218
-0.867277,50,539.932636
-0.488799,50,540.412398
-0.531032,50,541.053741
-0.680422,50,541.668379
-0.883169,50,542.348272
-0.738331,50,542.957267
-0.872485,50,543.646942
-0.922285,50,544.109281
-0.592013,50,544.576054
-0.760107,50,545.030144
-0.954437,50,545.49832
-0.949196,50,545.945635
-0.756847,50,546.425654
-0.809845,50,546.881233
-0.780889,50,547.348574
-0.864211,50,547.794173
-1.224357,50,548.249138
-0.853139,50,548.712259
-0.919347,50,549.168879
-0.476743,50,549.639366
-0.64606,50,550.089832
-0.538522,50,550.563318
-0.711756,50,551.014407
-0.602954,50,551.476818
-0.984159,50,551.926227
-0.829307,50,552.403709
-0.395977,50,552.863326
-0.729065,50,553.318388
-0.8724,50,553.860173
-0.53303,50,554.50307
-0.690539,50,555.135645
-1.224656,50,555.764182
-1.195593,50,556.402745
-0.86751,50,556.990248
-0.886346,50,557.454631
-0.611591,50,557.916391
-0.692987,50,558.366257
-0.705529,50,558.83267
-0.64301,50,559.288064
-1.072754,50,559.749081
-0.808264,50,560.21723
-0.837567,50,560.671671
-0.456083,50,561.137456
-0.999472,50,561.605814
-0.771371,50,562.072298
-0.557793,50,562.539114
-0.457342,50,563.007538
-0.624567,50,563.494494
-0.929876,50,563.954319
-0.65541,50,564.425104
-1.462511,50,564.907473
-0.876412,50,565.38362
-0.935874,50,565.850814
-0.810906,50,566.33113
-0.594505,50,566.80462
-0.788626,50,567.46343
-0.583162,50,568.082768
-0.71597,50,568.724267
-0.690199,50,569.343559
-0.891912,50,569.976991
-0.864489,50,570.447427
-1.131141,50,570.901182
-0.519402,50,571.373571
-0.872816,50,571.824719
-0.877289,50,572.289572
-0.914548,50,572.800663
-2.138395,50,573.278763
-1.410916,50,573.748223
-0.836313,50,574.205887
-0.528815,50,574.681794
-0.793023,50,575.13542
-0.960564,50,575.609664
-0.716134,50,576.074475
-0.677611,50,576.560973
-0.827494,50,577.021809
-0.798622,50,577.49807
-0.821616,50,577.951627
-0.662905,50,578.421453
-1.325249,50,578.91008
-0.723121,50,579.367561
-0.691922,50,579.829492
-0.656091,50,580.489875
-1.88664,50,581.173119
-0.728194,50,581.837904
-0.726913,50,582.449318
-0.567579,50,583.130288
-0.671138,50,583.588801
-0.465878,50,584.058399
-0.580815,50,584.518732
-0.794256,50,584.995891
-1.184787,50,585.47589
-0.927128,50,585.947231
-1.870268,50,586.421698
-0.814262,50,586.877259
-0.556675,50,587.350629
-1.369918,50,587.805756
-0.70661,50,588.272026
-0.8574,50,588.727333
-0.97613,50,589.196705
-0.675741,50,589.652254
-0.49321,50,590.115129
-1.927288,50,590.593861
-1.803713,50,591.078164
-0.658378,50,591.537508
-0.917922,50,592.018476
-1.027621,50,592.532372
-1.212297,50,593.028802
-0.486635,50,593.7058
-0.766557,50,594.323096
-0.615019,50,594.954778
-0.353783,50,595.57274
-0.592026,50,596.265542
-0.560773,50,596.734749
-0.703818,50,597.198752
-0.688162,50,597.666732
-0.611811,50,598.121167
-1.097522,50,598.595122
-0.763998,50,599.052797
-1.549254,50,599.533846
-1.017702,50,599.994208
-1.32134,50,600.467362
-0.53159,50,600.929529
-0.58099,50,601.385761
-0.826394,50,601.844218
-0.562845,50,602.2995
-0.684462,50,602.77385
-0.844069,50,603.237666
-1.05382,50,603.702452
-0.617994,50,604.152724
-0.760479,50,604.6373
-0.715984,50,605.089714
-0.663292,50,605.548824
-0.758197,50,606.021937
-0.475208,50,606.596015
-0.724381,50,607.22966
-2.119557,50,607.899776
-1.800764,50,608.536943
-0.776701,50,609.221185
-0.818641,50,609.750174
-0.588965,50,610.225556
-0.780515,50,610.680798
-0.818899,50,611.152419
-0.417245,50,611.614215
-0.694954,50,612.076479
-1.747685,50,612.552016
-0.751933,50,613.049317
-0.880893,50,613.506271
-1.037264,50,613.957663
-0.890329,50,614.433851
-0.678012,50,614.898124
-0.454378,50,615.385339
-0.536391,50,615.838305
-0.636515,50,616.309826
-0.598315,50,616.77177
-0.573964,50,617.242792
-0.68457,50,617.706167
-0.538868,50,618.159277
-0.627839,50,618.634434
-0.526147,50,619.085181
-0.537695,50,619.616622
-0.969867,50,620.238234
-1.79416,50,620.893631
-2.01547,50,621.523332
-0.922485,50,622.15177
-0.835379,50,622.756008
-0.958405,50,623.221604
-0.64457,50,623.723588
-1.475387,50,624.196887
-0.656773,50,624.6802
-2.373799,50,625.170633
-0.685022,50,625.644943
-0.715638,50,626.102451
-0.869374,50,626.575467
-0.794544,50,627.044316
-0.674893,50,627.505553
-0.882671,50,627.986935
-0.549911,50,628.464599
-1.359499,50,628.955962
-0.875174,50,629.413281
-0.682223,50,629.882893
-0.49922,50,630.336425
-0.697735,50,630.811613
-0.786054,50,631.269422
-0.917004,50,631.737108
-0.451612,50,632.199226
-0.798107,50,632.71699
-0.815387,50,633.382162
-1.624143,50,634.021124
-0.718996,50,634.643368
-0.792834,50,635.286257
-0.64651,50,635.894352
-0.866034,50,636.366277
-1.017196,50,636.842427
-0.780598,50,637.314703
-1.484482,50,637.781156
-0.887451,50,638.260502
-0.923985,50,638.716194
-0.736121,50,639.202404
-1.245258,50,639.666942
-1.271715,50,640.127685
-0.732645,50,640.596527
-0.645375,50,641.06322
-0.820337,50,641.527917
-0.620682,50,641.987506
-0.850645,50,642.462795
-0.810432,50,642.93149
-0.518198,50,643.418427
-0.815113,50,643.874883
-0.703433,50,644.34983
-1.902479,50,644.836574
-0.659064,50,645.311651
-0.909161,50,645.791715
-0.804193,50,646.443767
-0.84246,50,647.074105
-0.761,50,647.717551
-0.499959,50,648.330158
-0.79112,50,648.950193
-0.661537,50,649.411961
-0.830833,50,649.87951
-0.947969,50,650.334053
-0.707891,50,650.796643
-0.773893,50,651.267955
-0.644952,50,651.736171
-0.605663,50,652.197622
-0.665618,50,652.664067
-0.677972,50,653.127997
-0.624286,50,653.595212
-0.930786,50,654.098339
-1.708101,50,654.567745
-1.824645,50,655.056117
-0.685749,50,655.519831
-0.641144,50,655.987606
-0.770981,50,656.455582
-0.592404,50,656.929537
-0.778068,50,657.386251
-1.252968,50,657.866533
-0.669401,50,658.32367
-0.834458,50,658.781214
-0.647551,50,659.427253
-0.874881,50,660.052031
-0.653159,50,660.678384
-1.106759,50,661.298841
-0.591727,50,661.967755
-0.534855,50,662.442386
-0.509566,50,662.905596
-0.837276,50,663.386474
-6.077506,50,663.852122
-1.91056,50,664.323798
-0.978536,50,664.774504
-1.149884,50,665.241694
-1.1988,50,665.708328
-0.700211,50,666.158312
-0.887078,50,666.625113
-0.819297,50,667.078403
-0.668247,50,667.547199
-0.996071,50,668.001279
-0.83536,50,668.469729
-0.663587,50,668.929105
-0.604148,50,669.400599
-0.622195,50,669.855058
-1.887708,50,670.321689
-0.693598,50,670.793136
-0.516887,50,671.250476
-1.41013,50,671.730043
-0.476456,50,672.304246
-0.468901,50,672.923743
-0.625476,50,673.566294
-0.693252,50,674.179193
-0.727671,50,674.834834
-0.684444,50,675.384145
-1.228984,50,675.856351
-3.231582,50,676.316886
-1.15001,50,676.786985
-1.280135,50,677.264684
-0.644783,50,677.73945
-0.586624,50,678.195971
-0.609527,50,678.646103
-0.590677,50,679.111733
-0.530355,50,679.571364
-0.835075,50,680.059286
-0.686342,50,680.518577
-0.552097,50,680.991492
-0.557194,50,681.451602
-0.664097,50,681.914807
-0.976145,50,682.373589
-1.087759,50,682.854996
-0.572762,50,683.314534
-0.603088,50,683.769244
-0.996062,50,684.266742
-0.73072,50,684.723204
-1.918112,50,685.279142
-0.897317,50,685.906237
-0.965875,50,686.575658
-0.640742,50,687.220851
-0.660843,50,687.855524
-0.518343,50,688.478728
-0.707717,50,688.937091
-1.136665,50,689.440746
-0.722312,50,689.909694
-0.739424,50,690.387285
-0.516239,50,690.846284
-0.910333,50,691.326048
-0.81273,50,691.784605
-0.62416,50,692.259426
-0.584998,50,692.732716
-0.75099,50,693.201945
-0.65116,50,693.697451
-0.882707,50,694.159704
-0.854721,50,694.644553
-0.799064,50,695.101442
-0.942161,50,695.570248
-0.895932,50,696.026232
-0.6431,50,696.520304
-1.267785,50,697.040977
-0.7613,50,697.521694
-0.810955,50,697.986357
-0.630877,50,698.558682
-0.840116,50,699.179879
-0.924709,50,699.820896
-1.686397,50,700.467759
-0.434114,50,701.115084
-0.659951,50,701.694226
-0.452178,50,702.171206
-0.489425,50,702.630559
-0.566224,50,703.088532
-0.742633,50,703.56678
-0.422637,50,704.033023
-0.738392,50,704.489974
-0.550417,50,704.962346
-1.799298,50,705.440296
-0.721186,50,705.908532
-0.810384,50,706.36528
-1.366026,50,706.828722
-1.291691,50,707.295092
-0.737323,50,707.746389
-1.203421,50,708.227993
-0.63579,50,708.685535
-0.693561,50,709.156492
-0.593994,50,709.614747
-0.663534,50,710.08453
-0.745151,50,710.542601
-0.764729,50,711.025087
-1.07645,50,711.539222
-0.795179,50,712.193715
-0.651518,50,712.83402
-0.631624,50,713.482154
-0.606978,50,714.135038
-0.741628,50,714.753687
-0.70775,50,715.210091
-0.563164,50,715.688462
-1.0574,50,716.14469
-1.543037,50,716.622901
-0.724152,50,717.08838
-0.868119,50,718.269825
-0.915376,50,718.732093
-1.110011,50,719.196024
-0.815846,50,719.655454
-0.879977,50,720.115635
-0.58042,50,720.594771
-0.980172,50,721.05549
-0.749544,50,721.531223
-0.636958,50,721.997719
-0.603751,50,722.45476
-0.842871,50,722.915013
-0.508161,50,723.3759
-1.451134,50,723.860627
-0.760445,50,724.323737
-0.829172,50,724.910006
-1.005898,50,725.538785
-0.540364,50,726.234149
-0.989528,50,726.85834
-0.798835,50,727.553738
-1.032548,50,728.10386
-0.884837,50,728.605382
-0.718597,50,729.081318
-0.66407,50,729.53766
-0.816731,50,730.001482
-0.553459,50,730.461231
-0.532386,50,730.927616
-0.758214,50,731.385479
-0.966356,50,731.834285
-0.490031,50,732.309902
-0.708198,50,732.762487
-0.422978,50,733.227863
-0.627863,50,733.681473
-0.561194,50,734.148959
-0.632754,50,734.605275
-0.820175,50,735.061176
-0.782204,50,735.511096
-0.494552,50,735.961576
-0.728779,50,736.430505
-0.610782,50,736.884934
-0.555934,50,737.357357
-0.903964,50,737.868199
-0.624575,50,738.500293
-0.975996,50,739.113389
-0.85583,50,739.738453
-0.858753,50,740.380973
-0.608893,50,740.99419
-0.689643,50,741.465695
-0.701259,50,741.913621
-0.586932,50,742.385377
-0.612799,50,742.842146
-0.523629,50,743.300555
-0.443995,50,743.773489
-0.888596,50,744.269381
-0.913784,50,744.742165
-0.872886,50,745.199013
-0.751683,50,745.661714
-1.785335,50,746.122696
-1.249942,50,746.608032
-0.970273,50,747.062065
-0.582265,50,747.536474
-0.544353,50,747.998499
-0.762662,50,748.45202
-1.075632,50,748.911117
-0.811244,50,749.374768
-0.767126,50,749.856904
-1.37373,50,750.315275
-1.393303,50,750.783274
-0.756009,50,751.412712
-0.78398,50,752.063011
-0.363533,50,752.708341
-0.408951,50,753.324149
-0.803273,50,754.013172
-0.716319,50,754.474332
-0.656502,50,754.945468
-0.566769,50,755.409535
-0.866203,50,755.867977
-1.141728,50,756.339697
-1.538648,50,756.8077
-0.806316,50,757.283646
-0.93796,50,757.739488
-1.744277,50,758.222739
-0.496984,50,758.675269
-0.812385,50,759.139176
-0.505639,50,759.597794
-0.856062,50,760.066244
-0.732478,50,760.536686
-0.653597,50,760.99345
-0.491437,50,761.46691
-0.537506,50,761.924624
-0.686328,50,762.399257
-0.667339,50,762.855561
-0.621618,50,763.348556
-0.622029,50,763.841829
-0.675181,50,764.469183
-0.757074,50,765.090306
-1.547007,50,765.784819
-0.767546,50,766.438761
-0.910007,50,767.105376
-0.800622,50,767.610621
-0.618087,50,768.06215
-1.146866,50,768.557615
-0.620564,50,769.02011
-0.574376,50,769.488335
-0.794317,50,769.942271
-0.434739,50,770.400618
-0.868874,50,770.868443
-1.342879,50,771.329609
-0.761412,50,771.796388
-0.447543,50,772.260163
-0.480771,50,772.744666
-0.796463,50,773.201002
-1.642533,50,773.694024
-0.569889,50,774.191472
-0.815892,50,774.70131
-0.558546,50,775.156319
-1.074636,50,775.64591
-0.638532,50,776.109331
-1.689559,50,776.592767
-0.787814,50,777.074302
-0.560581,50,777.696374
-0.534994,50,778.321091
-0.59979,50,778.984754
-0.359697,50,779.592994
-0.469282,50,780.28218
-0.770261,50,780.791564
-0.79457,50,781.265678
-0.939309,50,781.720723
-0.627466,50,782.194457
-0.482342,50,782.653511
-0.675661,50,783.124538
-0.392203,50,783.583434
-0.532787,50,784.049337
-0.591225,50,784.511661
-0.833092,50,784.97023
-0.894884,50,785.441709
-1.038608,50,785.905717
-1.142155,50,786.380352
-0.448434,50,786.833505
-0.539535,50,787.304403
-0.647048,50,787.759551
-0.451188,50,788.235699
-0.417367,50,788.698397
-0.536302,50,789.171438
-0.719564,50,789.631946
-0.667993,50,790.087808
-1.095961,50,790.647609
-1.025122,50,791.284469
-0.67035,50,791.919531
-0.402122,50,792.547511
-0.479854,50,793.178592
-0.767812,50,793.74733
-0.604674,50,794.195482
-0.583939,50,794.660588
-1.992588,50,795.117861
-0.621343,50,795.585623
-0.45567,50,796.044084
-0.817967,50,796.528788
-0.869496,50,796.982953
-0.979665,50,797.436412
-0.717443,50,797.899044
-0.783489,50,798.355912
-0.580724,50,798.823828
-0.805721,50,799.275794
-0.610537,50,799.737728
-0.68553,50,800.192222
-0.461091,50,800.655265
-0.597936,50,801.105741
-0.42922,50,801.563249
-0.722323,50,802.033383
-0.727156,50,802.489245
-1.004809,50,802.977126
-0.514241,50,803.43231
-0.996886,50,804.073293
-1.121816,50,804.726388
-0.957015,50,805.375261
-1.045655,50,806.009085
-0.775828,50,806.699578
-0.538789,50,807.180024
-0.529948,50,807.641349
-0.665224,50,808.104474
-0.415935,50,808.577692
-0.577119,50,809.045528
-0.439125,50,809.50174
-0.486805,50,809.958259
-0.446173,50,810.439417
-0.6285,50,810.897246
-0.57298,50,811.368053
-0.592964,50,811.827514
-0.807908,50,812.30316
-0.346318,50,812.760327
-0.53565,50,813.235769
-0.783543,50,813.715854
-0.405506,50,814.202417
-0.50656,50,814.670584
-0.634258,50,815.133799
-0.519354,50,815.607393
-1.017726,50,816.088351
-0.870704,50,816.554373
-0.518952,50,817.156658
-0.54251,50,817.791568
-0.657664,50,818.451365
-1.326771,50,819.0816
-1.037983,50,819.782012
-0.505741,50,820.25746
-0.651475,50,820.72736
-0.836159,50,821.191344
-1.204587,50,821.669971
-0.562134,50,822.121239
-0.670216,50,822.577379
-0.367033,50,823.049682
-0.454712,50,823.501248
-0.99431,50,823.987125
-0.74887,50,824.451671
-0.548247,50,824.931552
-0.627009,50,825.396932
-0.395818,50,825.870595
-0.706328,50,826.330523
-1.758348,50,826.815457
-0.982746,50,827.287157
-0.765638,50,827.759382
-0.586966,50,828.258473
-0.657904,50,828.712636
-0.508831,50,829.182228
-0.652908,50,829.631026
-0.653543,50,830.246624
-0.573747,50,830.851275
-0.506168,50,831.492659
-0.829465,50,832.109806
-0.797986,50,832.75994
-0.873743,50,833.308138
-0.91674,50,833.771395
-0.764653,50,834.245332
-0.622135,50,834.729286
-0.910574,50,835.221662
-1.455044,50,835.694334
-0.974185,50,836.172007
-0.872704,50,836.644811
-0.491762,50,837.11163
-0.472796,50,837.588673
-0.69021,50,838.055413
-0.797792,50,838.532446
-0.696139,50,838.98803
-0.799392,50,839.452433
-0.428253,50,839.906348
-0.609744,50,840.391431
-0.698474,50,840.850017
-0.633939,50,841.324741
-0.508751,50,841.786501
-0.872366,50,842.253827
-0.797012,50,842.732981
-1.491447,50,843.343439
-0.733083,50,843.961043
-0.83747,50,844.630663
-0.733984,50,845.25153
-0.413955,50,845.915535
-0.517554,50,846.43708
-0.817933,50,846.907661
-0.618357,50,847.363347
-0.924748,50,847.845107
-0.737722,50,848.303488
-0.432999,50,848.767245
-0.565359,50,849.223775
-0.955395,50,849.694177
-0.764326,50,850.154014
-0.765761,50,850.614695
-0.414744,50,851.083278
-0.767594,50,851.541306
-1.089853,50,852.007621
-0.890464,50,852.470346
-0.817646,50,852.938473
-0.562188,50,853.39078
-0.369175,50,853.85313
-1.753188,50,854.329847
-1.248588,50,854.775588
-0.732024,50,855.251475
-0.460962,50,855.713785
-0.583056,50,856.249222
-0.714346,50,856.884273
-0.616243,50,857.532554
-0.361909,50,858.151937
-0.563214,50,858.769453
-0.435808,50,859.386482
-0.597417,50,859.840621
-0.386016,50,860.311232
-0.668076,50,860.776036
-0.60208,50,861.248457
-0.801233,50,861.707506
-0.585239,50,862.166261
-0.576951,50,862.640793
-0.747646,50,863.095407
-0.548713,50,863.561299
-0.50938,50,864.013317
-0.652322,50,864.48977
-0.578177,50,864.972669
-0.485316,50,865.451784
-0.385205,50,865.893813
-0.579057,50,866.365493
-0.586925,50,866.822292
-0.483802,50,867.279485
-1.031271,50,867.745207
-0.768332,50,868.212065
-0.808485,50,868.697225
-0.74376,50,869.148504
-0.679192,50,869.786426
-0.661598,50,870.395383
-0.940652,50,871.040919
-1.138904,50,871.645027
-0.642044,50,872.323932
-0.764803,50,872.801212
-1.684682,50,873.273244
-0.394398,50,873.737009
-1.190802,50,874.212212
-0.354321,50,874.667274
-0.362102,50,875.134742
-0.787064,50,875.606633
-0.695085,50,876.078085
-0.876871,50,876.536358
-0.774842,50,877.008154
-0.575303,50,877.476317
-0.543264,50,877.942117
-0.518074,50,878.404474
-0.68511,50,878.87477
-0.417588,50,879.349559
-0.760931,50,879.815551
-0.773431,50,880.28239
-0.39954,50,880.727984
-1.586923,50,881.199913
-0.877609,50,881.648239
-0.58075,50,882.117547
-0.617083,50,882.679633
-0.632778,50,883.299226
-0.3801,50,883.919974
-0.503043,50,884.551772
-0.455537,50,885.196264
-0.614818,50,885.741844
-0.76818,50,886.21202
-0.758632,50,886.677716
-0.374345,50,887.127937
-0.544195,50,887.585988
-0.70614,50,888.032251
-0.833763,50,888.503002
-0.902103,50,888.958255
-0.830782,50,889.429815
-0.645952,50,889.904633
-0.484675,50,890.37804
-0.535941,50,890.819296
-0.660141,50,891.277274
-0.512603,50,891.738144
-0.409348,50,892.202026
-0.60355,50,892.665611
-0.586278,50,893.125561
-0.667581,50,893.602726
-1.689058,50,894.074908
-0.362948,50,894.538476
-0.823197,50,895.014932
-0.755783,50,895.488194
-0.644196,50,896.147488
-0.444045,50,896.783279
-0.504718,50,897.418952
-1.549084,50,898.083247
-0.790984,50,898.735325
-0.524187,50,899.208321
-0.624486,50,899.672585
-0.60451,50,900.158182
-0.979939,50,900.632896
-1.120894,50,901.120908
-0.754386,50,901.57522
-0.639949,50,902.042216
-0.506798,50,902.49836
-0.916391,50,902.958998
-0.917673,50,903.426889
-0.637013,50,903.893619
-0.715942,50,904.352669
-0.429731,50,904.802522
-0.615232,50,905.269234
-0.545975,50,905.71845
-0.422158,50,906.201395
-1.013435,50,906.675806
-0.473546,50,907.143062
-0.423186,50,907.607821
-1.648648,50,908.102394
-1.626347,50,908.580311
-1.185078,50,909.243733
-1.367671,50,909.852973
-0.867446,50,910.502859
-0.402879,50,911.111748
-0.581472,50,911.78676
-0.878296,50,912.253111
-0.582188,50,912.713678
-0.78021,50,913.177042
-0.968702,50,913.650104
-0.523299,50,914.099391
-0.693264,50,914.575808
-0.803416,50,915.0257
-0.581303,50,915.536307
-0.745865,50,916.008784
-0.670916,50,916.492288
-0.790257,50,916.955388
-0.49356,50,917.428228
-0.487687,50,917.875299
-0.815908,50,918.349
-0.640806,50,918.813783
-0.683436,50,919.291706
-1.046385,50,919.771216
-0.340121,50,920.239743
-0.674606,50,920.7063
-0.571485,50,921.161539
-0.933543,50,921.627298
-0.794488,50,922.259821
-0.60827,50,922.884917
-0.573962,50,923.525459
-0.797698,50,924.138916
-0.523565,50,924.861801
-0.503264,50,925.36163
-0.689938,50,925.817589
-0.52882,50,926.288749
-0.592187,50,926.745077
-0.768465,50,927.210657
-1.048283,50,927.673959
-0.856995,50,928.140893
-0.693793,50,928.608866
-0.301445,50,929.079193
-0.484767,50,929.536871
-0.392313,50,929.999658
-0.633818,50,930.461569
-1.023559,50,930.922813
-0.629823,50,931.389881
-0.463004,50,931.835274
-0.48412,50,932.308154
-0.57604,50,932.761569
-1.244643,50,933.240031
-0.484178,50,933.691776
-0.900434,50,934.162732
-0.616605,50,934.614196
-0.701683,50,935.151305
-0.560037,50,935.787269
-0.642955,50,936.458145
-0.5258,50,937.072229
-0.540733,50,937.725246
-0.872077,50,938.294778
-0.542386,50,938.765672
-0.436492,50,939.2383
-0.403048,50,939.706928
-1.049403,50,940.175457
-0.65953,50,940.655634
-0.683973,50,941.107638
-0.573047,50,941.587634
-0.4272,50,942.041564
-0.866844,50,942.519189
-0.701448,50,942.978831
-0.447091,50,943.439717
-0.834717,50,943.902758
-0.744544,50,944.369437
-0.784326,50,944.830509
-0.535158,50,945.288245
-0.456818,50,945.747589
-0.477749,50,946.208606
-0.630597,50,946.672076
-0.599767,50,947.124377
-0.752987,50,947.597594
-0.870748,50,948.084798
-0.973483,50,948.745935
-0.797213,50,949.367077
-0.599973,50,949.992661
-0.681861,50,950.618738
-0.375774,50,951.2885
-0.497743,50,951.737476
-0.574562,50,952.205184
-0.613054,50,952.665646
-0.358752,50,953.134147
-0.641935,50,953.603235
-0.526512,50,954.064885
-0.410415,50,954.527506
-0.637125,50,954.97927
-0.759349,50,955.486765
-0.704258,50,955.943546
-0.499789,50,956.426588
-0.613079,50,956.878588
-0.340602,50,957.34768
-0.309184,50,957.8003
-0.812276,50,958.272709
-0.733818,50,958.742342
-1.159,50,959.207871
-0.705316,50,959.653232
-0.673946,50,960.096527
-0.70384,50,960.566606
-0.701113,50,961.026317
-0.647059,50,961.646454
-0.550568,50,962.291182
-0.809572,50,962.93712
-0.271306,50,963.556264
-0.636017,50,964.213109
-0.589366,50,964.714044
-0.547454,50,965.164019
-0.846155,50,965.632775
-0.69583,50,966.086363
-0.719994,50,966.563632
-0.640615,50,967.013914
-0.386516,50,967.466791
-0.563923,50,967.925114
-0.549739,50,969.091436
-0.420945,50,969.548201
-0.610197,50,970.016535
-0.399417,50,970.471685
-0.850684,50,970.954069
-0.642532,50,971.400703
-0.428622,50,971.859983
-0.548257,50,972.327758
-0.738249,50,972.799695
-0.473894,50,973.259506
-0.550036,50,973.727226
-2.004533,50,974.200901
-0.626643,50,974.841095
-0.896964,50,975.456009
-0.545181,50,976.125376
-0.543567,50,976.726107
-0.906017,50,977.409662
-1.469581,50,977.879667
-0.836488,50,978.350379
-0.833496,50,978.804228
-0.836561,50,979.290773
-0.63752,50,979.736004
-0.614139,50,980.199885
-0.557148,50,980.656103
-0.854911,50,981.12048
-0.807307,50,981.567378
-0.714723,50,982.017096
-0.878868,50,982.499028
-0.612124,50,982.95223
-1.105165,50,983.42483
-0.644934,50,983.878408
-0.417232,50,984.346979
-0.787806,50,984.856712
-0.810829,50,985.368697
-0.783058,50,985.823398
-0.676228,50,986.294988
-0.543886,50,986.754665
-0.860361,50,987.212547
-1.267737,50,987.816726
-0.637323,50,988.435924
-0.718336,50,989.085637
-2.018727,50,989.737404
-0.697532,50,990.39499
-0.558424,50,990.925595
-0.661377,50,991.386374
-0.855175,50,991.852588
-0.593386,50,992.310988
-0.628924,50,992.778702
-0.383203,50,993.236826
-0.589608,50,993.710627
-0.707302,50,994.157808
-0.505775,50,994.630343
-0.724133,50,995.08147
-1.453642,50,995.557962
-0.672375,50,996.035783
-0.649642,50,996.52635
-0.622545,50,997.010045
-0.578979,50,997.478041
-0.909712,50,997.962914
-0.78356,50,998.420443
-0.739727,50,998.89197
-0.798299,50,999.35151
-0.523095,50,999.82569
-1.234526,50,1000.288434
-0.811872,50,1000.82712
-0.662374,50,1001.456864
-0.598954,50,1002.116865
-0.635647,50,1002.734813
-0.773766,50,1003.384324
-0.463531,50,1003.9544
-0.362632,50,1004.423297
-0.558189,50,1004.893576
-0.479047,50,1005.383268
-0.57713,50,1005.849453
-0.357801,50,1006.319594
-0.637412,50,1006.790015
-0.524972,50,1007.295849
-0.645112,50,1007.765859
-0.470795,50,1008.24851
-0.692532,50,1008.704616
-1.509201,50,1009.194082
-0.768944,50,1009.651283
-0.625471,50,1010.122292
-0.40654,50,1010.588413
-0.601582,50,1011.050743
-0.554336,50,1011.535086
-0.954123,50,1011.993914
-0.686032,50,1012.472512
-0.576606,50,1012.956812
-0.381414,50,1013.447957
-0.890498,50,1014.012613
-0.954002,50,1014.659203
-1.025925,50,1015.313056
-1.181288,50,1015.992358
-0.410671,50,1016.642975
-0.784023,50,1017.215971
-0.763658,50,1017.688257
-0.584912,50,1018.146415
-0.477329,50,1018.606094
-0.550572,50,1019.080795
-0.371205,50,1019.54457
-0.420771,50,1020.01641
-0.573512,50,1020.479653
-0.584074,50,1020.950464
-0.796918,50,1021.414477
-0.498257,50,1021.88468
-0.513679,50,1022.350329
-0.614214,50,1022.820829
-0.656011,50,1023.286981
-0.550339,50,1023.746726
-0.72871,50,1024.220364
-0.785384,50,1024.675021
-0.613259,50,1025.150923
-0.600527,50,1025.609302
-0.719114,50,1026.080168
-0.773049,50,1026.543669
-0.694223,50,1027.063344
-0.454925,50,1027.685426
-0.676969,50,1028.307183
-0.654674,50,1028.917472
-0.485791,50,1029.556027
-1.934395,50,1030.199323
-1.231085,50,1030.654681
-0.617991,50,1031.134964
-0.641575,50,1031.583261
-0.591677,50,1032.031324
-0.559704,50,1032.499265
-0.473506,50,1032.952231
-1.483055,50,1033.435434
-0.25797,50,1033.886268
-0.460845,50,1034.360008
-0.527379,50,1034.819962
-0.52557,50,1035.289095
-0.514533,50,1035.744192
-0.492012,50,1036.198633
-0.589937,50,1036.668212
-0.584533,50,1037.12423
-0.526824,50,1037.593158
-1.002992,50,1038.066658
-0.644083,50,1038.530418
-0.722514,50,1039.001244
-0.778692,50,1039.467539
-0.502387,50,1039.91195
-1.762294,50,1040.530631
-0.580132,50,1041.157132
-0.598583,50,1041.811458
-0.498926,50,1042.417575
-0.591313,50,1043.101626
-0.505475,50,1043.583226
-1.989048,50,1044.055428
-0.239597,50,1044.497746
-0.51816,50,1044.994793
-1.770095,50,1045.493044
-0.500077,50,1045.967076
-0.60875,50,1046.417223
-0.689836,50,1046.876329
-0.442243,50,1047.341509
-0.541663,50,1047.801903
-1.166693,50,1048.272366
-0.582389,50,1048.724139
-1.60958,50,1049.212885
-0.849433,50,1049.67239
-0.444801,50,1050.136011
-0.663715,50,1050.595257
-0.34699,50,1051.066752
-0.599811,50,1051.519322
-0.780843,50,1051.976808
-0.300636,50,1052.433248
-0.568264,50,1052.907488
-0.507515,50,1053.465054
-0.434438,50,1054.091611
-1.729386,50,1054.747111
-0.534001,50,1055.373352
-0.649634,50,1056.017366
-1.615924,50,1056.589333
-0.394585,50,1057.041009
-0.604327,50,1057.521852
-0.545775,50,1057.977604
-0.505456,50,1058.443753
-0.483825,50,1058.908075
-0.483098,50,1059.38045
-0.469615,50,1059.831245
-0.583782,50,1060.302792
-0.679415,50,1060.755476
-0.485951,50,1061.222757
-0.666641,50,1061.689701
-0.765308,50,1062.142194
-0.810027,50,1062.611629
-0.687685,50,1063.07956
-0.510083,50,1063.543429
-0.828158,50,1063.990435
-1.858873,50,1064.469271
-0.336114,50,1064.9149
-0.610298,50,1065.37067
-0.731679,50,1065.836356
-1.088384,50,1066.305498
-0.901112,50,1066.959908
-1.735309,50,1067.579709
-0.792718,50,1068.200858
-0.538133,50,1068.821735
-0.494933,50,1069.47421
-0.556344,50,1069.933838
-0.399712,50,1070.388188
-0.656557,50,1070.846057
-0.641262,50,1071.296144
-0.516188,50,1071.746298
-0.514575,50,1072.199214
-1.080855,50,1072.666322
-0.676933,50,1073.135565
-0.395301,50,1073.601646
-0.534921,50,1074.0699
-0.930696,50,1074.522868
-0.532177,50,1074.990958
-0.632035,50,1075.490629
-0.515503,50,1075.991442
-1.467829,50,1076.453744
-0.629171,50,1076.95369
-0.640122,50,1077.43439
-0.586478,50,1077.882373
-0.678388,50,1078.347953
-0.832853,50,1078.808235
-0.671214,50,1079.27884
-0.658534,50,1079.87901
-0.417198,50,1080.497605
-0.603694,50,1081.149636
-0.612561,50,1081.756536
-0.636462,50,1082.444261
-0.669204,50,1082.895699
-0.534228,50,1083.364032
-0.524108,50,1083.821131
-0.635305,50,1084.285926
-0.655529,50,1084.743329
-0.470588,50,1085.205501
-0.576587,50,1085.669128
-0.765509,50,1086.130163
-0.656402,50,1086.597625
-0.572092,50,1087.050294
-0.557724,50,1087.523201
-0.586708,50,1087.974314
-0.460922,50,1088.438548
-0.543094,50,1088.890193
-0.597042,50,1089.348589
-1.127112,50,1089.823656
-0.860309,50,1090.272198
-0.718637,50,1090.735071
-0.387979,50,1091.181089
-0.526786,50,1091.642846
-0.804716,50,1092.088123
-0.53781,50,1092.632154
-0.369512,50,1093.250837
-0.513695,50,1093.886033
-0.479314,50,1094.496334
-0.369232,50,1095.124678
-0.533393,50,1095.719743
-0.620668,50,1096.18257
-0.416627,50,1096.637126
-0.348219,50,1097.109317
-0.532479,50,1097.600439
-0.793104,50,1098.067735
-0.383665,50,1098.526808
-0.623773,50,1099.003314
-0.561022,50,1099.462342
-0.804579,50,1099.927077
-0.945583,50,1100.387459
-1.405824,50,1100.855705
-0.624378,50,1101.327844
-1.061711,50,1101.791926
-1.512367,50,1102.278224
-0.410617,50,1102.735221
-1.127835,50,1103.205472
-1.756644,50,1103.660733
-0.968199,50,1104.141296
-0.57834,50,1104.610035
-0.554351,50,1105.089462
-0.841035,50,1105.608374
-0.782377,50,1106.277435
-0.56827,50,1106.917274
-0.527234,50,1107.552948
-0.597853,50,1108.153457
-0.478743,50,1108.794957
-0.504302,50,1109.266488
-0.436356,50,1109.725862
-0.400948,50,1110.179245
-0.730099,50,1110.660105
-0.409843,50,1111.118333
-0.421511,50,1111.589027
-0.620111,50,1112.041281
-0.968732,50,1112.519207
-0.533419,50,1112.976979
-0.361326,50,1113.452483
-0.721589,50,1113.903691
-0.573687,50,1114.361354
-0.798853,50,1114.829705
-0.538695,50,1115.286279
-0.466192,50,1115.747646
-0.413635,50,1116.200142
-0.588618,50,1116.675757
-0.627349,50,1117.12513
-0.727724,50,1117.595399
-0.689959,50,1118.044733
-0.710181,50,1118.505218
-0.476692,50,1119.105558
-0.443973,50,1119.721153
-0.603263,50,1120.356753
-0.564317,50,1120.973972
-0.687521,50,1121.641787
-0.653591,50,1122.149692
-0.446666,50,1122.609339
-0.599624,50,1123.080088
-0.611848,50,1123.543444
-0.890785,50,1124.007287
-0.688628,50,1124.484953
-0.762749,50,1124.952305
-0.833022,50,1125.404299
-0.655664,50,1125.857105
-0.353792,50,1126.327301
-0.655679,50,1126.782813
-0.512349,50,1127.246572
-0.42538,50,1127.690665
-0.653787,50,1128.147296
-0.54777,50,1128.605125
-0.280006,50,1129.060204
-0.57569,50,1129.517581
-0.75364,50,1129.958959
-0.739155,50,1130.442648
-0.711301,50,1130.886497
-0.285088,50,1131.350992
-0.444729,50,1131.823506
-0.473489,50,1132.47274
-0.51426,50,1133.103984
-0.893517,50,1133.749852
-0.684979,50,1134.383301
-0.563662,50,1135.016582
-0.616297,50,1135.492369
-0.560105,50,1135.974562
-0.538979,50,1136.44216
-0.566216,50,1136.911424
-0.501339,50,1137.380502
-0.33782,50,1137.858137
-0.45954,50,1138.31875
-0.534389,50,1138.78129
-1.466253,50,1139.254495
-0.739047,50,1139.730636
-0.755176,50,1140.188759
-0.5994,50,1140.663372
-0.774863,50,1141.120242
-0.32565,50,1141.586943
-0.627461,50,1142.049163
-0.732999,50,1142.506358
-0.632252,50,1142.970546
-0.559166,50,1143.425376
-0.467737,50,1143.884829
-0.5509,50,1144.340341
-0.463989,50,1144.807575
-0.733461,50,1145.423689
-0.715438,50,1146.042336
-0.579403,50,1146.698998
-0.599841,50,1147.308766
-0.73235,50,1148.004921
-0.315502,50,1148.475282
-0.773496,50,1148.942384
-0.541128,50,1149.401307
-1.305431,50,1149.874241
-0.919435,50,1150.343093
-0.611274,50,1150.800234
-1.057605,50,1151.274162
-1.07625,50,1151.714658
-0.567398,50,1152.172067
-0.642974,50,1152.625402
-0.600317,50,1153.088185
-0.585295,50,1153.54008
-0.292813,50,1153.995331
-0.467413,50,1154.462219
-0.32801,50,1154.911278
-0.375853,50,1155.383678
-0.605633,50,1155.838393
-0.504233,50,1156.310619
-0.625239,50,1156.758274
-0.785689,50,1157.216258
-0.606798,50,1157.66384
-0.468976,50,1158.168372
-0.419903,50,1158.790933
-0.282172,50,1159.429139
-0.627542,50,1160.044153
-0.542465,50,1160.682201
-0.518293,50,1161.291298
-0.830338,50,1161.770455
-0.642194,50,1162.227824
-0.57261,50,1162.694639
-1.137329,50,1163.164593
-0.7908,50,1163.642635
-0.879823,50,1164.084218
-0.568629,50,1164.555957
-0.519897,50,1165.023552
-1.781423,50,1165.508908
-0.595872,50,1165.983705
-0.517977,50,1166.448978
-0.392828,50,1166.913691
-0.306528,50,1167.366251
-0.397835,50,1167.830118
-0.678613,50,1168.290079
-0.731753,50,1168.75532
-0.836823,50,1169.207276
-0.766568,50,1169.67538
-0.468811,50,1170.150575
-0.569852,50,1170.612195
-0.404423,50,1171.068916
-0.493221,50,1171.685721
-0.450584,50,1172.319177
-1.629143,50,1173.031635
-0.373777,50,1173.636106
-0.547632,50,1174.316729
-0.419373,50,1174.771613
-0.352245,50,1175.241339
-0.541564,50,1175.68641
-0.718437,50,1176.150653
-0.35939,50,1176.613585
-0.608132,50,1177.090891
-0.531614,50,1177.555207
-0.41258,50,1178.016986
-1.448443,50,1178.486803
-1.794655,50,1178.960566
-0.927669,50,1179.413316
-0.41763,50,1179.853117
-0.748229,50,1180.31987
-0.25752,50,1180.774596
-0.455654,50,1181.256922
-0.446418,50,1181.703717
-0.493301,50,1182.159196
-0.61053,50,1182.618375
-0.370823,50,1183.068925
-0.480835,50,1183.532052
-0.994091,50,1183.997179
-0.634964,50,1184.557004
-0.445602,50,1185.171813
-0.479825,50,1185.79814
-0.551024,50,1186.426484
-0.460896,50,1187.043761
-0.484985,50,1187.629182
-0.50187,50,1188.078398
-0.801362,50,1188.55136
-0.768558,50,1189.009333
-0.354207,50,1189.475297
-0.388012,50,1189.927465
-0.260879,50,1190.384315
-0.515062,50,1190.84437
-0.86067,50,1191.320409
-1.002168,50,1191.784252
-1.012596,50,1192.260075
-0.381588,50,1192.729409
-0.576699,50,1193.190703
-1.142644,50,1193.682924
-0.662571,50,1194.136377
-0.541268,50,1194.610486
-0.557127,50,1195.070235
-0.696612,50,1195.526599
-0.742409,50,1195.999296
-0.621347,50,1196.483657
-0.78895,50,1196.958241
-0.558489,50,1197.446823
-0.542999,50,1198.097141
-0.596935,50,1198.747813
-0.762027,50,1199.400393
-0.637215,50,1200.073565
-1.141922,50,1200.719022
-0.94867,50,1201.191847
-0.625858,50,1201.650946
-0.71724,50,1202.119336
-0.871766,50,1202.605369
-1.159376,50,1203.075783
-0.722396,50,1203.535626
-0.684449,50,1203.998531
-0.434356,50,1204.474259
-0.77983,50,1204.944118
-0.630918,50,1205.423828
-0.589019,50,1205.885799
-0.552912,50,1206.363179
-0.450265,50,1206.817275
-0.716346,50,1207.288269
-0.673315,50,1207.739049
-1.730388,50,1208.227566
-0.423888,50,1208.680392
-0.505592,50,1209.14854
-1.379943,50,1209.620588
-0.546243,50,1210.079711
-0.682715,50,1210.570548
-0.975166,50,1211.226617
-1.258774,50,1211.829287
-0.420436,50,1212.472295
-0.402532,50,1213.078088
-0.590988,50,1213.747601
-0.49725,50,1214.204822
-0.595114,50,1214.692016
-0.563757,50,1215.149414
-0.390983,50,1215.620245
-0.33356,50,1216.069508
-0.686205,50,1216.532413
-0.476129,50,1216.981381
-1.619802,50,1217.444596
-0.306738,50,1217.903148
-0.517571,50,1219.038693
-0.672534,50,1219.499226
-0.47852,50,1219.966494
-0.503556,50,1220.424574
-0.754256,50,1220.893819
-0.914778,50,1221.3602
-0.308358,50,1221.825581
-0.605431,50,1222.284554
-0.8212,50,1222.756175
-0.751624,50,1223.213817
-0.469181,50,1223.671166
-0.553752,50,1224.315113
-0.364118,50,1224.973301
-0.351281,50,1225.598489
-1.218077,50,1226.277024
-0.620101,50,1226.943464
-1.262502,50,1227.413051
-0.417781,50,1227.864158
-0.520068,50,1228.329301
-1.518239,50,1228.794961
-0.335163,50,1229.272399
-1.113065,50,1229.726485
-0.554083,50,1230.19572
-0.700725,50,1230.642985
-0.44288,50,1231.110458
-0.336905,50,1231.570427
-0.606464,50,1232.023255
-0.693739,50,1232.493701
-0.857736,50,1232.956673
-0.703637,50,1233.437553
-0.562143,50,1233.88976
-0.6262,50,1234.365183
-0.679176,50,1234.82562
-0.583326,50,1235.302849
-0.416527,50,1235.755656
-0.320447,50,1236.231322
-0.515351,50,1236.68657
-0.837948,50,1237.294043
-0.991511,50,1237.913357
-0.686353,50,1238.586716
-0.590165,50,1239.22482
-0.665695,50,1239.884555
-0.588932,50,1240.425833
-0.412766,50,1240.88924
-0.51146,50,1241.353159
-0.410192,50,1241.824454
-1.369169,50,1242.296745
-0.629532,50,1242.758245
-0.520311,50,1243.217287
-1.864024,50,1243.699933
-0.62985,50,1244.152124
-0.293352,50,1244.622449
-0.719974,50,1245.078547
-0.804235,50,1245.535666
-0.724902,50,1246.008683
-1.311405,50,1246.470711
-0.637661,50,1246.946785
-0.471778,50,1247.40119
-0.832189,50,1247.872802
-1.086039,50,1248.326299
-0.901112,50,1248.79564
-0.602085,50,1249.25306
-0.974408,50,1249.69627
-0.610776,50,1250.200089
-0.604001,50,1250.843473
-0.429765,50,1251.477002
-0.489231,50,1252.106095
-0.813618,50,1252.720842
-0.611767,50,1253.383303
-0.541579,50,1253.849832
-0.749602,50,1254.336889
-0.421159,50,1254.785377
-0.522032,50,1255.256353
-0.312273,50,1255.703424
-0.399237,50,1256.165455
-0.587018,50,1256.647836
-0.721112,50,1257.113398
-0.605002,50,1257.57139
-0.584363,50,1258.012407
-0.683762,50,1258.475805
-0.694606,50,1258.925686
-0.491647,50,1259.40151
-0.548439,50,1259.851099
-0.601706,50,1260.320266
-0.581743,50,1260.811688
-0.376963,50,1261.292403
-1.052225,50,1261.756976
-1.123527,50,1262.233551
-0.641194,50,1262.693611
-0.716384,50,1263.161828
-0.624541,50,1263.793078
-0.52733,50,1264.407427
-0.55222,50,1265.049891
-0.388987,50,1265.662008
-0.578396,50,1266.338526
-0.562205,50,1266.791758
-0.717224,50,1267.255376
-0.590204,50,1267.723373
-0.49417,50,1268.185297
-0.323976,50,1268.646149
-0.428767,50,1269.097399
-0.483129,50,1269.565032
-0.748344,50,1270.02154
-0.395364,50,1270.478221
-0.577905,50,1270.955222
-0.590337,50,1271.411935
-0.555057,50,1271.874841
-0.867979,50,1272.329294
-0.616705,50,1272.790902
-0.458003,50,1273.256609
-0.642242,50,1273.722667
-0.458092,50,1274.175462
-0.441948,50,1274.635699
-0.51417,50,1275.099377
-0.364392,50,1275.554506
-0.310521,50,1276.017301
-0.383682,50,1276.550402
-0.350215,50,1277.180593
-1.10093,50,1277.800043
-1.58047,50,1278.426558
-0.706198,50,1279.052541
-0.433116,50,1279.64455
-0.510429,50,1280.105613
-0.517173,50,1280.561944
-0.49095,50,1281.012142
-1.302112,50,1281.493871
-0.608598,50,1281.95672
-0.889246,50,1282.430823
-0.613874,50,1282.885255
-0.406239,50,1283.353468
-0.505287,50,1283.799528
-0.620777,50,1284.267639
-0.29826,50,1284.71858
-1.29925,50,1285.19537
-0.726249,50,1285.655257
-0.871741,50,1286.108512
-0.624406,50,1286.60537
-0.58392,50,1287.05512
-0.703326,50,1287.532588
-0.631227,50,1287.986779
-0.577925,50,1288.464605
-0.425527,50,1288.918541
-0.750142,50,1289.383223
-0.536143,50,1289.998452
-0.529261,50,1290.645077
-0.397814,50,1291.274035
-0.755611,50,1291.872364
-0.497543,50,1292.552499
-0.714438,50,1293.014772
-0.378504,50,1293.47118
-0.500505,50,1293.931349
-0.319795,50,1294.382113
-0.412478,50,1294.848236
-0.77245,50,1295.308713
-1.051146,50,1295.771554
-0.786148,50,1296.226281
-0.631798,50,1296.69135
-1.498183,50,1297.160731
-0.614089,50,1297.61782
-0.371785,50,1298.079302
-0.518857,50,1298.543589
-0.694193,50,1299.006589
-0.608872,50,1299.460231
-0.551563,50,1299.920002
-0.843925,50,1300.387605
-0.440023,50,1300.861886
-0.534751,50,1301.326725
-0.45507,50,1301.779456
-1.303948,50,1302.277105
-1.135781,50,1302.842332
-0.435104,50,1303.468142
-0.679605,50,1304.10144
-0.726978,50,1304.712317
-0.784384,50,1305.362141
-0.675195,50,1305.917158
-0.564604,50,1306.383336
-0.656864,50,1306.833019
-1.140132,50,1307.317326
-0.945479,50,1307.790836
-0.742872,50,1308.26189
-0.614733,50,1308.721532
-0.505147,50,1309.195858
-0.49409,50,1309.656089
-0.434339,50,1310.12171
-0.663457,50,1310.604761
-0.676574,50,1311.073507
-0.697886,50,1311.55469
-0.327049,50,1312.009216
-0.426846,50,1312.499212
-0.493723,50,1312.958231
-0.467609,50,1313.44043
-0.376779,50,1313.897153
-0.340236,50,1314.372709
-0.460612,50,1314.835064
-0.576035,50,1315.30134
-1.154976,50,1315.847789
-0.902195,50,1316.5014
-0.848596,50,1317.153676
-0.979662,50,1317.80681
-0.389549,50,1318.450133
-0.94814,50,1319.075068
-0.437132,50,1319.537288
-0.309849,50,1320.002305
-0.577523,50,1320.46048
-0.62371,50,1320.930275
-0.750128,50,1321.390748
-0.49643,50,1321.851131
-0.445861,50,1322.312234
-0.407834,50,1322.783453
-0.272461,50,1323.2839
-0.557247,50,1323.741102
-0.464826,50,1324.210964
-0.733087,50,1324.678678
-0.513474,50,1325.144556
-0.602537,50,1325.604503
-0.662259,50,1326.078031
-0.691576,50,1326.548984
-0.590404,50,1327.010407
-0.72776,50,1327.474743
-0.408734,50,1327.940374
-1.738313,50,1328.425805
-0.437466,50,1328.870289
-0.521375,50,1329.52988
-0.510638,50,1330.154492
-0.338881,50,1330.780222
-1.026453,50,1331.422431
-0.561296,50,1332.056682
-0.504259,50,1332.524409
-0.697526,50,1332.980699
-0.687239,50,1333.44803
-0.548748,50,1333.909189
-0.31807,50,1334.37874
-0.637206,50,1334.830847
-0.353938,50,1335.296176
-0.401464,50,1335.750519
-0.496978,50,1336.206101
-0.586647,50,1336.692886
-0.549576,50,1337.145519
-0.610339,50,1337.637687
-0.494375,50,1338.087047
-0.750987,50,1338.558602
-0.586013,50,1339.006098
-0.834063,50,1339.481761
-0.646591,50,1339.934346
-0.353158,50,1340.418167
-0.477149,50,1340.874293
-0.545074,50,1341.343023
-0.452394,50,1341.809449
-0.351766,50,1342.401738
-0.678906,50,1343.026925
-0.669373,50,1343.679786
-0.859705,50,1344.278566
-0.883287,50,1344.965726
-0.95625,50,1345.482878
-0.317178,50,1345.946151
-0.551336,50,1346.401566
-0.521482,50,1346.904233
-0.607284,50,1347.36955
-0.461184,50,1347.833628
-0.541603,50,1348.293997
-0.636654,50,1348.75447
-0.484917,50,1349.225238
-1.649567,50,1349.700474
-0.704828,50,1350.180886
-0.378676,50,1350.637137
-0.922406,50,1351.113779
-0.646372,50,1351.576621
-0.673751,50,1352.039175
-0.669323,50,1352.498113
-0.588403,50,1352.948345
-0.504582,50,1353.412288
-0.394155,50,1353.86234
-0.695255,50,1354.335369
-0.531285,50,1354.784105
-0.800907,50,1355.320997
-0.564736,50,1355.935626
-0.605001,50,1356.587293
-1.01645,50,1357.205611
-0.693688,50,1357.839438
-0.495138,50,1358.432516
-0.524877,50,1358.886647
-0.56483,50,1359.350157
-0.519553,50,1359.800922
-0.455228,50,1360.252423
-0.520553,50,1360.728158
-0.600678,50,1361.182182
-0.537344,50,1361.651608
-0.621311,50,1362.103389
-0.558375,50,1362.578045
-0.442946,50,1363.035353
-0.606704,50,1363.499469
-0.384844,50,1363.943679
-0.576379,50,1364.404879
-0.563462,50,1364.874358
-0.60808,50,1365.331156
-0.733314,50,1365.810699
-0.552359,50,1366.266582
-0.521144,50,1366.74183
-0.387831,50,1367.199429
-0.328534,50,1367.666615
-0.71498,50,1368.122406
-0.82473,50,1368.760494
-1.546394,50,1369.375845
-0.493055,50,1370.031301
-1.253425,50,1370.671715
-0.63177,50,1371.335882
-0.546056,50,1371.801284
-0.597298,50,1372.258196
-0.400829,50,1372.718404
-0.82028,50,1373.206921
-0.417401,50,1373.672772
-0.518558,50,1374.145784
-0.424646,50,1374.610584
-0.539421,50,1375.080751
-0.568093,50,1375.532168
-0.525576,50,1375.99141
-0.620501,50,1376.450157
-0.616474,50,1376.924221
-0.440763,50,1377.410064
-1.115918,50,1377.877006
-0.877531,50,1378.346381
-0.740535,50,1378.808953
-0.615837,50,1379.274272
-1.273917,50,1379.739164
-0.633479,50,1380.217354
-0.9774,50,1380.681562
-1.490982,50,1381.167618
-0.45061,50,1381.783607
-0.559696,50,1382.402402
-0.665514,50,1383.042805
-0.577659,50,1383.66717
-0.472422,50,1384.354729
-0.617816,50,1384.879531
-1.415537,50,1385.36613
-0.660679,50,1385.826565
-0.577227,50,1386.280688
-0.675549,50,1386.750142
-0.671667,50,1387.213788
-0.765889,50,1387.683281
-0.408447,50,1388.135804
-0.471651,50,1388.60875
-0.521584,50,1389.060357
-0.438789,50,1389.538466
-0.691488,50,1390.003417
-0.597094,50,1390.462471
-0.66747,50,1390.931183
-0.5635,50,1391.392543
-0.520693,50,1391.859465
-0.411979,50,1392.323185
-0.792154,50,1392.805915
-0.421143,50,1393.263192
-0.626796,50,1393.762834
-1.519585,50,1394.241723
-0.606151,50,1394.856093
-0.655456,50,1395.461841
-0.563605,50,1396.117168
-0.501298,50,1396.720591
-0.705821,50,1397.394612
-1.456517,50,1397.924954
-0.528341,50,1398.383138
-0.404876,50,1398.834234
-0.386503,50,1399.301834
-0.37695,50,1399.764051
-1.00085,50,1400.249774
-0.747792,50,1400.765029
-1.186204,50,1401.27737
-0.654233,50,1401.741072
-0.43756,50,1402.220507
-0.742054,50,1402.675166
-0.538004,50,1403.157627
-0.570771,50,1403.613087
-0.592444,50,1404.086927
-0.869761,50,1404.540879
-1.056945,50,1405.007312
-1.382724,50,1405.473849
-0.884168,50,1405.930539
-0.460114,50,1406.405481
-0.503793,50,1406.864881
-0.395258,50,1407.366217
-0.505738,50,1407.95803
-0.359328,50,1408.584939
-0.475373,50,1409.244379
-0.550869,50,1409.847265
-0.624238,50,1410.529214
-0.423796,50,1411.04946
-0.404635,50,1411.517174
-0.563457,50,1411.971957
-0.444974,50,1412.432254
-0.490231,50,1412.885642
-0.419469,50,1413.343347
-0.564497,50,1413.813735
-0.569289,50,1414.275664
-0.873262,50,1414.759535
-1.482166,50,1415.232481
-0.4806,50,1415.692649
-0.459844,50,1416.145853
-0.691805,50,1416.630622
-1.261423,50,1417.098096
-0.360842,50,1417.545206
-0.333096,50,1418.00888
-0.456516,50,1418.47478
-0.600232,50,1418.938816
-0.625241,50,1419.391485
-0.565539,50,1419.860013
-0.570345,50,1420.315196
-0.330694,50,1420.830276
-0.455727,50,1421.470757
-0.742049,50,1422.127919
-0.562523,50,1422.750185
-0.539019,50,1423.386438
-0.544059,50,1423.984149
-0.924338,50,1424.442699
-1.721217,50,1424.927824
-0.803313,50,1425.38971
-1.234143,50,1425.844534
-0.590355,50,1426.318505
-0.506169,50,1426.791365
-0.719337,50,1427.28151
-0.542373,50,1427.739888
-0.606518,50,1428.214687
-0.773724,50,1428.674611
-0.595716,50,1429.144596
-0.737547,50,1429.608521
-0.599492,50,1430.072291
-0.445197,50,1430.540227
-0.541406,50,1430.994937
-0.31804,50,1431.461957
-0.543172,50,1431.916451
-0.369018,50,1432.39367
-0.562063,50,1432.869205
-0.981283,50,1433.373783
-0.572703,50,1433.847689
-0.642583,50,1434.49647
-0.683816,50,1435.114015
-0.570884,50,1435.762151
-0.512599,50,1436.381307
-0.48791,50,1437.022333
-0.381005,50,1437.523214
-0.893463,50,1437.979775
-0.471447,50,1438.448781
-0.377265,50,1438.91073
-1.550377,50,1439.377287
-0.600876,50,1439.85341
-0.476928,50,1440.315115
-0.401094,50,1440.781261
-0.326071,50,1441.238151
-0.707709,50,1441.705296
-0.372816,50,1442.155616
-0.518118,50,1442.630374
-0.445621,50,1443.08742
-1.603897,50,1443.55153
-0.719518,50,1444.013426
-0.467681,50,1444.471233
-0.465695,50,1444.937141
-0.633451,50,1445.405292
-0.524835,50,1445.87185
-0.592404,50,1446.350136
-0.806488,50,1446.81497
-0.567509,50,1447.428659
-0.601995,50,1448.044104
-0.70015,50,1448.688636
-0.615509,50,1449.304472
-0.623961,50,1449.991941
-0.693397,50,1450.479438
-0.470897,50,1450.938283
-0.48636,50,1451.426766
-0.722778,50,1451.886153
-0.447325,50,1452.360622
-0.729589,50,1452.818375
-0.393815,50,1453.288697
-0.487872,50,1453.743782
-0.66426,50,1454.222694
-0.782074,50,1454.674389
-0.740407,50,1455.153483
-0.37274,50,1455.605367
-0.487425,50,1456.053454
-0.455829,50,1456.531394
-0.619209,50,1456.993362
-0.831397,50,1457.469987
-0.621732,50,1457.939281
-0.373975,50,1458.419232
-0.751381,50,1458.883731
-0.711188,50,1459.367272
-1.283084,50,1459.830504
-0.544783,50,1460.42263
-0.588716,50,1461.044397
-0.244551,50,1461.689827
-0.648966,50,1462.322356
-0.405717,50,1462.990077
-0.416011,50,1463.548756
-1.62522,50,1464.021044
-0.710467,50,1464.479638
-0.700633,50,1465.003085
-0.547733,50,1465.466666
-0.60274,50,1465.951426
-0.484069,50,1466.425931
-0.541791,50,1466.911378
-0.39614,50,1467.4075
-0.575357,50,1467.897982
-0.599605,50,1468.373087
-0.523008,50,1469.571835
-0.523734,50,1470.044807
-0.49849,50,1470.502895
-1.84834,50,1470.976526
-0.438191,50,1471.444342
-0.351716,50,1471.90503
-0.394836,50,1472.367106
-0.271197,50,1472.861173
-0.451073,50,1473.36944
-0.560244,50,1474.009825
-0.415349,50,1474.630753
-0.577992,50,1475.257321
-0.656163,50,1475.868661
-0.748409,50,1476.492329
-0.631947,50,1476.94616
-0.51736,50,1477.418434
-0.521272,50,1477.874027
-0.622485,50,1478.342752
-0.739049,50,1478.79458
-1.88994,50,1479.288304
-0.965041,50,1479.745381
-0.583657,50,1480.216249
-0.48062,50,1480.659292
-1.264818,50,1481.117264
-0.608335,50,1481.608657
-0.372604,50,1482.082449
-0.525701,50,1482.540127
-0.783834,50,1482.995246
-0.497137,50,1483.467015
-0.417692,50,1483.920795
-0.726504,50,1484.392163
-0.606308,50,1484.843044
-0.482543,50,1485.300465
-0.41779,50,1485.764023
-0.510722,50,1486.222
-0.503789,50,1486.846681
-0.412089,50,1487.453988
-0.380669,50,1488.095163
-0.316117,50,1488.719703
-0.521271,50,1489.383462
-0.553246,50,1489.903195
-0.49889,50,1490.357693
-0.453343,50,1490.829422
-0.776781,50,1491.287537
-0.489358,50,1491.760379
-0.466468,50,1492.237095
-0.389301,50,1492.717076
-1.214897,50,1493.194245
-0.399725,50,1493.657305
-0.310653,50,1494.122051
-0.476801,50,1494.580497
-0.393009,50,1495.047202
-0.321885,50,1495.50614
-0.559243,50,1495.971503
-0.73979,50,1496.433933
-0.379078,50,1496.900405
-0.840338,50,1497.376676
-0.642898,50,1497.861217
-0.418558,50,1498.326804
-0.406614,50,1498.777273
-0.712815,50,1499.26253
-0.560473,50,1499.832087
-0.637073,50,1500.452834
-0.339761,50,1501.101925
-0.641402,50,1501.739826
-0.443625,50,1502.449113
-0.400687,50,1502.983399
-0.338289,50,1503.454614
-0.568778,50,1503.913372
-0.525185,50,1504.380458
-0.4648,50,1504.84662
-0.492916,50,1505.326251
-0.622085,50,1505.785766
-0.812928,50,1506.24518
-0.57845,50,1506.719981
-0.545149,50,1507.175375
-0.601746,50,1507.641938
-0.712406,50,1508.095367
-1.714045,50,1508.589921
-1.005378,50,1509.034351
-0.751388,50,1509.502264
-0.855163,50,1509.953531
-0.488195,50,1510.423719
-1.7034,50,1510.887304
-0.97682,50,1511.367217
-0.659976,50,1511.830501
-0.715257,50,1512.285236
-0.906074,50,1512.79533
-0.709683,50,1513.426725
-0.495515,50,1514.05496
-0.60088,50,1514.680242
-0.434327,50,1515.290187
-1.570608,50,1515.932796
-0.3085,50,1516.385044
-0.501486,50,1516.846294
-0.582929,50,1517.298994
-0.589638,50,1517.751877
-0.665028,50,1518.219639
-0.510132,50,1518.664179
-0.531183,50,1519.121991
-0.523871,50,1519.576762
-0.593878,50,1520.041568
-0.670804,50,1520.49185
-0.312962,50,1520.947278
-0.607709,50,1521.407753
-0.495797,50,1521.856627
-1.016319,50,1522.330504
-0.796523,50,1522.786317
-0.579316,50,1523.254085
-0.61081,50,1523.696085
-0.895016,50,1524.16388
-0.237981,50,1524.630719
-0.444439,50,1525.12417
-1.013544,50,1525.58669
-0.398728,50,1526.18517
-0.502019,50,1526.793807
-0.466719,50,1527.4469
-0.3957,50,1528.059632
-0.633283,50,1528.717311
-0.399889,50,1529.273642
-0.568939,50,1529.735773
-0.445969,50,1530.192254
-0.574448,50,1530.653204
-0.488467,50,1531.103556
-0.579545,50,1531.578493
-0.572441,50,1532.040475
-0.442973,50,1532.532703
-0.784457,50,1532.986035
-0.791409,50,1533.453038
-0.727052,50,1533.906675
-0.336963,50,1534.364217
-0.708899,50,1534.82225
-0.822996,50,1535.29074
-0.882803,50,1535.755476
-0.352625,50,1536.212781
-0.380171,50,1536.688207
-1.581778,50,1537.161955
-0.379143,50,1537.630539
-0.414557,50,1538.09121
-0.484782,50,1538.563545
-0.519873,50,1539.084138
-0.698094,50,1539.726029
-0.427519,50,1540.351599
-0.933515,50,1540.977067
-1.210486,50,1541.648315
-0.572668,50,1542.28289
-0.524918,50,1542.738198
-0.479472,50,1543.210321
-1.239104,50,1543.676896
-0.487129,50,1544.140625
-0.447752,50,1544.60629
-0.574616,50,1545.076613
-0.411095,50,1545.535311
-0.709036,50,1546.005818
-0.587146,50,1546.460153
-0.613908,50,1546.929851
-0.636269,50,1547.39236
-0.410278,50,1547.840314
-0.455131,50,1548.311574
-0.620797,50,1548.776919
-0.55327,50,1549.248439
-0.435065,50,1549.698511
-0.526435,50,1550.16789
-0.462337,50,1550.629737
-0.465234,50,1551.098258
-0.665182,50,1551.547935
-0.606671,50,1552.004733
-1.728275,50,1552.667098
-0.393034,50,1553.306867
-0.559605,50,1553.947698
-0.567503,50,1554.564454
-0.628022,50,1555.23743
-0.52766,50,1555.705428
-0.574582,50,1556.161491
-0.655541,50,1556.631357
-0.319962,50,1557.08578
-0.564398,50,1557.557446
-0.663999,50,1558.056504
-0.445071,50,1558.51847
-0.355151,50,1558.969108
-0.573293,50,1559.42886
-0.688766,50,1559.888628
-0.923795,50,1560.343181
-1.071567,50,1560.80479
-0.607388,50,1561.2645
-0.721888,50,1561.742737
-0.550616,50,1562.204705
-0.559945,50,1562.667195
-0.484131,50,1563.133364
-0.589134,50,1563.593439
-0.267068,50,1564.060163
-0.65483,50,1564.525041
-1.245704,50,1565.01195
-0.379558,50,1565.592276
-0.443261,50,1566.209457
-0.374402,50,1566.859461
-0.588922,50,1567.475257
-0.778343,50,1568.134255
-0.834819,50,1568.658574
-0.512274,50,1569.130677
-0.393764,50,1569.597165
-0.51068,50,1570.070988
-0.344189,50,1570.546885
-0.505876,50,1571.013147
-0.49112,50,1571.474605
-0.515421,50,1571.931052
-0.307493,50,1572.400413
-0.591932,50,1572.863544
-0.54558,50,1573.330694
-0.601936,50,1573.804152
-0.331975,50,1574.308826
-0.609175,50,1574.848766
-0.667179,50,1575.34251
-0.622467,50,1575.806028
-0.806982,50,1576.310688
-0.52237,50,1576.81246
-0.566519,50,1577.305714
-0.546304,50,1577.761154
-0.585558,50,1578.274291
-0.659694,50,1578.906712
-0.705219,50,1579.533975
-0.483017,50,1580.176865
-0.416593,50,1580.808511
-0.320898,50,1581.524107
-0.38908,50,1582.00063
-0.431071,50,1582.476506
-0.417929,50,1582.975461
-0.633432,50,1583.455472
-0.686417,50,1583.935168
-0.285497,50,1584.395256
-0.430102,50,1584.897297
-0.532089,50,1585.361582
-0.623289,50,1585.843791
-0.375333,50,1586.316437
-0.53757,50,1586.812239
-0.717886,50,1587.329907
-0.342768,50,1587.830693
-0.315895,50,1588.317766
-0.287135,50,1588.789207
-1.144518,50,1589.273948
-0.508209,50,1589.756275
-0.470599,50,1590.240971
-0.77701,50,1590.806344
-0.625253,50,1591.271724
-0.663698,50,1591.849092
-0.717036,50,1592.497817
-0.53928,50,1593.16797
-0.452598,50,1593.784225
-0.492569,50,1594.469816
-0.554284,50,1595.035709
-0.787324,50,1595.498803
-1.305987,50,1595.97141
-0.870895,50,1596.458993
-2.046118,50,1596.939386
-0.603356,50,1597.425444
-0.819211,50,1597.895241
-0.666132,50,1598.377799
-0.495176,50,1598.836584
-0.58847,50,1599.315892
-0.499033,50,1599.771269
-0.577373,50,1600.244789
-1.03083,50,1600.730319
-0.490398,50,1601.209191
-0.634447,50,1601.670655
-0.406707,50,1602.134888
-0.593075,50,1602.61527
-0.591052,50,1603.080502
-0.47997,50,1603.575182
-0.671999,50,1604.039964
-0.716751,50,1604.526068
-0.395226,50,1605.106101
-1.355686,50,1605.757384
-0.414127,50,1606.416294
-0.649399,50,1607.031077
-0.986179,50,1607.719678
-0.558849,50,1608.243185
-0.500185,50,1608.72524
-0.484219,50,1609.186757
-0.526809,50,1609.658392
-0.520433,50,1610.114015
-1.033609,50,1610.597226
-0.762607,50,1611.070224
-0.776094,50,1611.528358
-0.815599,50,1612.010207
-0.620035,50,1612.509327
-0.402137,50,1612.983233
-0.425355,50,1613.448817
-1.584575,50,1613.94628
-0.556492,50,1614.417688
-0.942783,50,1614.896343
-0.434799,50,1615.358701
-0.390527,50,1615.82475
-1.018547,50,1616.307556
-0.533609,50,1616.763947
-0.558841,50,1617.253538
-0.716775,50,1617.709459
-1.398223,50,1618.397003
-0.331688,50,1619.032408
-0.736633,50,1619.685935
-0.576463,50,1620.306718
-0.702286,50,1620.979777
-0.473895,50,1621.515388
-0.50367,50,1621.992397
-0.568957,50,1622.495849
-0.382056,50,1622.96374
-0.465173,50,1623.455363
-1.502851,50,1623.936739
-0.48431,50,1624.419325
-0.528251,50,1624.879755
-0.643347,50,1625.370108
-0.444758,50,1625.830741
-0.703205,50,1626.333189
-0.392822,50,1626.804043
-0.648154,50,1627.298798
-0.589757,50,1627.760998
-0.481333,50,1628.232563
-0.547834,50,1628.76604
-0.792027,50,1629.23733
-0.640017,50,1629.708621
-0.633864,50,1630.182029
-0.723989,50,1630.671638
-0.330321,50,1631.134053
-0.440239,50,1631.803028
-0.391298,50,1632.461165
-0.309311,50,1633.108584
-0.414869,50,1633.752988
-0.594294,50,1634.414333
-0.310474,50,1634.880614
-0.64721,50,1635.346589
-0.72804,50,1635.816585
-1.017846,50,1636.291961
-0.539796,50,1636.755175
-0.439315,50,1637.226075
-0.584771,50,1637.693729
-0.437518,50,1638.17011
-0.381817,50,1638.634774
-0.377251,50,1639.110713
-0.502734,50,1639.565459
-0.533975,50,1640.035605
-0.680338,50,1640.499158
-0.443688,50,1640.977173
-0.468284,50,1641.442426
-0.693957,50,1641.912663
-0.461656,50,1642.383433
-0.65127,50,1642.866392
-0.530343,50,1643.332814
-0.507451,50,1643.793846
-0.563508,50,1644.267323
-0.277957,50,1644.922214
-1.09651,50,1645.581398
-0.817081,50,1646.233802
-0.431009,50,1646.839961
-0.579785,50,1647.54562
-1.842633,50,1648.019583
-0.673854,50,1648.529552
-1.332301,50,1649.003532
-0.614011,50,1649.513863
-0.731503,50,1649.972681
-0.532435,50,1650.44922
-1.421049,50,1650.905709
-0.985787,50,1651.387306
-0.661277,50,1651.845494
-0.556804,50,1652.317466
-0.588952,50,1652.771491
-1.199152,50,1653.250136
-0.608431,50,1653.721582
-0.44196,50,1654.176378
-0.456212,50,1654.644114
-0.529673,50,1655.100241
-0.609551,50,1655.574234
-0.544204,50,1656.029741
-0.366538,50,1656.503663
-0.404157,50,1656.966587
-0.374763,50,1657.443109
-0.312315,50,1658.072551
-0.367821,50,1658.689053
-0.435564,50,1659.324216
-0.69416,50,1659.924194
-0.52321,50,1660.607679
-0.393866,50,1661.094191
-0.518797,50,1661.568338
-0.666002,50,1662.035747
-0.708814,50,1662.502015
-0.611737,50,1662.968449
-0.555065,50,1663.447137
-0.787792,50,1663.920372
-0.810759,50,1664.3842
-1.277381,50,1664.863738
-0.437847,50,1665.334512
-0.544082,50,1665.799402
-0.469001,50,1666.257579
-1.676682,50,1666.728709
-0.639636,50,1667.196224
-0.437021,50,1667.648219
-0.593069,50,1668.112597
-0.548392,50,1668.572505
-0.454242,50,1669.04049
-0.477615,50,1669.496176
-0.411715,50,1669.958038
-0.591293,50,1670.415344
-1.040229,50,1671.013239
-0.340897,50,1671.619651
-0.468667,50,1672.268636
-0.689956,50,1672.881842
-0.455749,50,1673.540413
-1.207827,50,1674.109755
-0.461006,50,1674.580242
-1.553518,50,1675.045818
-0.475553,50,1675.519411
-0.361587,50,1675.974063
-0.330146,50,1676.44859
-0.447248,50,1676.904342
-0.557299,50,1677.385606
-0.54695,50,1677.839217
-0.697773,50,1678.349974
-0.414658,50,1678.803263
-0.647109,50,1679.266245
-0.355733,50,1679.740399
-0.76337,50,1680.195947
-0.456045,50,1680.663259
-0.596966,50,1681.119606
-0.615069,50,1681.595371
-0.68236,50,1682.059797
-0.610373,50,1682.532355
-0.340707,50,1682.990611
-0.382856,50,1683.460297
-0.872516,50,1683.985695
-0.473267,50,1684.627537
-0.99653,50,1685.256478
-0.528074,50,1685.899474
-0.328195,50,1686.514223
-0.763606,50,1687.120769
-0.730715,50,1687.583449
-0.586049,50,1688.047591
-0.60127,50,1688.507607
-0.295296,50,1688.972624
-0.516767,50,1689.434865
-1.378257,50,1689.919835
-0.44953,50,1690.387923
-0.5258,50,1690.861036
-0.345098,50,1691.315632
-0.540687,50,1691.761469
-0.512189,50,1692.235529
-0.441989,50,1692.686287
-0.699849,50,1693.159558
-0.535841,50,1693.616899
-0.503248,50,1694.09034
-0.515111,50,1694.581594
-0.69901,50,1695.078629
-1.899281,50,1695.552176
-0.617494,50,1696.035332
-0.69584,50,1696.503553
-0.37559,50,1696.996065
-0.676021,50,1697.644804
-0.66518,50,1698.283315
-0.421012,50,1698.900128
-0.367842,50,1699.536137
-0.578749,50,1700.145646
-0.764834,50,1700.615191
-0.367471,50,1701.06866
-0.486236,50,1701.54315
-0.397425,50,1702.000844
-0.759067,50,1702.471323
-1.051476,50,1702.946871
-0.312664,50,1703.418385
-0.438722,50,1703.873101
-0.595512,50,1704.330488
-1.573493,50,1704.844195
-1.644783,50,1705.320667
-0.531209,50,1705.788647
-0.635537,50,1706.245695
-0.417304,50,1706.711371
-0.721919,50,1707.186438
-0.2831,50,1707.654053
-0.470721,50,1708.104324
-0.690017,50,1708.615867
-0.43715,50,1709.074712
-0.346863,50,1709.55072
-0.35333,50,1710.006409
-0.457281,50,1710.663987
-0.448619,50,1711.310498
-0.402322,50,1711.945268
-1.540022,50,1712.577873
-0.629772,50,1713.254548
-0.683415,50,1713.717638
-0.462915,50,1714.212219
-1.176273,50,1714.682972
-0.41314,50,1715.148924
-0.523359,50,1715.611902
-0.439437,50,1716.075739
-0.55936,50,1716.537791
-0.425549,50,1717.01516
-0.350972,50,1717.474084
-0.651691,50,1717.935952
-0.604412,50,1718.404652
-0.251698,50,1718.861381
-0.59582,50,1719.345283
-0.488989,50,1719.800089
-0.750369,50,1720.271434
-0.661687,50,1720.718997
-0.49306,50,1721.881516
-0.635412,50,1722.360502
-1.805031,50,1722.833449
-0.914315,50,1723.380836
-0.800929,50,1724.078299
-0.540773,50,1724.74379
-0.61065,50,1725.39222
-0.46058,50,1726.013494
-0.681504,50,1726.6405
-0.387383,50,1727.106704
-0.616211,50,1727.596991
-1.406082,50,1728.068118
-0.554243,50,1728.542214
-0.726446,50,1729.0063
-0.595565,50,1729.481279
-0.654499,50,1729.938726
-0.616163,50,1730.398365
-0.375972,50,1730.871131
-2.025637,50,1731.339142
-0.907062,50,1731.809223
-0.653691,50,1732.277348
-0.493556,50,1732.75691
-0.477966,50,1733.218646
-0.405727,50,1733.698772
-0.608538,50,1734.171648
-0.700724,50,1734.647762
-1.859677,50,1735.116604
-0.560609,50,1735.583576
-0.399341,50,1736.051428
-0.454103,50,1736.566597
-0.517168,50,1737.200046
-0.443876,50,1737.84189
-1.245855,50,1738.478737
-0.448205,50,1739.168684
-0.628242,50,1739.761228
-0.331797,50,1740.230146
-0.608103,50,1740.69541
-0.513709,50,1741.166918
-0.497091,50,1741.619908
-0.477229,50,1742.084152
-0.453481,50,1742.538276
-0.551562,50,1742.987304
-1.698718,50,1743.458679
-0.693767,50,1743.913549
-0.749725,50,1744.401324
-0.318187,50,1744.855429
-0.627261,50,1745.326267
-1.854435,50,1745.792216
-0.409165,50,1746.279269
-0.579549,50,1746.735737
-1.399728,50,1747.197163
-0.514104,50,1747.651236
-2.026539,50,1748.118547
-0.445241,50,1748.587169
-0.479102,50,1749.047061
-0.595531,50,1749.516553
-0.539097,50,1750.160991
-0.371421,50,1750.80883
-0.616678,50,1751.46653
-0.514083,50,1752.079184
-0.503255,50,1752.772549
-0.530444,50,1753.239188
-0.245858,50,1753.706245
-1.437821,50,1754.18379
-0.444284,50,1754.660691
-0.395176,50,1755.11858
-0.559703,50,1755.582813
-0.287186,50,1756.037475
-0.416337,50,1756.528697
-0.651183,50,1757.003247
-1.033898,50,1757.476673
-0.663874,50,1757.948394
-0.405672,50,1758.414428
-0.685775,50,1758.905795
-0.680693,50,1759.369367
-0.568476,50,1759.858345
-0.644114,50,1760.323572
-0.652502,50,1760.795991
-0.462191,50,1761.253494
-0.684915,50,1761.718372
-0.378311,50,1762.191782
-0.501633,50,1762.644478
-1.773351,50,1763.327987
-0.332866,50,1763.96036
-0.621422,50,1764.601838
-0.649706,50,1765.255883
-0.566694,50,1765.935531
-0.447484,50,1766.404315
-0.375665,50,1766.879658
-0.632195,50,1767.353476
-0.536373,50,1767.820682
-0.585897,50,1768.296111
-0.702047,50,1768.785123
-0.563942,50,1769.264446
-0.555487,50,1769.720588
-0.743216,50,1770.202967
-0.652657,50,1770.667011
-0.599946,50,1771.134062
-0.442333,50,1771.601422
-0.649061,50,1772.057361
-0.382703,50,1772.563821
-0.576213,50,1773.025145
-0.412061,50,1773.495936
-0.37425,50,1773.951922
-0.511612,50,1774.432604
-0.355119,50,1774.890981
-0.485175,50,1775.365705
-0.432886,50,1775.820349
-0.92643,50,1776.482599
-0.64224,50,1777.110345
-0.518983,50,1777.766218
-0.403901,50,1778.375549
-0.313462,50,1779.074972
-0.372195,50,1779.537195
-0.598734,50,1779.996753
-0.858561,50,1780.446815
-0.524384,50,1780.90745
-0.626584,50,1781.354375
-0.653522,50,1781.817127
-0.607009,50,1782.277417
-0.751818,50,1782.74226
-0.653489,50,1783.202509
-0.59358,50,1783.657409
-0.679785,50,1784.122698
-0.364193,50,1784.585731
-1.457471,50,1785.063792
-1.608517,50,1785.525053
-0.407786,50,1785.999356
-0.983298,50,1786.480806
-0.591487,50,1786.966363
-0.581879,50,1787.435236
-0.546766,50,1787.899632
-0.44533,50,1788.361904
-0.714873,50,1788.814503
-1.098966,50,1789.414449
-0.796595,50,1790.041372
-0.492648,50,1790.689527
-1.504562,50,1791.352768
-0.342341,50,1792.010788
-0.554377,50,1792.554296
-0.516935,50,1793.028008
-0.375456,50,1793.511835
-0.467944,50,1793.975409
-0.748665,50,1794.442906
-0.747477,50,1794.89137
-0.458369,50,1795.358378
-0.768788,50,1795.818181
-0.622152,50,1796.28542
-0.625377,50,1796.736171
-0.570496,50,1797.198378
-0.502732,50,1797.678596
-0.536213,50,1798.135233
-0.635675,50,1798.621147
-1.196291,50,1799.13508
-1.872449,50,1799.610782
-0.433342,50,1800.057619
-0.686634,50,1800.528145
-0.509764,50,1800.978093
-0.361441,50,1801.431993
-0.294114,50,1801.891316
-0.480168,50,1802.4249
-0.463039,50,1803.057648
-0.477721,50,1803.693933
-0.537043,50,1804.320056
-0.869844,50,1804.948302
-0.586258,50,1805.539995
-0.518283,50,1805.998268
-0.553603,50,1806.455822
-0.832709,50,1806.919508
-0.807556,50,1807.383768
-0.390776,50,1807.866616
-0.484929,50,1808.326644
-0.349584,50,1808.777398
-0.677481,50,1809.252565
-0.366369,50,1809.712044
-0.721125,50,1810.191489
-0.52756,50,1810.665536
-0.556783,50,1811.135885
-1.596104,50,1811.609683
-1.110877,50,1812.069806
-0.586869,50,1812.525155
-0.480784,50,1812.979015
-0.690734,50,1813.436322
-0.424353,50,1813.884802
-0.682287,50,1814.370664
-0.426752,50,1814.824584
-0.529993,50,1815.289809
-0.617458,50,1815.903023
-0.638397,50,1816.539582
-1.716881,50,1817.222373
-0.54206,50,1817.828867
-0.705031,50,1818.517402
-0.352573,50,1818.969548
-0.618836,50,1819.45661
-0.898103,50,1819.910611
-0.85238,50,1820.37829
-0.529607,50,1820.836271
-0.57149,50,1821.304379
-0.393831,50,1821.786113
-1.39276,50,1822.26009
-0.340451,50,1822.733074
-0.468906,50,1823.189733
-0.389037,50,1823.654207
-0.587148,50,1824.108239
-0.426207,50,1824.5996
-0.465423,50,1825.065336
-0.520502,50,1825.530582
-0.386344,50,1825.991859
-0.337564,50,1826.455255
-0.428528,50,1826.930766
-0.425453,50,1827.399558
-0.316246,50,1827.873713
-0.670053,50,1828.334938
-0.623373,50,1828.959667
-0.535524,50,1829.589182
-0.655391,50,1830.247782
-0.432658,50,1830.890154
-0.401594,50,1831.537955
-0.589873,50,1832.082801
-0.315401,50,1832.544894
-0.61049,50,1833.025719
-0.515068,50,1833.493683
-0.675406,50,1833.967117
-0.395089,50,1834.443646
-0.377896,50,1834.905611
-0.541859,50,1835.376232
-0.550772,50,1835.828994
-0.590856,50,1836.32695
-0.490803,50,1836.794723
-0.748631,50,1837.276066
-1.065797,50,1837.742982
-0.835907,50,1838.230928
-0.618008,50,1838.682727
-0.621861,50,1839.166001
-0.512096,50,1839.629426
-0.508566,50,1840.09054
-0.58849,50,1840.571869
-0.716948,50,1841.021836
-0.356025,50,1841.487178
-0.611843,50,1842.038022
-0.359058,50,1842.667504
-0.512693,50,1843.316442
-0.420525,50,1843.957824
-0.511889,50,1844.621876
-1.378236,50,1845.190269
-0.440634,50,1845.649056
-0.334071,50,1846.099029
-0.442988,50,1846.581455
-0.579821,50,1847.04791
-0.572216,50,1847.519722
-0.483707,50,1847.974589
-0.422265,50,1848.432216
-0.58632,50,1848.898188
-0.622049,50,1849.354022
-0.533161,50,1849.819763
-1.767811,50,1850.293291
-0.410657,50,1850.754543
-0.535245,50,1851.222368
-0.789965,50,1851.686456
-0.792464,50,1852.158349
-1.510323,50,1852.648598
-0.453751,50,1853.107714
-0.472612,50,1853.571909
-0.33314,50,1854.044528
-0.36447,50,1854.523455
-0.511703,50,1855.048381
-0.585529,50,1855.673337
-0.537778,50,1856.321632
-0.709782,50,1856.9803
-0.458815,50,1857.604643
-0.560468,50,1858.228276
-0.712753,50,1858.683509
-0.52211,50,1859.192402
-0.756318,50,1859.651799
-0.666876,50,1860.114699
-0.617534,50,1860.577721
-0.678494,50,1861.047526
-0.682052,50,1861.526025
-0.534089,50,1861.98741
-0.732256,50,1862.458365
-0.602331,50,1862.915875
-0.462033,50,1863.39425
-0.448789,50,1863.845524
-1.036701,50,1864.312392
-0.653802,50,1864.782471
-0.784391,50,1865.269264
-0.404507,50,1865.715215
-0.319852,50,1866.162364
-0.405737,50,1866.635368
-0.681206,50,1867.094799
-0.767029,50,1867.578129
-0.437407,50,1868.032605
-0.412539,50,1868.701352
-0.746417,50,1869.329183
-0.64597,50,1869.955234
-0.389531,50,1870.585196
-0.592098,50,1871.274064
-0.575081,50,1871.74885
-0.440718,50,1872.216353
-0.567281,50,1872.684595
-1.814499,50,1873.156921
-0.461323,50,1873.639899
-0.743161,50,1874.098364
-0.4726,50,1874.563675
-1.231347,50,1875.058876
-0.257903,50,1875.526552
-0.425753,50,1875.999369
-0.681611,50,1876.471499
-0.58739,50,1876.945353
-0.600198,50,1877.409632
-0.240134,50,1877.878572
-0.429227,50,1878.333591
-0.546887,50,1878.803262
-0.465492,50,1879.260199
-0.638286,50,1879.715705
-0.743656,50,1880.192205
-0.612971,50,1880.645181
-0.5925,50,1881.124473
-0.469598,50,1881.752738
-0.617964,50,1882.382891
-0.569328,50,1883.068705
-0.584969,50,1883.664897
-0.586304,50,1884.3441
-0.507785,50,1884.836128
-0.837939,50,1885.348573
-1.903069,50,1885.813334
-0.474743,50,1886.287344
-0.414548,50,1886.74051
-0.78436,50,1887.230967
-0.772559,50,1887.691736
-0.578316,50,1888.160908
-0.58251,50,1888.642026
-1.00198,50,1889.119657
-0.555635,50,1889.635509
-0.578208,50,1890.091803
-0.469523,50,1890.558188
-0.382562,50,1891.007205
-0.546501,50,1891.474043
-0.39938,50,1891.931681
-0.398138,50,1892.413712
-0.382595,50,1892.876601
-0.42491,50,1893.354613
-1.159136,50,1893.831939
-0.470416,50,1894.29606
-0.389448,50,1894.938931
-0.803066,50,1895.624279
-0.714425,50,1896.268149
-0.403818,50,1896.880864
-0.799413,50,1897.572058
-1.545031,50,1898.064141
-1.784037,50,1898.537925
-1.492521,50,1899.0179
-0.498561,50,1899.483421
-1.353575,50,1899.963865
-0.538147,50,1900.422715
-0.562245,50,1900.891474
-0.318457,50,1901.356777
-0.479747,50,1901.825267
-1.748434,50,1902.29677
-0.660735,50,1902.757815
-0.756353,50,1903.220901
-0.633139,50,1903.68486
-1.152082,50,1904.170701
-0.702107,50,1904.638115
-0.430928,50,1905.111512
-0.738734,50,1905.606617
-0.794308,50,1906.077256
-0.831411,50,1906.539178
-0.4044,50,1907.018406
-0.546544,50,1907.487
-0.443799,50,1908.125046
-0.514904,50,1908.740248
-0.458044,50,1909.402191
-0.660028,50,1910.010283
-0.301956,50,1910.695348
-0.334865,50,1911.209426
-0.515471,50,1911.676822
-0.334635,50,1912.147571
-0.495732,50,1912.606286
-0.736556,50,1913.078861
-0.60689,50,1913.565535
-0.590539,50,1914.026109
-0.681889,50,1914.513289
-0.385288,50,1914.967739
-0.641158,50,1915.441118
-0.71523,50,1915.912719
-0.659185,50,1916.383259
-0.439405,50,1916.837139
-0.795191,50,1917.313137
-0.887748,50,1917.780497
-0.555991,50,1918.245896
-0.573023,50,1918.714742
-0.643535,50,1919.180455
-0.408688,50,1919.681828
-0.583299,50,1920.147997
-0.456051,50,1920.614359
-0.481756,50,1921.242678
-1.765269,50,1921.890303
-0.536427,50,1922.545
-0.276099,50,1923.167653
-0.762554,50,1923.842388
-1.781711,50,1924.388798
-1.149468,50,1924.857654
-1.416014,50,1925.357011
-0.315487,50,1925.813949
-0.450259,50,1926.301068
-0.46547,50,1926.756303
-0.384982,50,1927.242266
-0.803811,50,1927.710673
-0.634914,50,1928.196777
-0.544251,50,1928.650248
-0.672039,50,1929.122612
-0.600345,50,1929.597615
-0.610588,50,1930.063536
-0.67687,50,1930.535378
-0.895992,50,1931.014118
-0.334615,50,1931.500646
-0.576772,50,1931.972321
-0.670345,50,1932.471932
-0.451482,50,1932.934687
-0.490818,50,1933.416389
-0.516108,50,1933.888307
-0.395211,50,1934.537773
-0.307696,50,1935.144382
-0.265949,50,1935.817838
-0.637292,50,1936.451746
-0.381152,50,1937.1196
-0.589992,50,1937.613326
-0.685261,50,1938.080812
-0.72019,50,1938.557231
-0.475862,50,1939.023681
-0.378717,50,1939.504412
-0.412667,50,1939.974316
-0.416239,50,1940.436647
-0.529354,50,1940.909793
-0.576747,50,1941.37246
-0.432013,50,1941.848754
-0.763496,50,1942.318407
-0.396192,50,1942.790082
-0.467059,50,1943.264151
-0.440432,50,1943.737314
-0.453212,50,1944.223637
-0.636282,50,1944.713909
-0.691124,50,1945.175718
-0.653078,50,1945.634586
-0.633977,50,1946.10667
-0.565616,50,1946.579746
-0.981515,50,1947.067127
-0.528688,50,1947.693037
-0.685126,50,1948.331733
-0.615037,50,1948.981221
-0.423246,50,1949.60624
-0.642929,50,1950.284288
-0.566293,50,1950.806265
-0.57467,50,1951.275989
-0.845651,50,1951.721668
-0.470536,50,1952.195035
-0.622214,50,1952.649632
-0.508181,50,1953.115656
-0.685496,50,1953.577486
-0.489448,50,1954.045331
-0.796767,50,1954.518253
-0.493873,50,1954.97325
-0.612693,50,1955.457309
-0.299507,50,1955.922756
-0.696972,50,1956.406563
-1.788205,50,1956.889623
-0.564603,50,1957.3688
-0.646057,50,1957.824646
-0.610732,50,1958.309642
-0.769979,50,1958.765055
-0.890127,50,1959.236599
-0.232388,50,1959.702609
-0.48604,50,1960.169668
-0.381867,50,1960.735708
-0.740138,50,1961.382974
-0.344836,50,1962.027349
-0.799409,50,1962.663072
-0.540461,50,1963.310279
-0.849425,50,1963.875279
-0.861855,50,1964.339196
-0.569237,50,1964.804204
-0.67142,50,1965.275878
-0.672764,50,1965.785509
-0.517541,50,1966.2558
-0.317342,50,1966.724694
-0.612657,50,1967.201815
-0.663137,50,1967.67589
-0.746558,50,1968.134472
-0.323933,50,1968.594383
-0.602167,50,1969.071675
-0.47351,50,1969.527216
-0.318637,50,1969.993216
-0.471823,50,1970.45734
-0.491639,50,1970.919164
-0.927861,50,1971.38483
-0.492875,50,1971.859781
-0.560737,50,1972.324403
-0.700446,50,1972.782681
-0.542941,50,1973.25811
-0.612091,50,1974.70547
-0.580496,50,1975.351588
-0.716009,50,1975.944856
-0.595485,50,1976.61509
-0.504844,50,1977.150597
-0.405821,50,1977.616639
-0.495837,50,1978.082285
-0.481652,50,1978.542063
-0.781976,50,1979.004778
-0.564159,50,1979.468707
-0.365681,50,1979.939465
-0.576595,50,1980.414554
-0.688245,50,1980.866322
-0.400455,50,1981.339033
-0.883864,50,1981.804012
-1.543078,50,1982.287921
-0.310322,50,1982.739099
-0.308336,50,1983.192211
-0.335198,50,1983.653049
-0.770141,50,1984.102311
-0.545986,50,1984.591323
-0.602183,50,1985.0577
-0.389248,50,1985.52632
-0.359655,50,1985.982746
-0.508343,50,1986.469536
-0.429958,50,1987.013481
-0.533747,50,1987.671592
-0.510208,50,1988.306334
-0.411919,50,1988.930318
-0.385346,50,1989.561772
-0.540144,50,1990.174273
-0.552862,50,1990.628942
-0.645789,50,1991.105659
-1.645353,50,1991.583687
-0.501976,50,1992.048107
-0.61579,50,1992.508657
-0.705853,50,1992.987525
-0.46752,50,1993.452547
-0.492928,50,1993.92253
-0.39928,50,1994.381422
-0.461676,50,1994.850225
-0.528642,50,1995.306378
-0.553142,50,1995.758405
-0.834108,50,1996.226778
-0.625158,50,1996.677561
-0.433376,50,1997.14529
-0.587426,50,1997.597269
-0.530149,50,1998.08196
-0.42589,50,1998.538617
-0.510316,50,1999.005298
-0.577306,50,1999.474293
-0.795082,50,1999.934626
-0.371539,50,2000.593668
-0.379027,50,2001.222291
-1.293359,50,2001.877544
-0.542671,50,2002.510739
-0.731044,50,2003.196707
-0.532347,50,2003.65114
-0.675412,50,2004.118471
-0.460547,50,2004.588558
-0.597107,50,2005.046322
-1.081327,50,2005.536652
-0.428856,50,2005.99455
-0.873888,50,2006.513201
-0.60777,50,2006.973443
-0.635498,50,2007.453162
-0.440324,50,2007.912928
-0.510628,50,2008.41054
-0.64693,50,2008.88374
-0.385154,50,2009.346476
-0.415136,50,2009.84161
-0.447305,50,2010.304935
-0.5098,50,2010.783558
-0.626427,50,2011.244536
-0.611821,50,2011.70928
-0.388777,50,2012.168093
-0.748095,50,2012.653587
-0.560734,50,2013.115844
-0.431345,50,2013.804816
-1.322762,50,2014.481352
-1.763524,50,2015.165878
-0.550203,50,2015.808722
-0.618133,50,2016.458416
-1.890584,50,2016.945797
-0.334736,50,2017.416418
-0.527243,50,2017.903003
-0.449833,50,2018.380793
-0.671794,50,2018.851643
-0.5245,50,2019.324409
-0.538291,50,2019.804021
-0.434362,50,2020.276791
-0.304525,50,2020.740802
-1.483297,50,2021.245615
-0.343586,50,2021.723388
-0.256183,50,2022.206722
-0.508202,50,2022.672552
-0.393438,50,2023.147976
-0.451588,50,2023.617493
-0.349783,50,2024.09783
-0.784548,50,2024.58448
-0.550176,50,2025.066425
-0.77729,50,2025.534399
-0.490138,50,2025.994608
-0.495178,50,2026.538
-0.575453,50,2027.199455
-0.462618,50,2027.843907
-0.531872,50,2028.510721
-0.58605,50,2029.181524
-1.139695,50,2029.821333
-0.594709,50,2030.306715
-0.538419,50,2030.761588
-0.571528,50,2031.230397
-0.557554,50,2031.703617
-0.564438,50,2032.161586
-0.58406,50,2032.643489
-0.857714,50,2033.107303
-1.115754,50,2033.62161
-0.322551,50,2034.086528
-0.390008,50,2034.571833
-0.42744,50,2035.040983
-0.32081,50,2035.517133
-0.732964,50,2035.985542
-0.48854,50,2036.462182
-0.483853,50,2036.921564
-0.287489,50,2037.38827
-0.625124,50,2037.858785
-0.312199,50,2038.313504
-0.824364,50,2038.792305
-0.610098,50,2039.269351
-0.724094,50,2039.849818
-0.524069,50,2040.512411
-0.590415,50,2041.160911
-1.491135,50,2041.820637
-0.440449,50,2042.452818
-0.421848,50,2043.063767
-0.5523,50,2043.527789
-1.665542,50,2044.019913
-0.50857,50,2044.483282
-0.987377,50,2044.970765
-0.65718,50,2045.427108
-0.552113,50,2045.902486
-0.431979,50,2046.386926
-0.654819,50,2046.894746
-0.632611,50,2047.36049
-0.835034,50,2047.820735
-2.135236,50,2048.301889
-0.625178,50,2048.757487
-0.354189,50,2049.240176
-0.618824,50,2049.705925
-1.736961,50,2050.191246
-0.549513,50,2050.650752
-0.610578,50,2051.112155
-0.723329,50,2051.576406
-0.322765,50,2052.031735
-0.60958,50,2052.506457
-0.745569,50,2053.020937
-0.465881,50,2053.673643
-0.685046,50,2054.320704
-0.615795,50,2054.954248
-0.512908,50,2055.604129
-0.395938,50,2056.212521
-0.639484,50,2056.690405
-0.450115,50,2057.148
-1.314012,50,2057.634677
-0.515763,50,2058.091287
-0.564177,50,2058.560513
-0.494114,50,2059.013701
-0.625214,50,2059.50083
-0.69917,50,2059.975006
-1.195419,50,2060.453984
-0.406743,50,2060.909435
-0.638504,50,2061.356939
-0.49142,50,2061.822151
-0.421252,50,2062.278402
-0.504715,50,2062.75848
-0.359919,50,2063.218227
-0.334528,50,2063.688222
-0.593905,50,2064.138392
-0.627271,50,2064.604447
-0.557841,50,2065.055376
-0.347601,50,2065.507904
-0.508522,50,2065.972521
-0.818461,50,2066.602743
-0.37962,50,2067.248545
-0.287432,50,2067.899589
-0.550406,50,2068.542903
-0.486771,50,2069.25332
-0.45851,50,2069.72619
-0.420654,50,2070.268806
-0.488561,50,2070.724893
-1.641221,50,2071.21196
-0.559099,50,2071.67978
-0.557595,50,2072.162639
-0.473006,50,2072.666409
-0.420178,50,2073.138577
-0.46574,50,2073.61028
-0.481052,50,2074.083575
-0.710642,50,2074.554609
-2.982626,50,2075.019739
-3.027228,50,2075.494037
-1.399956,50,2075.967886
-0.67466,50,2076.444918
-0.554924,50,2076.903218
-0.577458,50,2077.38075
-0.316576,50,2077.84449
-0.527657,50,2078.329748
-0.585732,50,2078.792159
-0.556228,50,2079.294034
-0.463889,50,2079.951581
-0.688234,50,2080.619374
-0.559559,50,2081.266495
-0.566644,50,2081.892525
-0.502612,50,2082.54375
-0.738027,50,2083.012759
-0.606041,50,2083.484694
-0.470306,50,2083.949346
-0.467623,50,2084.420528
-0.523451,50,2084.915121
-0.365779,50,2085.383003
-0.602396,50,2085.855417
-0.420707,50,2086.320401
-0.742886,50,2086.790602
-0.721265,50,2087.263622
-0.336991,50,2087.751675
-0.507043,50,2088.221337
-0.462235,50,2088.686143
-0.402682,50,2089.142297
-0.595832,50,2089.611134
-0.519338,50,2090.093862
-0.493051,50,2090.574366
-0.503431,50,2091.046007
-0.424968,50,2091.505906
-1.667536,50,2091.988163
-0.533316,50,2092.442776
-0.54281,50,2093.116892
-1.146282,50,2093.753864
-0.442418,50,2094.400882
-0.426733,50,2095.017595
-0.40482,50,2095.684003
-0.628916,50,2096.16776
-0.241864,50,2096.627321
-0.495736,50,2097.102526
-1.446411,50,2097.56491
-0.594475,50,2098.017394
-0.417345,50,2098.489142
-0.767187,50,2098.948761
-0.577487,50,2099.41123
-0.48861,50,2099.862459
-0.485789,50,2100.363651
-0.429258,50,2100.830402
-0.24547,50,2101.302254
-0.539867,50,2101.760424
-0.401622,50,2102.23623
-0.444702,50,2102.686751
-0.267288,50,2103.139044
-0.44044,50,2103.597588
-0.573681,50,2104.049416
-0.827673,50,2104.513735
-0.645993,50,2104.961394
-1.333744,50,2105.435857
-0.335159,50,2106.022629
-0.484818,50,2106.637314
-0.462523,50,2107.286087
-0.3086,50,2107.898774
-0.860189,50,2108.574455
-0.550422,50,2109.102257
-0.411733,50,2109.568073
-0.638409,50,2110.026433
-0.383465,50,2110.486805
-0.609084,50,2110.952761
-0.52832,50,2111.407071
-0.329122,50,2111.872474
-0.516539,50,2112.331324
-0.572544,50,2112.797255
-0.730744,50,2113.26476
-0.598682,50,2113.726155
-0.512019,50,2114.18647
-0.432284,50,2114.652836
-0.496518,50,2115.103321
-0.499852,50,2115.562159
-0.475623,50,2116.029371
-0.449379,50,2116.489406
-1.19847,50,2116.96855
-0.642484,50,2117.421503
-0.741168,50,2117.886351
-1.627541,50,2118.354383
-0.429995,50,2118.85132
-0.601689,50,2119.488214
-0.563714,50,2120.14429
-0.428268,50,2120.770183
-0.495696,50,2121.415562
-1.87763,50,2122.071129
-0.367113,50,2122.53164
-0.424453,50,2122.990506
-0.273249,50,2123.473342
-0.365536,50,2123.93338
-0.445405,50,2124.411672
-0.476773,50,2124.904632
-0.565335,50,2125.375372
-0.514005,50,2125.829474
-0.484414,50,2126.299357
-0.476956,50,2126.742379
-0.528534,50,2127.270663
-1.759409,50,2127.747589
-0.937468,50,2128.217203
-0.376315,50,2128.679625
-0.444282,50,2129.133394
-0.560839,50,2129.60808
-0.540525,50,2130.066256
-0.467976,50,2130.567635
-0.375261,50,2131.043519
-0.307855,50,2131.516174
-0.498668,50,2132.006747
-0.395335,50,2132.65812
-0.533465,50,2133.285788
-0.421848,50,2133.914098
-0.570854,50,2134.544366
-1.078093,50,2135.203268
-0.59183,50,2135.669494
-0.753644,50,2136.128578
-0.678538,50,2136.596836
-0.545306,50,2137.071578
-0.467413,50,2137.524229
-0.536334,50,2138.000807
-0.61729,50,2138.452627
-0.930093,50,2138.937568
-1.578568,50,2139.408957
-0.460787,50,2139.873061
-0.523114,50,2140.326784
-0.517696,50,2140.78803
-0.818793,50,2141.246669
-0.404963,50,2141.702162
-0.588066,50,2142.184348
-0.324736,50,2142.634437
-0.531541,50,2143.102511
-0.412358,50,2143.563613
-0.500079,50,2144.033471
-0.523872,50,2144.491477
-0.506426,50,2144.965602
-0.456773,50,2145.579916
-0.45048,50,2146.203493
-0.447254,50,2146.838638
-1.494466,50,2147.483434
-0.506918,50,2148.183575
-0.686064,50,2148.664766
-0.475021,50,2149.13924
-0.488277,50,2149.59706
-1.446462,50,2150.067662
-1.101477,50,2150.545235
-0.804558,50,2150.99469
-0.523147,50,2151.47391
-0.417553,50,2151.943032
-0.362434,50,2152.421513
-0.426285,50,2152.88344
-0.339781,50,2153.351402
-0.517843,50,2153.818169
-0.401682,50,2154.283284
-0.779005,50,2154.752575
-0.558921,50,2155.215777
-0.632074,50,2155.68266
-0.599819,50,2156.151027
-0.386626,50,2156.634674
-0.466248,50,2157.097613
-0.825726,50,2157.56945
-0.530949,50,2158.038258
-0.482938,50,2158.624334
-0.372384,50,2159.242366
-0.409794,50,2159.887679
-0.622279,50,2160.535353
-0.655731,50,2161.225432
-0.462729,50,2161.761419
-0.510462,50,2162.228455
-0.440331,50,2162.694797
-0.40673,50,2163.153818
-0.587597,50,2163.609927
-0.429305,50,2164.081301
-0.543759,50,2164.543671
-0.544331,50,2165.026013
-0.579575,50,2165.512935
-0.416148,50,2165.978679
-0.239319,50,2166.439831
-0.510641,50,2166.911943
-0.745739,50,2167.372085
-0.664549,50,2167.827123
-1.04177,50,2168.310254
-0.399312,50,2168.758208
-0.854093,50,2169.243906
-0.313508,50,2169.696578
-1.029986,50,2170.185032
-0.552567,50,2170.640574
-0.497608,50,2171.108625
-0.397045,50,2171.643278
-0.717486,50,2172.291491
-0.584598,50,2172.917398
-0.493449,50,2173.546885
-0.661507,50,2174.16912
-0.56713,50,2174.764435
-0.651548,50,2175.246384
-0.331449,50,2175.692355
-0.485002,50,2176.140703
-0.416375,50,2176.611602
-0.351563,50,2177.063226
-0.354406,50,2177.532435
-0.245058,50,2177.98432
-0.639635,50,2178.465612
-0.696792,50,2178.92244
-0.344982,50,2179.397356
-1.933573,50,2179.862751
-0.610766,50,2180.328259
-0.694163,50,2180.793326
-0.416725,50,2181.256508
-0.31735,50,2181.722477
-0.41279,50,2182.186331
-1.022652,50,2182.666992
-0.568496,50,2183.12468
-0.537502,50,2183.586402
-0.531724,50,2184.037467
-0.607459,50,2184.4945
-0.554465,50,2185.206631
-0.464988,50,2185.833652
-0.570746,50,2186.487259
-0.447543,50,2187.102475
-0.583641,50,2187.77272
-0.435723,50,2188.240958
-0.416156,50,2188.697566
-0.465515,50,2189.165927
-0.615697,50,2189.634838
-0.454773,50,2190.103674
-0.62657,50,2190.560158
-1.206886,50,2191.069231
-0.599879,50,2191.528255
-0.534196,50,2191.995957
-1.507949,50,2192.466792
-0.770748,50,2192.927625
-0.374118,50,2193.414273
-0.57884,50,2193.869267
-0.869483,50,2194.34673
-0.53369,50,2194.803666
-0.380391,50,2195.275719
-0.633357,50,2195.738569
-0.404063,50,2196.215538
-0.578023,50,2196.675217
-0.777289,50,2197.144673
-0.549415,50,2197.601621
-0.443079,50,2198.268146
-0.338183,50,2198.867634
-0.47868,50,2199.524377
-0.636077,50,2200.124106
-0.360935,50,2200.821104
-1.722843,50,2201.319916
-0.680647,50,2201.774604
-0.652569,50,2202.231377
-0.560904,50,2202.709264
-0.517936,50,2203.170657
-0.571005,50,2203.646715
-0.532342,50,2204.109784
-0.406736,50,2204.590828
-0.58771,50,2205.047308
-0.504396,50,2205.522227
-0.415498,50,2205.975756
-1.377838,50,2206.469949
-0.475173,50,2206.927443
-0.410854,50,2207.39046
-0.55049,50,2207.889351
-0.469061,50,2208.385763
-0.346246,50,2208.84159
-0.694773,50,2209.298367
-1.757986,50,2209.77389
-0.538015,50,2210.234711
-0.504526,50,2210.702103
-0.657181,50,2211.340678
-0.547414,50,2211.961579
-0.360834,50,2212.620036
-0.812683,50,2213.256712
-0.321649,50,2213.933063
-0.299428,50,2214.425926
-0.50894,50,2214.901652
-0.705613,50,2215.365311
-0.526246,50,2215.825946
-0.384158,50,2216.295111
-0.372318,50,2216.752059
-0.552134,50,2217.229573
-0.410923,50,2217.676991
-0.595948,50,2218.145217
-0.342765,50,2218.608544
-0.536178,50,2219.079129
-0.521777,50,2219.542621
-0.347098,50,2220.014427
-0.752115,50,2220.478389
-0.670606,50,2220.960226
-0.518099,50,2221.435609
-0.520669,50,2221.892879
-0.56684,50,2222.375293
-1.784216,50,2222.84078
-1.711953,50,2223.322091
-0.847842,50,2223.774525
-0.499709,50,2224.366797
-0.506303,50,2224.981853
-0.353732,50,2225.640651
-0.462065,50,2226.263634
-0.578487,50,2227.754532
-0.387047,50,2228.23088
-0.47696,50,2228.708913
-0.631874,50,2229.160582
-0.594851,50,2229.640778
-1.690037,50,2230.109321
-1.446177,50,2230.596651
-0.50341,50,2231.04829
-0.739647,50,2231.520569
-0.476452,50,2231.974743
-0.569857,50,2232.435133
-0.842346,50,2232.912735
-0.481881,50,2233.376443
-0.467067,50,2233.848535
-0.295677,50,2234.304916
-0.718459,50,2234.792275
-0.313155,50,2235.251609
-0.4703,50,2235.721455
-0.570755,50,2236.180969
-0.316254,50,2236.649276
-0.500682,50,2237.104148
-0.765214,50,2237.729414
-0.43004,50,2238.330968
-0.484774,50,2238.973062
-0.343477,50,2239.585385
-0.434965,50,2240.278368
-0.851971,50,2240.781247
-0.660496,50,2241.258601
-0.490938,50,2241.727175
-0.589757,50,2242.202352
-0.415667,50,2242.655114
-0.2892,50,2243.130407
-0.5566,50,2243.61149
-0.419043,50,2244.087744
-0.567753,50,2244.554608
-0.503838,50,2245.055664
-0.470708,50,2245.532109
-0.266588,50,2245.990954
-0.469773,50,2246.466531
-0.673207,50,2246.922584
-0.331557,50,2247.402391
-0.654622,50,2247.875551
-0.524406,50,2248.352341
-0.479417,50,2248.808943
-0.849479,50,2249.289647
-0.638978,50,2249.767609
-0.426875,50,2250.267649
-0.476242,50,2250.882397
-0.352056,50,2251.553808
-0.587088,50,2252.215751
-0.43457,50,2252.854846
-0.470509,50,2253.550952
-0.333486,50,2254.057312
-0.396273,50,2254.527183
-0.708609,50,2255.040998
-0.569399,50,2255.512566
-0.632289,50,2255.982783
-0.78935,50,2256.440812
-0.496381,50,2256.921305
-0.581717,50,2257.386841
-1.135562,50,2257.877042
-0.488808,50,2258.338734
-0.876936,50,2258.801078
-0.712616,50,2259.257766
-0.269198,50,2259.728294
-0.718649,50,2260.17913
-0.440907,50,2260.648497
-0.271359,50,2261.100716
-0.608195,50,2261.569208
-0.478981,50,2262.030268
-0.411962,50,2262.491836
-0.539939,50,2262.960551
-0.32973,50,2263.416593
-0.637309,50,2264.019572
-0.367818,50,2264.630376
-0.589864,50,2265.271247
-0.819221,50,2265.899086
-0.563489,50,2266.556723
-0.931751,50,2267.103404
-0.435011,50,2267.557899
-0.588219,50,2268.034374
-0.503933,50,2268.490772
-0.488554,50,2268.939345
-0.336113,50,2269.402503
-0.575793,50,2269.853221
-0.436101,50,2270.319149
-0.345668,50,2270.767326
-0.356965,50,2271.236419
-1.022958,50,2271.708073
-0.363356,50,2272.185834
-0.474216,50,2272.642808
-0.377459,50,2273.101288
-0.279011,50,2273.576226
-0.633973,50,2274.033669
-0.547199,50,2274.516009
-0.750717,50,2274.971232
-0.587471,50,2275.449448
-0.341758,50,2275.899431
-0.634478,50,2276.367401
-0.546976,50,2276.873926
-0.49385,50,2277.509272
-0.555223,50,2278.134531
-0.516843,50,2278.776199
-1.545069,50,2279.42345
-0.593718,50,2280.03902
-0.564517,50,2280.511745
-0.657643,50,2280.964575
-1.851148,50,2281.463557
-0.603385,50,2281.934617
-0.446729,50,2282.392663
-0.329987,50,2282.854432
-0.466055,50,2283.316847
-0.653009,50,2283.791344
-0.486004,50,2284.243914
-0.363382,50,2284.716084
-0.978722,50,2285.188723
-0.496625,50,2285.66197
-0.33031,50,2286.118026
-0.543331,50,2286.571747
-0.519824,50,2287.039703
-1.709441,50,2287.522052
-0.385048,50,2287.989882
-1.111392,50,2288.471037
-0.38524,50,2288.97539
-0.524577,50,2289.441787
-0.766821,50,2289.926946
-0.619526,50,2290.564103
-0.438528,50,2291.197989
-1.716863,50,2291.840423
-0.354459,50,2292.477208
-0.525133,50,2293.102677
-0.471131,50,2293.556573
-0.631869,50,2294.030362
-0.336417,50,2294.4838
-0.694253,50,2294.94248
-0.654626,50,2295.410532
-0.594038,50,2295.869452
-0.669728,50,2296.357392
-0.819811,50,2296.811449
-0.770059,50,2297.280378
-0.568886,50,2297.736249
-0.345806,50,2298.20564
-0.327522,50,2298.659228
-0.351897,50,2299.117154
-1.789517,50,2299.597774
-0.758993,50,2300.046043
-0.440011,50,2300.520225
-0.54536,50,2300.970066
-0.28197,50,2301.445165
-0.389486,50,2301.899305
-0.592323,50,2302.372159
-0.597755,50,2302.827463
-0.440503,50,2303.456114
-0.662308,50,2304.059986
-0.983558,50,2304.769694
-0.560671,50,2305.382069
-0.531048,50,2306.060746
-0.445985,50,2306.580202
-0.384714,50,2307.033079
-1.278118,50,2307.504037
-0.319641,50,2307.971123
-0.324821,50,2308.427574
-0.414174,50,2308.889434
-0.692795,50,2309.352698
-0.657541,50,2309.821048
-0.77253,50,2310.293107
-0.811538,50,2310.757662
-0.560521,50,2311.245096
-0.523856,50,2311.735808
-0.486082,50,2312.204475
-0.644419,50,2312.659446
-0.529718,50,2313.122606
-0.440242,50,2313.594141
-0.599603,50,2314.07284
-0.380438,50,2314.5312
-0.401144,50,2314.998887
-0.417151,50,2315.464036
-0.547921,50,2315.949222
-0.76399,50,2316.524067
-0.824059,50,2317.196205
-0.402891,50,2317.8255
-0.595024,50,2318.486825
-0.423668,50,2319.150112
-0.451269,50,2319.700397
-0.656624,50,2320.182091
-0.992627,50,2320.653579
-0.550879,50,2321.120512
-0.376261,50,2321.600266
-1.117565,50,2322.06244
-0.586355,50,2322.524701
-1.524943,50,2323.000745
-0.462684,50,2323.479364
-0.413708,50,2323.939771
-0.581433,50,2324.411158
-0.667129,50,2324.867498
-0.639056,50,2325.342365
-0.604039,50,2325.798779
-0.673747,50,2326.274844
-0.553003,50,2326.743558
-0.521214,50,2327.202666
-0.712126,50,2327.670916
-0.527951,50,2328.13281
-0.411641,50,2328.600307
-0.59081,50,2329.05451
-0.432193,50,2329.592395
-0.46827,50,2330.210037
-0.388542,50,2330.845887
-0.456683,50,2331.460053
-0.674595,50,2332.098179
-0.337384,50,2332.702358
-0.267469,50,2333.153264
-0.313036,50,2333.617491
-0.680579,50,2334.088212
-0.574692,50,2334.550678
-0.639,50,2335.01745
-1.576226,50,2335.488811
-0.310406,50,2335.956268
-0.530126,50,2336.415647
-0.435919,50,2336.884693
-0.427377,50,2337.346035
-0.324474,50,2337.797085
-0.486478,50,2338.270381
-0.513497,50,2338.719513
-0.696326,50,2339.189359
-1.111209,50,2339.640029
-0.699985,50,2340.102076
-1.851424,50,2340.566496
-0.512518,50,2341.032478
-0.456907,50,2341.517883
-0.496714,50,2341.983732
-1.495731,50,2342.45556
-1.666174,50,2343.120444
-0.52754,50,2343.738867
-0.606919,50,2344.366765
-0.25309,50,2344.96936
-0.341229,50,2345.643257
-0.410202,50,2346.10339
-0.52842,50,2346.57026
-0.487915,50,2347.019531
-0.675799,50,2347.49248
-0.799472,50,2347.955992
-0.620622,50,2348.435915
-0.436836,50,2348.891225
-0.571316,50,2349.359332
-0.590886,50,2349.81033
-0.440622,50,2350.266103
-0.435671,50,2350.729271
-0.448788,50,2351.185464
-0.40709,50,2351.665986
-1.636749,50,2352.139361
-0.340314,50,2352.608378
-0.281444,50,2353.060236
-0.309075,50,2353.536816
-0.487269,50,2353.994238
-0.253023,50,2354.46617
-0.324558,50,2354.923098
-0.412328,50,2355.386672
-0.798726,50,2355.983873
-0.734655,50,2356.644663
-0.472397,50,2357.288541
-0.979105,50,2357.907929
-1.161554,50,2358.595469
-0.586907,50,2359.104427
-0.500119,50,2359.561407
-0.498425,50,2360.031744
-0.427155,50,2360.494768
-0.497103,50,2360.968961
-0.445851,50,2361.427964
-0.453986,50,2361.893178
-0.413437,50,2362.354091
-0.550666,50,2362.814669
-0.63707,50,2363.291771
-1.544445,50,2363.760449
-0.682411,50,2364.23804
-0.69609,50,2364.713247
-0.888098,50,2365.203378
-0.492959,50,2365.656096
-0.696291,50,2366.127587
-0.69266,50,2366.587228
-0.610297,50,2367.050575
-0.462167,50,2367.526683
-0.386268,50,2367.984602
-0.451502,50,2368.45749
-0.499276,50,2369.020033
-0.450604,50,2369.710451
-0.522999,50,2370.351519
-0.41091,50,2370.96135
-0.216084,50,2371.639291
-0.459131,50,2372.196638
-0.517558,50,2372.703763
-0.549329,50,2373.157628
-0.543541,50,2373.633644
-0.551773,50,2374.090501
-0.500434,50,2374.576885
-1.702176,50,2375.043456
-0.558608,50,2375.510201
-0.269527,50,2375.964238
-0.303054,50,2376.436329
-0.620733,50,2376.899682
-0.590729,50,2377.360652
-0.763022,50,2377.829139
-1.001583,50,2378.294721
-0.718315,50,2378.759127
-0.543789,50,2379.247594
-0.23528,50,2379.717409
-0.69186,50,2380.171449
-0.396151,50,2380.632005
-0.731621,50,2381.081662
-0.453655,50,2381.549838
-0.512658,50,2382.071417
-0.431739,50,2382.727092
-0.440792,50,2383.371473
-0.479156,50,2384.009619
-0.416549,50,2384.654627
-0.71931,50,2385.282715
-0.423146,50,2385.734532
-0.683508,50,2386.212839
-0.539637,50,2386.676566
-0.354999,50,2387.150428
-0.564729,50,2387.616861
-0.533765,50,2388.093605
-0.524279,50,2388.549722
-0.735971,50,2389.018874
-0.781699,50,2389.475308
-0.743142,50,2389.948832
-0.488877,50,2390.422083
-0.942134,50,2390.881691
-0.589152,50,2391.364082
-0.470068,50,2391.819345
-0.663291,50,2392.29125
-0.504804,50,2392.753744
-0.511016,50,2393.231297
-0.697105,50,2393.688228
-0.851995,50,2394.146919
-1.68843,50,2394.610175
-0.586114,50,2395.077914
-0.387421,50,2395.735072
-0.487002,50,2396.365355
-0.534551,50,2396.98526
-0.674677,50,2397.624862
-0.412721,50,2398.288451
-0.632349,50,2398.759738
-0.676943,50,2399.215868
-0.315446,50,2399.686084
-0.545778,50,2400.142393
-1.736175,50,2400.630417
-0.501465,50,2401.092868
-0.460486,50,2401.568488
-0.563843,50,2402.06577
-0.630651,50,2402.537784
-0.537761,50,2402.99125
-0.447536,50,2403.452038
-0.688176,50,2403.937802
-0.43191,50,2404.398006
-0.412433,50,2404.871379
-1.742428,50,2405.353195
-0.839497,50,2405.833393
-0.532212,50,2406.295972
-0.583719,50,2406.761255
-0.656638,50,2407.220441
-0.321877,50,2407.698305
-0.550134,50,2408.158315
-0.30993,50,2408.819842
-0.52233,50,2409.44204
-0.485924,50,2410.083479
-0.548449,50,2410.692198
-0.443365,50,2411.364208
-0.636631,50,2411.817335
-0.363988,50,2412.291749
-0.397704,50,2412.742362
-0.796119,50,2413.206053
-0.507721,50,2413.651442
-0.631512,50,2414.118221
-0.541216,50,2414.573571
-0.434573,50,2415.032458
-0.506884,50,2415.492463
-0.429898,50,2415.955542
-0.708898,50,2416.439367
-0.566836,50,2416.889755
-0.524653,50,2417.358326
-0.510048,50,2417.824954
-0.41789,50,2418.297452
-0.556028,50,2418.755933
-0.324083,50,2419.221753
-0.643318,50,2419.697468
-0.540634,50,2420.158481
-0.347615,50,2420.637858
-0.580514,50,2421.097676
-0.295369,50,2421.705971
-0.508836,50,2422.334134
-0.37489,50,2422.970115
-0.450285,50,2423.585069
-0.6968,50,2424.228786
-0.666769,50,2424.809983
-0.282108,50,2425.266444
-0.379074,50,2425.732226
-1.051694,50,2426.209942
-0.545297,50,2426.682953
-0.51286,50,2427.172599
-0.530901,50,2427.649924
-0.488485,50,2428.116067
-0.769848,50,2428.616087
-0.487729,50,2429.084728
-0.618577,50,2429.538768
-0.727281,50,2430.008386
-1.70081,50,2430.486136
-0.896573,50,2430.960149
-0.771501,50,2431.425146
-0.424371,50,2431.937823
-0.466868,50,2432.419815
-0.344088,50,2432.90496
-0.77794,50,2433.380548
-0.603762,50,2433.870504
-0.551509,50,2434.331174
-0.472787,50,2434.953578
-0.761672,50,2435.55957
-0.369304,50,2436.223614
-0.503983,50,2436.845275
-0.444089,50,2437.549315
-0.480218,50,2438.058243
-0.442896,50,2438.532436
-0.516044,50,2438.997536
-0.459883,50,2439.470041
-0.592106,50,2439.936929
-0.602342,50,2440.421566
-0.740859,50,2440.89958
-0.658422,50,2441.36897
-0.276877,50,2441.823612
-0.345931,50,2442.302381
-0.562676,50,2442.762761
-0.324462,50,2443.233396
-0.656089,50,2443.703878
-0.381613,50,2444.168605
-0.440189,50,2444.64161
-0.491519,50,2445.099712
-0.726145,50,2445.574819
-0.437509,50,2446.03962
-0.440321,50,2446.517222
-0.598615,50,2446.972548
-0.536297,50,2447.444757
-0.756708,50,2448.03721
-0.532788,50,2448.652577
-0.392936,50,2449.293041
-0.570356,50,2449.909482
-0.439766,50,2450.595455
-0.504941,50,2451.15116
-0.410432,50,2451.626536
-0.465533,50,2452.082603
-0.419566,50,2452.552022
-0.426866,50,2453.036768
-0.772027,50,2453.510533
-0.285588,50,2453.990218
-0.571447,50,2454.454689
-0.642314,50,2454.944005
-0.537067,50,2455.402436
-0.35831,50,2455.86763
-0.47657,50,2456.332995
-0.492342,50,2456.795256
-0.34855,50,2457.25234
-0.757458,50,2457.707013
-0.64882,50,2458.178228
-0.572149,50,2458.632331
-0.549303,50,2459.1016
-0.525493,50,2459.560052
-0.458997,50,2460.022581
-0.668381,50,2460.483307
-0.279645,50,2461.014116
-0.341171,50,2461.642897
-0.43314,50,2462.329891
-0.487523,50,2462.958754
-0.376663,50,2463.588609
-0.266537,50,2464.208351
-0.423969,50,2464.668196
-0.857137,50,2465.142749
-1.497508,50,2465.608943
-0.528359,50,2466.065509
-0.622473,50,2466.547875
-0.37259,50,2467.001622
-0.460599,50,2467.468406
-0.455135,50,2467.92684
-0.456526,50,2468.40247
-0.601542,50,2468.870867
-0.533177,50,2469.348664
-0.564323,50,2469.806233
-0.466362,50,2470.262973
-0.487325,50,2470.758648
-0.459103,50,2471.221709
-0.556946,50,2471.683323
-1.071486,50,2472.166608
-0.309506,50,2472.643703
-0.426669,50,2473.101479
-0.547197,50,2473.583861
-0.639996,50,2474.0614
-0.733705,50,2474.714876
-0.714333,50,2475.338901
-0.786244,50,2475.981047
-0.451955,50,2476.629158
-0.385288,50,2477.262973
-0.698808,50,2477.72763
-0.59127,50,2478.186402
-0.458357,50,2479.345652
-0.293822,50,2479.820714
-0.67159,50,2480.287771
-0.596938,50,2480.760597
-1.127526,50,2481.251644
-0.634268,50,2481.71835
-0.514271,50,2482.183648
-0.788252,50,2482.651015
-0.281866,50,2483.137927
-0.369937,50,2483.605117
-0.637764,50,2484.12347
-1.725585,50,2484.583308
-1.088154,50,2485.059506
-0.578778,50,2485.521586
-0.693076,50,2485.994712
-0.472367,50,2486.450755
-0.527186,50,2486.930742
-0.354705,50,2487.516308
-0.734087,50,2488.135127
-1.795885,50,2488.797973
-0.581779,50,2489.468417
-0.355157,50,2490.152523
-0.431797,50,2490.661793
-0.512863,50,2491.123428
-0.570125,50,2491.618372
-0.892023,50,2492.12155
-1.208885,50,2492.610299
-0.452057,50,2493.084006
-0.6228,50,2493.574068
-0.373022,50,2494.039298
-0.442799,50,2494.510715
-0.663121,50,2494.97199
-0.516817,50,2495.458095
-0.493433,50,2495.924276
-0.567339,50,2496.395648
-0.353205,50,2496.85008
-0.456678,50,2497.323797
-0.664699,50,2497.797782
-0.405632,50,2498.270591
-0.799892,50,2498.757605
-0.360655,50,2499.239453
-1.472369,50,2499.723954
-0.513168,50,2500.19092
-0.45148,50,2500.824445
-0.844511,50,2501.47234
-0.533865,50,2502.154649
-0.68843,50,2502.77045
-0.384462,50,2503.473866
-0.381061,50,2503.9524
-0.413776,50,2504.417685
-0.443981,50,2504.88708
-0.335825,50,2505.346697
-1.503915,50,2505.827989
-0.757704,50,2506.290488
-0.406896,50,2506.74105
-0.403326,50,2507.211545
-0.408932,50,2507.6642
-0.506918,50,2508.134895
-0.501488,50,2508.595133
-0.553601,50,2509.062693
-0.405767,50,2509.522633
-0.415587,50,2509.990461
-1.136361,50,2510.448585
-0.480307,50,2510.900407
-0.366303,50,2511.376592
-0.558933,50,2511.834443
-0.416292,50,2512.312561
-0.783057,50,2512.763634
-0.445665,50,2513.241504
-0.518491,50,2513.807028
-0.590065,50,2514.426436
-0.969041,50,2515.084045
-0.310098,50,2515.704896
-0.268174,50,2516.366689
-0.518786,50,2516.911653
-0.491502,50,2517.385195
-0.432907,50,2517.83932
-0.442073,50,2518.306065
-0.428577,50,2518.763754
-0.647029,50,2519.215287
-0.494963,50,2519.68103
-0.615551,50,2520.131278
-0.338054,50,2520.592088
-0.648727,50,2521.052776
-0.424783,50,2521.531498
-0.478588,50,2521.995972
-0.538702,50,2522.498647
-0.513333,50,2522.952445
-0.325424,50,2523.420739
-0.816061,50,2523.892563
-1.58527,50,2524.367478
-0.658044,50,2524.832154
-0.325989,50,2525.293781
-0.603224,50,2525.752578
-0.410293,50,2526.206571
-0.795219,50,2526.721749
-1.040564,50,2527.384532
-0.655344,50,2528.046578
-0.387021,50,2528.668521
-0.346011,50,2529.303455
-0.68198,50,2529.902661
-0.531974,50,2530.362893
-1.735493,50,2530.873745
-1.767069,50,2531.363714
-0.663219,50,2531.8318
-0.531817,50,2532.308444
-1.444104,50,2532.776997
-0.495265,50,2533.257387
-0.484788,50,2533.717252
-0.536188,50,2534.193019
-0.335388,50,2534.657641
-0.616266,50,2535.125235
-0.51801,50,2535.593575
-0.446936,50,2536.068324
-0.332375,50,2536.529896
-0.378483,50,2536.990709
-0.413031,50,2537.469688
-0.434137,50,2537.926519
-0.414415,50,2538.403277
-0.763321,50,2538.856504
-0.766062,50,2539.352334
-0.439249,50,2539.877363
-0.508814,50,2540.521331
-0.586799,50,2541.150143
-0.424152,50,2541.796634
-0.422047,50,2542.448146
-0.35192,50,2543.042378
-0.317955,50,2543.520804
-0.631918,50,2543.976202
-0.239922,50,2544.446393
-0.40262,50,2544.913061
-0.53866,50,2545.373292
-0.254203,50,2545.83774
-0.588674,50,2546.316758
-0.48175,50,2546.777987
-0.517622,50,2547.244794
-0.56939,50,2547.713968
-0.294351,50,2548.167108
-0.98516,50,2548.647002
-0.540094,50,2549.091213
-0.53139,50,2549.55267
-0.271362,50,2550.038441
-0.63148,50,2550.524817
-1.673636,50,2551.016544
-0.408151,50,2551.497966
-0.586295,50,2551.981606
-0.321329,50,2552.485685
-0.485428,50,2553.030213
-1.616507,50,2553.712499
-0.542494,50,2554.373671
-0.664353,50,2555.005421
-0.430234,50,2555.661674
-0.361612,50,2556.248104
-0.457201,50,2556.712955
-0.695227,50,2557.192548
-0.729224,50,2557.651754
-0.497387,50,2558.131345
-0.499291,50,2558.609778
-0.564253,50,2559.080754
-0.464083,50,2559.537682
-0.616571,50,2560.004549
-0.702356,50,2560.490397
-0.481643,50,2560.971269
-0.389166,50,2561.453633
-0.413881,50,2561.915451
-0.34837,50,2562.389794
-0.266239,50,2562.847447
-0.474894,50,2563.318493
-1.435889,50,2563.794041
-0.324364,50,2564.28248
-0.449631,50,2564.743382
-0.655118,50,2565.212409
-0.420676,50,2565.669071
-0.315694,50,2566.223589
-0.356082,50,2566.852373
-0.341364,50,2567.501693
-0.299805,50,2568.116193
-0.497152,50,2568.771483
-0.398306,50,2569.347663
-0.725055,50,2569.808576
-0.458966,50,2570.271374
-0.450656,50,2570.736428
-0.512724,50,2571.193197
-0.390951,50,2571.67082
-0.502798,50,2572.136385
-0.419486,50,2572.612701
-0.489445,50,2573.069329
-0.520645,50,2573.54416
-0.405077,50,2574.007657
-0.531978,50,2574.474996
-0.715844,50,2574.947487
-0.579762,50,2575.403669
-0.531133,50,2575.868348
-1.857367,50,2576.340328
-0.386774,50,2576.805247
-0.46135,50,2577.259302
-0.475262,50,2577.720299
-0.548848,50,2578.169614
-0.393386,50,2578.63176
-0.550736,50,2579.100338
-0.56709,50,2579.768401
-0.382981,50,2580.40212
-0.286031,50,2581.035879
-0.350444,50,2581.650125
-0.526863,50,2582.317573
-1.218611,50,2582.81561
-0.31766,50,2583.290759
-0.817214,50,2583.740167
-0.779995,50,2584.227579
-0.759811,50,2584.686222
-0.444864,50,2585.149352
-0.632827,50,2585.613232
-0.503128,50,2586.082282
-0.498415,50,2586.554198
-0.385473,50,2587.0117
-0.533558,50,2587.488389
-0.895714,50,2587.948179
-0.69285,50,2588.422935
-0.53383,50,2588.873188
-0.447797,50,2589.346349
-0.275204,50,2589.802636
-0.421932,50,2590.282112
-0.390347,50,2590.742047
-1.386693,50,2591.212794
-0.558084,50,2591.694395
-0.411627,50,2592.142485
-0.391363,50,2592.76644
-0.451931,50,2593.389042
-0.453624,50,2594.038915
-0.395426,50,2594.659472
-0.261456,50,2595.337393
-0.853922,50,2595.828004
-0.666643,50,2596.291756
-0.64308,50,2596.760762
-0.600006,50,2597.214931
-0.353995,50,2597.683105
-0.743688,50,2598.136707
-0.419729,50,2598.615665
-0.872994,50,2599.077226
-0.702044,50,2599.558918
-0.563778,50,2600.028712
-0.478407,50,2600.486369
-0.562267,50,2600.944394
-1.053121,50,2601.403609
-1.038175,50,2601.88237
-0.427777,50,2602.341107
-0.525041,50,2602.813684
-1.352138,50,2603.287277
-0.478821,50,2603.740781
-1.431788,50,2604.219953
-0.560078,50,2604.696451
-0.41089,50,2605.19009
-0.451565,50,2605.786931
-0.527283,50,2606.411407
-0.38548,50,2607.057002
-0.817949,50,2607.690167
-0.593892,50,2608.360358
-0.60269,50,2608.880356
-0.505767,50,2609.355867
-0.59375,50,2609.818435
-0.621001,50,2610.304101
-0.531811,50,2610.770704
-0.430072,50,2611.254923
-0.57106,50,2611.740173
-0.307306,50,2612.212708
-0.560166,50,2612.705322
-0.479674,50,2613.177663
-0.225658,50,2613.643636
-0.514161,50,2614.103929
-0.7829,50,2614.595644
-0.374211,50,2615.091551
-0.681069,50,2615.560184
-0.554378,50,2616.016788
-0.398999,50,2616.504638
-0.675374,50,2616.96866
-0.704699,50,2617.451187
-0.409824,50,2617.918121
-0.624817,50,2618.396585
-0.705621,50,2619.013664
-1.168142,50,2619.664646
-0.310101,50,2620.305219
-1.045324,50,2620.928126
-1.757325,50,2621.613573
-1.062731,50,2622.123784
-0.599771,50,2622.591315
-0.457388,50,2623.067787
-0.474018,50,2623.52317
-0.601316,50,2623.991232
-0.380829,50,2624.45891
-0.47515,50,2624.929702
-0.295071,50,2625.388614
-0.519362,50,2625.859763
-0.752214,50,2626.354383
-0.678861,50,2626.829157
-0.543378,50,2627.300721
-0.370862,50,2627.763477
-0.497902,50,2628.244346
-0.505358,50,2628.701658
-0.38572,50,2629.167337
-0.29121,50,2629.625241
-0.527362,50,2630.101363
-0.519557,50,2630.559451
-0.785779,50,2631.03036
-0.720505,50,2631.487751
-0.786791,50,2632.09575
-0.647751,50,2632.730762
-0.759597,50,2633.394696
-0.645782,50,2634.035303
-0.439294,50,2634.713896
-0.507147,50,2635.255227
-0.485715,50,2635.714843
-0.397505,50,2636.186353
-0.544427,50,2636.640128
-0.544476,50,2637.09685
-0.601477,50,2637.568536
-0.490806,50,2638.018458
-0.495594,50,2638.508779
-0.495898,50,2638.959294
-0.436182,50,2639.425205
-0.381634,50,2639.881731
-0.365177,50,2640.355389
-0.400244,50,2640.807653
-0.416444,50,2641.265628
-0.320654,50,2641.744146
-0.475678,50,2642.208282
-0.492006,50,2642.706229
-1.818645,50,2643.189821
-0.343459,50,2643.664291
-0.607045,50,2644.12979
-0.661306,50,2644.619042
-0.442419,50,2645.173794
-0.62066,50,2645.822962
-0.53097,50,2646.468739
-1.272162,50,2647.091271
-1.363582,50,2647.775102
-0.886694,50,2648.333073
-0.415457,50,2648.806076
-0.720932,50,2649.268791
-0.503804,50,2649.722033
-0.537147,50,2650.182233
-0.63362,50,2650.647168
-0.575478,50,2651.109589
-0.487187,50,2651.568259
-0.569192,50,2652.046658
-0.447325,50,2652.51514
-1.316915,50,2652.999682
-0.601095,50,2653.462062
-0.440645,50,2653.93546
-0.435477,50,2654.40447
-0.441489,50,2654.866933
-0.459617,50,2655.337078
-0.542862,50,2655.788848
-0.288375,50,2656.265149
-0.582986,50,2656.727504
-1.412507,50,2657.199864
-0.490617,50,2657.665224
-0.835965,50,2658.207208
-0.453486,50,2658.85173
-0.626835,50,2659.501866
-0.390151,50,2660.136904
-0.468206,50,2660.792817
-0.568846,50,2661.385399
-0.296252,50,2661.838182
-0.425487,50,2662.31156
-0.460042,50,2662.768457
-0.442047,50,2663.232745
-0.56932,50,2663.69789
-0.609687,50,2664.151284
-0.545288,50,2664.638282
-0.437495,50,2665.121764
-0.615311,50,2665.588954
-0.613546,50,2666.044416
-0.62009,50,2666.525458
-0.483948,50,2666.988769
-0.556275,50,2667.477132
-0.464989,50,2667.936165
-0.527496,50,2668.39615
-0.55985,50,2668.859088
-0.50003,50,2669.319088
-0.441346,50,2669.784634
-0.599581,50,2670.250533
-0.542843,50,2670.723749
-0.279482,50,2671.216133
-1.244574,50,2671.904783
-0.407117,50,2672.588839
-0.506788,50,2673.279005
-1.631951,50,2673.945445
-1.815118,50,2674.56638
-0.571531,50,2675.044012
-0.775914,50,2675.504141
-0.365366,50,2675.974052
-0.497762,50,2676.437904
-0.514796,50,2676.91978
-0.516248,50,2677.386005
-0.609468,50,2677.860004
-0.517431,50,2678.335669
-0.728242,50,2678.802218
-0.486234,50,2679.274638
-0.296806,50,2679.722784
-1.231846,50,2680.217631
-0.353586,50,2680.692847
-0.806507,50,2681.204092
-0.553494,50,2681.664842
-0.454225,50,2682.143131
-0.486326,50,2682.610598
-0.632945,50,2683.107002
-1.212524,50,2683.590891
-0.542322,50,2684.063786
-0.690801,50,2684.619489
-0.580017,50,2685.280925
-0.499834,50,2685.915038
-0.727398,50,2686.588053
-1.569682,50,2687.266155
-0.404852,50,2687.827775
-0.466829,50,2688.29662
-0.38091,50,2688.77961
-0.287711,50,2689.251442
-0.383174,50,2689.719137
-0.510232,50,2690.180845
-0.602475,50,2690.666086
-0.772087,50,2691.133684
-0.393299,50,2691.611417
-1.23071,50,2692.106921
-0.522156,50,2692.606772
-0.444093,50,2693.089294
-0.710845,50,2693.581745
-0.520167,50,2694.052542
-0.502277,50,2694.513498
-0.422032,50,2694.992033
-0.498365,50,2695.45161
-0.558964,50,2695.91513
-0.53374,50,2696.383238
-0.451934,50,2696.854364
-0.69621,50,2697.316672
-0.547773,50,2697.903561
-0.500718,50,2698.533142
-0.647166,50,2699.200745
-0.434971,50,2699.838442
-0.2842,50,2700.505283
-0.655912,50,2701.082679
-0.46103,50,2701.550534
-0.546831,50,2702.036002
-0.291701,50,2702.502968
-0.444123,50,2703.01599
-0.594546,50,2703.482543
-0.730075,50,2703.948034
-0.561511,50,2704.409584
-0.418871,50,2704.869772
-0.769316,50,2705.348783
-0.592422,50,2705.806961
-0.496639,50,2706.286311
-0.516026,50,2706.753496
-0.572688,50,2707.230328
-0.533599,50,2707.687155
-0.676036,50,2708.162294
-0.489269,50,2708.63554
-0.710773,50,2709.103185
-0.794068,50,2709.568347
-0.600092,50,2710.020878
-0.503981,50,2710.493746
-0.737827,50,2711.102008
-0.399377,50,2711.74187
-1.403941,50,2712.421626
-0.575308,50,2713.067218
-0.366017,50,2713.766822
-0.459161,50,2714.285264
-0.299596,50,2714.753562
-0.323881,50,2715.219066
-0.332556,50,2715.697422
-0.672624,50,2716.174217
-0.715592,50,2716.668789
-0.566321,50,2717.141125
-0.676862,50,2717.634794
-0.476029,50,2718.100888
-0.397607,50,2718.568765
-0.504837,50,2719.044807
-0.636446,50,2719.517498
-0.900373,50,2720.012232
-0.683707,50,2720.481356
-0.32661,50,2720.948811
-0.293338,50,2721.418461
-0.547213,50,2721.896433
-0.42504,50,2722.365692
-0.433613,50,2722.84552
-0.558617,50,2723.316803
-0.694103,50,2723.792415
-0.589514,50,2724.411869
-0.555892,50,2725.027954
-0.52021,50,2725.686459
-0.288257,50,2726.304602
-0.506349,50,2726.992059
-0.443084,50,2727.486461
-1.315071,50,2727.966468
-0.555611,50,2728.443824
-0.596252,50,2728.898501
-0.72848,50,2729.377576
-0.51327,50,2729.844743
-0.554859,50,2730.328445
-0.587748,50,2730.815206
-0.294114,50,2731.295465
-0.42441,50,2732.491618
-0.352851,50,2732.958541
-0.676244,50,2733.470511
-0.643139,50,2733.932827
-0.399453,50,2734.407973
-0.489214,50,2734.861755
-0.913488,50,2735.351556
-0.733654,50,2735.814484
-0.516246,50,2736.302624
-0.489036,50,2736.777978
-0.491419,50,2737.36782
-0.490245,50,2737.999521
-0.572699,50,2738.663553
-0.263549,50,2739.28801
-0.50756,50,2739.944334
-0.439102,50,2740.497191
-0.725437,50,2740.982833
-0.812552,50,2741.448623
-0.546336,50,2741.923554
-0.34525,50,2742.38655
-0.513037,50,2742.872823
-0.321445,50,2743.339514
-0.454245,50,2743.807329
-0.477997,50,2744.277658
-0.472903,50,2744.756894
-0.658121,50,2745.214597
-0.491585,50,2745.673828
-0.569265,50,2746.139228
-0.440475,50,2746.608317
-0.454977,50,2747.11761
-0.339311,50,2747.580625
-0.735871,50,2748.064344
-0.660182,50,2748.526754
-0.649078,50,2748.994803
-1.425781,50,2749.488456
-0.364347,50,2749.959423
-0.591939,50,2750.536092
-0.393322,50,2751.184442
-0.485751,50,2751.838502
-0.346099,50,2752.482966
-0.637184,50,2753.182137
-0.855278,50,2753.720616
-0.43958,50,2754.193968
-0.340103,50,2754.646112
-0.359981,50,2755.105179
-0.421236,50,2755.57621
-0.225014,50,2756.029286
-0.374959,50,2756.502771
-0.449877,50,2756.968342
-0.508071,50,2757.451083
-0.520775,50,2757.905225
-0.721446,50,2758.389024
-0.321395,50,2758.847178
-0.536954,50,2759.326984
-0.776844,50,2759.793088
-0.685887,50,2760.249126
-0.584347,50,2760.726892
-1.763236,50,2761.211217
-0.444576,50,2761.683259
-0.391423,50,2762.147203
-0.401268,50,2762.626352
-0.492376,50,2763.079737
-0.542204,50,2763.704924
-0.568968,50,2764.335164
-0.338355,50,2764.998405
-0.609643,50,2765.630616
-0.653232,50,2766.312191
-0.373546,50,2766.865752
-0.349671,50,2767.338499
-0.460089,50,2767.821187
-0.422305,50,2768.28251
-0.789717,50,2768.746338
-0.764577,50,2769.222529
-0.516553,50,2769.678677
-0.370561,50,2770.145905
-0.533689,50,2770.612746
-0.556692,50,2771.098542
-0.491132,50,2771.561477
-0.479342,50,2772.033269
-0.811554,50,2772.497999
-0.454885,50,2773.016776
-0.412795,50,2773.506747
-0.557919,50,2773.984082
-1.835544,50,2774.470961
-0.509689,50,2774.945951
-0.343091,50,2775.409894
-0.503303,50,2775.869977
-0.641183,50,2776.345742
-0.40988,50,2776.948989
-0.523969,50,2777.590181
-0.726882,50,2778.253945
-0.479925,50,2778.892419
-0.789064,50,2779.617612
-0.615637,50,2780.139265
-0.546278,50,2780.612282
-0.484346,50,2781.07442
-0.277288,50,2781.557942
-0.301088,50,2782.023632
-0.359384,50,2782.499303
-0.393092,50,2782.97556
-0.438678,50,2783.46701
-0.353253,50,2783.93091
-0.470528,50,2784.405929
-0.50368,50,2784.889126
-0.342134,50,2785.35827
-0.479736,50,2785.826456
-0.703273,50,2786.29479
-0.648935,50,2786.774237
-0.679736,50,2787.254067
-0.487157,50,2787.723151
-0.512699,50,2788.18925
-0.704399,50,2788.666857
-0.604084,50,2789.128532
-0.555758,50,2789.610392
-0.431128,50,2790.205763
-0.581408,50,2790.8327
-0.57087,50,2791.501962
-0.594592,50,2792.139201
-0.264356,50,2792.841115
-0.400392,50,2793.342723
-0.892944,50,2793.842555
-1.174358,50,2794.314936
-0.436474,50,2794.775071
-0.381539,50,2795.247767
-0.473508,50,2795.720263
-0.477862,50,2796.202998
-0.561262,50,2796.666571
-0.631245,50,2797.151499
-0.456568,50,2797.611497
-0.554604,50,2798.090667
-0.39226,50,2798.573172
-0.468103,50,2799.040262
-0.333146,50,2799.509707
-0.429852,50,2799.991349
-0.438472,50,2800.467816
-0.314622,50,2800.92934
-0.587085,50,2801.422382
-0.699817,50,2801.903935
-0.313239,50,2802.383944
-0.348574,50,2802.846075
-0.62874,50,2803.529341
-0.601878,50,2804.16824
-0.455296,50,2804.802733
-0.219725,50,2805.434792
-0.347868,50,2806.124052
-0.37225,50,2806.5963
-0.578378,50,2807.055244
-0.362383,50,2807.527617
-0.435657,50,2807.991786
-0.525385,50,2808.465835
-0.441871,50,2808.922839
-0.468691,50,2809.393158
-0.66927,50,2809.853781
-0.634622,50,2810.341055
-1.027958,50,2810.82585
-0.493267,50,2811.284663
-0.434476,50,2811.759896
-0.481923,50,2812.226428
-0.326375,50,2812.691813
-0.753923,50,2813.156411
-0.585357,50,2813.647813
-0.661226,50,2814.115653
-0.418508,50,2814.595917
-0.320124,50,2815.050725
-0.203443,50,2815.514693
-0.657369,50,2815.998751
-0.709172,50,2816.647674
-0.728198,50,2817.26146
-0.491795,50,2817.916304
-0.469472,50,2818.525145
-0.504261,50,2819.21739
-0.484733,50,2819.67167
-0.64616,50,2820.144056
-0.326167,50,2820.591962
-0.328444,50,2821.059522
-0.7791,50,2821.516392
-1.426612,50,2821.994764
-0.433082,50,2822.451009
-1.582521,50,2822.934381
-0.469715,50,2823.402296
-0.361394,50,2823.903455
-0.613662,50,2824.361704
-0.320595,50,2824.814405
-0.662024,50,2825.286761
-0.48976,50,2825.73769
-0.646959,50,2826.20574
-1.048268,50,2826.65946
-0.779753,50,2827.125607
-0.918869,50,2827.601727
-0.466189,50,2828.066601
-0.340481,50,2828.525316
-0.464474,50,2828.97254
-0.465354,50,2829.563537
-0.396264,50,2830.183041
-0.4171,50,2830.815811
-0.615039,50,2831.43641
-1.047687,50,2832.120348
-0.494472,50,2832.648323
-0.616968,50,2833.105073
-0.406094,50,2833.572587
-1.637069,50,2834.041605
-0.533526,50,2834.512992
-0.528459,50,2834.96858
-0.257136,50,2835.442216
-0.581679,50,2835.901698
-0.511529,50,2836.382908
-0.64462,50,2836.838501
-0.37471,50,2837.296182
-0.565475,50,2837.755873
-0.635767,50,2838.218028
-0.421305,50,2838.681664
-0.615411,50,2839.133253
-0.499662,50,2839.606808
-0.519441,50,2840.073192
-0.435572,50,2840.534058
-0.375557,50,2840.978139
-0.655349,50,2841.433191
-0.486302,50,2841.900454
-0.504566,50,2842.388886
-0.534389,50,2843.028584
-0.639871,50,2843.703213
-0.438471,50,2844.326054
-0.779195,50,2844.988188
-0.322181,50,2845.597957
-0.586186,50,2846.081704
-0.3257,50,2846.546939
-0.337829,50,2847.018553
-0.584218,50,2847.48962
-0.530347,50,2847.957242
-0.351264,50,2848.425597
-0.522082,50,2848.898781
-0.576124,50,2849.362435
-0.512342,50,2849.822838
-1.642276,50,2850.314821
-0.52896,50,2850.768746
-0.563147,50,2851.248867
-0.396421,50,2851.71251
-0.606564,50,2852.202505
-0.509999,50,2852.661591
-0.493637,50,2853.143945
-0.792909,50,2853.641187
-0.365998,50,2854.142359
-1.118326,50,2854.61938
-0.404563,50,2855.084331
-1.494898,50,2855.621568
-0.935225,50,2856.30353
-0.595388,50,2856.945139
-0.616962,50,2857.598899
-0.459557,50,2858.24692
-0.416608,50,2858.830623
-0.443247,50,2859.294183
-0.522985,50,2859.759833
-0.464866,50,2860.225358
-0.785483,50,2860.68725
-0.831106,50,2861.147545
-0.620307,50,2861.623614
-0.3317,50,2862.082668
-1.079687,50,2862.571295
-0.515831,50,2863.032531
-0.474832,50,2863.488037
-0.83011,50,2863.975762
-0.448941,50,2864.465217
-0.440456,50,2864.942673
-0.563059,50,2865.431954
-0.539194,50,2865.916537
-0.331171,50,2866.382075
-0.559693,50,2866.861106
-0.426165,50,2867.32582
-0.394741,50,2867.797618
-0.510133,50,2868.275127
-0.515573,50,2868.820779
-0.280399,50,2869.450603
-1.664338,50,2870.127449
-0.700905,50,2870.74424
-0.732615,50,2871.444463
-0.484478,50,2872.03076
-0.369345,50,2872.520777
-0.291546,50,2872.998595
-0.33691,50,2873.469801
-0.531441,50,2873.940762
-0.382996,50,2874.417342
-0.679314,50,2874.888521
-0.552136,50,2875.360347
-0.749011,50,2875.811738
-0.421277,50,2876.29177
-0.432713,50,2876.75916
-0.700495,50,2877.233275
-0.470165,50,2877.683526
-0.376274,50,2878.153631
-0.354642,50,2878.618593
-0.774911,50,2879.086347
-1.398825,50,2879.569016
-0.882849,50,2880.026633
-1.213281,50,2880.496012
-0.5755,50,2880.948801
-0.499773,50,2881.420211
-1.847936,50,2881.979151
-0.618644,50,2882.601743
-0.550647,50,2883.235048
-1.685296,50,2883.906358
-0.435546,50,2884.557563
-0.669319,50,2885.157588
-0.329413,50,2885.625582
-1.730013,50,2886.093718
-0.47664,50,2886.565619
-0.32099,50,2887.016022
-0.467246,50,2887.47863
-0.472518,50,2887.925159
-0.640553,50,2888.386328
-0.520561,50,2888.851345
-0.245437,50,2889.314928
-0.417747,50,2889.781348
-1.068731,50,2890.243311
-0.51752,50,2890.716804
-0.897884,50,2891.185137
-0.480864,50,2891.645959
-0.645452,50,2892.097948
-0.274257,50,2892.559551
-0.563219,50,2893.026718
-0.548089,50,2893.488644
-0.405282,50,2893.954292
-0.36113,50,2894.41816
-0.481334,50,2894.888787
-0.405509,50,2895.525203
-0.360599,50,2896.163815
-0.390008,50,2896.795124
-0.459321,50,2897.415555
-1.60987,50,2898.114925
-0.546409,50,2898.584693
-0.459763,50,2899.05551
-0.552329,50,2899.516796
-0.502021,50,2899.966987
-0.565463,50,2900.446552
-0.501243,50,2900.902578
-0.410798,50,2901.376719
-0.522205,50,2901.83485
-0.293784,50,2902.317318
-0.572148,50,2902.770576
-0.909331,50,2903.253629
-0.601428,50,2903.705861
-0.554077,50,2904.175076
-0.467659,50,2904.645742
-0.394422,50,2905.119677
-0.280674,50,2905.591693
-0.516169,50,2906.049458
-0.463492,50,2906.519346
-0.53024,50,2906.969977
-0.519507,50,2907.442988
-0.403147,50,2907.899742
-0.623737,50,2908.516417
-0.539253,50,2909.120752
-0.401164,50,2909.769099
-0.450623,50,2910.383415
-0.470115,50,2911.043273
-0.550044,50,2911.560632
-0.48391,50,2912.020476
-0.417749,50,2912.488872
-0.257653,50,2912.944306
-0.427657,50,2913.406352
-0.515158,50,2913.869303
-0.363251,50,2914.382329
-0.60892,50,2914.859412
-1.193759,50,2915.34449
-0.540552,50,2915.807226
-0.739857,50,2916.273949
-0.573792,50,2916.74157
-0.499753,50,2917.210467
-0.452663,50,2917.676271
-1.329462,50,2918.14698
-0.874143,50,2918.626895
-0.971421,50,2919.105434
-0.519548,50,2919.566185
-1.637325,50,2920.059478
-0.461146,50,2920.520208
-0.511711,50,2920.989465
-0.520573,50,2921.583505
-0.501312,50,2922.212059
-1.196502,50,2922.880382
-0.812527,50,2923.495394
-1.36746,50,2924.15593
-0.933678,50,2924.67441
-0.839079,50,2925.161952
-0.457069,50,2925.625674
-0.290616,50,2926.103786
-0.425356,50,2926.571361
-0.483541,50,2927.032263
-0.641702,50,2927.500144
-0.470534,50,2927.948092
-0.550532,50,2928.427934
-0.401322,50,2928.880276
-0.428485,50,2929.347822
-0.66431,50,2929.802395
-0.55338,50,2930.279331
-0.524647,50,2930.730423
-0.339065,50,2931.198981
-0.528043,50,2931.658211
-0.406368,50,2932.1208
-0.465743,50,2932.602305
-0.776972,50,2933.060338
-0.420378,50,2933.531462
-0.564371,50,2934.007916
-0.50499,50,2934.601954
-0.501974,50,2935.256941
-0.789333,50,2935.938539
-1.70438,50,2936.592026
-0.609978,50,2937.2545
-0.49478,50,2937.799621
-0.692746,50,2938.264865
-0.473474,50,2938.73741
-0.34196,50,2939.19507
-0.325337,50,2939.662454
-0.451496,50,2940.124928
-0.608645,50,2940.603273
-0.610224,50,2941.054206
-1.975725,50,2941.528514
-0.3576,50,2941.993428
-0.399629,50,2942.456649
-0.553305,50,2942.923096
-1.803589,50,2943.394699
-0.388732,50,2943.85537
-0.568451,50,2944.341228
-0.579646,50,2944.817729
-0.425286,50,2945.278531
-0.411034,50,2945.741268
-0.573873,50,2946.215568
-0.50844,50,2946.673099
-0.473549,50,2947.139166
-0.518918,50,2947.663366
-0.875212,50,2948.330645
-0.372984,50,2948.966295
-0.62593,50,2949.590159
-0.658377,50,2950.224396
-0.628283,50,2950.81933
-0.609767,50,2951.287714
-0.690337,50,2951.738193
-0.533491,50,2952.206903
-0.518468,50,2952.658597
-0.698613,50,2953.117223
-0.397074,50,2953.573401
-0.559488,50,2954.026845
-0.535273,50,2954.500374
-0.960015,50,2954.966533
-0.748803,50,2955.439637
-0.410894,50,2955.89042
-0.312994,50,2956.363044
-0.471442,50,2956.81759
-0.423948,50,2957.284417
-0.78617,50,2957.749566
-0.299714,50,2958.212205
-0.472231,50,2958.674712
-0.29812,50,2959.122363
-0.392448,50,2959.594587
-0.270912,50,2960.050526
-1.201448,50,2960.541857
-0.550611,50,2961.164457
-0.522318,50,2961.787097
-0.248369,50,2962.44674
-0.324008,50,2963.053621
-0.458976,50,2963.757503
-0.639803,50,2964.216674
-0.547195,50,2964.717474
-0.679499,50,2965.195804
-0.653977,50,2965.679232
-0.575846,50,2966.142162
-0.595564,50,2966.641853
-0.446141,50,2967.099411
-0.5812,50,2967.55755
-0.509415,50,2968.018554
-0.369434,50,2968.476505
-0.485319,50,2968.941571
-0.515262,50,2969.38892
-0.457806,50,2969.854244
-0.660462,50,2970.325034
-0.578454,50,2970.798321
-0.399294,50,2971.258713
-0.546544,50,2971.713412
-0.357317,50,2972.187494
-0.527982,50,2972.676441
-0.66814,50,2973.14379
-0.591175,50,2973.603451
-0.457453,50,2974.250908
-0.380662,50,2974.872142
-0.322538,50,2975.53417
-0.456098,50,2976.165472
-0.475685,50,2976.852976
-1.120697,50,2977.397909
-1.206455,50,2977.874951
-1.276137,50,2978.358219
-0.32489,50,2978.846574
-0.290206,50,2979.339027
-0.334037,50,2979.802787
-0.485965,50,2980.28297
-0.347686,50,2980.756341
-1.800758,50,2981.253971
-1.214314,50,2981.73399
-0.487412,50,2982.199548
-0.497246,50,2982.680926
-0.597271,50,2983.155766
-0.490822,50,2983.626316
-0.400497,50,2984.079347
