#{"t_start": 1769183404.058898, "env_id": "FetchReachDense-v4"}
r,l,t
-14.075663,50,0.843907
-10.329319,50,0.873852
-7.195001,50,0.903862
-13.014666,50,0.933592
-9.878227,50,0.973576
-10.724944,50,1.003172
-14.347708,50,1.031032
-10.998749,50,1.060617
-6.923354,50,1.08892
-9.858783,50,1.117052
-6.295984,50,1.146333
-11.68391,50,1.175064
-5.264778,50,1.203008
-12.563668,50,1.230809
-14.307918,50,1.262287
-6.012248,50,1.291151
-16.36283,50,1.320184
-4.21542,50,1.348652
-6.161207,50,1.378728
-5.878083,50,1.411769
-7.97728,50,1.439279
-7.478516,50,1.468574
-6.328626,50,1.496962
-11.593277,50,1.524518
-11.190692,50,1.554382
-7.999573,50,1.582868
-4.640934,50,1.610967
-13.822252,50,1.638541
-13.592756,50,1.667725
-10.506647,50,1.695924
-9.494987,50,1.723387
-13.100716,50,1.750819
-11.189339,50,1.779796
-6.247475,50,1.808598
-8.952097,50,1.8368
-9.100325,50,1.864913
-4.556499,50,1.895708
-10.158566,50,1.924434
-9.92974,50,1.952843
-9.8923,50,1.981326
-12.993572,50,2.009347
-11.78655,50,2.039164
-9.487223,50,2.067221
-7.829333,50,2.095102
-6.689107,50,2.124545
-16.221795,50,2.152554
-9.707678,50,2.182818
-12.995472,50,2.213189
-12.078148,50,2.242279
-8.690701,50,2.269759
-5.291621,50,2.298685
-9.965664,50,2.328086
-14.087943,50,2.355191
-5.917177,50,2.385634
-10.324664,50,2.41474
-11.428861,50,2.446144
-11.717238,50,2.476564
-6.052246,50,2.505001
-10.946075,50,2.534
-5.247994,50,2.563934
-11.882248,50,2.593539
-13.189263,50,2.623721
-10.816794,50,2.651226
-6.286529,50,2.680122
-12.01442,50,2.710982
-11.579002,50,2.739897
-7.233336,50,2.768195
-8.066163,50,2.796737
-9.61226,50,2.825078
-10.914956,50,2.854312
-6.386575,50,2.883289
-12.50328,50,2.915626
-10.056426,50,2.945543
-12.236858,50,2.973285
-7.067102,50,3.003278
-16.365404,50,3.031798
-9.309212,50,3.059822
-9.464218,50,3.088132
-7.204351,50,3.116004
-3.858715,50,3.146028
-8.66396,50,3.174649
-8.87395,50,3.203283
-8.476022,50,3.233171
-15.970565,50,3.262906
-5.770861,50,3.291719
-11.490989,50,3.319089
-6.436362,50,3.348096
-13.831707,50,3.375721
-8.191558,50,3.403114
-11.842387,50,3.432174
-9.763979,50,3.462235
-10.65765,50,3.489406
-15.066715,50,3.519327
-6.240935,50,3.549373
-8.412684,50,3.577043
-12.775968,50,3.604983
-11.158674,50,3.634004
-10.850025,50,3.663331
-9.35855,50,3.694339
-11.992614,50,3.721736
-24.791845,50,3.993611
-10.688294,50,4.219052
-19.543331,50,4.443255
-16.737023,50,4.667902
-33.304433,50,4.89348
-28.219817,50,5.122343
-47.910069,50,5.34733
-17.209451,50,5.577592
-18.002889,50,5.811765
-13.647623,50,6.037059
-16.966359,50,6.259717
-18.106592,50,6.485381
-11.441388,50,6.709533
-10.633743,50,6.929648
-2.72046,50,7.149431
-3.27444,50,7.37194
-3.176276,50,7.587404
-1.658713,50,7.806971
-1.574821,50,8.036837
-1.98288,50,8.261636
-1.69497,50,8.480081
-2.457369,50,8.704105
-2.013346,50,8.923341
-2.969844,50,9.157189
-2.177693,50,9.402524
-2.643066,50,9.637523
-2.419259,50,9.858524
-2.920336,50,10.071534
-2.2755,50,10.297752
-2.006626,50,10.518592
-1.423191,50,10.735846
-1.56769,50,10.962738
-1.543802,50,11.186599
-1.828326,50,11.422951
-1.558592,50,11.643224
-1.458922,50,11.862577
-1.977835,50,12.102303
-1.372964,50,12.324581
-1.547356,50,12.545452
-1.518907,50,12.78113
-1.354559,50,13.004564
-1.002899,50,13.227666
-1.851181,50,13.445956
-1.768985,50,13.692665
-1.170055,50,13.913271
-2.119643,50,14.131392
-1.115185,50,14.34641
-0.995455,50,14.566456
-1.180709,50,14.793018
-1.147087,50,15.013353
-1.215812,50,15.234335
-1.571424,50,15.456841
-1.865179,50,15.681205
-1.112105,50,15.903683
-1.467005,50,16.120705
-1.591108,50,16.354
-1.211868,50,16.583511
-1.560494,50,16.813189
-1.654924,50,17.038862
-1.464638,50,17.265877
-1.455963,50,17.491979
-2.037944,50,17.7226
-0.936059,50,17.949859
-1.822191,50,18.177927
-1.123627,50,18.410508
-2.091733,50,18.649297
-1.318947,50,18.882766
-1.431993,50,19.115041
-0.808271,50,19.346689
-1.414461,50,19.578261
-1.587621,50,19.799663
-1.537791,50,20.023728
-1.518268,50,20.256993
-1.213332,50,20.481801
-1.056907,50,20.707433
-1.778388,50,20.934092
-1.922084,50,21.16307
-1.536276,50,21.385267
-1.291928,50,21.616318
-1.267071,50,21.84499
-1.980565,50,22.077726
-1.304395,50,22.301441
-1.487214,50,22.519419
-1.43265,50,22.739786
-1.76419,50,22.959382
-1.299648,50,23.181138
-1.752353,50,23.409224
-1.809412,50,23.638654
-1.239703,50,23.862583
-1.403145,50,24.084669
-1.533499,50,24.301803
-1.500212,50,24.544854
-1.896049,50,24.779847
-1.455443,50,25.007322
-1.397034,50,25.237214
-0.861092,50,25.455958
-1.410903,50,25.690696
-1.784784,50,25.910289
-1.629573,50,26.146272
-1.264618,50,26.379347
-1.041188,50,26.614235
-1.441001,50,26.85064
-0.983297,50,27.08035
-1.671639,50,27.307074
-1.382187,50,27.539617
-1.097968,50,27.7717
-1.836216,50,27.997064
-1.445449,50,28.230281
-0.999893,50,28.474707
-1.065438,50,28.701469
-1.760393,50,28.954879
-1.327025,50,29.187515
-1.452069,50,29.416433
-1.612757,50,29.654006
-1.130427,50,29.906621
-0.935117,50,30.14119
-1.890491,50,30.374436
-2.745879,50,30.616618
-1.259124,50,30.84993
-1.685982,50,31.083557
-0.939518,50,31.315375
-0.724145,50,31.546165
-1.264706,50,31.778254
-1.483853,50,32.020235
-1.818029,50,32.258105
-1.340823,50,32.476288
-1.330858,50,32.704117
-1.386666,50,32.938064
-0.835168,50,33.159897
-0.928606,50,33.381695
-1.648891,50,33.602679
-1.7415,50,33.828029
-1.963639,50,34.054393
-2.178668,50,34.28407
-1.541536,50,34.526528
-1.127573,50,34.761691
-1.697011,50,34.993372
-1.385143,50,35.219061
-1.310499,50,35.456863
-1.420764,50,35.675614
-2.189244,50,35.898212
-2.485766,50,36.116255
-1.490975,50,36.343884
-1.061222,50,36.5709
-1.92233,50,36.810151
-1.852107,50,37.033984
-1.110007,50,37.255519
-0.715455,50,37.473941
-1.17464,50,37.696301
-1.248635,50,37.919137
-1.557553,50,38.142109
-1.274243,50,38.368923
-0.906952,50,38.621614
-1.281567,50,38.841744
-1.044787,50,39.060865
-1.088848,50,39.293062
-1.498982,50,39.513592
-0.844826,50,39.759109
-0.826252,50,39.984054
-1.255667,50,40.214131
-0.935573,50,40.442376
-1.39029,50,40.674418
-1.262266,50,40.900853
-1.50308,50,41.138547
-1.172952,50,41.374336
-1.288301,50,41.598394
-1.173356,50,41.824001
-0.866482,50,42.050872
-0.998279,50,42.283934
-1.000857,50,42.510368
-1.362304,50,42.737929
-0.884319,50,42.981159
-0.968327,50,43.208665
-1.003233,50,43.435468
-2.016611,50,43.658131
-2.03881,50,43.882925
-1.375996,50,44.10774
-1.013275,50,44.339964
-1.167003,50,44.564283
-1.09149,50,44.785804
-0.646334,50,45.012109
-1.003861,50,45.232372
-1.261714,50,45.455597
-1.323381,50,45.675765
-0.683468,50,45.900516
-0.970681,50,46.120362
-0.960243,50,46.342878
-0.673504,50,46.561387
-1.310186,50,46.781134
-2.123872,50,47.005198
-1.390215,50,47.223277
-0.848896,50,47.440789
-1.493366,50,47.666559
-1.150174,50,47.884678
-1.477126,50,48.109019
-1.245605,50,48.327149
-1.806687,50,48.547267
-3.993183,50,48.777846
-3.877448,50,49.000288
-1.978768,50,49.219349
-1.461777,50,49.440445
-1.328567,50,49.659368
-1.602422,50,49.876808
-1.70272,50,50.098347
-1.136993,50,50.318498
-1.178436,50,50.536779
-1.529943,50,50.757725
-1.536507,50,50.97606
-1.393604,50,51.195008
-1.420155,50,51.413469
-1.348611,50,51.63061
-1.438555,50,51.847707
-1.099161,50,52.068286
-1.566021,50,52.286813
-0.984554,50,52.503821
-1.093244,50,52.726531
-1.257481,50,52.952583
-1.114595,50,53.174051
-1.074372,50,53.394468
-1.647099,50,53.621549
-1.225332,50,53.851668
-1.370904,50,54.075624
-1.116269,50,54.302908
-3.598042,50,54.529036
-2.060008,50,54.755366
-1.710451,50,54.978525
-1.28206,50,55.203428
-1.139088,50,55.427053
-1.740402,50,55.652831
-1.356676,50,55.871723
-1.233813,50,56.09039
-1.494562,50,56.310179
-2.062106,50,56.529827
-1.374403,50,56.749488
-1.140353,50,56.970817
-1.680651,50,57.191085
-1.356663,50,57.41326
-1.107015,50,57.633777
-1.086379,50,57.858893
-1.624334,50,58.090942
-2.310817,50,58.323051
-1.100899,50,58.555709
-1.645905,50,58.776523
-1.701123,50,58.996224
-1.012718,50,59.218638
-1.207219,50,59.44544
-1.158101,50,59.671406
-1.136775,50,59.896838
-1.953631,50,60.1238
-2.110749,50,60.350799
-1.093105,50,60.572667
-1.018419,50,60.789446
-1.193909,50,61.019627
-1.248999,50,61.246777
-0.932454,50,61.470556
-0.943185,50,61.694522
-1.303743,50,61.919279
-1.502417,50,62.144725
-1.238922,50,62.36915
-1.02816,50,62.59674
-1.837771,50,62.830461
-1.104088,50,63.048947
-1.718743,50,63.270946
-1.662556,50,63.494137
-1.216528,50,63.719375
-2.160758,50,63.945993
-1.673609,50,64.170474
-2.119811,50,64.392819
-0.973894,50,64.616846
-0.986435,50,64.836773
-0.764862,50,65.059569
-0.995316,50,65.281934
-0.809895,50,65.512529
-1.129237,50,65.731145
-1.156236,50,65.950542
-1.114155,50,66.171798
-1.051292,50,66.397234
-0.860171,50,66.619626
-0.822603,50,66.839993
-0.747596,50,67.059499
-1.036461,50,67.287171
-1.078435,50,67.514274
-1.432204,50,67.741057
-1.043286,50,67.960928
-1.124126,50,68.186279
-1.225248,50,68.405569
-0.847233,50,68.642505
-1.103731,50,68.862949
-0.802422,50,69.087182
-1.221969,50,69.309268
-1.245624,50,69.537164
-1.317663,50,69.762929
-0.786145,50,69.988701
-0.96822,50,70.21843
-0.902241,50,70.441588
-1.008035,50,70.665782
-0.754828,50,70.888463
-0.821902,50,71.112259
-0.968267,50,71.340509
-1.198716,50,71.572878
-2.074312,50,71.807728
-1.359251,50,72.040053
-0.876258,50,72.267105
-1.189034,50,72.494386
-0.824875,50,72.763435
-1.006876,50,72.9906
-1.12785,50,73.235785
-0.987707,50,73.462536
-0.922338,50,73.693885
-1.381577,50,73.923645
-1.480983,50,74.145232
-1.37034,50,74.369665
-0.716726,50,74.599959
-0.850541,50,74.828351
-1.11325,50,75.073446
-0.646962,50,75.295476
-1.240475,50,75.528671
-0.65325,50,75.755111
-0.815416,50,75.980135
-2.234924,50,76.214522
-1.832135,50,76.437545
-1.139237,50,76.664678
-0.866229,50,76.887707
-0.703679,50,77.117495
-1.123792,50,77.339265
-1.446157,50,77.570366
-3.251809,50,77.797948
-2.253535,50,78.044039
-1.001158,50,78.275699
-0.981012,50,78.506165
-1.006197,50,78.733964
-1.203193,50,78.962318
-0.873148,50,79.188493
-1.005209,50,79.411211
-0.715787,50,79.650688
-0.735577,50,79.888127
-0.954916,50,80.113524
-1.507859,50,80.338097
-1.082455,50,80.5646
-0.880575,50,80.787882
-2.457454,50,81.015339
-3.456632,50,81.247631
-1.05515,50,81.494035
-0.879112,50,81.720364
-0.955302,50,81.9531
-0.773263,50,82.182226
-1.238747,50,82.405561
-1.224555,50,82.632581
-1.13989,50,82.852653
-1.342862,50,83.074234
-0.818678,50,83.300234
-1.094296,50,83.540214
-0.839653,50,83.762135
-1.171096,50,83.984644
-0.790546,50,84.20626
-0.642816,50,84.427176
-0.95089,50,84.651868
-1.625989,50,84.874853
-2.454421,50,85.096147
-1.669637,50,85.319897
-2.950151,50,85.539548
-1.192085,50,85.75948
-1.164472,50,85.98508
-1.1657,50,86.206067
-0.91556,50,86.427204
-0.864109,50,86.650236
-1.981521,50,86.886774
-0.754083,50,87.119365
-0.728191,50,87.346117
-0.695127,50,87.566491
-0.884221,50,87.789234
-0.997379,50,88.017759
-2.518842,50,88.250542
-1.533725,50,88.480563
-0.75925,50,88.711143
-0.549866,50,88.935353
-1.051684,50,89.163189
-0.743984,50,89.389156
-0.929666,50,89.617651
-0.705371,50,89.856857
-1.714428,50,90.085068
-0.547137,50,90.310969
-0.801694,50,90.530078
-0.590587,50,90.756119
-0.591968,50,90.978785
-0.858309,50,91.205995
-1.090548,50,91.429896
-0.738306,50,91.659028
-0.938865,50,91.885294
-0.879662,50,92.107795
-0.674481,50,92.328461
-1.58863,50,92.554189
-1.432621,50,92.775018
-0.750381,50,92.995522
-0.9257,50,93.218296
-0.742907,50,93.438791
-0.918971,50,93.658609
-0.578162,50,93.878368
-0.882588,50,94.101389
-0.584564,50,94.321905
-0.740239,50,94.754712
-0.64881,50,94.974839
-0.629451,50,95.191427
-0.933443,50,95.415205
-0.587488,50,95.631494
-0.865569,50,95.84615
-0.4944,50,96.063625
-0.711737,50,96.290622
-1.233564,50,96.51121
-0.690005,50,96.729856
-0.830753,50,96.95168
-2.333882,50,97.170337
-2.164104,50,97.391174
-0.834919,50,97.611175
-0.688602,50,97.829884
-0.806543,50,98.052366
-1.028506,50,98.276859
-0.49176,50,98.498002
-0.565202,50,98.719773
-1.835588,50,98.948394
-0.902671,50,99.171565
-1.303141,50,99.391577
-2.076063,50,99.613407
-3.341352,50,99.832548
-1.775885,50,100.053704
-1.523486,50,100.274576
-1.052283,50,100.492388
-1.211477,50,100.708637
-1.075894,50,100.926761
-1.553742,50,101.154055
-1.185617,50,101.374125
-0.857685,50,101.593829
-1.283671,50,101.813015
-1.349438,50,102.032132
-0.924249,50,102.251138
-0.74271,50,102.468959
-0.991715,50,102.685774
-1.508188,50,102.910902
-0.920396,50,103.131991
-1.342563,50,103.351903
-0.93305,50,103.573207
-0.692823,50,103.792964
-0.787714,50,104.012734
-0.929844,50,104.231022
-0.858528,50,104.450128
-0.803718,50,104.668239
-1.110001,50,104.886432
-0.749929,50,105.103704
-1.173308,50,105.32366
-1.405267,50,105.541213
-1.285995,50,105.762599
-3.079002,50,105.980554
-2.196323,50,106.201039
-0.969464,50,106.4197
-0.821471,50,106.644261
-0.817661,50,106.868635
-0.615532,50,107.08731
-2.028715,50,107.312379
-1.141056,50,107.529523
-0.645409,50,107.747896
-0.705391,50,107.966806
-0.655757,50,108.199389
-1.084653,50,108.426512
-0.759179,50,108.647584
-0.803284,50,108.894817
-0.730667,50,109.121566
-0.899313,50,109.367813
-1.768298,50,109.599442
-1.426118,50,109.865639
-0.976498,50,110.096054
-3.451745,50,110.321679
-1.367585,50,110.570078
-1.240348,50,110.819131
-0.795727,50,111.048149
-0.645291,50,111.289466
-2.151911,50,111.531235
-0.822172,50,111.767258
-0.659822,50,112.0023
-0.823123,50,112.239108
-1.509573,50,112.474274
-0.832563,50,112.711654
-0.860917,50,112.94635
-0.711753,50,113.186317
-1.002711,50,113.418886
-0.80913,50,113.660644
-0.859374,50,113.894925
-0.896486,50,114.131754
-0.799069,50,114.369816
-0.428367,50,114.60516
-2.065773,50,114.869999
-1.740756,50,115.116782
-0.952257,50,115.350748
-1.481713,50,115.578703
-1.037738,50,115.801422
-1.496987,50,116.028126
-1.142969,50,116.255802
-1.099734,50,116.488828
-1.750373,50,116.718166
-0.994654,50,116.939728
-0.711256,50,117.163738
-0.656179,50,117.386433
-0.754874,50,117.612392
-1.036311,50,117.838017
-1.032787,50,118.067815
-1.80851,50,118.292228
-0.972013,50,118.517971
-0.732028,50,118.73828
-0.811693,50,118.960526
-0.734626,50,119.184559
-1.108814,50,119.414364
-1.214975,50,119.635783
-0.874367,50,119.868321
-0.927272,50,120.114973
-0.901839,50,120.373156
-0.886335,50,120.607785
-0.867939,50,120.844591
-0.790116,50,121.07732
-0.700888,50,121.298278
-1.390372,50,121.517535
-1.221292,50,121.746265
-1.248456,50,121.972637
-0.942849,50,122.192486
-1.09249,50,122.41357
-0.645077,50,122.63519
-1.063539,50,122.857668
-0.738999,50,123.079522
-0.808451,50,123.314335
-0.564351,50,123.548624
-1.05355,50,123.778241
-1.462397,50,124.001247
-1.4802,50,124.222577
-0.968484,50,124.447124
-0.706948,50,124.681623
-0.495809,50,124.905146
-0.890729,50,125.141954
-0.715485,50,125.373758
-0.957717,50,125.59617
-0.839567,50,125.816448
-0.832208,50,126.037537
-0.957839,50,126.258337
-1.15467,50,126.481227
-0.776256,50,126.702554
-0.802373,50,126.922998
-0.697128,50,127.162099
-1.522438,50,127.391036
-0.531294,50,127.626896
-0.911075,50,127.857134
-1.121045,50,128.092198
-0.936737,50,128.321006
-0.699239,50,128.545883
-0.958869,50,128.771433
-0.993701,50,128.999451
-0.612603,50,129.238491
-0.587429,50,129.462068
-0.974513,50,129.684573
-1.497893,50,129.909427
-0.919817,50,130.137788
-0.842947,50,130.362491
-0.863709,50,130.585151
-1.403685,50,130.809547
-0.692092,50,131.035022
-1.433818,50,131.262751
-0.955773,50,131.486845
-0.752403,50,131.715834
-0.772134,50,131.942931
-0.688466,50,132.17348
-0.655509,50,132.399543
-0.413352,50,132.624714
-1.120776,50,132.857012
-0.683383,50,133.080569
-0.682471,50,133.306716
-0.754149,50,133.541229
-0.647006,50,133.781812
-0.939056,50,134.019861
-0.456671,50,134.26605
-0.675239,50,134.503227
-0.640522,50,134.742805
-0.637894,50,134.997619
-0.736016,50,135.241969
-0.652544,50,135.477458
-0.801099,50,135.723082
-0.711495,50,135.96044
-0.728399,50,136.20335
-0.715555,50,136.453943
-0.630196,50,136.703521
-1.166823,50,136.967543
-0.584404,50,137.235552
-0.418635,50,137.481746
-0.715242,50,137.763136
-0.851855,50,138.000826
-0.878744,50,138.224185
-0.965819,50,138.449011
-0.686816,50,138.695955
-1.685726,50,138.949772
-0.640385,50,139.195326
-1.660879,50,139.424365
-3.232951,50,139.650481
-0.920735,50,139.874424
-1.257552,50,140.105337
-1.084137,50,140.329862
-0.577698,50,140.554242
-1.638761,50,140.778361
-2.599267,50,141.001478
-0.866213,50,141.224711
-0.615806,50,141.448195
-1.339757,50,141.671297
-1.59686,50,141.901832
-0.720285,50,142.124085
-1.686491,50,142.347399
-1.663387,50,142.574126
-0.903651,50,142.816569
-0.751119,50,143.047403
-0.859491,50,143.272058
-0.694967,50,143.495765
-0.619879,50,143.72011
-0.765946,50,143.94458
-0.892634,50,144.170459
-1.03012,50,144.396603
-0.890784,50,144.633129
-1.290843,50,144.858724
-0.674796,50,145.088047
-0.681409,50,145.364509
-0.619025,50,145.615366
-0.496263,50,145.856624
-0.691738,50,146.13899
-0.528914,50,146.377489
-1.179205,50,146.60707
-0.804795,50,146.840195
-0.694629,50,147.071579
-1.180524,50,147.313604
-0.689802,50,147.544057
-0.705172,50,147.770156
-0.723537,50,147.997667
-0.473415,50,148.22316
-0.616197,50,148.457752
-0.63297,50,148.691752
-0.854037,50,148.927398
-0.633578,50,149.163695
-1.149031,50,149.395866
-1.460199,50,149.634822
-0.675189,50,149.87682
-1.632203,50,150.115691
-1.258542,50,150.360763
-0.779042,50,150.594524
-0.677254,50,150.850172
-0.74653,50,151.108008
-0.783349,50,151.368693
-0.861768,50,151.632988
-0.643246,50,151.911294
-0.969051,50,152.16263
-0.758815,50,152.401781
-0.539467,50,152.626442
-0.527243,50,152.852222
-0.546445,50,153.077122
-0.892124,50,153.307089
-2.044978,50,153.538375
-0.907817,50,153.769498
-0.627301,50,153.992915
-0.507363,50,154.215782
-0.754599,50,154.438395
-0.688046,50,154.66338
-0.851323,50,154.887661
-2.473298,50,155.113132
-3.738628,50,155.338554
-1.51923,50,155.563501
-0.675999,50,155.792275
-1.178179,50,156.016584
-0.886568,50,156.24096
-0.877415,50,156.465316
-1.046528,50,156.690859
-0.990147,50,156.922208
-1.303159,50,157.153963
-0.789676,50,157.387328
-0.906537,50,157.613146
-0.849107,50,157.837264
-0.735906,50,158.062615
-0.65981,50,158.292398
-1.1132,50,158.533762
-1.204693,50,158.76159
-1.620792,50,158.995648
-1.027001,50,159.229234
-0.78915,50,159.456504
-0.692623,50,159.687919
-0.64917,50,159.922319
-0.740063,50,160.153221
-0.723747,50,160.387012
-0.835965,50,160.618237
-0.970824,50,160.852093
-0.565885,50,161.080533
-0.629185,50,161.31341
-0.598817,50,161.544934
-0.905367,50,161.776323
-0.756827,50,162.007173
-0.567398,50,162.240675
-1.129306,50,162.476707
-1.065286,50,162.701617
-1.059385,50,162.93338
-0.859168,50,163.167055
-1.469232,50,163.406136
-1.194749,50,163.651936
-1.171512,50,163.894246
-1.592102,50,164.132814
-0.96451,50,164.362372
-0.802925,50,164.591332
-0.789271,50,164.843265
-1.040076,50,165.076839
-0.686319,50,165.305156
-1.006241,50,165.53493
-0.820626,50,165.779555
-0.927509,50,166.011292
-0.469232,50,166.240479
-1.252555,50,166.476687
-0.532443,50,166.699699
-0.752027,50,166.923929
-0.602388,50,167.147854
-0.935264,50,167.369876
-1.064423,50,167.595688
-0.780094,50,167.821458
-0.92603,50,168.048891
-0.958591,50,168.279702
-1.182708,50,168.518582
-1.166391,50,168.749321
-1.197986,50,168.98288
-1.662097,50,169.210435
-1.621953,50,169.436275
-1.255858,50,169.665515
-1.028005,50,169.890099
-0.961428,50,170.116838
-0.759181,50,170.34145
-0.780542,50,170.563991
-0.737473,50,170.788566
-0.631324,50,171.015889
-0.892954,50,171.244121
-0.726581,50,171.467791
-1.058642,50,171.689828
-0.624758,50,171.921915
-0.789091,50,172.154538
-0.757623,50,172.382168
-0.678449,50,172.61198
-0.792944,50,172.844062
-0.712764,50,173.091616
-1.11858,50,173.321934
-0.954618,50,173.551639
-0.528051,50,173.778491
-0.816121,50,174.013008
-0.48274,50,174.240162
-1.187493,50,174.473491
-1.173032,50,174.700505
-1.054892,50,174.931401
-0.653938,50,175.157315
-1.124924,50,175.384826
-1.048033,50,175.610862
-1.221002,50,175.841456
-0.815858,50,176.070586
-1.187847,50,176.30441
-0.873174,50,176.535109
-0.768329,50,176.765556
-0.679269,50,176.99405
-0.74392,50,177.224216
-1.034381,50,177.463822
-0.704785,50,177.695371
-0.584912,50,177.928873
-0.72672,50,178.174901
-0.684591,50,178.412356
-1.017412,50,178.640694
-1.055789,50,178.865729
-0.599652,50,179.094728
-0.612961,50,179.319873
-0.760915,50,179.546718
-0.533053,50,179.770329
-0.634057,50,179.994244
-0.606916,50,180.222536
-0.771334,50,180.452474
-0.826531,50,180.681185
-0.551688,50,180.907257
-0.913549,50,181.134726
-0.859263,50,181.362949
-0.927087,50,181.594605
-0.600431,50,181.822179
-0.701692,50,182.054884
-1.061061,50,182.284616
-0.670085,50,182.517383
-0.913507,50,182.749978
-0.718705,50,182.980825
-0.779774,50,183.254141
-0.538952,50,183.506899
-0.560538,50,183.742479
-1.835502,50,183.972279
-1.960921,50,184.244338
-0.977882,50,184.479272
-2.16359,50,184.709657
-1.520374,50,184.963863
-0.596444,50,185.194886
-0.474416,50,185.424995
-0.778511,50,185.68356
-0.564513,50,185.913663
-1.060942,50,186.149995
-0.798049,50,186.375946
-0.678279,50,186.6063
-0.847315,50,186.830158
-0.576912,50,187.057589
-0.800513,50,187.295186
-0.774325,50,187.524453
-0.543434,50,187.748503
-0.544399,50,187.977106
-0.728407,50,188.204095
-1.077351,50,188.435293
-0.955221,50,188.660576
-0.55316,50,188.887951
-0.770203,50,189.113947
-0.52651,50,189.33832
-0.60228,50,189.56347
-0.606884,50,189.790237
-0.667023,50,190.018873
-0.422876,50,190.245209
-0.725582,50,190.472215
-0.526161,50,190.702161
-0.779646,50,190.928764
-0.824732,50,191.154064
-0.686971,50,191.378761
-1.175887,50,191.610403
-1.974282,50,191.83723
-0.989642,50,192.073998
-0.725762,50,192.324619
-0.59346,50,192.554187
-0.866693,50,192.787334
-0.765294,50,193.028793
-1.123152,50,193.264925
-0.73982,50,193.493239
-0.753509,50,193.724008
-0.803275,50,193.954146
-0.752201,50,194.187478
-0.770314,50,194.420465
-1.126826,50,194.654662
-0.581715,50,194.883811
-0.911529,50,195.118744
-0.830165,50,195.34918
-0.793826,50,195.57458
-1.749734,50,195.807042
-0.689092,50,196.032425
-0.602083,50,196.262746
-0.673538,50,196.535774
-0.767589,50,196.775332
-1.352967,50,197.001816
-0.699076,50,197.237629
-1.89867,50,197.46862
-1.401794,50,197.697052
-0.51685,50,197.922612
-0.695594,50,198.149255
-0.665404,50,198.386303
-0.870594,50,198.617809
-0.859877,50,198.842556
-0.686065,50,199.071575
-0.735402,50,199.317044
-1.872314,50,199.550237
-0.799478,50,199.779065
-0.646764,50,200.007552
-3.250835,50,200.240539
-6.242226,50,200.466668
-2.381785,50,200.694959
-3.277332,50,200.927555
-1.089034,50,201.151655
-0.753661,50,201.383471
-1.148497,50,201.612356
-0.816166,50,201.845856
-0.513711,50,202.081406
-0.937985,50,202.30697
-0.723669,50,202.545988
-0.834136,50,202.783537
-1.277618,50,203.011046
-0.904977,50,203.234685
-1.040852,50,203.458346
-0.860742,50,203.685941
-0.748175,50,203.913243
-0.404597,50,204.136236
-0.757487,50,204.360753
-0.839795,50,204.607316
-0.70704,50,204.8339
-0.642359,50,205.057891
-0.646491,50,205.300924
-1.15951,50,205.530158
-1.889335,50,205.762021
-1.216221,50,205.992951
-0.446686,50,206.221785
-1.388056,50,206.455174
-0.742915,50,206.679022
-0.897979,50,206.903127
-0.509667,50,207.12803
-0.543714,50,207.355883
-0.608028,50,207.580669
-0.6325,50,207.812023
-0.628586,50,208.037314
-0.769139,50,208.267721
-0.812859,50,208.492363
-0.683095,50,208.721108
-0.698788,50,208.954015
-0.659584,50,209.190405
-0.902939,50,209.423264
-0.630981,50,209.663597
-0.49569,50,209.894161
-0.602064,50,210.343249
-0.556319,50,210.571553
-0.574002,50,210.799083
-0.820179,50,211.024932
-0.634453,50,211.262185
-1.176336,50,211.499022
-2.702047,50,211.727299
-1.794288,50,211.954027
-1.133291,50,212.187656
-0.78885,50,212.414082
-0.780583,50,212.645132
-0.717709,50,212.872165
-0.5907,50,213.105202
-1.3829,50,213.330809
-1.558748,50,213.55754
-0.905955,50,213.784356
-0.502151,50,214.015916
-0.872301,50,214.240895
-0.751131,50,214.470081
-0.713938,50,214.697392
-0.850119,50,214.929774
-0.954133,50,215.159828
-0.668037,50,215.386103
-0.735765,50,215.610292
-0.489013,50,215.842147
-0.654553,50,216.066838
-0.816961,50,216.292447
-0.741189,50,216.518213
-0.539117,50,216.75029
-1.543033,50,216.983143
-1.05327,50,217.208875
-2.175886,50,217.440877
-1.014385,50,217.673598
-1.250596,50,217.905169
-1.752812,50,218.131604
-1.493004,50,218.363765
-0.902208,50,218.594098
-0.55899,50,218.820319
-0.638409,50,219.04794
-1.145184,50,219.282445
-0.744625,50,219.515215
-0.79382,50,219.743365
-0.991363,50,219.970294
-0.787442,50,220.194413
-0.642603,50,220.424752
-1.534735,50,220.656131
-1.557779,50,220.881037
-1.367639,50,221.106199
-0.842511,50,221.342458
-0.584382,50,221.568434
-0.528221,50,221.794572
-0.70307,50,222.022162
-0.861195,50,222.254613
-0.815626,50,222.483793
-0.585636,50,222.708468
-0.789283,50,222.934195
-0.489427,50,223.168332
-0.411901,50,223.392011
-1.744968,50,223.625274
-0.692861,50,223.849751
-0.487874,50,224.080871
-0.661903,50,224.30771
-1.107283,50,224.540839
-0.922466,50,224.765974
-0.799741,50,225.000248
-0.885878,50,225.22561
-1.498633,50,225.450749
-1.044141,50,225.693246
-0.951793,50,225.925496
-1.233215,50,226.158086
-0.865466,50,226.386016
-1.141681,50,226.617332
-0.736103,50,226.84868
-0.943994,50,227.073905
-1.146915,50,227.308685
-0.730966,50,227.537679
-2.8459,50,227.770333
-0.766553,50,228.000589
-0.601002,50,228.231477
-0.637606,50,228.456606
-1.463069,50,228.693747
-0.929369,50,228.920653
-0.594748,50,229.145881
-0.655441,50,229.371279
-1.027765,50,229.602648
-0.974597,50,229.831701
-0.755666,50,230.054978
-0.974884,50,230.280015
-1.405033,50,230.512129
-1.64666,50,230.738256
-2.828855,50,230.964102
-1.03125,50,231.190291
-0.748503,50,231.420129
-0.620118,50,231.652994
-0.584634,50,231.878192
-0.779417,50,232.101774
-0.781252,50,232.333972
-0.604215,50,232.559984
-0.54677,50,232.787292
-0.547523,50,233.01615
-0.596958,50,233.252825
-1.068778,50,233.485837
-0.695427,50,233.713868
-0.586597,50,233.941365
-0.604766,50,234.172673
-0.754153,50,234.404063
-0.815434,50,234.633019
-1.608456,50,234.864813
-1.957301,50,235.095458
-1.589735,50,235.320305
-1.088375,50,235.54394
-0.759381,50,235.770311
-1.537754,50,236.009541
-0.934719,50,236.236715
-0.566323,50,236.461411
-0.680721,50,236.685645
-0.693569,50,236.914832
-0.82518,50,237.139939
-0.840334,50,237.363841
-1.857769,50,237.589054
-1.333944,50,237.819959
-0.848328,50,238.045957
-0.639159,50,238.26888
-1.598624,50,238.498172
-0.711248,50,238.729431
-1.716548,50,238.955681
-1.735233,50,239.181403
-1.222577,50,239.404298
-0.79386,50,239.635057
-0.544487,50,239.860536
-0.492502,50,240.089691
-0.667798,50,240.31417
-0.746434,50,240.544792
-1.22764,50,240.776546
-0.629117,50,240.999805
-0.618081,50,241.224346
-0.522907,50,241.455242
-0.765125,50,241.679515
-0.727183,50,241.904428
-1.8998,50,242.127802
-0.584402,50,242.363266
-0.538104,50,242.58815
-1.457251,50,242.811947
-0.607762,50,243.035857
-0.97279,50,243.265848
-0.77812,50,243.493538
-0.772364,50,243.729295
-1.115393,50,243.964704
-1.552179,50,244.195734
-0.817437,50,244.437897
-0.738738,50,244.664464
-0.751693,50,244.887201
-1.331815,50,245.116311
-1.697825,50,245.339409
-0.607448,50,245.573376
-1.614345,50,245.803985
-0.647865,50,246.034765
-0.642667,50,246.258192
-0.741831,50,246.481665
-0.613601,50,246.702824
-0.720978,50,246.93392
-0.738208,50,247.157306
-0.585614,50,247.380353
-1.369548,50,247.601958
-0.850114,50,247.830904
-1.487035,50,248.05735
-1.560353,50,248.282225
-0.64905,50,248.513476
-0.808518,50,248.745856
-0.967102,50,248.971156
-0.628283,50,249.199463
-0.780432,50,249.426379
-0.798384,50,249.65973
-0.618619,50,249.884784
-0.461444,50,250.110684
-0.670935,50,250.335528
-0.481028,50,250.568281
-1.070234,50,250.799168
-0.807562,50,251.024782
-0.538625,50,251.253755
-0.502498,50,251.488189
-0.731581,50,251.714241
-0.733925,50,251.939373
-0.642739,50,252.164469
-0.543744,50,252.397864
-0.5938,50,252.630551
-0.996404,50,252.86355
-0.537518,50,253.09475
-0.855371,50,253.330482
-0.612786,50,253.556902
-0.914523,50,253.784376
-0.603614,50,254.008684
-0.551088,50,254.241574
-0.714412,50,254.469222
-0.81862,50,254.69477
-0.86145,50,254.922659
-0.798171,50,255.155229
-0.808224,50,255.378156
-0.755888,50,255.599053
-0.933359,50,255.82121
-0.603663,50,256.055084
-0.394581,50,256.288727
-0.400085,50,256.512418
-0.435358,50,256.741122
-0.747298,50,256.982311
-0.632764,50,257.228094
-0.566229,50,257.454313
-0.534387,50,257.686249
-1.358569,50,257.926722
-0.732151,50,258.157118
-0.574307,50,258.38855
-0.677275,50,258.619168
-0.766678,50,258.861312
-0.733232,50,259.098947
-0.798515,50,259.333676
-0.577553,50,259.564974
-0.552475,50,259.805646
-0.503622,50,260.040542
-0.512383,50,260.275127
-0.846719,50,260.505425
-1.411002,50,260.738579
-0.976613,50,260.990943
-0.872393,50,261.219076
-0.746367,50,261.453337
-0.700894,50,261.689321
-0.62975,50,261.919909
-0.486622,50,262.148866
-0.753835,50,262.374361
-0.705017,50,262.606183
-0.547962,50,262.831019
-0.757961,50,263.062225
-0.67444,50,263.288409
-0.955522,50,263.521035
-0.679157,50,263.746817
-1.253038,50,263.974492
-1.788502,50,264.197166
-1.355783,50,264.425748
-0.795431,50,264.649997
-1.090439,50,264.87369
-0.998154,50,265.098201
-0.899038,50,265.342061
-1.184927,50,265.580519
-1.0545,50,265.834467
-1.108923,50,266.065743
-0.553778,50,266.298954
-0.68307,50,266.529869
-1.036971,50,266.757324
-1.348321,50,266.982261
-1.689207,50,267.21504
-1.090545,50,267.442283
-0.967683,50,267.6697
-0.675876,50,267.899927
-0.484702,50,268.132791
-0.873149,50,268.358193
-0.515843,50,268.58959
-0.745446,50,268.815343
-0.657381,50,269.04609
-0.544292,50,269.269925
-0.756884,50,269.495061
-0.970037,50,269.719593
-0.789781,50,269.950091
-0.840618,50,270.177092
-1.027302,50,270.409446
-0.812329,50,270.636722
-0.553201,50,270.874089
-0.691892,50,271.100468
-0.667876,50,271.328768
-0.722186,50,271.556266
-1.977704,50,271.792445
-0.901501,50,272.014659
-0.773178,50,272.238152
-0.567946,50,272.4688
-1.662397,50,272.703983
-0.813353,50,272.930188
-1.017217,50,273.159148
-0.927923,50,273.383175
-0.84751,50,273.614316
-0.60149,50,273.841078
-0.785119,50,274.074681
-1.025594,50,274.299494
-0.743201,50,274.53546
-0.668232,50,274.760049
-0.705808,50,274.986299
-1.628118,50,275.211518
-1.516412,50,275.444197
-0.792828,50,275.671121
-1.175254,50,275.903058
-1.159186,50,276.130453
-0.885349,50,276.363029
-0.965359,50,276.58936
-1.018799,50,276.816673
-0.911331,50,277.044903
-0.909539,50,277.275887
-2.815939,50,277.503195
-2.078764,50,277.729512
-0.905401,50,277.957744
-1.131832,50,278.196883
-0.658508,50,278.423357
-0.717192,50,278.648753
-0.929626,50,278.874307
-1.457361,50,279.109433
-1.080736,50,279.339938
-0.902658,50,279.568025
-0.637802,50,279.793311
-0.772436,50,280.025801
-0.482346,50,280.25222
-0.673673,50,280.481888
-0.556279,50,280.712992
-0.726154,50,280.946645
-0.907706,50,281.173151
-0.630806,50,281.398255
-0.671314,50,281.623975
-0.793045,50,281.854509
-0.702793,50,282.085801
-0.540087,50,282.314107
-0.816149,50,282.54728
-0.565814,50,282.794604
-0.614288,50,283.021474
-1.680963,50,283.253214
-0.885222,50,283.47956
-0.690983,50,283.71279
-0.654517,50,283.938021
-2.084393,50,284.170085
-1.088601,50,284.395784
-0.422786,50,284.63185
-0.653926,50,284.8565
-0.632746,50,285.082613
-0.98158,50,285.307905
-0.525027,50,285.54063
-0.620876,50,285.767388
-0.682698,50,285.996353
-1.049122,50,286.223708
-0.718196,50,286.455939
-0.697343,50,286.685313
-0.783398,50,286.911853
-0.616813,50,287.137803
-1.525186,50,287.375376
-0.449929,50,287.600913
-0.627574,50,287.825045
-0.721512,50,288.052769
-0.977189,50,288.284227
-1.052123,50,288.514054
-0.767006,50,288.739248
-1.284992,50,288.969389
-0.849267,50,289.202359
-1.219553,50,289.426972
-1.132499,50,289.653989
-0.706819,50,289.879245
-0.559891,50,290.112658
-0.584192,50,290.339495
-0.699127,50,290.564981
-0.60033,50,290.791749
-0.540788,50,291.023224
-0.444035,50,291.249517
-0.636091,50,291.474942
-1.29955,50,291.700184
-1.899762,50,291.934022
-0.758497,50,292.16452
-0.710814,50,292.390896
-0.615051,50,292.61657
-0.652198,50,292.85015
-0.751886,50,293.080412
-0.735547,50,293.313222
-0.641352,50,293.540198
-0.610826,50,293.770232
-0.706368,50,293.995775
-0.90217,50,294.2215
-0.968674,50,294.450583
-0.690938,50,294.681909
-0.780816,50,294.911141
-0.657764,50,295.13881
-0.718343,50,295.36628
-0.642722,50,295.598484
-0.721285,50,295.825797
-1.720289,50,296.059766
-1.902651,50,296.29326
-0.479661,50,296.525294
-0.791421,50,296.751278
-0.906173,50,296.977555
-1.774413,50,297.21009
-0.633531,50,297.441694
-0.672185,50,297.66764
-0.635339,50,297.893842
-0.903171,50,298.119139
-0.730623,50,298.354521
-0.465884,50,298.581844
-0.585757,50,298.809743
-0.65113,50,299.036241
-0.637307,50,299.268331
-0.382932,50,299.494692
-0.821823,50,299.719949
-1.653836,50,299.951864
-1.290025,50,300.190139
-0.81894,50,300.41707
-1.098027,50,300.643517
-0.756106,50,300.868224
-0.619432,50,301.099821
-0.811944,50,301.327795
-0.619349,50,301.55304
-0.602809,50,301.778227
-0.84346,50,302.010393
-1.212418,50,302.237477
-0.688594,50,302.463567
-1.334149,50,302.689181
-1.891553,50,302.928722
-0.872074,50,303.157933
-0.576789,50,303.387132
-0.430433,50,303.629466
-1.123573,50,303.866194
-1.699854,50,304.098842
-0.716203,50,304.324345
-1.618892,50,304.556627
-0.784682,50,304.79116
-0.98621,50,305.022826
-0.711342,50,305.253133
-0.647564,50,305.479602
-1.76032,50,305.719715
-0.6214,50,305.945477
-0.674076,50,306.171198
-1.307582,50,306.397041
-1.542804,50,306.628623
-0.817643,50,306.854158
-0.909744,50,307.082521
-0.584711,50,307.314219
-0.63003,50,307.544698
-0.695009,50,307.770335
-0.811076,50,308.004645
-1.030559,50,308.23284
-1.157055,50,308.466859
-0.716102,50,308.692399
-0.718917,50,308.918231
-2.025205,50,309.14448
-1.603069,50,309.38477
-0.75296,50,309.615451
-1.174432,50,309.841834
-0.416196,50,310.06775
-0.681178,50,310.307918
-0.694225,50,310.532923
-1.008833,50,310.759845
-1.640422,50,310.985211
-1.56638,50,311.218882
-0.474995,50,311.447563
-1.213752,50,311.678801
-0.971127,50,311.912652
-2.224622,50,312.16132
-0.647504,50,312.400181
-0.774868,50,312.630753
-0.525559,50,312.86467
-0.921341,50,313.10855
-0.767512,50,313.345313
-1.012132,50,313.589768
-0.615865,50,313.82292
-0.609103,50,314.06415
-0.399624,50,314.296549
-1.002761,50,314.52507
-0.498486,50,314.753215
-0.680094,50,314.98726
-0.579824,50,315.219101
-1.080267,50,315.453625
-0.554615,50,315.682308
-0.591043,50,315.935807
-0.825945,50,316.171653
-0.785711,50,316.406777
-0.504388,50,316.647906
-1.761818,50,316.891806
-1.36202,50,317.126968
-0.741649,50,317.368797
-0.762994,50,317.605169
-0.464577,50,317.83888
-0.806382,50,318.070697
-0.884143,50,318.297644
-0.624855,50,318.527306
-0.408187,50,318.764826
-0.717992,50,318.992716
-1.035539,50,319.227844
-1.267206,50,319.454336
-0.746956,50,319.689602
-0.850804,50,319.917629
-0.810354,50,320.145306
-1.409466,50,320.37639
-0.775659,50,320.617909
-1.914161,50,320.858351
-0.764539,50,321.092579
-0.911463,50,321.32522
-0.692588,50,321.560785
-0.785564,50,321.793302
-0.72679,50,322.019474
-1.016049,50,322.251166
-0.874275,50,322.481063
-0.737523,50,322.709849
-0.543192,50,322.933908
-2.844501,50,323.160535
-3.563786,50,323.390407
-1.75886,50,323.618551
-1.15987,50,323.841907
-3.137856,50,324.068488
-5.883165,50,324.300387
-4.162458,50,324.533862
-1.323474,50,324.763257
-1.506585,50,324.993377
-1.323234,50,325.44146
-0.958778,50,325.672956
-0.852182,50,325.902843
-0.858539,50,326.136114
-0.606402,50,326.372766
-0.657478,50,326.606603
-0.629319,50,326.841196
-0.662657,50,327.07359
-0.747271,50,327.31137
-1.251348,50,327.539703
-0.687286,50,327.767741
-0.858723,50,327.995518
-0.56911,50,328.230594
-0.766089,50,328.461099
-0.896102,50,328.688362
-0.626646,50,328.916683
-0.671452,50,329.152297
-0.795574,50,329.380863
-1.055295,50,329.608251
-0.921868,50,329.841324
-0.65161,50,330.084228
-1.232937,50,330.317482
-0.695922,50,330.550962
-0.697238,50,330.785836
-0.829354,50,331.024012
-0.822345,50,331.257294
-0.844441,50,331.494124
-0.929687,50,331.723331
-0.856323,50,331.958051
-0.868815,50,332.190689
-0.864842,50,332.423397
-0.669761,50,332.652021
-1.057977,50,332.889112
-0.87169,50,333.122662
-0.781598,50,333.355326
-0.83682,50,333.583234
-0.680057,50,333.822309
-0.614533,50,334.048747
-1.14144,50,334.276586
-0.947392,50,334.509653
-0.889196,50,334.752369
-0.899591,50,334.985966
-0.772714,50,335.214578
-0.698762,50,335.44453
-0.648515,50,335.68428
-0.627399,50,335.913923
-0.667964,50,336.150846
-0.779483,50,336.388977
-0.909065,50,336.648634
-0.733939,50,336.883559
-0.840892,50,337.116934
-0.738837,50,337.347828
-0.62993,50,337.583119
-0.759791,50,337.810059
-0.77971,50,338.042008
-0.99956,50,338.273532
-0.650596,50,338.51062
-0.638321,50,338.744686
-0.678687,50,338.972642
-0.570256,50,339.202915
-0.785879,50,339.438196
-1.047865,50,339.67479
-0.725768,50,339.907655
-0.894991,50,340.13482
-0.493116,50,340.369747
-0.736076,50,340.599416
-0.538729,50,340.829628
-0.534133,50,341.062859
-0.611489,50,341.299655
-1.096655,50,341.529761
-0.828934,50,341.75738
-0.772879,50,341.988257
-1.72282,50,342.231364
-0.656468,50,342.462127
-1.22919,50,342.698861
-0.704629,50,342.927254
-0.981253,50,343.170323
-0.621402,50,343.401256
-0.877668,50,343.633404
-0.895394,50,343.86554
-1.085267,50,344.102525
-1.21491,50,344.333821
-0.546208,50,344.562199
-0.555413,50,344.791379
-0.96084,50,345.02648
-0.530567,50,345.254508
-0.600656,50,345.481853
-0.721869,50,345.71267
-0.606358,50,345.947139
-0.806336,50,346.181535
-0.508272,50,346.410012
-0.914867,50,346.638645
-1.137307,50,346.873059
-2.078497,50,347.102519
-0.90142,50,347.331528
-0.647657,50,347.560577
-0.718789,50,347.796166
-0.628297,50,348.025811
-0.806331,50,348.254392
-0.822337,50,348.483546
-0.662106,50,348.725432
-0.495896,50,348.954996
-0.541694,50,349.183573
-0.786229,50,349.41656
-0.567056,50,349.650369
-1.237087,50,349.886091
-1.008415,50,350.114355
-0.946645,50,350.34432
-0.950602,50,350.584762
-1.039889,50,350.816829
-0.699654,50,351.045733
-0.605376,50,351.275808
-0.707942,50,351.515399
-0.550345,50,351.74375
-0.722667,50,351.97156
-0.667926,50,352.199182
-0.781836,50,352.436508
-0.704387,50,352.663865
-0.893769,50,352.894211
-0.914388,50,353.127627
-1.512454,50,353.360535
-1.175254,50,353.594568
-0.539431,50,353.823624
-0.602824,50,354.051375
-0.834805,50,354.284932
-0.625413,50,354.514548
-0.990328,50,354.744115
-0.777049,50,354.988838
-1.060447,50,355.222014
-0.708214,50,355.449701
-1.080915,50,355.679454
-0.727333,50,355.908228
-0.51677,50,356.142455
-0.57735,50,356.372202
-0.778274,50,356.601816
-0.64162,50,356.831782
-0.860885,50,357.066796
-1.346026,50,357.301886
-1.993868,50,357.530271
-1.344093,50,357.758314
-1.116246,50,357.993342
-0.569019,50,358.220808
-0.703763,50,358.450631
-1.355672,50,358.685609
-0.839119,50,358.922963
-0.967169,50,359.154867
-0.676998,50,359.383966
-0.723342,50,359.613381
-0.873521,50,359.848514
-1.357856,50,360.076137
-1.423018,50,360.313381
-0.731833,50,360.543036
-0.764768,50,360.7812
-1.491216,50,361.015154
-0.623774,50,361.243801
-0.709051,50,361.473666
-1.122809,50,361.7143
-0.865949,50,361.949348
-0.660529,50,362.17687
-1.208076,50,362.408891
-1.074287,50,362.647791
-0.758525,50,362.880136
-0.558909,50,363.108953
-0.499466,50,363.342062
-1.033955,50,363.579738
-1.390523,50,363.810449
-1.060877,50,364.047417
-0.831868,50,364.276755
-1.209638,50,364.511968
-1.731754,50,364.746185
-1.458471,50,364.980085
-0.952572,50,365.219565
-0.904108,50,365.45966
-0.511238,50,365.689504
-1.1948,50,365.920602
-0.754034,50,366.149683
-0.791779,50,366.381742
-0.790629,50,366.606837
-0.707638,50,366.833126
-1.046995,50,367.064373
-0.798579,50,367.296487
-0.703922,50,367.522299
-0.575952,50,367.74797
-0.959533,50,367.972496
-0.660838,50,368.205239
-0.966099,50,368.440447
-0.85782,50,368.667904
-0.910013,50,368.904124
-0.75282,50,369.137961
-0.778586,50,369.366062
-0.871827,50,369.593862
-0.692498,50,369.825942
-0.950634,50,370.060298
-0.775925,50,370.288391
-0.395323,50,370.517131
-0.80762,50,370.746632
-0.613242,50,370.980076
-0.746818,50,371.209172
-0.719389,50,371.43799
-1.260646,50,371.668149
-2.100661,50,371.90883
-1.057985,50,372.139765
-0.710479,50,372.368247
-0.638966,50,372.597205
-0.704486,50,372.847309
-0.666183,50,373.081027
-0.657615,50,373.309291
-0.823899,50,373.536033
-1.033847,50,373.772604
-0.795109,50,373.998613
-0.756366,50,374.223421
-0.96904,50,374.448585
-1.008111,50,374.682122
-0.664212,50,374.908706
-0.668423,50,375.135121
-0.75674,50,375.36161
-0.85554,50,375.59343
-2.770017,50,375.818036
-1.303362,50,376.040335
-0.487233,50,376.217271
-0.433734,50,376.451967
-0.621446,50,376.679203
-0.554864,50,376.904139
-0.738796,50,377.131007
-0.703906,50,377.370121
-0.798849,50,377.598988
-0.596,50,377.826255
-0.648819,50,378.052426
-0.51859,50,378.286213
-0.884648,50,378.511968
-0.72565,50,378.739155
-0.997512,50,378.964096
-1.187466,50,379.196108
-0.54499,50,379.422284
-0.649449,50,379.652841
-0.971616,50,379.884147
-0.973124,50,380.115787
-0.578728,50,380.349664
-0.79269,50,380.576124
-0.666095,50,380.810358
-0.800002,50,381.051131
-0.962024,50,381.277212
-0.848708,50,381.503376
-0.869651,50,381.731447
-0.593484,50,381.964412
-0.745846,50,382.19616
-0.509442,50,382.423863
-0.936143,50,382.648775
-0.57754,50,382.882753
-1.731503,50,383.118997
-0.817405,50,383.349441
-1.212593,50,383.576513
-2.204343,50,383.811422
-2.026107,50,384.043757
-0.906945,50,384.272511
-0.7056,50,384.500716
-0.822844,50,384.736235
-0.714753,50,384.966056
-0.722577,50,385.196224
-0.652753,50,385.431559
-0.852936,50,385.669516
-1.10341,50,385.899414
-0.856834,50,386.134704
-0.603026,50,386.365188
-0.469343,50,386.599513
-0.752103,50,386.827486
-0.691476,50,387.054601
-0.690802,50,387.286252
-0.49942,50,387.520577
-0.802871,50,387.748067
-0.868146,50,387.975628
-0.547412,50,388.203652
-0.685794,50,388.437151
-0.780285,50,388.666923
-0.772578,50,388.895044
-0.751414,50,389.130729
-0.7068,50,389.364748
-0.602779,50,389.593095
-0.742958,50,389.82836
-0.893903,50,390.05583
-0.688544,50,390.288746
-0.669511,50,390.518224
-0.595129,50,390.746825
-0.93632,50,390.977406
-0.677124,50,391.231465
-0.861129,50,391.46162
-0.74906,50,391.690762
-0.73203,50,391.921001
-0.701793,50,392.157466
-1.037491,50,392.387634
-1.278077,50,392.623637
-0.558406,50,392.854749
-1.690968,50,393.096042
-0.731552,50,393.334536
-0.920385,50,393.564972
-0.606873,50,393.796311
-0.758571,50,394.031806
-0.801981,50,394.265833
-2.932817,50,394.495631
-1.182826,50,394.730089
-0.900262,50,394.967254
-1.067234,50,395.200331
-1.430951,50,395.433179
-1.070442,50,395.664347
-0.821754,50,395.901868
-0.768419,50,396.13419
-0.858712,50,396.365622
-1.602655,50,396.60418
-0.818148,50,396.841803
-0.623797,50,397.072603
-0.720664,50,397.303604
-0.533597,50,397.533692
-0.809815,50,397.768745
-1.036436,50,398.002441
-0.911949,50,398.233496
-0.559004,50,398.465062
-0.597591,50,398.702731
-0.662201,50,398.932393
-0.890392,50,399.1615
-0.661675,50,399.392956
-0.603796,50,399.628319
-0.635618,50,399.859394
-0.835953,50,400.093323
-1.00542,50,400.322022
-0.897158,50,400.557623
-1.317899,50,400.794516
-1.014669,50,401.024671
-0.711597,50,401.254215
-1.124402,50,401.491638
-1.540594,50,401.722575
-0.904063,50,401.95235
-1.615434,50,402.184153
-0.80584,50,402.418903
-0.819669,50,402.649892
-1.010168,50,402.880591
-1.51171,50,403.117227
-0.746429,50,403.357114
-0.709018,50,403.586104
-0.944543,50,403.814994
-0.699585,50,404.045499
-1.701935,50,404.282592
-1.188548,50,404.514086
-2.012984,50,404.744682
-1.024604,50,404.976891
-1.128081,50,405.210984
-1.231305,50,405.44139
-1.31664,50,405.672417
-2.142018,50,405.901063
-0.875928,50,406.138135
-0.958737,50,406.367155
-0.980856,50,406.600685
-1.194059,50,406.830301
-0.546421,50,407.066808
-0.644186,50,407.297188
-1.091918,50,407.526827
-1.052217,50,407.754519
-1.271088,50,407.992332
-1.261271,50,408.228393
-0.755724,50,408.459087
-0.492913,50,408.688798
-0.816706,50,408.940211
-1.538752,50,409.175089
-0.758131,50,409.404877
-0.587835,50,409.637869
-0.713284,50,409.873299
-0.682654,50,410.103013
-0.754332,50,410.340532
-0.557327,50,410.56955
-0.641741,50,410.806085
-0.602566,50,411.039762
-0.473519,50,411.270251
-1.876868,50,411.504908
-0.742415,50,411.74307
-1.334409,50,411.974936
-0.618882,50,412.20423
-1.137512,50,412.440729
-0.550488,50,412.678011
-0.888299,50,412.909519
-1.851868,50,413.140984
-1.974979,50,413.37264
-1.972963,50,413.611366
-2.462418,50,413.840781
-1.089357,50,414.077487
-1.111798,50,414.308731
-0.58042,50,414.544603
-1.130692,50,414.774372
-0.587418,50,415.004554
-0.906831,50,415.234964
-1.288353,50,415.478427
-1.007166,50,415.712913
-0.803465,50,415.942645
-0.88775,50,416.176288
-0.908467,50,416.418308
-0.815235,50,416.649457
-0.730305,50,416.877588
-1.019371,50,417.103605
-0.921312,50,417.338626
-0.793238,50,417.567575
-1.015441,50,417.795158
-0.951897,50,418.023154
-0.732776,50,418.256165
-0.837601,50,418.484975
-0.775943,50,418.712211
-0.805878,50,418.939742
-0.54689,50,419.173829
-0.838907,50,419.402703
-0.749451,50,419.631333
-0.859602,50,419.857925
-0.670413,50,420.09276
-0.650511,50,420.320923
-0.771213,50,420.549495
-0.661452,50,420.777697
-1.390714,50,421.01901
-0.887422,50,421.250232
-0.856385,50,421.478095
-0.873221,50,421.705661
-0.7594,50,421.938615
-0.960152,50,422.165622
-1.607638,50,422.399673
-0.815269,50,422.633635
-0.661083,50,422.873999
-0.760289,50,423.108662
-0.750252,50,423.336503
-0.836455,50,423.564555
-0.969395,50,423.802789
-0.864798,50,424.030901
-0.868995,50,424.263215
-0.559256,50,424.491363
-0.617606,50,424.725423
-0.51262,50,424.953601
-0.688133,50,425.181666
-0.836721,50,425.408537
-1.768194,50,425.647906
-0.562612,50,425.875919
-0.526342,50,426.102979
-0.529884,50,426.330842
-1.046864,50,426.582641
-0.671681,50,426.811994
-0.74418,50,427.039334
-0.61092,50,427.26766
-1.788302,50,427.503197
-2.280626,50,427.733502
-0.748788,50,427.96419
-0.719296,50,428.196467
-0.736726,50,428.431775
-0.639193,50,428.661957
-0.70429,50,428.891693
-0.74137,50,429.120725
-0.627944,50,429.357982
-0.844127,50,429.588893
-0.469634,50,429.819423
-0.782703,50,430.048352
-0.821559,50,430.291346
-0.838469,50,430.522193
-0.68196,50,430.753352
-1.058878,50,430.98524
-1.563911,50,431.225265
-1.119663,50,431.462156
-0.822586,50,431.692185
-0.917472,50,431.922874
-0.885156,50,432.159751
-0.790336,50,432.39246
-0.665031,50,432.623162
-1.334337,50,432.855041
-1.695536,50,433.095055
-0.691447,50,433.327551
-0.773938,50,433.558325
-0.874073,50,433.788967
-1.103357,50,434.025928
-0.86152,50,434.258195
-0.87555,50,434.489597
-0.897566,50,434.720809
-1.32748,50,434.9592
-1.51427,50,435.197045
-1.057667,50,435.434728
-0.64075,50,435.664432
-0.738869,50,435.90215
-0.602526,50,436.133533
-0.650686,50,436.364966
-0.762762,50,436.59747
-0.633773,50,436.835086
-1.385468,50,437.073479
-0.912635,50,437.306198
-0.860237,50,437.540648
-0.740328,50,437.779334
-0.887581,50,438.009597
-0.827018,50,438.23865
-0.60039,50,438.474316
-0.826678,50,438.713125
-0.833663,50,438.944034
-1.184577,50,439.177825
-0.879762,50,439.411774
-1.380346,50,439.655704
-0.993079,50,439.888992
-0.61981,50,440.119674
-0.955202,50,440.351745
-0.935114,50,440.588617
-0.727135,50,440.826737
-0.652966,50,441.05797
-0.685791,50,441.288398
-0.761951,50,441.755481
-0.769196,50,441.979792
-0.680101,50,442.203169
-1.41518,50,442.432635
-1.57808,50,442.668974
-0.736424,50,442.895107
-0.685258,50,443.117065
-0.678123,50,443.339895
-0.873356,50,443.566644
-0.95793,50,443.786158
-0.968415,50,444.004747
-1.074207,50,444.223435
-0.751825,50,444.449977
-0.807285,50,444.669278
-0.483841,50,444.890296
-0.513451,50,445.110627
-0.965375,50,445.339218
-1.003386,50,445.563801
-1.036085,50,445.786568
-0.825124,50,446.01105
-0.748512,50,446.240434
-1.197256,50,446.464999
-1.047843,50,446.688196
-1.283695,50,446.919114
-1.356187,50,447.14689
-1.14963,50,447.37456
-1.731275,50,447.605735
-0.987171,50,447.829768
-1.312858,50,448.06712
-0.646877,50,448.291039
-0.697026,50,448.513692
-0.632289,50,448.736951
-0.85646,50,448.966982
-0.732847,50,449.190302
-0.84072,50,449.420203
-0.671023,50,449.642952
-0.808769,50,449.873445
-1.083161,50,450.097281
-0.969853,50,450.319866
-0.872665,50,450.543303
-1.055152,50,450.779883
-0.893615,50,451.00197
-0.952475,50,451.224259
-0.897007,50,451.445881
-1.262483,50,451.672573
-0.879637,50,451.892933
-0.853291,50,452.110429
-0.582609,50,452.331438
-1.205165,50,452.559771
-1.111066,50,452.781721
-1.592855,50,453.004106
-1.63473,50,453.225032
-0.816532,50,453.470512
-1.151514,50,453.695243
-0.841904,50,453.917533
-0.672571,50,454.1404
-0.804695,50,454.368147
-0.659809,50,454.59288
-0.948849,50,454.816739
-0.914128,50,455.039465
-0.963295,50,455.271687
-0.680007,50,455.493776
-0.894659,50,455.716533
-0.947736,50,455.942311
-0.707525,50,456.169469
-0.620129,50,456.391178
-0.675665,50,456.61142
-0.676777,50,456.832468
-0.836197,50,457.066346
-0.934395,50,457.291065
-0.629537,50,457.516217
-1.01577,50,457.740097
-1.010296,50,457.96678
-0.805146,50,458.195735
-0.945862,50,458.417477
-1.022799,50,458.641368
-0.746049,50,458.86788
-0.727343,50,459.092483
-0.954867,50,459.317005
-0.721973,50,459.538453
-0.667749,50,459.770418
-0.94728,50,459.993141
-0.809238,50,460.216526
-0.65297,50,460.442543
-1.093102,50,460.672382
-0.686616,50,460.905726
-1.09974,50,461.132551
-1.275152,50,461.35593
-0.929161,50,461.587432
-0.929548,50,461.810945
-0.774045,50,462.039488
-0.791806,50,462.262809
-0.931825,50,462.492524
-1.123982,50,462.719869
-1.056895,50,462.940982
-0.615305,50,463.16524
-1.365773,50,463.396912
-0.950299,50,463.619901
-0.928438,50,463.842456
-0.863504,50,464.064379
-0.803423,50,464.294578
-1.099139,50,464.519137
-0.668985,50,464.742641
-0.865251,50,464.966014
-0.547367,50,465.194707
-0.791776,50,465.417287
-0.647035,50,465.639564
-0.965921,50,465.867013
-1.079193,50,466.112649
-0.931553,50,466.339773
-0.574224,50,466.562677
-0.788063,50,466.785564
-0.532287,50,467.017977
-0.740494,50,467.242165
-0.979046,50,467.466284
-0.848401,50,467.688429
-1.140302,50,467.917015
-0.996927,50,468.139083
-0.858494,50,468.364074
-1.305854,50,468.593258
-1.53134,50,468.827992
-1.007049,50,469.050158
-1.261268,50,469.273331
-0.769948,50,469.496994
-1.025532,50,469.727194
-1.816175,50,469.957572
-1.451621,50,470.18045
-1.864494,50,470.410178
-0.498409,50,470.640752
-0.761066,50,470.869877
-0.940429,50,471.095764
-1.140538,50,471.318357
-1.124616,50,471.547193
-2.609355,50,471.770481
-2.295896,50,471.997388
-1.204685,50,472.219971
-0.704912,50,472.451406
-1.091315,50,472.675438
-0.930119,50,472.898618
-0.88892,50,473.121608
-0.845342,50,473.351136
-0.780656,50,473.575036
-0.802854,50,473.798718
-1.435726,50,474.027985
-1.374353,50,474.257957
-1.027803,50,474.485907
-1.48342,50,474.708837
-1.729727,50,474.936827
-0.755271,50,475.167816
-0.841532,50,475.396093
-1.050392,50,475.618724
-0.843761,50,475.842328
-0.842072,50,476.069013
-1.490744,50,476.295288
-1.255736,50,476.51784
-0.865505,50,476.73611
-1.022918,50,476.961054
-0.919851,50,477.179735
-0.971636,50,477.400395
-1.710183,50,477.626307
-1.069865,50,477.853011
-0.907616,50,478.079004
-1.237393,50,478.299176
-0.953071,50,478.518706
-0.768397,50,478.744944
-4.605143,50,478.964579
-5.926326,50,479.184456
-3.664477,50,479.403888
-1.732487,50,479.632591
-1.897814,50,479.859773
-1.032749,50,480.079439
-0.896431,50,480.299035
-1.86156,50,480.53182
-1.083068,50,480.749782
-0.804627,50,480.970016
-0.625406,50,481.193292
-0.900595,50,481.438709
-0.702737,50,481.663701
-1.08986,50,481.886046
-0.787032,50,482.107725
-0.903565,50,482.335978
-0.951183,50,482.559986
-1.568772,50,482.787594
-1.924037,50,483.00949
-1.310042,50,483.238527
-0.999715,50,483.461249
-1.813526,50,483.691491
-0.800926,50,483.918665
-1.251733,50,484.147918
-1.680673,50,484.378032
-0.893668,50,484.600881
-0.958763,50,484.827564
-1.16281,50,485.054457
-0.879677,50,485.274555
-1.294825,50,485.501061
-0.977988,50,485.727133
-1.061272,50,485.960013
-1.067369,50,486.181452
-0.860771,50,486.399838
-1.197224,50,486.622026
-1.543309,50,486.854223
-0.855631,50,487.075611
-1.135641,50,487.296384
-1.210395,50,487.51942
-0.881291,50,487.74553
-0.824262,50,487.964869
-1.187912,50,488.184568
-0.973505,50,488.403183
-1.176917,50,488.630304
-0.576,50,488.856624
-0.813243,50,489.079387
-0.909913,50,489.29939
-1.160592,50,489.523455
-1.15141,50,489.743963
-1.684619,50,489.964908
-1.596283,50,490.18286
-1.453174,50,490.407544
-1.151572,50,490.632544
-0.779783,50,490.877102
-1.29779,50,491.108403
-0.634193,50,491.340022
-1.228738,50,491.563958
-1.518365,50,491.788351
-0.951235,50,492.011974
-1.0853,50,492.241776
-1.375033,50,492.464842
-0.865214,50,492.703273
-1.166929,50,492.93739
-1.49583,50,493.170758
-1.208137,50,493.407288
-0.71868,50,493.634985
-1.262535,50,493.861167
-0.991803,50,494.093835
-0.917519,50,494.320327
-0.842858,50,494.5457
-0.89258,50,494.769587
-0.539957,50,495.001921
-1.205808,50,495.233606
-1.420973,50,495.459973
-1.075096,50,495.685613
-1.018735,50,495.922766
-1.146504,50,496.150375
-0.884199,50,496.377587
-0.689052,50,496.625366
-0.79903,50,496.869364
-0.991396,50,497.097794
-1.133511,50,497.322736
-1.387224,50,497.556142
-1.311214,50,497.7893
-0.91542,50,498.016886
-1.208358,50,498.241694
-2.478161,50,498.468428
-1.047632,50,498.69952
-0.627392,50,498.926163
-1.087768,50,499.151745
-0.86635,50,499.377525
-0.836784,50,499.614351
-0.824681,50,499.846364
-1.152583,50,500.071629
-1.5582,50,500.30097
-1.007808,50,500.533381
-0.817845,50,500.758229
-1.062706,50,500.984704
-0.736974,50,501.209192
-0.779865,50,501.443273
-0.881372,50,501.66902
-0.665161,50,501.898417
-0.818388,50,502.122461
-1.402612,50,502.355421
-1.888123,50,502.584766
-0.729237,50,502.81397
-1.206807,50,503.03893
-0.556624,50,503.27087
-0.608347,50,503.499992
-0.622083,50,503.725523
-0.801867,50,503.952335
-0.841349,50,504.185789
-1.364316,50,504.419272
-0.490655,50,504.646347
-0.87377,50,504.872222
-0.770072,50,505.102892
-0.770409,50,505.328453
-2.469112,50,505.554043
-2.055618,50,505.785484
-0.706059,50,506.017222
-1.181468,50,506.244303
-1.427973,50,506.473075
-2.537325,50,506.702116
-1.489504,50,506.935609
-1.121365,50,507.163566
-0.787014,50,507.392912
-1.030902,50,507.627494
-1.732406,50,507.865122
-0.781327,50,508.09065
-0.766816,50,508.317179
-1.164903,50,508.544709
-0.991373,50,508.776649
-0.954848,50,509.002252
-0.791123,50,509.227926
-0.763806,50,509.452934
-0.737919,50,509.700687
-0.946256,50,509.927786
-0.981178,50,510.15995
-1.031608,50,510.394754
-0.947892,50,510.632579
-1.066033,50,510.859172
-1.57115,50,511.088241
-1.246216,50,511.31639
-0.980041,50,511.548887
-0.93622,50,511.774171
-0.797971,50,511.999127
-0.691375,50,512.225673
-1.026236,50,512.462867
-0.940859,50,512.690036
-0.955123,50,512.916485
-0.860641,50,513.140904
-1.176318,50,513.372384
-1.745125,50,513.5989
-0.90988,50,513.824369
-1.114642,50,514.049507
-0.748915,50,514.281753
-0.731126,50,514.508744
-1.1059,50,514.734187
-1.023644,50,514.963644
-1.479813,50,515.193576
-1.037285,50,515.419201
-1.005972,50,515.649699
-1.125077,50,515.883623
-0.594479,50,516.114337
-0.764849,50,516.342258
-0.929688,50,516.577675
-1.50168,50,516.807027
-0.684757,50,517.037694
-1.163314,50,517.262978
-0.893972,50,517.489447
-1.203152,50,517.71439
-1.652146,50,517.944925
-1.485937,50,518.171173
-0.801123,50,518.396957
-0.968348,50,518.623565
-0.778579,50,518.855062
-0.762923,50,519.079506
-1.001936,50,519.308003
-0.924048,50,519.535643
-1.15143,50,519.769067
-0.966332,50,519.994644
-1.694031,50,520.21854
-0.954758,50,520.444848
-0.90504,50,520.67683
-0.585673,50,520.912519
-0.630074,50,521.138421
-0.638025,50,521.3653
-0.603325,50,521.597354
-0.767785,50,521.823129
-1.331111,50,522.055537
-1.695009,50,522.292555
-0.888841,50,522.530516
-1.052751,50,522.760163
-0.691522,50,522.990727
-0.765254,50,523.21407
-0.782412,50,523.461714
-0.912187,50,523.681473
-0.908658,50,523.909136
-1.411025,50,524.136206
-1.064296,50,524.368592
-0.817343,50,524.590927
-0.688331,50,524.810288
-0.593958,50,525.030676
-0.715192,50,525.258403
-0.46104,50,525.481081
-0.856497,50,525.701329
-0.890119,50,525.928388
-0.948615,50,526.15432
-1.150267,50,526.381165
-0.753565,50,526.603522
-2.511774,50,526.823614
-0.877984,50,527.050242
-0.604673,50,527.271316
-0.786404,50,527.49641
-0.652972,50,527.71717
-0.504588,50,527.945504
-1.835882,50,528.170893
-0.889865,50,528.392653
-0.770883,50,528.61249
-0.753238,50,528.841548
-0.699629,50,529.062101
-0.702663,50,529.282412
-1.812718,50,529.508629
-0.63326,50,529.742287
-0.69508,50,529.965434
-0.693913,50,530.191115
-1.104183,50,530.413238
-0.971823,50,530.641609
-0.57548,50,530.863545
-0.537589,50,531.083382
-0.504481,50,531.30371
-1.054552,50,531.534281
-1.336903,50,531.755305
-1.71338,50,531.983135
-2.66736,50,532.204426
-0.827573,50,532.434848
-2.104715,50,532.663
-0.952228,50,532.883318
-0.983261,50,533.111277
-0.557198,50,533.337763
-0.536682,50,533.562641
-0.601281,50,533.783298
-1.177065,50,534.011559
-1.056084,50,534.23809
-0.697883,50,534.459881
-0.502549,50,534.679316
-0.551374,50,534.900256
-0.659214,50,535.127689
-1.142445,50,535.354997
-0.530484,50,535.576854
-0.748458,50,535.798059
-0.610297,50,536.025299
-0.857144,50,536.255067
-0.657454,50,536.482472
-0.468431,50,536.703973
-0.571638,50,536.948098
-0.988372,50,537.179218
-0.518403,50,537.402829
-0.664275,50,537.628586
-0.440728,50,537.858507
-0.865464,50,538.081296
-0.593446,50,538.309897
-0.597424,50,538.533704
-0.655693,50,538.763075
-0.803814,50,538.987211
-0.54065,50,539.21167
-1.386772,50,539.436187
-0.977509,50,539.670468
-0.619236,50,539.896646
-0.775742,50,540.122444
-0.664334,50,540.345918
-0.522832,50,540.575147
-0.577413,50,540.797489
-0.751434,50,541.021243
-1.368648,50,541.24581
-0.655082,50,541.476652
-0.639514,50,541.702285
-0.627708,50,541.93135
-0.577881,50,542.153087
-0.676954,50,542.384356
-0.69501,50,542.607016
-0.809,50,542.831197
-1.252973,50,543.060535
-0.980978,50,543.290918
-1.211688,50,543.515851
-0.638749,50,543.739703
-0.637354,50,543.963226
-0.592716,50,544.190896
-0.782256,50,544.416002
-0.876787,50,544.636916
-0.653148,50,544.859728
-1.026145,50,545.090815
-0.594727,50,545.316335
-1.027838,50,545.54663
-0.955875,50,545.776335
-0.709771,50,546.010604
-0.462542,50,546.234555
-1.36573,50,546.457996
-0.739312,50,546.690531
-0.64156,50,546.930695
-0.82195,50,547.155849
-0.823489,50,547.380236
-0.582941,50,547.603149
-0.893696,50,547.832647
-0.440313,50,548.058775
-0.66327,50,548.281391
-0.635762,50,548.503679
-0.611821,50,548.733257
-0.701485,50,548.956806
-0.937163,50,549.185493
-0.939586,50,549.407735
-0.549987,50,549.644921
-0.562766,50,549.867091
-0.641648,50,550.093865
-0.768838,50,550.321962
-0.658541,50,550.568711
-0.623774,50,550.7919
-0.842192,50,551.020077
-0.596629,50,551.243158
-0.705796,50,551.478392
-0.707831,50,551.701147
-0.622568,50,551.922598
-0.895629,50,552.143637
-0.6502,50,552.372308
-1.355916,50,552.59821
-1.04312,50,552.823788
-1.373436,50,553.0545
-0.525087,50,553.284314
-0.599321,50,553.505555
-0.542316,50,553.72841
-0.634032,50,553.951157
-0.999255,50,554.185742
-0.600971,50,554.412013
-0.848464,50,554.635674
-1.288086,50,554.865204
-0.669167,50,555.310279
-0.699988,50,555.534118
-0.467401,50,555.756065
-0.856535,50,555.981651
-3.213166,50,556.214223
-3.334539,50,556.438726
-1.050336,50,556.665202
-0.933749,50,556.889115
-0.646685,50,557.122716
-1.496387,50,557.351284
-0.470659,50,557.574559
-0.595737,50,557.797154
-0.63281,50,558.024697
-0.748044,50,558.251599
-0.56259,50,558.474883
-0.546092,50,558.69644
-0.921644,50,558.92725
-0.957184,50,559.153414
-0.781699,50,559.376755
-0.437513,50,559.602422
-0.745769,50,559.832569
-1.071653,50,560.062094
-0.64187,50,560.28416
-0.50367,50,560.505215
-1.29732,50,560.742169
-0.497501,50,560.966244
-0.463938,50,561.189467
-0.585381,50,561.413515
-0.639262,50,561.641239
-0.883941,50,561.865956
-0.646518,50,562.088285
-0.599301,50,562.315216
-0.760164,50,562.544115
-0.68773,50,562.767759
-0.641063,50,562.991434
-0.844862,50,563.217647
-0.599092,50,563.445989
-0.651184,50,563.66827
-0.50965,50,563.891535
-0.567837,50,564.118372
-0.679345,50,564.353181
-0.697169,50,564.576312
-0.768041,50,564.797772
-0.701154,50,565.019897
-0.538063,50,565.247515
-0.761623,50,565.469498
-0.76743,50,565.691364
-0.962225,50,565.917438
-0.637524,50,566.163067
-0.470693,50,566.386333
-0.60407,50,566.609563
-0.687509,50,566.83455
-0.613661,50,567.065419
-0.620834,50,567.289258
-1.471165,50,567.518561
-0.698282,50,567.744703
-0.700151,50,567.973269
-0.708855,50,568.196639
-2.858324,50,568.419156
-1.466623,50,568.641393
-0.811129,50,568.876202
-0.592925,50,569.099302
-0.864851,50,569.32527
-0.844466,50,569.552136
-0.61124,50,569.782429
-0.492087,50,570.005878
-0.647431,50,570.235877
-0.7868,50,570.464086
-0.752862,50,570.694971
-0.927226,50,570.918588
-0.816849,50,571.142299
-1.761737,50,571.371978
-0.753335,50,571.602807
-0.673655,50,571.825623
-0.79656,50,572.048858
-0.452078,50,572.272626
-0.611085,50,572.498987
-0.679025,50,572.721895
-0.504194,50,572.943234
-0.718212,50,573.165249
-0.610183,50,573.39799
-0.641467,50,573.620312
-1.34775,50,573.839806
-0.658781,50,574.060588
-0.751122,50,574.287763
-0.499517,50,574.50712
-0.800194,50,574.72668
-0.887999,50,574.946561
-0.791289,50,575.174441
-0.560203,50,575.394641
-0.65664,50,575.6208
-1.005462,50,575.844937
-0.835372,50,576.072657
-0.690243,50,576.29872
-0.544634,50,576.526492
-0.539291,50,576.750211
-0.933068,50,576.987385
-0.830124,50,577.208136
-0.538322,50,577.428861
-0.798485,50,577.652656
-0.713183,50,577.880501
-0.644781,50,578.103148
-0.568269,50,578.3241
-0.653829,50,578.548545
-0.559794,50,578.776142
-0.802398,50,578.996548
-0.897931,50,579.21839
-0.723519,50,579.439086
-0.816436,50,579.684259
-0.678283,50,579.908992
-0.545629,50,580.139405
-0.633692,50,580.365897
-0.571151,50,580.601686
-0.544909,50,580.824629
-0.882197,50,581.058013
-0.793922,50,581.286203
-0.794486,50,581.516233
-0.70645,50,581.742843
-0.797693,50,581.968138
-0.666758,50,582.18966
-0.570512,50,582.422204
-0.417989,50,582.644651
-0.910209,50,582.86741
-0.607356,50,583.089963
-1.436682,50,583.317963
-0.87561,50,583.541941
-1.478571,50,583.772252
-0.618034,50,583.995879
-0.777334,50,584.224645
-0.868473,50,584.453946
-0.871989,50,584.67581
-0.413959,50,584.897058
-0.564036,50,585.127053
-0.623161,50,585.34895
-0.673478,50,585.570613
-0.713036,50,585.793692
-0.438335,50,586.021625
-0.680402,50,586.243988
-0.632971,50,586.469278
-0.485863,50,586.692946
-0.629714,50,586.922403
-0.934689,50,587.148454
-0.79963,50,587.374758
-0.636398,50,587.595273
-1.117156,50,587.830483
-0.663523,50,588.051119
-2.482368,50,588.272196
-2.545641,50,588.495064
-1.425185,50,588.723659
-0.588814,50,588.945251
-1.593328,50,589.173012
-0.548899,50,589.393755
-0.791363,50,589.621708
-0.868458,50,589.846654
-0.678821,50,590.068015
-0.905307,50,590.286701
-0.545683,50,590.514691
-0.879741,50,590.742038
-0.56425,50,590.963956
-0.981811,50,591.185004
-0.926581,50,591.417241
-0.625358,50,591.638745
-0.835718,50,591.862788
-0.999587,50,592.089935
-0.523752,50,592.334685
-0.828811,50,592.56556
-0.749713,50,592.788287
-0.588214,50,593.011281
-0.734108,50,593.240742
-0.721244,50,593.466479
-0.698677,50,593.690312
-0.548196,50,593.919247
-0.775856,50,594.150986
-0.657877,50,594.375956
-0.649705,50,594.601691
-0.677639,50,594.826217
-0.925786,50,595.057076
-1.353865,50,595.287453
-1.121176,50,595.51233
-1.039571,50,595.740463
-0.981663,50,595.967915
-1.255313,50,596.191774
-0.594837,50,596.415556
-1.025379,50,596.63969
-0.681171,50,596.868154
-1.07659,50,597.091575
-0.658854,50,597.316486
-0.935611,50,597.539926
-0.831277,50,597.772647
-0.975182,50,597.996014
-1.105164,50,598.217836
-0.862456,50,598.440681
-0.844663,50,598.671711
-0.820548,50,598.894628
-0.704798,50,599.119779
-1.831799,50,599.348912
-1.226274,50,599.576452
-0.929686,50,599.798276
-1.094734,50,600.021507
-0.95814,50,600.243772
-0.872291,50,600.473323
-1.057935,50,600.695847
-0.805629,50,600.918818
-1.357782,50,601.145496
-1.141675,50,601.375793
-1.296633,50,601.602185
-1.047726,50,601.826769
-0.93213,50,602.049139
-0.880692,50,602.279638
-0.708075,50,602.502359
-0.760309,50,602.72462
-0.760127,50,602.94738
-0.887521,50,603.176217
-0.912868,50,603.40345
-1.222837,50,603.632147
-1.109954,50,603.855145
-1.253923,50,604.085267
-1.326124,50,604.312194
-0.915406,50,604.533623
-1.439748,50,604.757984
-1.444686,50,605.004065
-1.231234,50,605.228802
-1.441648,50,605.455488
-1.056145,50,605.676462
-0.793661,50,605.906731
-0.858184,50,606.128029
-1.149133,50,606.353728
-0.911529,50,606.575501
-1.442162,50,606.80481
-1.442802,50,607.032544
-1.038184,50,607.262654
-1.339799,50,607.492192
-0.735908,50,607.727692
-1.586689,50,607.954948
-1.340318,50,608.178291
-1.287637,50,608.404631
-1.470625,50,608.640293
-1.394964,50,608.866198
-1.48242,50,609.091846
-1.936784,50,609.314415
-1.850571,50,609.552161
-1.332591,50,609.775661
-0.966556,50,610.000066
-1.489441,50,610.222971
-1.453886,50,610.452654
-1.192217,50,610.684089
-1.114192,50,610.906905
-1.701516,50,611.137076
-1.640087,50,611.36709
-0.956691,50,611.592949
-1.234973,50,611.817843
-1.199483,50,612.041755
-1.986779,50,612.277667
-0.883549,50,612.500147
-1.232267,50,612.723073
-1.567233,50,612.947205
-1.391611,50,613.177459
-1.559461,50,613.401058
-1.657648,50,613.632562
-1.801877,50,613.857367
-0.983774,50,614.095929
-1.803598,50,614.323491
-1.189539,50,614.547348
-2.115095,50,614.770991
-1.83135,50,615.0069
-1.200619,50,615.231009
-2.237443,50,615.462129
-1.831278,50,615.685158
-2.361604,50,615.917722
-1.440907,50,616.146509
-1.332472,50,616.371704
-2.392122,50,616.59537
-1.148275,50,616.840534
-1.172975,50,617.062765
-0.908054,50,617.28435
-0.835288,50,617.504156
-1.738299,50,617.733347
-2.443865,50,617.962878
-2.41822,50,618.183799
-1.135274,50,618.406284
-1.088068,50,618.633682
-1.101793,50,618.855399
-1.019658,50,619.080508
-1.4021,50,619.301103
-0.782976,50,619.528095
-1.11819,50,619.750602
-1.220827,50,619.980044
-1.539703,50,620.202561
-1.325561,50,620.432473
-1.033313,50,620.652798
-1.309827,50,620.874421
-1.988326,50,621.102902
-1.188322,50,621.341482
-2.042533,50,621.57267
-1.205906,50,621.796548
-1.275147,50,622.018157
-2.618982,50,622.253565
-1.349331,50,622.479053
-1.877026,50,622.708643
-1.107588,50,622.929705
-1.017175,50,623.157503
-2.457149,50,623.385561
-1.328655,50,623.607786
-1.563514,50,623.8344
-1.179724,50,624.064931
-1.855365,50,624.29265
-2.730807,50,624.519636
-1.345899,50,624.747948
-1.124931,50,624.976248
-1.511564,50,625.198963
-2.32443,50,625.426532
-1.882475,50,625.647909
-1.733804,50,625.880629
-1.066027,50,626.101411
-0.937623,50,626.322204
-1.630354,50,626.54657
-1.176866,50,626.77688
-0.936432,50,626.998816
-1.776781,50,627.224113
-1.197881,50,627.448218
-1.158011,50,627.678518
-1.221211,50,627.900906
-1.103076,50,628.122542
-2.500533,50,628.349684
-0.966806,50,628.597294
-0.989616,50,628.817785
-1.273442,50,629.040352
-1.670901,50,629.265429
-2.031629,50,629.496546
-4.545626,50,629.723862
-4.087422,50,629.944828
-2.739266,50,630.168148
-0.887328,50,630.395446
-0.963503,50,630.618507
-1.186833,50,630.842665
-1.884891,50,631.069622
-1.547617,50,631.301197
-2.692199,50,631.528536
-1.060709,50,631.749821
-2.190152,50,631.973752
-1.439395,50,632.201736
-3.664741,50,632.430944
-0.983734,50,632.653101
-1.753577,50,632.882958
-1.823508,50,633.115734
-3.030133,50,633.344063
-0.90279,50,633.566189
-3.217521,50,633.79257
-2.542113,50,634.02931
-2.095031,50,634.254851
-1.211188,50,634.480221
-1.85054,50,634.704323
-1.312361,50,634.941183
-1.411291,50,635.170171
-1.461483,50,635.402376
-3.049661,50,635.63149
-3.219584,50,635.867755
-2.382392,50,636.09182
-2.633078,50,636.319045
-2.99049,50,636.548259
-2.388352,50,636.781624
-1.855757,50,637.005342
-2.147162,50,637.229697
-1.703339,50,637.451433
-1.139377,50,637.681284
-4.075323,50,637.908558
-2.42635,50,638.129738
-1.978545,50,638.349284
-1.617695,50,638.578338
-2.412629,50,638.803267
-2.438096,50,639.025464
-2.781093,50,639.246921
-1.61216,50,639.476334
-1.154984,50,639.703171
-1.509927,50,639.944743
-2.707816,50,640.174236
-1.527926,50,640.402132
-1.873006,50,640.62766
-1.227165,50,640.850914
-1.616504,50,641.082818
-0.89951,50,641.321079
-0.904454,50,641.548556
-1.684176,50,641.773479
-0.824607,50,641.996992
-1.830008,50,642.226059
-1.755618,50,642.450977
-1.063274,50,642.675222
-0.931347,50,642.900627
-1.167395,50,643.131072
-1.292892,50,643.354972
-1.617754,50,643.580821
-1.191113,50,643.805842
-2.00691,50,644.039997
-1.26775,50,644.266807
-1.196592,50,644.491527
-0.954843,50,644.719334
-1.30665,50,644.951345
-1.486967,50,645.177089
-1.469777,50,645.40374
-1.498058,50,645.628696
-0.768017,50,645.859931
-1.552457,50,646.082977
-2.844113,50,646.308077
-5.816634,50,646.538885
-6.85291,50,646.769271
-3.261167,50,646.992937
-1.051048,50,647.220182
-1.360325,50,647.443
-1.435847,50,647.68755
-1.738263,50,647.917807
-0.893517,50,648.142802
-0.663817,50,648.365161
-0.974452,50,648.596461
-0.816051,50,648.818968
-0.889052,50,649.043309
-1.179083,50,649.268593
-0.776038,50,649.52012
-0.936227,50,649.745726
-1.043293,50,649.972143
-1.858781,50,650.196305
-0.858636,50,650.430348
-0.818585,50,650.655152
-1.411627,50,650.878552
-1.040196,50,651.107418
-1.389017,50,651.341927
-1.316949,50,651.573285
-1.325118,50,651.796555
-0.84728,50,652.023478
-1.22783,50,652.254349
-0.984677,50,652.477494
-0.755344,50,652.702336
-1.079374,50,652.930792
-1.598226,50,653.167298
-1.005815,50,653.392906
-0.58754,50,653.617972
-1.007478,50,653.842308
-1.371369,50,654.073497
-2.395455,50,654.297225
-0.95536,50,654.524392
-0.655458,50,654.756263
-0.998961,50,654.988754
-1.809042,50,655.221054
-2.052309,50,655.444595
-1.155188,50,655.6688
-1.217475,50,655.900064
-0.856523,50,656.132129
-1.012967,50,656.359771
-1.158341,50,656.585582
-0.879019,50,656.817499
-1.090107,50,657.043828
-0.557099,50,657.268499
-0.675135,50,657.495356
-1.243885,50,657.728119
-0.687069,50,657.952348
-0.591989,50,658.17746
-0.774853,50,658.400732
-1.08519,50,658.631008
-0.978432,50,658.856053
-1.64614,50,659.088154
-1.424078,50,659.315205
-0.949487,50,659.547252
-1.104595,50,659.772465
-1.216742,50,660.002851
-1.433975,50,660.226705
-1.704957,50,660.473562
-0.937216,50,660.695926
-1.198762,50,660.918935
-1.165065,50,661.147074
-1.074587,50,661.383121
-1.223652,50,661.606041
-1.168078,50,661.828861
-0.835555,50,662.056475
-0.767984,50,662.286711
-0.664256,50,662.508247
-0.797742,50,662.729521
-1.044705,50,662.950544
-0.551045,50,663.183809
-1.288638,50,663.408063
-1.380117,50,663.630866
-1.715596,50,663.860008
-0.82513,50,664.089272
-0.698089,50,664.310179
-1.086975,50,664.532393
-0.869272,50,664.756735
-2.007821,50,664.987761
-1.800676,50,665.209839
-1.084948,50,665.4303
-1.321345,50,665.652397
-1.235867,50,665.879282
-1.040478,50,666.102504
-0.831947,50,666.326893
-0.746758,50,666.548771
-1.122007,50,666.778249
-0.927464,50,666.998943
-0.937121,50,667.223879
-1.293589,50,667.444353
-1.113407,50,667.673302
-1.385882,50,667.900772
-0.890742,50,668.126644
-0.898651,50,668.352181
-0.96658,50,668.774674
-1.022618,50,669.000608
-0.466777,50,669.224715
-0.715783,50,669.449195
-0.969293,50,669.683694
-0.860204,50,669.911878
-0.886232,50,670.137865
-1.020127,50,670.369136
-1.291458,50,670.600375
-1.015137,50,670.823535
-0.736539,50,671.048543
-0.726868,50,671.273375
-0.864353,50,671.506821
-0.948239,50,671.732991
-0.838135,50,671.958734
-0.819228,50,672.185221
-1.323678,50,672.415354
-1.107056,50,672.637684
-1.012527,50,672.860273
-0.828422,50,673.082234
-0.914805,50,673.310987
-0.9896,50,673.535449
-1.473338,50,673.759947
-1.497777,50,673.982715
-0.894607,50,674.219124
-1.074084,50,674.445748
-1.18711,50,674.667631
-0.917329,50,674.891697
-0.78173,50,675.122413
-0.80911,50,675.345272
-0.746973,50,675.571031
-0.968161,50,675.793684
-0.586233,50,676.023591
-0.942304,50,676.247483
-0.806728,50,676.469701
-1.300938,50,676.697299
-1.180007,50,676.927911
-0.985163,50,677.157247
-1.206647,50,677.38025
-1.656263,50,677.60623
-0.52129,50,677.85339
-1.01635,50,678.078762
-1.662972,50,678.311121
-1.165232,50,678.536628
-0.938654,50,678.769021
-1.591406,50,678.999662
-0.40053,50,679.223905
-1.201601,50,679.454075
-0.686283,50,679.684724
-0.990812,50,679.910242
-1.849654,50,680.140539
-0.844533,50,680.364029
-1.289888,50,680.597429
-1.212034,50,680.824208
-1.04028,50,681.049326
-0.976212,50,681.273608
-0.735077,50,681.504325
-0.683112,50,681.732058
-0.659479,50,681.957462
-0.602774,50,682.181697
-0.424144,50,682.414578
-0.685469,50,682.640195
-0.817516,50,682.870895
-1.222976,50,683.096664
-0.682177,50,683.328647
-1.671112,50,683.554198
-1.802692,50,683.778425
-0.972262,50,684.001653
-1.199696,50,684.233411
-1.059029,50,684.455282
-0.992734,50,684.677616
-0.657032,50,684.89965
-0.800817,50,685.127015
-0.944301,50,685.349355
-0.694194,50,685.570377
-0.800216,50,685.797399
-0.984088,50,686.02789
-0.547924,50,686.259208
-0.653269,50,686.485883
-0.67494,50,686.71112
-0.727826,50,686.942947
-1.002264,50,687.169445
-1.106962,50,687.394148
-1.136723,50,687.619868
-0.843957,50,687.851041
-0.828008,50,688.076715
-0.762786,50,688.302388
-0.773913,50,688.525478
-0.950827,50,688.772932
-0.628568,50,689.005222
-0.590895,50,689.227858
-1.546524,50,689.456014
-0.991579,50,689.685778
-0.621031,50,689.912076
-1.312296,50,690.137659
-1.290681,50,690.360905
-0.862433,50,690.591019
-0.937686,50,690.81595
-1.040916,50,691.038137
-1.412556,50,691.270752
-1.380465,50,691.508857
-0.832883,50,691.733152
-1.424319,50,691.957036
-0.930222,50,692.185301
-0.814087,50,692.417807
-0.769442,50,692.641959
-1.098701,50,692.866583
-1.00329,50,693.101698
-0.896029,50,693.334557
-0.825994,50,693.561884
-0.9015,50,693.78743
-1.430644,50,694.012375
-0.786646,50,694.245803
-1.000225,50,694.473059
-1.380798,50,694.700842
-1.683295,50,694.930716
-0.854012,50,695.161583
-0.672332,50,695.395335
-0.667005,50,695.620877
-1.345823,50,695.854649
-1.029153,50,696.088685
-0.51899,50,696.315725
-0.705842,50,696.542103
-0.987437,50,696.767162
-0.438119,50,696.998465
-0.514286,50,697.224211
-0.89508,50,697.447869
-1.163222,50,697.675611
-0.730238,50,697.907192
-0.623472,50,698.131442
-0.84635,50,698.357546
-0.835145,50,698.588232
-1.020047,50,698.821806
-0.833855,50,699.047273
-0.716059,50,699.273336
-0.848123,50,699.498891
-0.641814,50,699.74625
-2.032998,50,699.976721
-2.011973,50,700.207768
-1.420169,50,700.43256
-0.860435,50,700.663678
-1.374667,50,700.889197
-1.162112,50,701.111572
-0.993395,50,701.335781
-0.497394,50,701.56537
-0.666866,50,701.791067
-0.546242,50,702.014279
-1.003264,50,702.239786
-1.810781,50,702.474025
-1.048516,50,702.700637
-1.06471,50,702.927644
-0.875054,50,703.151665
-0.954402,50,703.382322
-0.798795,50,703.604588
-1.165849,50,703.829834
-1.206861,50,704.052205
-0.608295,50,704.282101
-0.876554,50,704.507206
-1.661918,50,704.732402
-1.490258,50,704.955592
-1.407225,50,705.187865
-1.839595,50,705.415255
-0.892054,50,705.644062
-0.846136,50,705.871491
-1.677894,50,706.10726
-0.737014,50,706.334037
-0.730969,50,706.561528
-1.454151,50,706.796408
-0.5591,50,707.030909
-1.422775,50,707.258102
-0.937391,50,707.486222
-0.611523,50,707.712938
-0.684486,50,707.946227
-0.964933,50,708.172183
-0.983722,50,708.400131
-1.055188,50,708.629342
-1.191946,50,708.86223
-1.018228,50,709.088129
-0.883978,50,709.314947
-1.23701,50,709.540594
-1.299894,50,709.771676
-1.030339,50,709.999506
-1.043874,50,710.226585
-1.392403,50,710.453306
-0.934525,50,710.703555
-0.871701,50,710.931032
-1.263443,50,711.157959
-0.876756,50,711.380939
-0.547417,50,711.61335
-1.429879,50,711.836369
-2.005396,50,712.06912
-2.05012,50,712.295779
-0.826949,50,712.525846
-1.074399,50,712.749605
-1.369671,50,712.975335
-1.069691,50,713.197823
-1.130348,50,713.429899
-0.968683,50,713.654673
-1.460306,50,713.877229
-1.593805,50,714.108397
-1.548253,50,714.337149
-1.18378,50,714.561723
-1.361373,50,714.785858
-1.163661,50,715.010036
-1.347035,50,715.24042
-1.337399,50,715.464422
-0.991788,50,715.689042
-0.886779,50,715.91266
-1.255611,50,716.143322
-1.521296,50,716.369798
-1.349968,50,716.593951
-1.469489,50,716.81657
-1.607667,50,717.046301
-1.660724,50,717.271263
-0.858892,50,717.499613
-0.669298,50,717.730186
-1.325628,50,717.963458
-1.195498,50,718.187458
-1.608468,50,718.411401
-1.841244,50,718.634444
-2.118242,50,718.864688
-1.422706,50,719.088533
-1.74847,50,719.315166
-1.177397,50,719.539007
-2.690925,50,719.769501
-1.360147,50,719.995477
-1.280718,50,720.217398
-1.513071,50,720.442573
-2.911489,50,720.675649
-3.288968,50,720.898531
-4.289289,50,721.122277
-1.490075,50,721.344282
-1.468723,50,721.589569
-2.289126,50,721.818849
-1.435006,50,722.045615
-1.495053,50,722.270413
-2.554761,50,722.503441
-1.610143,50,722.732222
-1.583843,50,722.96093
-1.444859,50,723.186536
-1.422367,50,723.427081
-1.608891,50,723.662127
-1.056851,50,723.894394
-1.35762,50,724.124234
-1.48747,50,724.360878
-0.977272,50,724.5879
-1.833567,50,724.815531
-1.319667,50,725.041905
-1.891248,50,725.278909
-2.123135,50,725.513727
-1.083956,50,725.739549
-1.488803,50,725.972704
-1.686212,50,726.206157
-1.802456,50,726.430591
-1.086234,50,726.654648
-2.173284,50,726.880703
-1.278665,50,727.110538
-1.483299,50,727.34411
-0.831172,50,727.570906
-1.411307,50,727.799213
-0.788408,50,728.03073
-0.791012,50,728.261999
-0.791296,50,728.488054
-0.879795,50,728.720669
-0.718746,50,728.960953
-0.78671,50,729.186955
-1.050526,50,729.412745
-1.697902,50,729.642419
-1.660318,50,729.87417
-1.285154,50,730.107324
-0.893629,50,730.333898
-0.810651,50,730.560466
-1.088428,50,730.792923
-1.481214,50,731.020017
-1.324588,50,731.24625
-1.442177,50,731.473344
-0.518099,50,731.704921
-0.994578,50,731.931265
-0.838826,50,732.164638
-0.79357,50,732.390461
-0.825811,50,732.638183
-0.769694,50,732.865211
-1.319062,50,733.091053
-0.97313,50,733.317951
-0.863412,50,733.552195
-1.101172,50,733.786055
-0.926527,50,734.011127
-1.2417,50,734.237341
-0.920446,50,734.477152
-0.869522,50,734.703516
-0.893777,50,734.930192
-0.99371,50,735.156631
-1.133921,50,735.389936
-1.419722,50,735.615155
-2.35582,50,735.843194
-1.077621,50,736.069004
-2.976661,50,736.303872
-2.639907,50,736.532585
-3.348393,50,736.758717
-1.606149,50,736.985603
-1.083697,50,737.216749
-1.202395,50,737.443047
-1.089621,50,737.676745
-0.971176,50,737.900688
-1.021138,50,738.134555
-0.993996,50,738.360271
-1.298881,50,738.59122
-0.59499,50,738.823448
-1.15903,50,739.054805
-0.858991,50,739.281821
-0.80921,50,739.508971
-1.627415,50,739.73492
-0.642266,50,739.96634
-1.290332,50,740.192208
-1.874108,50,740.418482
-0.808045,50,740.64536
-0.985996,50,740.891222
-1.005202,50,741.119166
-0.988696,50,741.348155
-0.596797,50,741.582071
-0.804556,50,741.815748
-2.448952,50,742.04333
-1.306446,50,742.269308
-1.448338,50,742.496105
-2.029678,50,742.730742
-2.246515,50,742.959164
-4.752459,50,743.186632
-1.164539,50,743.413257
-0.976878,50,743.664832
-2.099125,50,743.892659
-2.40631,50,744.125293
-1.487277,50,744.35068
-1.446259,50,744.587802
-1.629449,50,744.816101
-0.936127,50,745.047842
-0.965785,50,745.273921
-1.181477,50,745.512577
-1.182172,50,745.740844
-0.72661,50,745.971931
-0.701955,50,746.19798
-0.720556,50,746.430636
-0.661427,50,746.655627
-2.112494,50,746.884117
-0.607178,50,747.117116
-0.964334,50,747.347026
-0.517959,50,747.571072
-0.789738,50,747.796191
-0.861129,50,748.022979
-0.929599,50,748.254461
-1.070437,50,748.481872
-1.38044,50,748.71297
-0.970002,50,748.936904
-0.886801,50,749.168872
-1.058352,50,749.394592
-1.207084,50,749.620247
-1.223207,50,749.84666
-2.42682,50,750.083305
-0.667655,50,750.307579
-0.81977,50,750.535428
-0.961607,50,750.761038
-1.616064,50,751.000356
-0.484326,50,751.226294
-0.504547,50,751.451481
-0.796239,50,751.674815
-1.577258,50,751.912674
-0.948856,50,752.138262
-1.157565,50,752.362989
-0.862848,50,752.58822
-1.139595,50,752.819409
-1.362113,50,753.045209
-1.295824,50,753.276202
-0.894477,50,753.500306
-0.721277,50,753.754559
-0.934291,50,753.980823
-1.083754,50,754.206238
-0.751146,50,754.43167
-1.415817,50,754.669288
-0.748079,50,754.895967
-0.712933,50,755.123441
-1.210175,50,755.347695
-0.827698,50,755.578311
-0.622192,50,755.811509
-0.551883,50,756.037025
-0.745926,50,756.261159
-0.719336,50,756.493502
-0.663177,50,756.721023
-0.740431,50,756.948589
-0.467392,50,757.174868
-1.17038,50,757.406591
-0.777015,50,757.637943
-1.107028,50,757.868327
-2.249331,50,758.100954
-0.774141,50,758.335118
-0.822362,50,758.561231
-1.020646,50,758.790548
-0.731012,50,759.016596
-0.676416,50,759.252212
-1.577441,50,759.479228
-0.481839,50,759.707547
-0.636287,50,759.934818
-1.66857,50,760.174435
-0.794163,50,760.39946
-0.388297,50,760.623519
-0.951608,50,760.849311
-0.560269,50,761.082141
-0.567588,50,761.30872
-0.898806,50,761.533949
-0.766535,50,761.763474
-0.613236,50,761.99422
-0.926369,50,762.223274
-1.814812,50,762.447946
-1.23855,50,762.674304
-0.697976,50,762.908033
-0.620124,50,763.13719
-1.421418,50,763.368333
-0.863572,50,763.595919
-0.541744,50,763.846953
-0.943163,50,764.073559
-0.52648,50,764.300989
-0.519392,50,764.528857
-0.707657,50,764.76867
-0.690158,50,764.996192
-0.753818,50,765.223116
-0.740824,50,765.456896
-0.871113,50,765.690455
-0.858685,50,765.918225
-0.816604,50,766.147144
-0.613482,50,766.374639
-0.358173,50,766.607527
-0.886025,50,766.837559
-0.431552,50,767.06311
-1.403038,50,767.294938
-0.482705,50,767.528628
-0.590754,50,767.754657
-0.707229,50,767.979999
-0.587849,50,768.205438
-0.536408,50,768.436708
-0.642591,50,768.661688
-3.252036,50,768.896002
-0.699779,50,769.119513
-1.797727,50,769.35579
-1.004125,50,769.582228
-0.835606,50,769.809407
-0.965996,50,770.036002
-0.929334,50,770.268866
-0.780777,50,770.495527
-1.204664,50,770.719611
-1.318326,50,770.945663
-0.610836,50,771.178824
-1.108048,50,771.4067
-1.9617,50,771.636705
-1.161155,50,771.866751
-0.416788,50,772.097267
-0.908041,50,772.32025
-2.569135,50,772.55044
-1.226963,50,772.773609
-0.996048,50,773.003809
-0.968965,50,773.234889
-0.586034,50,773.461383
-0.455563,50,773.687157
-0.66327,50,773.937156
-0.860491,50,774.165802
-0.639983,50,774.390973
-0.850129,50,774.618061
-0.570412,50,774.850781
-0.938259,50,775.079867
-0.709213,50,775.307977
-1.188398,50,775.535058
-0.635521,50,775.768136
-0.523329,50,775.994384
-0.603165,50,776.219861
-0.322662,50,776.447033
-0.541844,50,776.68112
-0.708104,50,776.908792
-0.919549,50,777.136423
-0.727849,50,777.364158
-0.482538,50,777.595372
-0.422919,50,777.822535
-0.85609,50,778.049086
-0.410887,50,778.2742
-2.486369,50,778.514297
-0.660122,50,778.744025
-0.774072,50,778.971978
-0.645862,50,779.196853
-0.683291,50,779.429163
-1.444861,50,779.656776
-1.169762,50,779.883762
-1.782345,50,780.116573
-0.832429,50,780.351524
-0.416576,50,780.578077
-0.714688,50,780.806857
-0.662057,50,781.031292
-0.358449,50,781.262792
-1.058572,50,781.494984
-0.477226,50,781.720322
-1.044388,50,781.94641
-0.707933,50,782.178338
-0.538157,50,782.404232
-0.710491,50,782.627753
-0.914325,50,782.853312
-1.457807,50,783.294566
-1.790605,50,783.522067
-0.611947,50,783.750373
-0.473842,50,783.97433
-0.736815,50,784.207019
-1.229089,50,784.437614
-1.244702,50,784.663081
-1.282922,50,784.8903
-0.822676,50,785.119289
-0.937042,50,785.342198
-1.506023,50,785.564267
-1.29699,50,785.788459
-1.220133,50,786.019192
-0.641281,50,786.243137
-0.671965,50,786.467948
-0.429907,50,786.691018
-0.627407,50,786.921429
-1.052664,50,787.144599
-0.58699,50,787.369992
-0.577124,50,787.59396
-0.710853,50,787.824607
-1.182027,50,788.054792
-0.545271,50,788.277131
-0.739566,50,788.500777
-0.666109,50,788.731458
-1.798423,50,788.955511
-1.832989,50,789.178143
-0.808511,50,789.402664
-0.830061,50,789.633022
-0.623209,50,789.856515
-1.524525,50,790.080491
-1.478989,50,790.304179
-0.817138,50,790.559113
-0.835565,50,790.792356
-1.213901,50,791.018919
-0.482822,50,791.245929
-1.803119,50,791.477962
-1.175526,50,791.711143
-1.215872,50,791.938796
-1.12876,50,792.165636
-0.542052,50,792.400965
-1.369152,50,792.627001
-0.305699,50,792.852992
-0.846418,50,793.085425
-1.785541,50,793.315273
-1.937169,50,793.54076
-0.924041,50,793.772684
-2.055092,50,794.005132
-0.479722,50,794.236638
-0.435776,50,794.462714
-0.599024,50,794.689851
-1.309397,50,794.915959
-0.849818,50,795.153868
-3.016595,50,795.380496
-0.945298,50,795.607246
-1.881316,50,795.834427
-0.750067,50,796.070289
-2.413462,50,796.306415
-0.533734,50,796.534924
-1.034665,50,796.769461
-0.998395,50,797.003368
-0.659118,50,797.232283
-0.704912,50,797.459788
-0.430699,50,797.688501
-0.68078,50,797.925
-0.816181,50,798.151633
-0.528889,50,798.377915
-0.777102,50,798.606412
-1.724859,50,798.856365
-0.770246,50,799.087244
-0.739615,50,799.314925
-0.789062,50,799.542604
-0.774951,50,799.778436
-1.272153,50,800.005959
-0.68018,50,800.231599
-0.821247,50,800.456592
-0.796648,50,800.6926
-1.407642,50,800.91805
-0.6814,50,801.145052
-0.75715,50,801.371685
-1.041785,50,801.605354
-0.926036,50,801.831336
-0.952195,50,802.058259
-1.060331,50,802.284541
-0.505918,50,802.518096
-1.065338,50,802.749484
-0.966233,50,802.974955
-0.67704,50,803.202514
-0.76898,50,803.435292
-1.427977,50,803.667223
-0.471972,50,803.895102
-0.630133,50,804.120081
-0.664704,50,804.352278
-0.620694,50,804.579531
-0.745531,50,804.803579
-0.697028,50,805.027076
-1.324734,50,805.263686
-0.905992,50,805.488334
-0.676837,50,805.710592
-2.318067,50,805.940549
-0.555505,50,806.172114
-0.515031,50,806.395863
-0.492104,50,806.618785
-0.760283,50,806.84366
-0.288431,50,807.075027
-0.829291,50,807.302483
-1.882061,50,807.534875
-1.040622,50,807.759038
-1.310976,50,808.0086
-0.681228,50,808.233611
-3.385414,50,808.46482
-1.47578,50,808.689068
-0.681422,50,808.920832
-0.880772,50,809.147026
-0.726615,50,809.371439
-1.273393,50,809.59569
-0.429548,50,809.827198
-3.075415,50,810.057531
-1.764079,50,810.281105
-0.562876,50,810.505088
-0.51765,50,810.73451
-0.769774,50,810.959107
-0.528608,50,811.18477
-1.407152,50,811.408476
-3.207494,50,811.643522
-1.1367,50,811.867865
-0.708261,50,812.092893
-1.047339,50,812.322939
-1.3535,50,812.555231
-0.873537,50,812.778937
-0.541254,50,813.003742
-0.730369,50,813.226874
-0.964321,50,813.457234
-0.827065,50,813.68519
-1.754336,50,813.91746
-0.752019,50,814.14091
-0.392436,50,814.372673
-0.858442,50,814.596906
-1.540717,50,814.820578
-1.136718,50,815.043701
-0.739388,50,815.274543
-0.853505,50,815.499207
-0.823342,50,815.72354
-0.525367,50,815.946699
-2.295504,50,816.183315
-1.146357,50,816.414278
-1.147429,50,816.637993
-1.100273,50,816.862156
-0.98197,50,817.112149
-2.631268,50,817.346474
-0.794929,50,817.574696
-0.799062,50,817.800685
-1.702894,50,818.032062
-0.55286,50,818.258066
-0.986063,50,818.487039
-1.633529,50,818.714718
-0.588115,50,818.947561
-0.977118,50,819.178877
-0.847457,50,819.406637
-1.263095,50,819.634839
-2.272784,50,819.874577
-1.140145,50,820.11239
-1.254692,50,820.342878
-0.724155,50,820.572389
-0.677933,50,820.807051
-2.285958,50,821.040968
-1.641901,50,821.265875
-0.465168,50,821.496979
-0.801993,50,821.731885
-1.003683,50,821.958454
-0.883722,50,822.185641
-0.578933,50,822.41184
-0.836796,50,822.645598
-2.173298,50,822.88066
-1.874142,50,823.11419
-0.735483,50,823.34153
-2.764284,50,823.582594
-1.544861,50,823.81482
-1.02408,50,824.041548
-1.890284,50,824.268443
-0.904075,50,824.517561
-1.54709,50,824.744099
-1.436821,50,824.966193
-0.648428,50,825.190351
-1.06146,50,825.420817
-0.459531,50,825.644156
-0.369061,50,825.869407
-0.858654,50,826.094974
-0.382396,50,826.325705
-1.462102,50,826.549295
-5.774625,50,826.782128
-2.266327,50,827.012467
-0.685647,50,827.242278
-0.432412,50,827.466373
-0.531719,50,827.689629
-0.441243,50,827.912449
-1.941502,50,828.147782
-0.523359,50,828.37094
-0.783439,50,828.59588
-1.892662,50,828.8264
-1.793827,50,829.063976
-1.383563,50,829.288905
-0.544451,50,829.514019
-0.727246,50,829.742442
-1.341317,50,829.974003
-1.479556,50,830.197555
-1.499983,50,830.421604
-0.630582,50,830.645724
-1.274878,50,830.87683
-0.652804,50,831.099377
-0.737675,50,831.322653
-0.711057,50,831.548576
-0.778283,50,831.77904
-2.026323,50,832.011791
-0.833466,50,832.234962
-2.848729,50,832.464922
-1.050183,50,832.694019
-1.188488,50,832.925688
-1.073987,50,833.149432
-0.863704,50,833.373579
-1.907746,50,833.619361
-1.957706,50,833.842516
-0.58014,50,834.0668
-0.613968,50,834.290752
-0.602938,50,834.521302
-2.291756,50,834.752454
-0.66546,50,834.978741
-0.604045,50,835.201982
-0.791355,50,835.431984
-0.92862,50,835.656936
-0.608429,50,835.879955
-1.46106,50,836.104292
-1.132314,50,836.341946
-1.884203,50,836.573438
-0.436928,50,836.796234
-0.700487,50,837.021549
-1.611854,50,837.258522
-1.076479,50,837.482848
-0.664964,50,837.706326
-0.882345,50,837.930732
-0.418398,50,838.162682
-0.473651,50,838.386512
-0.664536,50,838.61025
-0.407139,50,838.834543
-1.939073,50,839.070551
-0.33228,50,839.296216
-0.287068,50,839.519567
-1.610211,50,839.750299
-0.538756,50,839.98173
-0.773394,50,840.205197
-0.999493,50,840.429451
-1.628133,50,840.660946
-1.235612,50,840.894562
-2.379104,50,841.126382
-1.047914,50,841.35025
-2.24304,50,841.572841
-1.944221,50,841.810017
-0.917628,50,842.038702
-1.221779,50,842.264691
-0.524212,50,842.491652
-0.673798,50,842.741829
-0.583997,50,842.968409
-0.581477,50,843.196881
-0.668513,50,843.423942
-0.935354,50,843.662665
-0.542765,50,843.888689
-1.12592,50,844.115939
-0.507275,50,844.341679
-1.245162,50,844.578773
-1.236081,50,844.804696
-0.426355,50,845.031503
-0.772546,50,845.256822
-0.989812,50,845.496637
-0.619127,50,845.723698
-0.695958,50,845.951203
-1.057216,50,846.17755
-0.267713,50,846.408751
-0.659762,50,846.638702
-0.819774,50,846.866753
-0.391743,50,847.091837
-0.501737,50,847.323624
-0.571651,50,847.554472
-0.717554,50,847.791174
-1.837946,50,848.025053
-0.621631,50,848.261952
-0.558553,50,848.487286
-1.265361,50,848.721034
-0.725302,50,848.949166
-1.040353,50,849.182061
-1.185792,50,849.411807
-0.761463,50,849.640061
-0.910631,50,849.870071
-0.577503,50,850.10338
-0.924533,50,850.331771
-0.503662,50,850.558317
-0.601042,50,850.784601
-1.032642,50,851.017702
-0.947373,50,851.245267
-0.905441,50,851.471873
-0.771936,50,851.70078
-0.998075,50,851.952527
-0.96484,50,852.179701
-0.830895,50,852.404963
-0.836591,50,852.628788
-0.833013,50,852.859254
-0.811202,50,853.083476
-0.581577,50,853.30766
-0.926328,50,853.532226
-0.919104,50,853.769969
-2.129212,50,854.004686
-0.712406,50,854.232413
-0.769871,50,854.459919
-0.583998,50,854.693101
-0.994533,50,854.920111
-0.637976,50,855.146513
-1.003588,50,855.372386
-1.1734,50,855.609774
-0.708914,50,855.841261
-0.391476,50,856.068572
-0.875929,50,856.294487
-0.892099,50,856.529226
-0.765591,50,856.755951
-1.252819,50,856.980217
-1.843045,50,857.20981
-0.844092,50,857.446744
-2.09578,50,857.671767
-0.95869,50,857.899024
-3.622655,50,858.132673
-1.898766,50,858.36314
-1.204078,50,858.594669
-1.222316,50,858.816946
-1.614686,50,859.044763
-3.069057,50,859.273625
-2.159109,50,859.503136
-1.52454,50,859.727043
-0.956106,50,859.950289
-2.879006,50,860.183825
-3.611198,50,860.408277
-0.633785,50,860.635747
-1.418493,50,860.867173
-1.899175,50,861.114003
-1.796993,50,861.340948
-1.665429,50,861.566233
-0.984981,50,861.791521
-0.944323,50,862.027755
-1.611143,50,862.255345
-0.98441,50,862.480935
-2.388199,50,862.705859
-1.354103,50,862.939739
-1.097419,50,863.166974
-0.524304,50,863.39278
-1.085467,50,863.619528
-1.463273,50,863.852827
-0.899032,50,864.08245
-2.041214,50,864.318156
-1.083884,50,864.546455
-2.162543,50,864.789607
-1.836724,50,865.019685
-2.041417,50,865.24808
-1.452733,50,865.474936
-2.391385,50,865.71195
-1.165117,50,865.941405
-1.883821,50,866.168754
-1.474215,50,866.396268
-1.611302,50,866.6335
-0.646859,50,866.861237
-1.11384,50,867.089266
-1.544464,50,867.317466
-0.713639,50,867.552264
-1.002172,50,867.786447
-1.575644,50,868.014546
-0.948296,50,868.245934
-1.238873,50,868.482399
-0.918435,50,868.711274
-0.99458,50,868.939282
-1.511601,50,869.165388
-0.825629,50,869.399596
-0.658472,50,869.625766
-0.649472,50,869.854165
-0.406441,50,870.081539
-0.673467,50,870.334213
-0.98845,50,870.562816
-1.284523,50,870.791148
-0.886627,50,871.016511
-0.85525,50,871.251366
-1.236293,50,871.47992
-1.118788,50,871.707243
-2.290969,50,871.934297
-0.799861,50,872.168157
-0.483737,50,872.394978
-0.930892,50,872.621564
-0.677272,50,872.849631
-0.896394,50,873.083541
-4.448629,50,873.310322
-10.715947,50,873.537727
-8.437486,50,873.76173
-4.843065,50,873.994841
-3.785501,50,874.221181
-6.945697,50,874.45391
-3.457441,50,874.686628
-1.93372,50,874.922845
-1.651529,50,875.150868
-2.117462,50,875.378839
-1.036703,50,875.613339
-0.594065,50,875.846943
-1.527677,50,876.077184
-0.746966,50,876.308559
-0.655037,50,876.536227
-0.533175,50,876.769192
-1.391171,50,877.006116
-0.657969,50,877.235136
-0.693374,50,877.463294
-1.002895,50,877.70026
-0.922853,50,877.93085
-0.819447,50,878.158863
-0.9307,50,878.388207
-1.157171,50,878.623657
-1.273712,50,878.852305
-1.164402,50,879.082832
-1.19715,50,879.312599
-0.696054,50,879.568583
-1.054767,50,879.794644
-1.401741,50,880.027245
-0.822253,50,880.252492
-0.947169,50,880.484811
-1.060608,50,880.711602
-1.199272,50,880.941328
-1.470726,50,881.169622
-1.648019,50,881.403095
-0.640269,50,881.627799
-1.055446,50,881.853545
-0.784767,50,882.084411
-1.767041,50,882.325004
-0.482918,50,882.55069
-1.118962,50,882.778777
-1.132272,50,883.003713
-1.113068,50,883.247915
-0.894471,50,883.47768
-0.85029,50,883.705893
-0.642305,50,883.93443
-1.886131,50,884.175648
-1.460453,50,884.410048
-0.629993,50,884.636684
-1.137599,50,884.866845
-0.801329,50,885.10073
-1.494995,50,885.328678
-0.926062,50,885.55494
-1.083551,50,885.780837
-1.936342,50,886.015736
-1.468539,50,886.243753
-0.92816,50,886.470771
-1.666166,50,886.705281
-0.804984,50,886.942432
-0.745854,50,887.170654
-0.743751,50,887.405324
-0.813208,50,887.636461
-0.878552,50,887.878025
-0.756239,50,888.109448
-0.725068,50,888.342569
-1.17156,50,888.572488
-0.985751,50,888.825031
-0.559275,50,889.051008
-1.05612,50,889.275373
-0.889742,50,889.501394
-2.99342,50,889.735525
-6.163887,50,889.962572
-5.491809,50,890.195757
-4.352147,50,890.424823
-3.076593,50,890.659019
-1.748265,50,890.88622
-1.170973,50,891.11355
-1.232698,50,891.338866
-1.140325,50,891.570963
-1.043423,50,891.799451
-0.779826,50,892.02867
-3.690221,50,892.254445
-1.337407,50,892.493034
-0.595403,50,892.72629
-0.867927,50,892.952222
-0.549079,50,893.178646
-0.962591,50,893.411723
-1.06073,50,893.644282
-0.887832,50,893.870496
-0.72511,50,894.097825
-0.41881,50,894.332431
-1.225418,50,894.56415
-0.565401,50,894.789157
-0.704077,50,895.013792
-0.685687,50,895.247167
-0.693464,50,895.475192
-0.995101,50,895.707374
-0.741483,50,895.934748
-0.861302,50,896.169876
-0.617521,50,896.399432
-0.587514,50,896.624361
-0.570414,50,896.849735
-0.649599,50,897.084074
-0.522278,50,897.313045
-0.768525,50,897.537702
-1.347224,50,897.76958
-0.867228,50,898.228402
-1.049575,50,898.459989
-0.749593,50,898.689496
-1.251508,50,898.924489
-0.630693,50,899.163865
-0.892647,50,899.394426
-0.726772,50,899.627753
-0.810959,50,899.85666
-0.676067,50,900.097406
-0.878672,50,900.326165
-1.563225,50,900.559565
-0.644762,50,900.786764
-1.713134,50,901.029074
-0.924934,50,901.256109
-0.874192,50,901.484612
-0.864445,50,901.718643
-0.788315,50,901.953209
-1.110917,50,902.185049
-0.804198,50,902.41057
-0.989971,50,902.638858
-0.902536,50,902.87189
-0.818208,50,903.098643
-1.138615,50,903.324847
-1.294703,50,903.553677
-0.737495,50,903.785862
-0.820696,50,904.018037
-0.857716,50,904.250803
-0.862724,50,904.476747
-0.953261,50,904.730176
-2.836977,50,904.965329
-7.836288,50,905.19612
-5.549546,50,905.427453
-5.251914,50,905.662075
-0.656954,50,905.890863
-1.068264,50,906.122818
-0.579444,50,906.353609
-0.786138,50,906.591308
-0.627845,50,906.821646
-1.042623,50,907.053866
-1.145255,50,907.289693
-0.614114,50,907.524092
-0.649804,50,907.755423
-0.704462,50,907.990765
-0.775628,50,908.220124
-0.954113,50,908.457667
-0.916843,50,908.687269
-1.150108,50,908.916787
-0.556815,50,909.146221
-0.580554,50,909.381196
-0.351882,50,909.609479
-0.782766,50,909.839646
-0.983483,50,910.073031
-0.924607,50,910.311583
-1.602,50,910.541944
-1.26231,50,910.771002
-1.822653,50,911.006715
-0.698948,50,911.242654
-0.996857,50,911.470171
-1.244224,50,911.699043
-1.140272,50,911.927307
-1.172238,50,912.161752
-1.007524,50,912.39126
-0.625281,50,912.620703
-1.156816,50,912.84939
-0.920832,50,913.087614
-1.329028,50,913.316834
-0.823753,50,913.54472
-0.779498,50,913.772509
-1.097579,50,914.026495
-0.936345,50,914.254393
-0.949655,50,914.478476
-0.790099,50,914.71172
-0.623437,50,914.9447
-0.717118,50,915.173722
-1.014288,50,915.400253
-1.076222,50,915.63394
-0.90935,50,915.871749
-1.102876,50,916.09987
-0.659641,50,916.328142
-0.933827,50,916.562407
-1.195074,50,916.797106
-1.1417,50,917.027648
-0.983391,50,917.256476
-1.026207,50,917.492923
-0.778426,50,917.728121
-1.650833,50,917.960864
-1.001259,50,918.190843
-1.349662,50,918.420437
-0.823093,50,918.654709
-0.612753,50,918.891976
-1.072428,50,919.123216
-0.900891,50,919.352757
-0.946832,50,919.595765
-1.027163,50,919.825607
-0.590684,50,920.061442
-0.966993,50,920.288872
-1.131701,50,920.536124
-0.939199,50,920.769683
-0.617841,50,921.001057
-0.90806,50,921.230696
-1.226537,50,921.467212
-0.860029,50,921.696729
-0.861464,50,921.928931
-1.168241,50,922.164802
-0.65591,50,922.418703
-0.762139,50,922.654302
-0.902118,50,922.883581
-1.253909,50,923.113562
-0.592317,50,923.347775
-1.049484,50,923.577384
-1.628701,50,923.812918
-1.149528,50,924.042604
-1.400894,50,924.276498
-0.81611,50,924.507446
-0.869761,50,924.739209
-0.84052,50,924.966365
-0.771182,50,925.201109
-0.780155,50,925.431319
-0.517962,50,925.668222
-0.893185,50,925.90176
-1.55396,50,926.141391
-0.837379,50,926.375159
-0.58489,50,926.604629
-0.598031,50,926.835343
-1.109105,50,927.072826
-0.760249,50,927.303548
-1.6954,50,927.540159
-0.849625,50,927.771133
-0.789593,50,928.008067
-0.78971,50,928.239043
-0.665494,50,928.470125
-0.4679,50,928.700188
-0.718016,50,928.936441
-0.672677,50,929.166788
-0.735523,50,929.396057
-0.577415,50,929.627935
-0.794392,50,929.863816
-0.719851,50,930.092504
-0.576967,50,930.321917
-0.754401,50,930.550883
-0.835359,50,930.804533
-0.837097,50,931.034013
-0.877962,50,931.264942
-0.717283,50,931.496272
-0.874139,50,931.735682
-0.828486,50,931.968325
-0.776294,50,932.199439
-1.18505,50,932.429023
-1.034868,50,932.667284
-1.295063,50,932.897573
-0.797679,50,933.131395
-0.954474,50,933.367974
-0.823646,50,933.605675
-0.646443,50,933.835224
-1.546976,50,934.072178
-0.746914,50,934.304655
-0.534501,50,934.5482
-0.725857,50,934.778029
-0.675529,50,935.011253
-0.710585,50,935.242485
-0.953674,50,935.48546
-0.81325,50,935.717673
-1.051802,50,935.948327
-0.571671,50,936.184222
-0.761766,50,936.424027
-0.749948,50,936.657659
-1.150844,50,936.89132
-1.415238,50,937.122531
-0.577068,50,937.357678
-0.745314,50,937.587428
-0.880274,50,937.818306
-1.569224,50,938.047318
-1.517813,50,938.282366
-0.840172,50,938.512953
-0.594963,50,938.742961
-0.661619,50,938.974142
-0.863313,50,939.233765
-1.762435,50,939.469658
-0.572764,50,939.699046
-1.463601,50,939.927152
-0.745526,50,940.178856
-1.032564,50,940.414161
-1.45839,50,940.644042
-0.465501,50,940.88261
-1.013025,50,941.120106
-1.235839,50,941.353405
-0.859238,50,941.584864
-1.258431,50,941.816438
-0.729653,50,942.055083
-1.672274,50,942.294664
-0.476582,50,942.531281
-0.98611,50,942.760806
-1.047731,50,942.998343
-0.890656,50,943.227863
-1.215478,50,943.459987
-0.881168,50,943.690027
-1.170499,50,943.929488
-0.926707,50,944.157706
-1.303589,50,944.389487
-0.552837,50,944.623129
-1.312851,50,944.862573
-1.040763,50,945.093764
-1.547069,50,945.326276
-0.94438,50,945.558731
-1.570381,50,945.797028
-0.848022,50,946.026049
-1.26098,50,946.255721
-1.180105,50,946.488913
-1.312341,50,946.726927
-1.261278,50,946.958529
-0.615663,50,947.188426
-0.937316,50,947.418662
-1.021853,50,947.672443
-0.608026,50,947.901608
-0.692061,50,948.130932
-1.031322,50,948.364695
-1.593082,50,948.606852
-0.793344,50,948.836422
-1.844193,50,949.06961
-1.152599,50,949.298724
-0.612696,50,949.535815
-1.175269,50,949.765108
-1.895609,50,950.000813
-1.18476,50,950.230824
-2.451709,50,950.466838
-1.368115,50,950.704197
-0.816438,50,950.948453
-0.902553,50,951.194184
-0.713517,50,951.433768
-0.625249,50,951.660375
-0.652677,50,951.887571
-0.83635,50,952.114076
-0.630003,50,952.34718
-0.975831,50,952.572461
-0.937447,50,952.796611
-1.260151,50,953.029281
-0.72702,50,953.264039
-0.700167,50,953.491789
-0.848391,50,953.719574
-0.734713,50,953.945359
-0.754963,50,954.178713
-0.891268,50,954.403994
-0.69719,50,954.62941
-0.575304,50,954.854227
-0.660112,50,955.086525
-0.681521,50,955.312476
-1.033582,50,955.536314
-0.688838,50,955.761093
-0.84922,50,956.011497
-0.854494,50,956.242195
-0.588008,50,956.466308
-1.219408,50,956.696035
-0.79424,50,956.925341
-0.76025,50,957.150771
-1.208979,50,957.380694
-0.998566,50,957.60591
-0.979172,50,957.841128
-0.765592,50,958.065928
-1.295705,50,958.29067
-0.534646,50,958.514417
-0.507446,50,958.744626
-0.787196,50,958.970004
-1.764529,50,959.199593
-0.855615,50,959.425488
-0.541474,50,959.672584
-1.059384,50,959.902179
-0.697609,50,960.130382
-0.94736,50,960.360302
-0.632982,50,960.602103
-4.055952,50,960.833593
-1.453826,50,961.064784
-1.107063,50,961.295448
-1.27693,50,961.534818
-1.155458,50,961.763538
-0.869347,50,961.98862
-1.132219,50,962.213944
-2.008288,50,962.447886
-1.260997,50,962.673954
-1.577519,50,962.904666
-1.589414,50,963.135851
-1.168639,50,963.368602
-1.323626,50,963.593392
-1.342369,50,963.818577
-2.1243,50,964.04521
-1.689074,50,964.303174
-1.418673,50,964.531436
-1.786059,50,964.759292
-2.177756,50,964.988895
-2.246666,50,965.223749
-6.37889,50,965.45173
-6.868188,50,965.679277
-5.973182,50,965.911708
-1.705417,50,966.153342
-1.830139,50,966.385054
-1.226911,50,966.611481
-1.03651,50,966.842268
-1.3089,50,967.077237
-1.003325,50,967.305573
-1.310656,50,967.535722
-1.253198,50,967.767052
-1.093492,50,968.002847
-0.979357,50,968.231577
-0.975892,50,968.463603
-1.462685,50,968.693615
-1.159135,50,968.930045
-0.914316,50,969.159511
-0.689671,50,969.386604
-0.658704,50,969.613727
-0.528545,50,969.845819
-1.484813,50,970.080159
-1.082401,50,970.305779
-0.662832,50,970.534543
-0.757567,50,970.769649
-0.919211,50,970.998776
-1.160367,50,971.227092
-0.977942,50,971.454838
-0.94436,50,971.689797
-0.655027,50,971.918472
-0.998596,50,972.155405
-1.255859,50,972.382489
-0.587887,50,972.634994
-0.473041,50,972.864608
-1.418107,50,973.099098
-0.560672,50,973.327467
-0.560709,50,973.563126
-1.477213,50,973.798388
-0.787828,50,974.026044
-0.71682,50,974.255198
-1.127516,50,974.495523
-0.871943,50,974.726579
-1.496429,50,974.959004
-1.099202,50,975.188952
-0.857217,50,975.428848
-0.728875,50,975.656543
-0.601321,50,975.885059
-0.5201,50,976.114933
-0.575763,50,976.347616
-0.671071,50,976.575226
-0.809507,50,976.806709
-0.727012,50,977.037715
-0.571905,50,977.271793
-0.633266,50,977.504627
-0.83415,50,977.736067
-1.279211,50,977.971254
-0.594761,50,978.217198
-0.79021,50,978.4438
-0.754218,50,978.671607
-0.73358,50,978.896915
-0.781196,50,979.132901
-0.563415,50,979.358333
-0.733279,50,979.587654
-0.810719,50,979.814706
-0.735169,50,980.046807
-0.624243,50,980.274163
-0.721237,50,980.499822
-0.758001,50,980.727925
-1.152915,50,980.984538
-1.217018,50,981.211528
-1.275646,50,981.438313
-0.772762,50,981.664414
-0.799111,50,981.897459
-0.581256,50,982.124509
-0.657746,50,982.351683
-0.460307,50,982.579216
-1.335598,50,982.812304
-5.819297,50,983.042563
-5.733651,50,983.268159
-6.131012,50,983.494048
-4.08741,50,983.726118
-1.539157,50,983.959902
-1.374625,50,984.187161
-0.901944,50,984.414215
-1.210363,50,984.647774
-0.877499,50,984.875786
-0.476855,50,985.102092
-0.651782,50,985.329131
-0.937485,50,985.562476
-0.899305,50,985.789409
-2.379232,50,986.019631
-1.140887,50,986.245968
-1.166735,50,986.478992
-1.558463,50,986.705783
-1.046228,50,986.930952
-1.073402,50,987.159408
-1.260969,50,987.400317
-1.150177,50,987.627783
-1.04624,50,987.854526
-1.21813,50,988.080557
-0.775213,50,988.314321
-0.839254,50,988.541121
-1.560738,50,988.7657
-1.099572,50,988.992213
-1.361988,50,989.245094
-1.598123,50,989.47318
-2.10379,50,989.699281
-0.923052,50,989.92638
-0.910849,50,990.159727
-0.994249,50,990.386844
-1.172868,50,990.612664
-1.070554,50,990.840052
-0.804992,50,991.074867
-0.838703,50,991.302118
-1.808911,50,991.529303
-2.380399,50,991.762634
-1.997576,50,991.998369
-1.222502,50,992.226607
-0.731117,50,992.453976
-0.776951,50,992.6844
-0.803951,50,992.918395
-1.146069,50,993.147221
-1.166019,50,993.37769
-1.244414,50,993.604106
-1.049833,50,993.83585
-0.780387,50,994.062138
-2.038626,50,994.29119
-1.878579,50,994.519558
-1.977752,50,994.745026
-1.234837,50,994.975143
-0.898997,50,995.198804
-0.96899,50,995.427326
-0.690123,50,995.657521
-1.069432,50,995.882873
-0.732701,50,996.106916
-0.597963,50,996.332479
-0.988945,50,996.574325
-0.780511,50,996.79945
-0.919363,50,997.027898
-0.966548,50,997.251932
-1.121969,50,997.481449
-1.179229,50,997.704456
-1.681062,50,997.93481
-1.677405,50,998.160256
-1.067463,50,998.392225
-1.11683,50,998.616703
-2.083828,50,998.837569
-1.055197,50,999.059954
-0.877855,50,999.287201
-0.580086,50,999.509503
-0.911154,50,999.732327
-0.858375,50,999.953046
-0.801283,50,1000.182001
-1.264226,50,1000.407585
-1.289424,50,1000.633141
-0.823373,50,1000.856652
-0.738538,50,1001.089
-0.719945,50,1001.312064
-0.498629,50,1001.535759
-0.704317,50,1001.759134
-0.63277,50,1001.986591
-0.790005,50,1002.209578
-2.14296,50,1002.432726
-1.273248,50,1002.657324
-1.027049,50,1002.885423
-1.090816,50,1003.11299
-1.594965,50,1003.342595
-1.611051,50,1003.56583
-1.389427,50,1003.794688
-1.650171,50,1004.018255
-4.381269,50,1004.242195
-1.924585,50,1004.467283
-1.518372,50,1004.695343
-0.840396,50,1004.918702
-0.581405,50,1005.141949
-0.632996,50,1005.366944
-0.801106,50,1005.605141
-0.940486,50,1005.82842
-0.940228,50,1006.053011
-0.695668,50,1006.278644
-1.171045,50,1006.512415
-0.708457,50,1006.735418
-1.02501,50,1006.958368
-0.672703,50,1007.182057
-0.670196,50,1007.409466
-0.732694,50,1007.637581
-0.623458,50,1007.859797
-0.724447,50,1008.083339
-0.864148,50,1008.312978
-1.224307,50,1008.542862
-0.782237,50,1008.764795
-0.834685,50,1008.98859
-0.830579,50,1009.216412
-1.135789,50,1009.44062
-1.488728,50,1009.668403
-0.980808,50,1009.896255
-4.011543,50,1010.124489
-4.037838,50,1010.351459
-3.004324,50,1010.579632
-2.869518,50,1010.802953
-1.043673,50,1011.026817
-1.519343,50,1011.250139
-1.115055,50,1011.473816
-0.971911,50,1011.697284
-0.854853,50,1011.925641
-0.877135,50,1012.155111
-1.142729,50,1012.378956
-0.727409,50,1012.606927
-0.806926,50,1012.832357
-0.526039,50,1013.063252
-0.755772,50,1013.298005
-0.740014,50,1013.526015
-0.852278,50,1013.930841
-0.811455,50,1014.154014
-1.068229,50,1014.374693
-0.791344,50,1014.596368
-0.811519,50,1014.833393
-0.694045,50,1015.059314
-1.432514,50,1015.284725
-1.53586,50,1015.507578
-1.272548,50,1015.730131
-0.877538,50,1015.956443
-0.800278,50,1016.180929
-0.936623,50,1016.406372
-0.984713,50,1016.630585
-1.275092,50,1016.858924
-0.908495,50,1017.084639
-3.532326,50,1017.307794
-2.846244,50,1017.533712
-1.533062,50,1017.76448
-0.737236,50,1017.98864
-0.960122,50,1018.212614
-1.210471,50,1018.43593
-1.202833,50,1018.659934
-0.907461,50,1018.88333
-1.346578,50,1019.106946
-0.939021,50,1019.331671
-0.911985,50,1019.556183
-0.755426,50,1019.779264
-1.210005,50,1020.007507
-0.961981,50,1020.237875
-1.338835,50,1020.463051
-0.93782,50,1020.687879
-1.11593,50,1020.91087
-0.886729,50,1021.13703
-1.041615,50,1021.361997
-0.919859,50,1021.586066
-0.750328,50,1021.810841
-1.667074,50,1022.041641
-1.017021,50,1022.269992
-1.090296,50,1022.493476
-0.748109,50,1022.716113
-0.870979,50,1022.940117
-0.726145,50,1023.165659
-0.989898,50,1023.39511
-0.763374,50,1023.622269
-0.89476,50,1023.845114
-1.030539,50,1024.069164
-0.841802,50,1024.298142
-0.731332,50,1024.520726
-1.122277,50,1024.750246
-0.860759,50,1024.974083
-1.031967,50,1025.201316
-1.790854,50,1025.43206
-0.713408,50,1025.655572
-0.665336,50,1025.879066
-0.69664,50,1026.102871
-1.316834,50,1026.327572
-1.124921,50,1026.552221
-0.7528,50,1026.776616
-1.29908,50,1027.004513
-0.949407,50,1027.226746
-0.77407,50,1027.453292
-1.141144,50,1027.681883
-1.303106,50,1027.904299
-0.698966,50,1028.130198
-1.194636,50,1028.354828
-1.246128,50,1028.577179
-0.948788,50,1028.80171
-0.758327,50,1029.02688
-1.05177,50,1029.250318
-0.850652,50,1029.474959
-1.391672,50,1029.697539
-0.722688,50,1029.920446
-1.155713,50,1030.146423
-0.636033,50,1030.370353
-0.774356,50,1030.593994
-0.696533,50,1030.820056
-0.701524,50,1031.043136
-1.744143,50,1031.272849
-0.913789,50,1031.501678
-1.035267,50,1031.726039
-1.211075,50,1031.969919
-0.921573,50,1032.206175
-1.133695,50,1032.434002
-1.062765,50,1032.657871
-1.000702,50,1032.883083
-0.676524,50,1033.169225
-0.700758,50,1033.422898
-1.274075,50,1033.66772
-1.065011,50,1033.909716
-0.862171,50,1034.147093
-1.04242,50,1034.389167
-0.818729,50,1034.631945
-0.921585,50,1034.888029
-0.609049,50,1035.118443
-1.447141,50,1035.350315
-1.057224,50,1035.583903
-0.953257,50,1035.821433
-0.594705,50,1036.054468
-0.482091,50,1036.283965
-1.279746,50,1036.514253
-1.281801,50,1036.757846
-0.90807,50,1036.985584
-0.835187,50,1037.21456
-0.595578,50,1037.445528
-0.917042,50,1037.68285
-0.804113,50,1037.911797
-0.785511,50,1038.143678
-0.790667,50,1038.372713
-1.014145,50,1038.610096
-0.636609,50,1038.838328
-1.71867,50,1039.071139
-0.67455,50,1039.299333
-0.984552,50,1039.538194
-0.761244,50,1039.764771
-0.579918,50,1039.992727
-0.609238,50,1040.222092
-0.607335,50,1040.456095
-0.842386,50,1040.684481
-1.223473,50,1040.91075
-0.716521,50,1041.138378
-0.634721,50,1041.376255
-0.979417,50,1041.607792
-0.635368,50,1041.834499
-0.861256,50,1042.064067
-0.651729,50,1042.321857
-0.816182,50,1042.550386
-0.620344,50,1042.779458
-0.547846,50,1043.007815
-0.664555,50,1043.266143
-0.797758,50,1043.51049
-0.615412,50,1043.755708
-0.498546,50,1044.004405
-0.854794,50,1044.246319
-0.726323,50,1044.480559
-1.088255,50,1044.712626
-0.860261,50,1044.94524
-0.671703,50,1045.181648
-0.882581,50,1045.440387
-1.016246,50,1045.676583
-0.794334,50,1045.912848
-1.029723,50,1046.151868
-0.724543,50,1046.391534
-0.776497,50,1046.622176
-0.579577,50,1046.854401
-0.488176,50,1047.094413
-1.360073,50,1047.335374
-0.553708,50,1047.56989
-0.613013,50,1047.803998
-0.759079,50,1048.044744
-0.602324,50,1048.280829
-0.965686,50,1048.515639
-0.535453,50,1048.748772
-0.675555,50,1048.989315
-1.606396,50,1049.228625
-0.575331,50,1049.461691
-0.793906,50,1049.695179
-1.02748,50,1049.95091
-0.858348,50,1050.181133
-0.757383,50,1050.41363
-0.667026,50,1050.643112
-0.843154,50,1050.893515
-0.678924,50,1051.129353
-0.612844,50,1051.363096
-0.871059,50,1051.59844
-0.865924,50,1051.838734
-0.795665,50,1052.074375
-0.649711,50,1052.314225
-1.255561,50,1052.546307
-1.870944,50,1052.78657
-0.573101,50,1053.020924
-1.26529,50,1053.255328
-0.706229,50,1053.489421
-0.813582,50,1053.730505
-0.770542,50,1053.964737
-0.835561,50,1054.203104
-0.623438,50,1054.442631
-0.709119,50,1054.683887
-0.976712,50,1054.915824
-0.762977,50,1055.147059
-2.665126,50,1055.380118
-2.271599,50,1055.622816
-1.785239,50,1055.854683
-1.177025,50,1056.086554
-0.822554,50,1056.327386
-0.616856,50,1056.5668
-0.806208,50,1056.799466
-0.669465,50,1057.029914
-0.85407,50,1057.265296
-0.833647,50,1057.526472
-0.70607,50,1057.760906
-0.674022,50,1057.994556
-0.697307,50,1058.227923
-0.943478,50,1058.47023
-0.984413,50,1058.702418
-1.03193,50,1058.935218
-1.001429,50,1059.169681
-0.898879,50,1059.411354
-1.003079,50,1059.645158
-0.827459,50,1059.879225
-0.760607,50,1060.115097
-0.687801,50,1060.356993
-0.663516,50,1060.590441
-1.005708,50,1060.823418
-0.844856,50,1061.057346
-0.703843,50,1061.296659
-1.011855,50,1061.538501
-0.884926,50,1061.773633
-0.66688,50,1062.008245
-0.746586,50,1062.249487
-1.568748,50,1062.490681
-0.766643,50,1062.726297
-0.7721,50,1062.958999
-0.755306,50,1063.202547
-1.709868,50,1063.436718
-1.368641,50,1063.672835
-1.15461,50,1063.908279
-0.666208,50,1064.148584
-0.883369,50,1064.383996
-1.421487,50,1064.623672
-0.857906,50,1064.857405
-0.901494,50,1065.118479
-0.747882,50,1065.351312
-0.67051,50,1065.583694
-0.781723,50,1065.816577
-0.789484,50,1066.054775
-0.696732,50,1066.292307
-1.565856,50,1066.532703
-1.059402,50,1066.771952
-1.486571,50,1067.00989
-1.233187,50,1067.249997
-2.125549,50,1067.48894
-2.265756,50,1067.720212
-2.674467,50,1067.958868
-1.73196,50,1068.197003
-1.605052,50,1068.438421
-2.538083,50,1068.670509
-2.326788,50,1068.921537
-1.998196,50,1069.15694
-2.305245,50,1069.390423
-2.44716,50,1069.623103
-2.33928,50,1069.868983
-1.980586,50,1070.108198
-1.463074,50,1070.346438
-0.971482,50,1070.581147
-0.647364,50,1070.821158
-0.555318,50,1071.054357
-0.856786,50,1071.28974
-1.179841,50,1071.522329
-0.794213,50,1071.761696
-0.587253,50,1071.999139
-0.670565,50,1072.235769
-0.821812,50,1072.46978
-0.637333,50,1072.734126
-0.557636,50,1072.966529
-1.59202,50,1073.207853
-1.830399,50,1073.446943
-1.233577,50,1073.693582
-0.679155,50,1073.930234
-1.364019,50,1074.164262
-1.643409,50,1074.401079
-0.918276,50,1074.643321
-0.605876,50,1074.877679
-0.542989,50,1075.109629
-0.641177,50,1075.346383
-1.284317,50,1075.592089
-0.888918,50,1075.824744
-0.696448,50,1076.059893
-0.798436,50,1076.294676
-0.816611,50,1076.533959
-0.747691,50,1076.767336
-0.685671,50,1076.998997
-0.703015,50,1077.232974
-0.741815,50,1077.473304
-0.871331,50,1077.706479
-0.77865,50,1077.939792
-0.876429,50,1078.179248
-0.687639,50,1078.418655
-0.944523,50,1078.651425
-0.813889,50,1078.884995
-0.830119,50,1079.118153
-0.76013,50,1079.358789
-0.437629,50,1079.591805
-1.011959,50,1079.825816
-1.072923,50,1080.06719
-1.266338,50,1080.32349
-0.980049,50,1080.556258
-0.919618,50,1080.789184
-0.666314,50,1081.021175
-0.731835,50,1081.260575
-0.500033,50,1081.49214
-0.797959,50,1081.725172
-0.64883,50,1081.958422
-0.540565,50,1082.198226
-0.614008,50,1082.430682
-0.889357,50,1082.666809
-1.543705,50,1082.904374
-0.645939,50,1083.146616
-1.769611,50,1083.388108
-0.732345,50,1083.618653
-0.464029,50,1083.852089
-0.548278,50,1084.092536
-0.625955,50,1084.325193
-0.537399,50,1084.564383
-1.536029,50,1084.803628
-0.612842,50,1085.042639
-0.631673,50,1085.274386
-1.759837,50,1085.519573
-0.65578,50,1085.753759
-0.602454,50,1085.99415
-0.456408,50,1086.225025
-0.622099,50,1086.45595
-0.641686,50,1086.689262
-0.812025,50,1086.944474
-0.750808,50,1087.177942
-0.562972,50,1087.412811
-0.693776,50,1087.645751
-0.594777,50,1087.901179
-0.852018,50,1088.132633
-0.623719,50,1088.366005
-1.03342,50,1088.599601
-0.879812,50,1088.842387
-0.435191,50,1089.072708
-1.274441,50,1089.312187
-0.599115,50,1089.543396
-0.480978,50,1089.780624
-0.833258,50,1090.017471
-0.713977,50,1090.249968
-0.935933,50,1090.481297
-0.697548,50,1090.71984
-0.636971,50,1090.952599
-0.763048,50,1091.187585
-0.532905,50,1091.421071
-0.739063,50,1091.660194
-0.741141,50,1091.895796
-0.707703,50,1092.128537
-0.450603,50,1092.36079
-0.546618,50,1092.598326
-0.778345,50,1092.828773
-0.620127,50,1093.060611
-1.1269,50,1093.305104
-0.657324,50,1093.545277
-0.682495,50,1093.777741
-0.611843,50,1094.010292
-0.863863,50,1094.253943
-0.699642,50,1094.49599
-1.419973,50,1094.72945
-2.165069,50,1094.962449
-1.218358,50,1095.197295
-1.522984,50,1095.45999
-1.32041,50,1095.698319
-0.732677,50,1095.937579
-0.349852,50,1096.172295
-0.664468,50,1096.41041
-0.64786,50,1096.644317
-0.68326,50,1096.879665
-0.81103,50,1097.111254
-0.528686,50,1097.349653
-0.685518,50,1097.58342
-0.743242,50,1097.818009
-0.564248,50,1098.052113
-0.723675,50,1098.292227
-0.645154,50,1098.528595
-0.639591,50,1098.762004
-0.629793,50,1098.993417
-0.73077,50,1099.231495
-0.63753,50,1099.468707
-0.69974,50,1099.702648
-0.967373,50,1099.942167
-0.732718,50,1100.183139
-0.667498,50,1100.417557
-0.429403,50,1100.650729
-1.775429,50,1100.891057
-0.59937,50,1101.132802
-1.647856,50,1101.375368
-0.602576,50,1101.607114
-1.095213,50,1101.840216
-0.741595,50,1102.078125
-1.036248,50,1102.312206
-1.240824,50,1102.54579
-2.082801,50,1102.7775
-0.766964,50,1103.031865
-1.074045,50,1103.2683
-0.699722,50,1103.500405
-0.643197,50,1103.731755
-0.697016,50,1103.972688
-0.656174,50,1104.203906
-0.437654,50,1104.436913
-0.464931,50,1104.669412
-0.437761,50,1104.923092
-0.572579,50,1105.15758
-0.641023,50,1105.391364
-0.700529,50,1105.623504
-0.533337,50,1105.865466
-0.632746,50,1106.098317
-0.619463,50,1106.332623
-0.70134,50,1106.566807
-0.665908,50,1106.807592
-1.043116,50,1107.041127
-0.612815,50,1107.27494
-1.793569,50,1107.515156
-0.761693,50,1107.757437
-0.445794,50,1107.991543
-1.192333,50,1108.231433
-0.557485,50,1108.46597
-0.473586,50,1108.705644
-0.608219,50,1108.940298
-0.728547,50,1109.174915
-0.925227,50,1109.409753
-1.224612,50,1109.654107
-1.101661,50,1109.889002
-0.571092,50,1110.121793
-0.595876,50,1110.36335
-0.661039,50,1110.620109
-0.566844,50,1110.851577
-0.894307,50,1111.089655
-0.774153,50,1111.323227
-0.518064,50,1111.562283
-0.595712,50,1111.794526
-0.785997,50,1112.028183
-0.868516,50,1112.261085
-0.666418,50,1112.501041
-0.508054,50,1112.732779
-1.006265,50,1112.970749
-0.665879,50,1113.204729
-1.18936,50,1113.450495
-0.5861,50,1113.685088
-0.556168,50,1113.915325
-0.673841,50,1114.152034
-1.299792,50,1114.39851
-0.749338,50,1114.636575
-0.686601,50,1114.871843
-1.123396,50,1115.107859
-0.654966,50,1115.347361
-0.511493,50,1115.583998
-0.712543,50,1115.817853
-0.439421,50,1116.050657
-1.738174,50,1116.295644
-0.459791,50,1116.527867
-0.604442,50,1116.7613
-0.685542,50,1116.994591
-0.478155,50,1117.233867
-0.603184,50,1117.469409
-0.972581,50,1117.710204
-0.576624,50,1117.94292
-0.489927,50,1118.200309
-0.832381,50,1118.433133
-0.587059,50,1118.665865
-0.682534,50,1118.898718
-0.835868,50,1119.136139
-0.718387,50,1119.370862
-0.70358,50,1119.604164
-0.593294,50,1119.835722
-0.676872,50,1120.075065
-0.567965,50,1120.30724
-0.692337,50,1120.542859
-0.671209,50,1120.776666
-0.568196,50,1121.014958
-0.417459,50,1121.247946
-0.686513,50,1121.481848
-0.810515,50,1121.715689
-0.623326,50,1121.966822
-0.563484,50,1122.198357
-1.640187,50,1122.43618
-0.866437,50,1122.670287
-0.627218,50,1122.912124
-0.956868,50,1123.144104
-0.676005,50,1123.376201
-0.765295,50,1123.609455
-0.678669,50,1123.849822
-0.995515,50,1124.082193
-1.173904,50,1124.315818
-0.537571,50,1124.548271
-0.49741,50,1124.788379
-0.689142,50,1125.020514
-0.585426,50,1125.258614
-0.840483,50,1125.495136
-0.614459,50,1125.754725
-0.443877,50,1125.989162
-0.495992,50,1126.219277
-0.575995,50,1126.452705
-0.695418,50,1126.696961
-0.554342,50,1126.931087
-0.749001,50,1127.165486
-0.4748,50,1127.398386
-0.675879,50,1127.635814
-2.209786,50,1127.870096
-0.878429,50,1128.109395
-0.459921,50,1128.341872
-0.555364,50,1128.580833
-0.512281,50,1128.813271
-0.978831,50,1129.047065
-0.428954,50,1129.280769
-0.637784,50,1129.5206
-0.537176,50,1129.756692
-0.384296,50,1129.988065
-0.661939,50,1130.220713
-0.457523,50,1130.458484
-0.687185,50,1130.695703
-0.613052,50,1130.932298
-0.501947,50,1131.165142
-0.573263,50,1131.602751
-0.693471,50,1131.835084
-0.713037,50,1132.068814
-0.371624,50,1132.307561
-0.650725,50,1132.551089
-0.610716,50,1132.786536
-0.589027,50,1133.017951
-0.777607,50,1133.257755
-0.497968,50,1133.496275
-0.546447,50,1133.731779
-0.721701,50,1133.96357
-0.629963,50,1134.196318
-0.448554,50,1134.439178
-0.501836,50,1134.673298
-0.509717,50,1134.905682
-0.754215,50,1135.136714
-0.770757,50,1135.374438
-0.760916,50,1135.607892
-0.640326,50,1135.841303
-0.405229,50,1136.075659
-0.496558,50,1136.331361
-0.807025,50,1136.571978
-0.473003,50,1136.804881
-0.514869,50,1137.039525
-1.765855,50,1137.288126
-0.753649,50,1137.521356
-0.681487,50,1137.756236
-0.692782,50,1137.991534
-0.536751,50,1138.231324
-0.77243,50,1138.47059
-0.593477,50,1138.704606
-0.691457,50,1138.938339
-0.62447,50,1139.179667
-1.111624,50,1139.421806
-0.606742,50,1139.653497
-0.47063,50,1139.888571
-0.493325,50,1140.130627
-0.598728,50,1140.365371
-0.589549,50,1140.598083
-0.485089,50,1140.831877
-0.846874,50,1141.07972
-0.411909,50,1141.31534
-0.543175,50,1141.550027
-0.73777,50,1141.78169
-0.504927,50,1142.024304
-0.753288,50,1142.257294
-0.964706,50,1142.491387
-1.792273,50,1142.730714
-0.313772,50,1142.969541
-0.435706,50,1143.203832
-0.522938,50,1143.435561
-0.499069,50,1143.66905
-0.635431,50,1143.926728
-0.882571,50,1144.162447
-0.537665,50,1144.396828
-0.712587,50,1144.630735
-0.837911,50,1144.875726
-3.290713,50,1145.110068
-2.877174,50,1145.344087
-1.103727,50,1145.577153
-0.545411,50,1145.818721
-1.52793,50,1146.060282
-0.772545,50,1146.295118
-0.665817,50,1146.530478
-0.518645,50,1146.770574
-0.604649,50,1147.005144
-0.538903,50,1147.240806
-0.655432,50,1147.47449
-0.581804,50,1147.717496
-0.731852,50,1147.952781
-0.613761,50,1148.188469
-0.592129,50,1148.427671
-0.632412,50,1148.667179
-0.75278,50,1148.908402
-0.760766,50,1149.144974
-0.931922,50,1149.384573
-0.764275,50,1149.635992
-0.509946,50,1149.870955
-0.278919,50,1150.104256
-1.02583,50,1150.339007
-0.868273,50,1150.580722
-1.080104,50,1150.814847
-0.692325,50,1151.049226
-0.492598,50,1151.283172
-0.672921,50,1151.546169
-0.571363,50,1151.778257
-0.542532,50,1152.012226
-0.817291,50,1152.244811
-0.427291,50,1152.487656
-0.398863,50,1152.721797
-0.570253,50,1152.955941
-0.39865,50,1153.190072
-0.532466,50,1153.431065
-0.400676,50,1153.66396
-0.477446,50,1153.899205
-0.705139,50,1154.13265
-0.761001,50,1154.374361
-0.458534,50,1154.607451
-0.647339,50,1154.840311
-0.722457,50,1155.072791
-0.70895,50,1155.314337
-0.4852,50,1155.551004
-0.664981,50,1155.784225
-0.843028,50,1156.016178
-0.682673,50,1156.259099
-0.804371,50,1156.493999
-0.83821,50,1156.727742
-0.56094,50,1156.961594
-0.415198,50,1157.20233
-0.903988,50,1157.445753
-0.538781,50,1157.680244
-0.625122,50,1157.91555
-0.476595,50,1158.157276
-0.629246,50,1158.391571
-0.835823,50,1158.625305
-0.666587,50,1158.860483
-0.417609,50,1159.116407
-0.559445,50,1159.351109
-3.129471,50,1159.58988
-3.238387,50,1159.824075
-3.482685,50,1160.066406
-2.950092,50,1160.302638
-0.591332,50,1160.536553
-0.360492,50,1160.769323
-0.623376,50,1161.009346
-1.155029,50,1161.244169
-0.487829,50,1161.478037
-0.437324,50,1161.713425
-0.293972,50,1161.951588
-1.558439,50,1162.193102
-0.633102,50,1162.426719
-1.284961,50,1162.668697
-0.579071,50,1162.909688
-0.437617,50,1163.145278
-0.69357,50,1163.379604
-1.807085,50,1163.619832
-0.636619,50,1163.859089
-0.536003,50,1164.092263
-0.492535,50,1164.325059
-0.491298,50,1164.558654
-0.408615,50,1164.799511
-0.561671,50,1165.035119
-0.711666,50,1165.267256
-0.541036,50,1165.50257
-0.579936,50,1165.753816
-0.31402,50,1165.987327
-0.689728,50,1166.221023
-0.782808,50,1166.453587
-0.469628,50,1166.721573
-0.462795,50,1166.963444
-0.478861,50,1167.203666
-0.478327,50,1167.473033
-0.551475,50,1167.764485
-0.419813,50,1168.02952
-0.55751,50,1168.317943
-0.741435,50,1168.616657
-0.502673,50,1168.884505
-0.450257,50,1169.151095
-1.608392,50,1169.471339
-1.112352,50,1169.847746
-1.772207,50,1170.231223
-0.973097,50,1170.518491
-0.406876,50,1170.784423
-0.363096,50,1171.101375
-0.640016,50,1171.408828
-0.556814,50,1171.684827
-0.408741,50,1171.930382
-0.437337,50,1172.196393
-0.415069,50,1172.478034
-0.635325,50,1172.725434
-0.72538,50,1172.96618
-0.637645,50,1173.207763
-0.868856,50,1173.50931
-1.217513,50,1173.754147
-0.475052,50,1173.992256
-0.583328,50,1174.233368
-1.719278,50,1174.528799
-3.040765,50,1174.771838
-0.986685,50,1175.009871
-0.49425,50,1175.245214
-0.487554,50,1175.512319
-0.486552,50,1175.763218
-0.489455,50,1176.001397
-0.572366,50,1176.240365
-0.766702,50,1176.50128
-0.589119,50,1176.749533
-0.633571,50,1177.002545
-0.736482,50,1177.265946
-0.586146,50,1177.5663
-0.793627,50,1177.82416
-0.505719,50,1178.063111
-0.529716,50,1178.316163
-0.474133,50,1178.628021
-0.473838,50,1178.8731
-0.590584,50,1179.128089
-0.472142,50,1179.377035
-1.098961,50,1179.657028
-0.657951,50,1179.907789
-0.562833,50,1180.166944
-0.665378,50,1180.417702
-0.587014,50,1180.720516
-0.365768,50,1180.977821
-0.690923,50,1181.220576
-0.722254,50,1181.463509
-0.488897,50,1181.733885
-0.727777,50,1181.977159
-0.605204,50,1182.230418
-0.535951,50,1182.488347
-0.883414,50,1182.793631
-1.387214,50,1183.046662
-0.770876,50,1183.285743
-0.560213,50,1183.525541
-0.658941,50,1183.798323
-0.729165,50,1184.037774
-0.426491,50,1184.283631
-0.581934,50,1184.520934
-0.959337,50,1184.764951
-0.554259,50,1185.006086
-0.452154,50,1185.244937
-0.559674,50,1185.510483
-0.437112,50,1185.826708
-0.575965,50,1186.072144
-0.390601,50,1186.310299
-1.731507,50,1186.554658
-0.676421,50,1186.826337
-0.707625,50,1187.062052
-0.679564,50,1187.298305
-0.482275,50,1187.535707
-0.493522,50,1187.791163
-0.563556,50,1188.029297
-0.582268,50,1188.265267
-0.711473,50,1188.506731
-0.739064,50,1188.767499
-0.65414,50,1189.006145
-0.335659,50,1189.241422
-0.433817,50,1189.497378
-0.540444,50,1189.760687
-0.598375,50,1190.026913
-0.51044,50,1190.272333
-0.452344,50,1190.520702
-0.797703,50,1190.82011
-0.554902,50,1191.069928
-0.683693,50,1191.307347
-0.692485,50,1191.551028
-0.414726,50,1191.824926
-0.299271,50,1192.066536
-1.4235,50,1192.31254
-0.693386,50,1192.559749
-0.644205,50,1192.849043
-0.565506,50,1193.097968
-0.804269,50,1193.34191
-1.038979,50,1193.584107
-0.501394,50,1193.854664
-0.761451,50,1194.100424
-0.615999,50,1194.346009
-1.251439,50,1194.594293
-1.117919,50,1194.852066
-0.598428,50,1195.104389
-0.667264,50,1195.343873
-2.649625,50,1195.593604
-3.126603,50,1195.88346
-2.322598,50,1196.123342
-2.854156,50,1196.373718
-2.615738,50,1196.619485
-0.467282,50,1196.908854
-0.619659,50,1197.169103
-0.453435,50,1197.411825
-0.557675,50,1197.653306
-0.522167,50,1197.920408
-0.567903,50,1198.158605
-0.894576,50,1198.401742
-0.662451,50,1198.647976
-0.581595,50,1198.920187
-0.535239,50,1199.161388
-0.495454,50,1199.404618
-0.493671,50,1199.654241
-0.576183,50,1199.940585
-0.710634,50,1200.179158
-0.365954,50,1200.426262
-0.624643,50,1200.668856
-0.430735,50,1200.958969
-0.478504,50,1201.205823
-0.44058,50,1201.451457
-0.447503,50,1201.692262
-0.461018,50,1201.964259
-0.675875,50,1202.218765
-0.573876,50,1202.463434
-0.712943,50,1202.70547
-0.318107,50,1202.953492
-0.949076,50,1203.199797
-0.796891,50,1203.439586
-0.410593,50,1203.68162
-0.386895,50,1203.936787
-0.376553,50,1204.182504
-0.641887,50,1204.429699
-0.65203,50,1204.675966
-1.293531,50,1204.933927
-0.782759,50,1205.208141
-0.526164,50,1205.470102
-2.712684,50,1205.713193
-2.695926,50,1206.011621
-2.480533,50,1206.280718
-0.872717,50,1206.554589
-1.245679,50,1206.804903
-0.295442,50,1207.077845
-0.240567,50,1207.318879
-0.573953,50,1207.563455
-0.539577,50,1207.810018
-0.616962,50,1208.100889
-0.683407,50,1208.343605
-1.475135,50,1208.592885
-0.611524,50,1208.833979
-1.642493,50,1209.111514
-0.782698,50,1209.3558
-0.991787,50,1209.600363
-0.560752,50,1209.840067
-0.440271,50,1210.142283
-0.528913,50,1210.384125
-0.669386,50,1210.632498
-0.315737,50,1210.906283
-1.668903,50,1211.193918
-0.594658,50,1211.437983
-1.760286,50,1211.696637
-0.683345,50,1211.946498
-0.709686,50,1212.269427
-0.584639,50,1212.520072
-0.488709,50,1212.756699
-0.46771,50,1212.99638
-1.424369,50,1213.287067
-0.325451,50,1213.526451
-0.495766,50,1213.764998
-0.445461,50,1214.00487
-0.429118,50,1214.248257
-0.432471,50,1214.485642
-0.5551,50,1214.726581
-0.438754,50,1214.970329
-0.331385,50,1215.222461
-0.470439,50,1215.465087
-0.701732,50,1215.711605
-0.410139,50,1215.965735
-0.437262,50,1216.251786
-1.528804,50,1216.49369
-0.647551,50,1216.746534
-0.427571,50,1217.008121
-0.472631,50,1217.302705
-0.552713,50,1217.54469
-0.518768,50,1217.779981
-0.708373,50,1218.026448
-0.640768,50,1218.297979
-0.39766,50,1218.544371
-0.489348,50,1218.785537
-0.624699,50,1219.029178
-1.547204,50,1219.292292
-0.619511,50,1219.535708
-0.34736,50,1219.774722
-0.59242,50,1220.01226
-0.58235,50,1220.256714
-0.419096,50,1220.49719
-0.26974,50,1220.734741
-0.381871,50,1220.985363
-0.481249,50,1221.24918
-0.538733,50,1221.509884
-0.339335,50,1221.759201
-0.978418,50,1222.026559
-0.670482,50,1222.323392
-0.481556,50,1222.595047
-0.652055,50,1222.840032
-0.687249,50,1223.079578
-0.607653,50,1223.386073
-0.443472,50,1223.633256
-0.766271,50,1223.879914
-0.440069,50,1224.133715
-0.849077,50,1224.426388
-0.628217,50,1224.673394
-0.539526,50,1224.934838
-0.480461,50,1225.203192
-0.826362,50,1225.510154
-0.518451,50,1225.760876
-0.472633,50,1226.002652
-0.459338,50,1226.239813
-0.455654,50,1226.525031
-1.643271,50,1226.77986
-0.445785,50,1227.031777
-0.375569,50,1227.275525
-0.500598,50,1227.54862
-0.576788,50,1227.792704
-0.459235,50,1228.036593
-0.446921,50,1228.280715
-0.426903,50,1228.579463
-0.576776,50,1228.836409
-0.564406,50,1229.100718
-0.668618,50,1229.345307
-0.547819,50,1229.641742
-0.611467,50,1229.884301
-0.729438,50,1230.14928
-1.84924,50,1230.408799
-0.753055,50,1230.698899
-0.438012,50,1230.941791
-0.758115,50,1231.186472
-0.611681,50,1231.429431
-0.472991,50,1231.720006
-1.08211,50,1231.983076
-5.237974,50,1232.239579
-3.096684,50,1232.488486
-3.708692,50,1232.785724
-1.769079,50,1233.029478
-0.695707,50,1233.27307
-0.859088,50,1233.516148
-0.502428,50,1233.808729
-0.384787,50,1234.049589
-0.836759,50,1234.295045
-0.435223,50,1234.540077
-0.61573,50,1234.824749
-0.45306,50,1235.069536
-0.433779,50,1235.310803
-0.700859,50,1235.554015
-0.540354,50,1235.802298
-0.433592,50,1236.056465
-0.57901,50,1236.298641
-0.588981,50,1236.568082
-0.506997,50,1236.85865
-0.468483,50,1237.098949
-0.499064,50,1237.37526
-0.453132,50,1237.625221
-0.619902,50,1237.920578
-0.601312,50,1238.162258
-1.185892,50,1238.422859
-0.587787,50,1238.667207
-0.29285,50,1238.967484
-0.446385,50,1239.230656
-0.861699,50,1239.485855
-3.094797,50,1239.737547
-4.234363,50,1240.033326
-1.940641,50,1240.283791
-1.348009,50,1240.52834
-0.520006,50,1240.772403
-0.466176,50,1241.059864
-0.323884,50,1241.302468
-1.848007,50,1241.566142
-0.59791,50,1241.814427
-0.63717,50,1242.107108
-0.44126,50,1242.348765
-0.381708,50,1242.589947
-0.626635,50,1242.833222
-0.523764,50,1243.103148
-0.440575,50,1243.342378
-0.393698,50,1243.58126
-0.298459,50,1243.818706
-1.661326,50,1244.082795
-0.771704,50,1244.323618
-0.510513,50,1244.563924
-0.623992,50,1244.807665
-0.693108,50,1245.056899
-1.627581,50,1245.30814
-0.9696,50,1245.575971
-0.794323,50,1245.836643
-1.293898,50,1246.17081
-0.661428,50,1246.445036
-0.528903,50,1246.706474
-0.415019,50,1246.9932
-0.903152,50,1247.273228
-0.54089,50,1247.527949
-0.51283,50,1247.787113
-0.389694,50,1248.046776
-3.560921,50,1248.391889
-5.446781,50,1248.677884
-6.144788,50,1248.965122
-1.877013,50,1249.285034
-0.786834,50,1249.552924
-0.51155,50,1249.812661
-0.64427,50,1250.081599
-1.516893,50,1250.361438
-1.041525,50,1250.740591
-0.676337,50,1251.017363
-0.632921,50,1251.27816
-0.580822,50,1251.567714
-1.14674,50,1251.849395
-0.648733,50,1252.10884
-0.727742,50,1252.367253
-0.806321,50,1252.628157
-0.889928,50,1252.945555
-1.105929,50,1253.228738
-1.124571,50,1253.502518
-1.339622,50,1253.758466
-1.251716,50,1254.039401
-0.892366,50,1254.301328
-0.557604,50,1254.563676
-0.561603,50,1254.847113
-0.471605,50,1255.158742
-0.515208,50,1255.405252
-0.624893,50,1255.665847
-0.267245,50,1255.926545
-0.669263,50,1256.245755
-0.530105,50,1256.507625
-0.431919,50,1256.761016
-0.721567,50,1257.019727
-0.560732,50,1257.307131
-0.669308,50,1257.569004
-0.469684,50,1257.821421
-1.756589,50,1258.067718
-1.969984,50,1258.540307
-1.822643,50,1258.800928
-1.410282,50,1259.056742
-0.62108,50,1259.3071
-0.542672,50,1259.605885
-0.243924,50,1259.854013
-0.819428,50,1260.112813
-0.502464,50,1260.374404
-0.636795,50,1260.680195
-2.145279,50,1260.937524
-0.912458,50,1261.185268
-0.374345,50,1261.443928
-0.59218,50,1261.757158
-0.641059,50,1262.012306
-0.505268,50,1262.269986
-1.378789,50,1262.531948
-0.391432,50,1262.823552
-0.841044,50,1263.081681
-0.697377,50,1263.344628
-0.698528,50,1263.596657
-0.620216,50,1263.883332
-0.380872,50,1264.136395
-1.330025,50,1264.407294
-0.632129,50,1264.675306
-0.520528,50,1264.960552
-0.299057,50,1265.214288
-0.431684,50,1265.465862
-0.377153,50,1265.73088
-0.517783,50,1266.07058
-1.213787,50,1266.332615
-0.667783,50,1266.597695
-0.452674,50,1266.8989
-1.44426,50,1267.179676
-1.604421,50,1267.450663
-0.725955,50,1267.72048
-0.641163,50,1267.990912
-0.765626,50,1268.302883
-0.570198,50,1268.56195
-0.620113,50,1268.819013
-0.286237,50,1269.080567
-0.401114,50,1269.3754
-1.089618,50,1269.62278
-0.840134,50,1269.873138
-0.560348,50,1270.144027
-0.499511,50,1270.472482
-0.596685,50,1270.741943
-0.862533,50,1271.001506
-0.467574,50,1271.273341
-0.646657,50,1271.541307
-0.648116,50,1271.801881
-0.539864,50,1272.057481
-0.561237,50,1272.319954
-0.500725,50,1272.629399
-0.489797,50,1272.871895
-0.764497,50,1273.115321
-0.634988,50,1273.361614
-0.706237,50,1273.651715
-0.816861,50,1273.897015
-0.570577,50,1274.138083
-0.439101,50,1274.381535
-0.704863,50,1274.679862
-1.084876,50,1274.92713
-0.665495,50,1275.18849
-0.713016,50,1275.471116
-0.604233,50,1275.783208
-0.721942,50,1276.038126
-0.662993,50,1276.317907
-0.469821,50,1276.633941
-0.709509,50,1276.928686
-0.507851,50,1277.212394
-0.554524,50,1277.494702
-0.397738,50,1277.747642
-0.844796,50,1278.04797
-0.699565,50,1278.306325
-0.479433,50,1278.569633
-0.749191,50,1278.845872
-0.681806,50,1279.144552
-0.746727,50,1279.405826
-0.487161,50,1279.665976
-0.453479,50,1279.927443
-0.641403,50,1280.230263
-1.036742,50,1280.495554
-0.449422,50,1280.760249
-0.68358,50,1281.033432
-0.467324,50,1281.324976
-0.65591,50,1281.590447
-0.463616,50,1281.831091
-0.631622,50,1282.083338
-0.519884,50,1282.429146
-0.96359,50,1282.698759
-1.097752,50,1282.965381
-0.410178,50,1283.240197
-0.764579,50,1283.511869
-0.543876,50,1283.76756
-0.790305,50,1284.025632
-1.311744,50,1284.299276
-0.479839,50,1284.620728
-0.554457,50,1284.884889
-0.858836,50,1285.144539
-0.436323,50,1285.403069
-0.568223,50,1285.697824
-1.585974,50,1285.957372
-0.863281,50,1286.204905
-0.559191,50,1286.469033
-0.431197,50,1286.766521
-0.877547,50,1287.023709
-0.888711,50,1287.277455
-0.917114,50,1287.526012
-0.531007,50,1287.777059
-0.48375,50,1288.030821
-0.65867,50,1288.29245
-0.354273,50,1288.54994
-0.848596,50,1288.859529
-0.415395,50,1289.109362
-0.361223,50,1289.357801
-0.399735,50,1289.6121
-0.372739,50,1289.931054
-0.473006,50,1290.199404
-0.60222,50,1290.469529
-0.633974,50,1290.763962
-1.147873,50,1291.052554
-2.117804,50,1291.388825
-1.643644,50,1291.655147
-0.476265,50,1291.906991
-0.427757,50,1292.182036
-0.655517,50,1292.424367
-0.307337,50,1292.663679
-0.368381,50,1292.911146
-0.445121,50,1293.166833
-1.094031,50,1293.418249
-0.547381,50,1293.675492
-0.830825,50,1293.996706
-0.574001,50,1294.305234
-1.233472,50,1294.550799
-3.314316,50,1294.794837
-7.020102,50,1295.040887
-5.977482,50,1295.343856
-5.884536,50,1295.58336
-4.510215,50,1295.819225
-4.122567,50,1296.056193
-2.509507,50,1296.300477
-4.345002,50,1296.538424
-2.372571,50,1296.77606
-0.88901,50,1297.011625
-0.761538,50,1297.256461
-0.80407,50,1297.493772
-0.565749,50,1297.73008
-0.829766,50,1297.964692
-0.420117,50,1298.211145
-0.575677,50,1298.452127
-0.45003,50,1298.691415
-1.961305,50,1298.928324
-0.834099,50,1299.173726
-0.969426,50,1299.419963
-0.653704,50,1299.680013
-1.665468,50,1299.962175
-0.586422,50,1300.261039
-0.440369,50,1300.513923
-0.438142,50,1300.759393
-0.732981,50,1301.000087
-0.447374,50,1301.292684
-0.555573,50,1301.534094
-1.259343,50,1301.786108
-0.930768,50,1302.039408
-0.517762,50,1302.330871
-0.733585,50,1302.574814
-0.854358,50,1302.814623
-0.952439,50,1303.05559
-0.861616,50,1303.348798
-0.44934,50,1303.58921
-0.332408,50,1303.827532
-0.472407,50,1304.07743
-1.372877,50,1304.38534
-0.754922,50,1304.631013
-0.820864,50,1304.880624
-0.575811,50,1305.132002
-0.564228,50,1305.41501
-0.943651,50,1305.661428
-0.522449,50,1305.908447
-0.549098,50,1306.157319
-0.306222,50,1306.420104
-0.351963,50,1306.663558
-0.324182,50,1306.899013
-0.780122,50,1307.140222
-1.680557,50,1307.389563
-0.872577,50,1307.63428
-0.330286,50,1307.872577
-0.575727,50,1308.109967
-0.451578,50,1308.364463
-0.301741,50,1308.616763
-0.151548,50,1308.861377
-0.892052,50,1309.098227
-0.473857,50,1309.341716
-0.339046,50,1309.578035
-0.603573,50,1309.819442
-0.655622,50,1310.0589
-0.354582,50,1310.3004
-0.421513,50,1310.53705
-0.71375,50,1310.79025
-0.689805,50,1311.034545
-0.550177,50,1311.276823
-0.576795,50,1311.514481
-0.710251,50,1311.770014
-2.211471,50,1312.012851
-0.777264,50,1312.263865
-0.480558,50,1312.505058
-0.725787,50,1312.740843
-0.3019,50,1312.97533
-0.606637,50,1313.23609
-2.858711,50,1313.474887
-4.403066,50,1313.718125
-2.998979,50,1313.955669
-1.634449,50,1314.210102
-1.593728,50,1314.44722
-1.524123,50,1314.684987
-0.47299,50,1314.923853
-0.521399,50,1315.169972
-0.463825,50,1315.407781
-0.628221,50,1315.646255
-0.834747,50,1315.901129
-0.721666,50,1316.155152
-0.558541,50,1316.39474
-0.911762,50,1316.63372
-0.359925,50,1316.870868
-0.574228,50,1317.118639
-0.512345,50,1317.365445
-0.624815,50,1317.60703
-0.559518,50,1317.851279
-0.547437,50,1318.09482
-0.419099,50,1318.337705
-0.583399,50,1318.580047
-0.795802,50,1318.822237
-2.760164,50,1319.080012
-0.79797,50,1319.324776
-0.952687,50,1319.574125
-0.886832,50,1319.819994
-0.615026,50,1320.083469
-1.044267,50,1320.319057
-0.508044,50,1320.557972
-0.390525,50,1320.797995
-0.471956,50,1321.044086
-0.702023,50,1321.288786
-0.599051,50,1321.526235
-0.377095,50,1321.761342
-1.073708,50,1322.008373
-0.827953,50,1322.246702
-0.313943,50,1322.485926
-0.490412,50,1322.725046
-0.403006,50,1322.973445
-0.354427,50,1323.213961
-0.464777,50,1323.451079
-0.612243,50,1323.688418
-1.667216,50,1323.953438
-0.506921,50,1324.19317
-0.615231,50,1324.435611
-0.266157,50,1324.67471
-0.607486,50,1324.928629
-0.764199,50,1325.163414
-0.469275,50,1325.398594
-0.778861,50,1325.639666
-0.708317,50,1325.883118
-0.485585,50,1326.120387
-0.581601,50,1326.357325
-0.382308,50,1326.596305
-0.397332,50,1326.857277
-0.607733,50,1327.093541
-0.628366,50,1327.331299
-0.582082,50,1327.573248
-0.5518,50,1327.815943
-0.475536,50,1328.052266
-0.452813,50,1328.30134
-0.756075,50,1328.541691
-0.558354,50,1328.786312
-0.323737,50,1329.0243
-0.592213,50,1329.26216
-0.710505,50,1329.497829
-0.611978,50,1329.744074
-0.639118,50,1329.977051
-0.85928,50,1330.21705
-0.735762,50,1330.453703
-0.479872,50,1330.698555
-0.662962,50,1330.943231
-0.420319,50,1331.183199
-0.506404,50,1331.421095
-1.222282,50,1331.663641
-1.606732,50,1331.899209
-0.843338,50,1332.140094
-0.964616,50,1332.379579
-0.994847,50,1332.627399
-0.430193,50,1332.863097
-0.414691,50,1333.106072
-0.398515,50,1333.342683
-0.585856,50,1333.618425
-0.652004,50,1333.872052
-0.695126,50,1334.109674
-1.254125,50,1334.348329
-2.293701,50,1334.669044
-1.07425,50,1334.909904
-0.580948,50,1335.145937
-1.185659,50,1335.389657
-0.689896,50,1335.671836
-0.526915,50,1335.911808
-0.567076,50,1336.149526
-0.464624,50,1336.387262
-0.663587,50,1336.673396
-0.514365,50,1336.912564
-0.556877,50,1337.151626
-0.927864,50,1337.401671
-0.320049,50,1337.672265
-0.529172,50,1337.919422
-0.825,50,1338.156086
-0.776277,50,1338.399168
-0.555098,50,1338.654594
-0.421909,50,1338.896186
-0.477965,50,1339.139069
-0.333159,50,1339.380796
-0.569596,50,1339.626611
-0.860918,50,1339.864768
-0.609014,50,1340.106458
-0.467632,50,1340.343364
-0.417444,50,1340.587196
-1.040525,50,1340.824157
-0.564883,50,1341.076938
-0.484793,50,1341.327787
-2.127941,50,1341.580734
-4.550759,50,1341.818854
-2.195748,50,1342.060502
-0.832761,50,1342.302967
-1.377312,50,1342.547451
-1.026769,50,1342.785341
-0.29724,50,1343.02757
-0.497507,50,1343.268763
-0.42906,50,1343.516703
-0.461801,50,1343.75609
-0.462653,50,1343.994056
-0.598628,50,1344.233886
-0.489764,50,1344.497776
-0.810039,50,1344.738413
-1.391354,50,1344.984909
-0.577482,50,1345.23568
-0.509947,50,1345.523339
-1.328333,50,1345.768002
-1.274785,50,1346.008174
-0.54886,50,1346.255998
-0.840688,50,1346.559646
-0.669928,50,1346.801954
-0.60192,50,1347.042196
-0.566849,50,1347.282312
-0.625265,50,1347.574945
-0.719344,50,1347.817415
-0.648682,50,1348.079828
-0.747377,50,1348.32373
-0.798171,50,1348.590134
-0.525371,50,1348.833435
-0.546011,50,1349.07312
-1.162863,50,1349.309041
-6.448941,50,1349.563007
-5.350249,50,1349.803571
-3.079028,50,1350.040252
-1.518643,50,1350.280897
-1.007403,50,1350.528006
-0.650468,50,1350.766567
-0.309544,50,1351.000282
-0.483861,50,1351.247334
-0.846062,50,1351.496141
-0.668606,50,1351.731631
-0.591223,50,1351.967494
-0.491005,50,1352.205125
-0.355591,50,1352.444784
-0.350657,50,1352.680039
-0.53136,50,1352.912841
-0.553404,50,1353.148543
-1.171755,50,1353.398547
-0.558151,50,1353.633618
-1.067431,50,1353.868111
-0.795414,50,1354.103977
-0.6685,50,1354.344315
-0.848505,50,1354.587627
-0.647835,50,1354.830816
-0.71384,50,1355.071682
-1.1914,50,1355.342924
-0.339189,50,1355.579665
-0.709783,50,1355.821817
-0.552538,50,1356.057942
-0.397735,50,1356.334116
-0.414111,50,1356.605306
-0.432153,50,1356.876575
-0.434066,50,1357.134813
-0.596159,50,1357.425816
-0.699605,50,1357.671357
-0.532966,50,1357.942568
-1.261424,50,1358.255681
-0.521891,50,1358.516194
-0.296234,50,1358.760056
-0.599785,50,1359.004619
-1.63479,50,1359.263966
-0.62894,50,1359.599252
-0.560405,50,1359.858344
-0.493941,50,1360.108749
-0.325332,50,1360.359127
-0.589227,50,1360.644958
-0.795762,50,1360.901171
-0.494852,50,1361.149507
-0.199357,50,1361.403917
-0.41738,50,1361.67545
-0.528601,50,1361.918998
-0.7046,50,1362.163638
-1.849243,50,1362.421052
-1.878613,50,1362.726494
-0.279075,50,1362.982105
-0.559427,50,1363.239782
-0.294621,50,1363.486473
-0.271955,50,1363.76728
-0.448226,50,1364.015691
-0.542082,50,1364.290155
-0.723275,50,1364.572999
-0.535187,50,1364.890436
-0.520965,50,1365.146014
-0.44361,50,1365.397285
-0.561685,50,1365.645082
-0.656228,50,1365.931626
-0.605432,50,1366.170209
-0.570382,50,1366.414054
-0.61977,50,1366.661285
-0.759928,50,1366.955772
-0.422636,50,1367.197429
-0.563574,50,1367.440781
-0.708354,50,1367.689476
-0.629754,50,1367.980914
-0.592739,50,1368.226049
-1.003191,50,1368.466343
-0.45783,50,1368.712807
-0.427482,50,1369.016913
-1.424636,50,1369.27841
-0.322445,50,1369.523998
-0.646317,50,1369.76853
-0.76067,50,1370.038045
-0.515499,50,1370.286035
-0.548357,50,1370.528378
-0.484187,50,1370.773531
-0.821963,50,1371.035178
-0.516683,50,1371.277901
-1.22248,50,1371.550805
-0.394292,50,1371.838606
-0.531452,50,1372.134008
-0.645318,50,1372.39998
-0.526621,50,1372.684771
-0.797084,50,1372.945743
-0.418617,50,1373.231807
-0.480359,50,1373.486624
-1.163134,50,1373.737517
-1.071202,50,1373.982752
-0.841763,50,1374.271234
-0.603013,50,1374.515621
-2.716275,50,1374.758291
-1.375511,50,1375.000262
-0.579982,50,1375.247924
-0.686091,50,1375.489164
-0.997367,50,1375.729711
-0.963931,50,1375.968467
-0.475005,50,1376.222746
-0.620081,50,1376.470523
-0.334095,50,1376.709662
-0.437239,50,1376.949734
-0.585236,50,1377.239681
-1.620136,50,1377.487798
-0.487808,50,1377.732914
-0.607232,50,1377.974586
-0.505641,50,1378.265274
-0.389585,50,1378.504376
-0.635367,50,1378.745052
-0.594702,50,1378.989126
-0.337155,50,1379.232891
-0.307638,50,1379.473162
-0.672403,50,1379.717797
-0.494979,50,1379.964666
-0.505213,50,1380.254478
-0.480205,50,1380.495015
-0.653582,50,1380.734471
-0.557915,50,1380.97269
-0.652363,50,1381.228796
-1.27807,50,1381.475367
-1.19817,50,1381.721534
-0.609626,50,1381.963127
-0.816277,50,1382.21307
-0.435773,50,1382.454029
-0.787049,50,1382.69351
-0.543811,50,1382.930994
-0.496962,50,1383.177708
-0.735583,50,1383.416249
-0.769866,50,1383.656777
-0.553666,50,1383.895944
-0.568441,50,1384.148913
-0.312044,50,1384.389082
-0.441059,50,1384.629394
-0.845431,50,1384.866961
-1.917151,50,1385.112065
-2.644288,50,1385.352965
-2.151662,50,1385.593259
-0.568857,50,1385.833113
