#{"t_start": 1769174367.960927, "env_id": "FetchReachDense-v4"}
r,l,t
-8.673944,50,0.362809
-5.561276,50,0.392907
-10.391995,50,0.420047
-10.633505,50,0.448196
-12.771534,50,0.487257
-12.597876,50,0.519601
-9.145242,50,0.547691
-4.856355,50,0.575142
-10.452044,50,0.60359
-7.084847,50,0.631459
-13.150012,50,0.659225
-12.447285,50,0.688541
-10.224492,50,0.721155
-6.501684,50,0.753917
-9.864009,50,0.783891
-10.789854,50,0.812691
-10.888071,50,0.839533
-8.908794,50,0.867205
-14.937634,50,0.89458
-16.802467,50,0.924963
-13.506541,50,0.951957
-13.075069,50,0.980205
-7.626011,50,1.00914
-10.720114,50,1.037061
-6.068895,50,1.06508
-17.42648,50,1.093286
-11.372379,50,1.121832
-9.431639,50,1.149737
-13.062381,50,1.178076
-14.340942,50,1.207447
-7.349546,50,1.235796
-8.245173,50,1.26633
-9.157885,50,1.297021
-9.750804,50,1.325563
-9.442604,50,1.354418
-8.924172,50,1.383271
-15.012898,50,1.41384
-9.713586,50,1.442153
-3.950971,50,1.469486
-12.882078,50,1.499142
-7.246825,50,1.526762
-11.416832,50,1.554283
-5.091646,50,1.583704
-7.650582,50,1.611021
-5.398459,50,1.639236
-6.365125,50,1.66639
-10.33442,50,1.695784
-12.162004,50,1.724212
-8.017819,50,1.751018
-15.1453,50,1.778584
-15.12311,50,1.806335
-5.863936,50,1.83453
-7.973842,50,1.862222
-17.065783,50,1.892864
-16.044379,50,1.920999
-8.410885,50,1.950523
-16.877214,50,1.980395
-8.19559,50,2.008595
-10.65425,50,2.038292
-12.482272,50,2.065487
-17.653324,50,2.092872
-6.532197,50,2.12141
-10.630241,50,2.150603
-10.76555,50,2.179351
-12.465842,50,2.207056
-10.373154,50,2.238056
-13.59302,50,2.266591
-16.894173,50,2.295407
-6.899797,50,2.323344
-5.155661,50,2.352212
-8.705371,50,2.381295
-8.750715,50,2.409268
-8.217432,50,2.438118
-9.175266,50,2.466467
-11.465728,50,2.493891
-11.133546,50,2.522755
-9.85407,50,2.549464
-6.69588,50,2.577727
-9.516703,50,2.604823
-8.611488,50,2.632041
-11.255115,50,2.658944
-7.487611,50,2.687246
-4.796232,50,2.714871
-8.21072,50,2.74349
-4.13166,50,2.770654
-12.622591,50,2.797654
-6.80763,50,2.825052
-12.156096,50,2.851685
-7.446012,50,2.882843
-16.10738,50,2.911399
-10.270403,50,2.939099
-14.305629,50,2.965876
-9.377721,50,2.995004
-9.276133,50,3.024721
-6.658089,50,3.052342
-4.698339,50,3.080351
-8.851514,50,3.109004
-11.413348,50,3.137382
-12.376919,50,3.166629
-17.631306,50,3.19351
-6.676079,50,3.519729
-8.430412,50,3.830755
-5.233232,50,4.153156
-6.181764,50,4.501802
-7.17572,50,4.818309
-9.167253,50,5.141499
-10.863801,50,5.445701
-10.34094,50,5.782947
-13.643764,50,6.089511
-13.49034,50,6.393299
-7.890751,50,6.693891
-8.058572,50,7.019046
-10.781324,50,7.324283
-12.336938,50,7.626277
-4.886952,50,7.933479
-14.837292,50,8.253761
-7.593787,50,8.558236
-7.09373,50,8.859006
-12.312652,50,9.160509
-12.114319,50,9.497165
-16.648197,50,9.801083
-7.308578,50,10.103031
-7.712732,50,10.402235
-7.310362,50,10.720235
-15.559812,50,11.026641
-11.957664,50,11.332344
-9.002592,50,11.633621
-14.581724,50,11.950281
-14.245942,50,12.254394
-8.621264,50,12.557406
-6.160175,50,12.856996
-13.996501,50,13.1946
-14.825225,50,13.499235
-8.38072,50,13.811791
-9.993456,50,14.120723
-10.994358,50,14.453043
-17.826162,50,14.761706
-14.765499,50,15.083195
-14.951323,50,15.401339
-17.179286,50,15.732637
-7.079666,50,16.050382
-14.170725,50,16.365858
-20.174544,50,16.679541
-16.560768,50,17.011376
-16.418807,50,17.323523
-9.037665,50,17.636636
-7.340114,50,17.945819
-21.630262,50,18.269042
-14.299501,50,18.575359
-10.987238,50,18.886778
-14.626881,50,19.197387
-15.721882,50,19.526717
-13.160507,50,19.84074
-12.578101,50,20.147497
-8.153881,50,20.45557
-10.409957,50,20.783774
-12.465913,50,21.100083
-11.322249,50,21.409533
-8.041845,50,21.711874
-12.584745,50,22.033959
-9.589175,50,22.344322
-14.232681,50,22.652022
-11.163135,50,22.963447
-4.602925,50,23.28668
-8.960272,50,23.625917
-9.528002,50,23.940517
-11.659466,50,24.264567
-14.961321,50,24.631575
-8.202274,50,24.950096
-8.385491,50,25.26193
-13.094879,50,25.576186
-6.588938,50,25.885467
-18.320117,50,26.192749
-14.054322,50,26.501511
-12.315201,50,26.814742
-8.546649,50,27.146404
-6.468237,50,27.462661
-11.417599,50,27.769318
-7.996773,50,28.073673
-13.093048,50,28.396903
-13.494046,50,28.70644
-11.068287,50,29.017208
-10.978138,50,29.331832
-10.10318,50,29.658875
-12.069464,50,29.978594
-14.364189,50,30.283272
-10.058116,50,30.592654
-14.472406,50,30.919605
-14.155313,50,31.228794
-9.468402,50,31.535185
-10.629093,50,31.840738
-2.8095,50,32.168875
-7.448478,50,32.475784
-6.667727,50,32.784225
-5.858821,50,33.094081
-13.512758,50,33.418157
-13.86523,50,33.724865
-5.755196,50,34.027805
-12.973308,50,34.334236
-7.21839,50,34.662639
-3.930825,50,34.969763
-6.277924,50,35.275141
-6.847521,50,35.577426
-4.147736,50,35.902985
-4.115648,50,36.212745
-8.681204,50,36.524867
-6.039072,50,36.835585
-4.330852,50,37.16573
-13.786407,50,37.478821
-4.485452,50,37.803597
-8.815364,50,38.116841
-7.687607,50,38.44252
-7.917582,50,38.753853
-5.014121,50,39.059999
-6.39837,50,39.368748
-6.157334,50,39.702285
-3.397258,50,40.018619
-7.15231,50,40.33212
-3.97515,50,40.646232
-7.097721,50,40.974838
-5.43042,50,41.293939
-5.626307,50,41.610083
-6.247466,50,41.93567
-6.16274,50,42.272352
-7.492111,50,42.59429
-5.913207,50,42.909374
-7.862572,50,43.22576
-5.970375,50,43.571621
-3.117346,50,43.887463
-7.555638,50,44.20236
-3.498788,50,44.55109
-6.870283,50,44.881776
-8.748475,50,45.205024
-3.569973,50,45.524181
-3.735073,50,45.839606
-5.46915,50,46.177743
-6.752013,50,46.503171
-3.260719,50,46.822285
-3.516336,50,47.136797
-6.427825,50,47.472814
-6.33741,50,47.786841
-6.190774,50,48.100923
-3.126577,50,48.423333
-9.764863,50,48.759251
-5.872625,50,49.08617
-6.444779,50,49.406207
-4.98345,50,49.722875
-5.464295,50,50.051513
-6.696226,50,50.364888
-4.132107,50,50.681209
-5.159968,50,50.99177
-5.573265,50,51.323746
-5.929486,50,51.635585
-4.334725,50,51.941548
-3.730782,50,52.256519
-3.551171,50,52.586458
-7.483508,50,52.910729
-5.319679,50,53.226129
-4.671912,50,53.539912
-6.415572,50,53.866219
-6.403811,50,54.193834
-5.019808,50,54.506824
-3.057963,50,54.819279
-3.909676,50,55.14569
-3.236111,50,55.454052
-3.586051,50,55.759701
-4.373263,50,56.071219
-2.900748,50,56.395886
-5.100979,50,56.701476
-6.075509,50,57.006044
-6.709362,50,57.31262
-6.010964,50,57.640417
-5.29287,50,57.947233
-3.991213,50,58.252568
-3.701687,50,58.559785
-5.252789,50,58.882362
-6.321459,50,59.188234
-6.22246,50,59.495726
-5.90127,50,59.803433
-4.74436,50,60.129237
-2.738366,50,60.438232
-5.073144,50,60.743774
-5.332883,50,61.047867
-4.751327,50,61.375112
-3.717275,50,61.682067
-3.337102,50,61.991401
-4.643725,50,62.298898
-4.574463,50,62.621584
-4.102237,50,62.92938
-4.200115,50,63.238537
-3.995881,50,63.544313
-3.401304,50,63.872711
-3.283282,50,64.184541
-4.197198,50,64.493992
-4.470797,50,64.79921
-3.712626,50,65.122178
-3.913279,50,65.4318
-2.02471,50,65.737147
-3.29055,50,66.04042
-3.758216,50,66.348449
-4.190797,50,66.669981
-4.488977,50,66.973552
-4.391958,50,67.290176
-4.219834,50,67.618958
-2.77023,50,67.933576
-4.527843,50,68.241717
-4.169388,50,68.55055
-4.016305,50,68.900279
-5.82791,50,69.218137
-4.028634,50,69.547805
-4.248764,50,69.86806
-4.032691,50,70.205907
-3.777617,50,70.534627
-5.569665,50,70.851811
-3.762305,50,71.170444
-4.058035,50,71.518339
-4.94417,50,71.830227
-3.176427,50,72.152273
-4.093529,50,72.499534
-2.661305,50,72.831748
-3.851441,50,73.149848
-3.200866,50,73.459313
-4.229744,50,73.775147
-2.402923,50,74.108291
-4.736274,50,74.433201
-3.505981,50,74.750023
-2.63658,50,75.068133
-3.307126,50,75.407586
-3.116526,50,75.726003
-2.480576,50,76.039756
-4.524172,50,76.347941
-3.762407,50,76.682161
-3.924633,50,77.004533
-2.78248,50,77.317191
-3.297737,50,77.626243
-3.555557,50,77.952397
-2.753582,50,78.27036
-4.0019,50,78.589391
-2.512859,50,78.908406
-2.718311,50,79.243354
-3.676145,50,79.577817
-1.822533,50,79.896011
-2.425896,50,80.213002
-3.467587,50,80.559998
-3.926796,50,80.875803
-2.823331,50,81.197385
-2.748386,50,81.513549
-2.759278,50,81.849094
-2.930447,50,82.180239
-4.064245,50,82.500141
-2.967,50,82.817689
-2.734985,50,83.150724
-1.744535,50,83.464618
-1.693275,50,83.779505
-1.919642,50,84.094262
-2.492665,50,84.430256
-2.530898,50,84.761911
-1.87379,50,85.071671
-2.595465,50,85.383617
-2.853521,50,85.711086
-3.879075,50,86.025673
-3.957011,50,86.33421
-3.249617,50,86.642264
-2.632102,50,86.970471
-3.468472,50,87.283346
-4.400244,50,87.591418
-2.507634,50,87.898712
-3.241228,50,88.226408
-3.493155,50,88.537376
-3.540102,50,88.84417
-3.032257,50,89.166364
-3.33599,50,89.496247
-4.438342,50,89.811343
-4.528442,50,90.123015
-4.427622,50,90.429094
-2.398254,50,90.753836
-3.067479,50,91.063165
-2.845806,50,91.370026
-3.985075,50,91.675568
-3.597641,50,92.002698
-2.137673,50,92.313609
-3.234379,50,92.621047
-3.028627,50,92.926987
-3.574859,50,93.252928
-2.88617,50,93.575541
-2.093597,50,93.882101
-2.480803,50,94.188416
-4.227566,50,94.515815
-3.36205,50,94.829206
-2.156841,50,95.137526
-2.76917,50,95.443406
-2.73334,50,95.770284
-3.303887,50,96.086238
-1.806059,50,96.394765
-2.173875,50,96.699562
-2.956081,50,97.027749
-2.368167,50,97.334992
-2.162448,50,97.642341
-1.597763,50,97.947139
-3.876607,50,98.27129
-3.078971,50,98.57971
-3.707608,50,98.88762
-3.236071,50,99.191196
-1.886672,50,99.533737
-2.480738,50,99.845807
-2.815652,50,100.154022
-2.448804,50,100.460485
-2.405575,50,100.789868
-4.585319,50,101.098355
-1.597658,50,101.406631
-4.822673,50,101.711794
-2.827761,50,102.048437
-1.85593,50,102.357814
-3.241805,50,102.661676
-3.644662,50,102.966066
-1.770662,50,103.288521
-3.025156,50,103.596207
-1.580284,50,103.899905
-2.855073,50,104.203464
-1.792988,50,104.529361
-3.791203,50,104.839579
-3.276365,50,105.144809
-3.798227,50,105.448048
-3.189649,50,105.770848
-1.689427,50,106.079964
-2.43517,50,106.388056
-2.55205,50,106.692539
-3.067694,50,107.015711
-2.294516,50,107.339945
-1.936733,50,107.6459
-1.944989,50,107.951809
-2.586296,50,108.275965
-1.92007,50,108.585839
-3.223339,50,108.893565
-1.351773,50,109.198868
-2.113404,50,109.52458
-2.320601,50,109.840114
-2.578247,50,110.147948
-1.989694,50,110.452781
-2.117578,50,110.77809
-2.875522,50,111.088684
-2.954454,50,111.394209
-2.413461,50,111.701826
-2.069297,50,112.026334
-2.683827,50,112.337198
-2.71404,50,112.64558
-2.449988,50,112.949951
-2.410089,50,113.28657
-1.571628,50,113.596929
-2.618152,50,113.90382
-2.17468,50,114.208289
-3.789402,50,114.538283
-2.350267,50,114.849784
-2.202056,50,115.157284
-1.814987,50,115.46154
-2.67908,50,115.785332
-2.092826,50,116.095571
-2.453462,50,116.401493
-1.827703,50,116.707325
-2.40759,50,117.033697
-1.666288,50,117.356004
-2.472866,50,117.6607
-2.050831,50,117.963955
-3.478212,50,118.287898
-1.971457,50,118.60101
-3.274126,50,118.907443
-2.634021,50,119.21433
-1.832535,50,119.539831
-3.31295,50,119.855031
-2.05091,50,120.165318
-3.624027,50,120.476176
-1.617405,50,120.800436
-2.359448,50,121.111191
-2.353832,50,121.416126
-2.227984,50,121.720588
-2.960117,50,122.044346
-3.283882,50,122.355004
-1.471235,50,122.663208
-2.684633,50,122.968344
-4.347762,50,123.298858
-2.517985,50,123.619604
-3.163074,50,123.926784
-3.051564,50,124.231355
-1.861974,50,124.557931
-1.377081,50,124.869821
-2.859347,50,125.180955
-1.753702,50,125.486799
-2.470686,50,125.811774
-1.967956,50,126.123161
-2.716774,50,126.431815
-1.330789,50,126.737235
-1.514656,50,127.063538
-1.406387,50,127.37235
-2.758234,50,127.678578
-3.525647,50,127.98187
-1.74661,50,128.304082
-2.683308,50,128.617587
-1.772558,50,128.924481
-2.436803,50,129.231313
-1.781411,50,129.555294
-1.867145,50,130.061096
-1.410461,50,130.369865
-2.098904,50,130.678357
-1.529913,50,131.002321
-1.216193,50,131.310658
-2.734559,50,131.61931
-2.102487,50,131.92692
-3.714409,50,132.258585
-3.071508,50,132.583598
-1.526573,50,132.887128
-1.663001,50,133.194699
-2.362518,50,133.518306
-2.037868,50,133.82563
-1.229943,50,134.132114
-3.266043,50,134.438595
-2.137794,50,134.769044
-2.152801,50,135.07878
-1.670733,50,135.38445
-2.558634,50,135.69308
-1.218527,50,136.01952
-2.449087,50,136.339246
-4.131949,50,136.65431
-1.260015,50,136.959505
-2.727054,50,137.287142
-0.984583,50,137.59575
-3.544251,50,137.907821
-0.99514,50,138.211027
-2.989529,50,138.538065
-2.291435,50,138.86504
-1.590963,50,139.175148
-1.603603,50,139.482554
-1.386653,50,139.811349
-2.063737,50,140.122206
-2.062462,50,140.429812
-1.49871,50,140.734847
-2.048677,50,141.065818
-1.436116,50,141.381255
-2.078001,50,141.690223
-2.38364,50,141.994532
-2.554311,50,142.320216
-1.6329,50,142.630042
-1.818414,50,142.941889
-1.497694,50,143.246273
-1.46677,50,143.568461
-2.411743,50,143.882135
-2.644638,50,144.193059
-2.576872,50,144.506394
-1.383764,50,144.834465
-1.793966,50,145.146274
-1.556255,50,145.455596
-1.361621,50,145.761655
-1.866128,50,146.086044
-1.309115,50,146.400932
-1.758747,50,146.708927
-2.5694,50,147.016339
-1.112337,50,147.341383
-1.281136,50,147.66791
-2.216898,50,147.981815
-1.459959,50,148.289141
-2.546703,50,148.620129
-1.613155,50,148.929992
-2.343301,50,149.241492
-1.464683,50,149.548082
-1.132569,50,149.891109
-1.568777,50,150.206828
-2.410203,50,150.516254
-2.232158,50,150.822545
-1.558234,50,151.145899
-2.187191,50,151.459503
-1.983662,50,151.765545
-1.25951,50,152.070304
-1.299931,50,152.394817
-2.273858,50,152.711075
-1.850229,50,153.017381
-1.182771,50,153.323177
-1.550106,50,153.642439
-2.833334,50,153.959228
-1.134015,50,154.267033
-1.77193,50,154.572029
-1.390337,50,154.915111
-2.632161,50,155.233284
-1.948261,50,155.544839
-3.421933,50,155.858126
-1.68619,50,156.183385
-1.841304,50,156.495785
-2.919946,50,156.805515
-1.4871,50,157.112975
-2.219258,50,157.439897
-1.099578,50,157.763898
-2.202411,50,158.071694
-2.313203,50,158.37783
-1.914158,50,158.703946
-2.688118,50,159.017027
-2.572102,50,159.325267
-1.375302,50,159.631185
-1.600368,50,159.961828
-2.691322,50,160.273261
-2.298837,50,160.582051
-1.737048,50,160.888188
-3.065802,50,161.213996
-1.79795,50,161.523461
-1.327967,50,161.829259
-1.338435,50,162.133383
-1.684749,50,162.457926
-1.300942,50,162.770341
-1.64248,50,163.077187
-3.038991,50,163.385901
-1.612022,50,163.71089
-2.149574,50,164.037909
-3.364282,50,164.349816
-1.768023,50,164.660353
-1.521718,50,164.989251
-1.778359,50,165.304003
-1.56556,50,165.614023
-1.951059,50,165.921868
-3.386502,50,166.250179
-1.457399,50,166.560914
-2.9794,50,166.872682
-3.501955,50,167.185496
-1.819929,50,167.514149
-1.249678,50,167.824714
-3.192921,50,168.136819
-1.587421,50,168.443613
-2.247908,50,168.774023
-2.581138,50,169.083743
-1.252798,50,169.389936
-1.681147,50,169.694942
-2.077743,50,170.027314
-2.002992,50,170.342681
-2.934492,50,170.651184
-1.844439,50,170.957675
-1.866486,50,171.285
-2.661347,50,171.598138
-1.370962,50,171.909942
-2.230553,50,172.216876
-3.399864,50,172.547056
-2.514577,50,172.86978
-2.430406,50,173.179512
-1.892164,50,173.48878
-2.197117,50,173.814635
-1.117063,50,174.129411
-1.742627,50,174.436845
-2.05887,50,174.7439
-2.558434,50,175.080507
-1.228197,50,175.395833
-2.030211,50,175.705289
-1.320702,50,176.011776
-1.983385,50,176.337213
-0.985459,50,176.650182
-1.618534,50,176.961096
-1.378129,50,177.268776
-1.183146,50,177.597303
-2.469505,50,177.907071
-1.009774,50,178.214705
-2.059564,50,178.519945
-2.033797,50,178.849068
-1.314491,50,179.174564
-2.312157,50,179.480701
-0.970059,50,179.789167
-1.584085,50,180.120058
-0.927009,50,180.430711
-1.805986,50,180.739762
-1.477424,50,181.044646
-1.961233,50,181.371444
-1.372967,50,181.694153
-2.216045,50,182.007847
-2.07786,50,182.318533
-1.219853,50,182.644432
-1.253629,50,182.95337
-0.751478,50,183.258719
-1.061208,50,183.562791
-1.73061,50,183.887176
-1.17516,50,184.2155
-1.185885,50,184.523098
-1.949235,50,184.835539
-1.924488,50,185.165159
-0.780593,50,185.476762
-1.167283,50,185.786651
-1.746673,50,186.094611
-1.480051,50,186.420502
-1.652445,50,186.745463
-2.149759,50,187.052372
-2.389383,50,187.363385
-0.758145,50,187.688014
-0.835216,50,187.998311
-0.761695,50,188.306338
-1.083713,50,188.612743
-2.604248,50,188.940991
-0.683261,50,189.250365
-1.304244,50,189.561329
-0.983263,50,189.870551
-1.787867,50,190.20007
-2.128281,50,190.514788
-1.060161,50,190.823742
-1.516847,50,191.132677
-1.651256,50,191.459881
-0.93541,50,191.770668
-1.70172,50,192.077145
-0.710205,50,192.385157
-1.569468,50,192.71315
-1.438482,50,193.035418
-2.219762,50,193.344099
-1.042336,50,193.650822
-1.587787,50,193.979908
-0.993839,50,194.290405
-1.160847,50,194.596544
-1.710915,50,194.911813
-0.570711,50,195.23969
-1.064666,50,195.552264
-1.301728,50,195.861801
-0.975557,50,196.169646
-1.701806,50,196.500347
-1.515014,50,196.824721
-1.025432,50,197.13266
-1.297976,50,197.440325
-1.338824,50,197.768078
-2.330913,50,198.089703
-2.179561,50,198.401662
-0.70244,50,198.708841
-1.53609,50,199.05055
-1.29543,50,199.360645
-0.863645,50,199.666363
-1.468424,50,199.976738
-0.957567,50,200.307429
-1.210396,50,200.621167
-0.625127,50,200.929707
-0.807223,50,201.237882
-0.927112,50,201.564488
-0.894572,50,201.874945
-1.190185,50,202.183255
-1.767023,50,202.489855
-2.257901,50,202.81632
-1.656277,50,203.138903
-1.885031,50,203.450557
-0.911691,50,203.756882
-1.605927,50,204.080786
-2.017176,50,204.394569
-1.47054,50,204.704113
-0.548558,50,205.013577
-1.229124,50,205.342297
-0.901211,50,205.656343
-1.134988,50,205.963372
-1.736163,50,206.271208
-1.635076,50,206.597462
-2.471122,50,206.915761
-1.850364,50,207.22415
-1.018157,50,207.529694
-1.437188,50,207.859101
-0.770327,50,208.171213
-1.702715,50,208.481038
-1.809795,50,208.788045
-1.003514,50,209.116238
-0.970367,50,209.428957
-2.483246,50,209.747854
-1.764651,50,210.05894
-1.060771,50,210.39112
-1.669306,50,210.705639
-1.617978,50,211.016959
-1.625837,50,211.326023
-1.788118,50,211.653113
-1.688903,50,211.963487
-1.696235,50,212.273338
-0.931262,50,212.579393
-0.548854,50,212.904609
-1.648302,50,213.232406
-1.983795,50,213.544701
-1.172961,50,213.851156
-1.30605,50,214.179127
-1.898066,50,214.496391
-0.873465,50,214.806169
-2.056832,50,215.120771
-1.30305,50,215.451805
-1.477051,50,215.768189
-0.720633,50,216.077098
-1.40871,50,216.384717
-1.528923,50,216.711352
-1.271951,50,217.02374
-1.977964,50,217.339115
-1.181319,50,217.646878
-1.461504,50,217.97553
-1.588126,50,218.290118
-1.605066,50,218.600807
-0.556093,50,218.910033
-1.477964,50,219.238264
-1.793762,50,219.554246
-1.263093,50,219.862031
-1.584036,50,220.175429
-0.663765,50,220.502394
-1.111842,50,220.821195
-1.964376,50,221.133692
-1.478704,50,221.439534
-1.638808,50,221.765543
-1.273889,50,222.080334
-1.137404,50,222.389425
-1.494398,50,222.698943
-1.150123,50,223.02783
-1.581206,50,223.351236
-1.443625,50,223.660504
-1.029076,50,223.968067
-1.207748,50,224.293945
-1.005819,50,224.604002
-0.830327,50,224.913216
-1.383964,50,225.227211
-1.430162,50,225.556746
-1.680064,50,225.873589
-1.057024,50,226.183818
-0.672818,50,226.493319
-2.027434,50,226.824437
-0.632594,50,227.136618
-1.43945,50,227.447555
-2.141275,50,227.759681
-1.207513,50,228.088284
-0.823714,50,228.400908
-1.553825,50,228.708814
-1.841938,50,229.018388
-1.455701,50,229.345972
-0.969919,50,229.663399
-1.300557,50,229.974412
-1.800226,50,230.289701
-1.276529,50,230.620967
-1.149017,50,230.93361
-1.312741,50,231.243404
-0.998135,50,231.551937
-0.709362,50,231.878071
-1.244477,50,232.197157
-0.752986,50,232.503849
-1.594369,50,232.810524
-1.069476,50,233.137494
-1.744648,50,233.461307
-1.054243,50,233.77385
-0.9989,50,234.082463
-1.074883,50,234.409471
-0.941225,50,234.721862
-0.979023,50,235.036392
-1.729435,50,235.345823
-1.600286,50,235.673895
-0.990212,50,235.988441
-1.33702,50,236.299146
-1.530315,50,236.608451
-0.715947,50,236.935611
-1.251516,50,237.249166
-1.260994,50,237.558562
-1.099236,50,237.870782
-1.614563,50,238.20305
-1.505588,50,238.514017
-1.053378,50,238.823508
-1.185576,50,239.132367
-1.147607,50,239.459459
-1.692617,50,239.771781
-0.788152,50,240.083251
-1.31125,50,240.391046
-0.807006,50,240.718025
-1.49401,50,241.028374
-0.956573,50,241.340126
-1.670514,50,241.652409
-1.565245,50,241.981367
-1.322132,50,242.299822
-1.552442,50,242.610976
-1.140698,50,242.92024
-0.87315,50,243.248915
-1.195277,50,243.561171
-1.441248,50,243.867635
-1.792155,50,244.179272
-1.164552,50,244.505799
-1.352295,50,244.832387
-0.792655,50,245.143547
-0.761725,50,245.452873
-1.170731,50,245.784735
-1.479371,50,246.096771
-1.243916,50,246.407802
-0.909657,50,246.718125
-0.74772,50,247.046924
-1.135674,50,247.370953
-0.829526,50,247.678188
-1.619397,50,247.985038
-1.017714,50,248.322735
-1.523778,50,248.636238
-1.374157,50,248.946458
-1.096897,50,249.257218
-2.124344,50,249.59027
-1.687353,50,249.903467
-1.349723,50,250.218467
-0.802209,50,250.528125
-1.786944,50,250.857104
-1.237929,50,251.170256
-1.274355,50,251.479034
-1.165476,50,251.786299
-1.158718,50,252.129429
-0.667369,50,252.442653
-1.77268,50,252.7603
-1.482052,50,253.0684
-0.59058,50,253.394303
-1.534436,50,253.713092
-0.906969,50,254.021653
-0.81971,50,254.329847
-1.552117,50,254.674487
-0.948433,50,254.990158
-0.958619,50,255.305138
-1.144092,50,255.61494
-1.672379,50,255.940623
-1.027226,50,256.251881
-1.37105,50,256.559674
-1.020143,50,256.868628
-0.832578,50,257.196758
-1.368354,50,257.509955
-1.74362,50,257.825024
-1.366969,50,258.133128
-1.431409,50,258.471532
-1.52308,50,258.789575
-1.41795,50,259.098028
-1.800365,50,259.412258
-0.727468,50,259.737003
-1.135209,50,260.055723
-0.830326,50,260.369096
-0.937926,50,260.68085
-0.664481,50,261.010258
-1.402613,50,261.325187
-1.187249,50,261.636275
-0.82853,50,261.947981
-0.862712,50,262.276458
-0.913754,50,262.593074
-1.131977,50,262.903568
-0.908662,50,263.211699
-1.212302,50,263.538294
-0.909429,50,263.854712
-1.245766,50,264.166321
-2.242958,50,264.482676
-0.841076,50,264.819696
-1.072832,50,265.136677
-0.797139,50,265.450688
-0.914265,50,265.764522
-1.125291,50,266.091871
-0.990782,50,266.408116
-0.977005,50,266.717951
-0.673617,50,267.025961
-1.19792,50,267.362967
-0.886334,50,267.679725
-1.269628,50,267.989726
-1.077833,50,268.301136
-0.956853,50,268.628753
-1.128084,50,268.940368
-0.907936,50,269.249056
-1.508385,50,269.560499
-0.997308,50,269.886808
-1.446241,50,270.213991
-0.970177,50,270.524615
-0.789707,50,270.83717
-1.595958,50,271.170344
-1.035696,50,271.484377
-1.035326,50,271.796006
-0.690206,50,272.103638
-0.840312,50,272.431152
-1.239626,50,272.753725
-0.931669,50,273.062249
-0.810112,50,273.368633
-1.046037,50,273.699195
-0.773451,50,274.011327
-1.041351,50,274.32134
-1.632741,50,274.63466
-0.793158,50,274.963401
-1.089378,50,275.292995
-1.252383,50,275.607131
-1.001975,50,275.91628
-1.023117,50,276.245512
-0.758507,50,276.559145
-0.782588,50,276.86925
-0.916056,50,277.177893
-0.744618,50,277.524982
-0.958912,50,277.843757
-0.687405,50,278.155323
-1.393669,50,278.466268
-0.697895,50,278.794865
-1.070389,50,279.113467
-0.682093,50,279.424311
-0.819268,50,279.731401
-0.933193,50,280.070504
-0.626011,50,280.390075
-0.837011,50,280.704054
-0.750555,50,281.013829
-0.679127,50,281.343096
-0.49998,50,281.655584
-1.132234,50,281.972726
-0.822181,50,282.283491
-0.819492,50,282.616758
-0.851175,50,282.938037
-0.894731,50,283.246412
-1.2165,50,283.556259
-1.334483,50,283.887688
-0.624469,50,284.200635
-0.974298,50,284.511401
-1.094324,50,284.8206
-1.120414,50,285.159849
-0.528759,50,285.485148
-1.853753,50,285.8059
-0.54126,50,286.114095
-0.643769,50,286.441614
-0.898391,50,286.755098
-0.918797,50,287.064467
-1.608196,50,287.372635
-0.875429,50,287.709979
-0.751445,50,288.1897
-1.372716,50,288.50198
-1.360422,50,288.817007
-0.827816,50,289.142205
-1.112874,50,289.458179
-0.888082,50,289.768168
-1.005434,50,290.076702
-0.894615,50,290.409157
-0.82981,50,290.722321
-1.176785,50,291.032736
-1.006282,50,291.341022
-1.60881,50,291.67501
-0.668606,50,291.98855
-0.685347,50,292.301961
-0.919411,50,292.613135
-1.341132,50,292.942973
-0.916449,50,293.27137
-0.969874,50,293.586214
-1.206484,50,293.899435
-0.613058,50,294.22702
-0.894925,50,294.539101
-0.969282,50,294.854826
-0.772557,50,295.167321
-0.771405,50,295.498788
-1.09526,50,295.819248
-0.846054,50,296.131653
-1.110352,50,296.44468
-0.625458,50,296.771709
-0.979997,50,297.089127
-0.740881,50,297.398261
-1.256163,50,297.71277
-0.682948,50,298.038668
-1.119857,50,298.35251
-0.920804,50,298.664991
-0.896654,50,298.972453
-0.597101,50,299.309486
-0.735354,50,299.622292
-1.304647,50,299.928763
-0.587441,50,300.240328
-0.566274,50,300.570764
-0.66319,50,300.885874
-2.05548,50,301.200232
-1.678118,50,301.513871
-0.931277,50,301.853278
-0.633316,50,302.165617
-1.125129,50,302.476701
-1.113961,50,302.786915
-0.698135,50,303.114944
-1.047222,50,303.429097
-1.428851,50,303.745349
-1.95602,50,304.059957
-0.734546,50,304.389086
-0.634036,50,304.714503
-0.68885,50,305.025509
-0.940598,50,305.343492
-0.512716,50,305.671554
-1.671299,50,305.9913
-0.710794,50,306.300865
-0.713294,50,306.612269
-2.07622,50,306.946172
-0.601263,50,307.258347
-0.783855,50,307.56757
-0.472489,50,307.874652
-1.949127,50,308.217085
-0.704881,50,308.531419
-1.029723,50,308.849102
-0.911762,50,309.159067
-1.055368,50,309.48842
-0.744065,50,309.800917
-0.756946,50,310.109205
-1.199822,50,310.423103
-0.983121,50,310.750249
-1.046875,50,311.062917
-1.458714,50,311.374631
-0.78088,50,311.688447
-1.380395,50,312.032019
-0.899894,50,312.353132
-0.862574,50,312.664076
-1.458305,50,312.972084
-1.19309,50,313.301386
-0.433566,50,313.615466
-1.208794,50,313.924842
-1.03161,50,314.233243
-1.429942,50,314.569758
-0.662218,50,314.885106
-1.086682,50,315.199186
-1.742995,50,315.521378
-0.653145,50,315.849867
-0.589487,50,316.163656
-0.954542,50,316.473006
-1.122138,50,316.785929
-0.650627,50,317.133385
-1.370641,50,317.45059
-0.787593,50,317.761288
-0.505818,50,318.071762
-0.8331,50,318.39877
-0.928083,50,318.717326
-1.230925,50,319.027013
-0.907189,50,319.335699
-1.148569,50,319.67218
-0.977896,50,319.985989
-0.743546,50,320.296097
-0.852184,50,320.604214
-1.02658,50,320.932882
-0.90039,50,321.25333
-1.211334,50,321.56588
-0.745198,50,321.877064
-0.860139,50,322.204345
-0.913254,50,322.527077
-0.874524,50,322.835565
-0.739175,50,323.143723
-0.727128,50,323.469093
-0.763116,50,323.783292
-1.304527,50,324.099158
-0.768593,50,324.408287
-0.949461,50,324.750101
-0.677348,50,325.068472
-0.805648,50,325.384138
-0.645267,50,325.69694
-1.368341,50,326.026155
-1.068693,50,326.34007
-0.661846,50,326.655338
-0.59263,50,326.966132
-1.00551,50,327.295739
-0.851735,50,327.607624
-0.704903,50,327.916936
-0.857536,50,328.225482
-0.568031,50,328.568559
-0.868568,50,328.883898
-0.617665,50,329.194625
-1.275888,50,329.50301
-0.733173,50,329.83214
-1.007778,50,330.146554
-1.120691,50,330.459335
-0.596618,50,330.770106
-0.880755,50,331.09674
-0.547532,50,331.412922
-1.629232,50,331.729428
-1.13539,50,332.037251
-1.069533,50,332.366286
-1.007767,50,332.675787
-0.965474,50,332.98538
-0.502625,50,333.293403
-1.152204,50,333.627604
-1.462901,50,333.943716
-0.979524,50,334.252892
-0.571178,50,334.562072
-1.258806,50,334.90221
-0.612052,50,335.220028
-0.559415,50,335.534581
-0.47854,50,335.844014
-0.73919,50,336.172809
-1.216104,50,336.486159
-1.930349,50,336.800216
-0.996083,50,337.106932
-0.881821,50,337.448627
-0.928584,50,337.773143
-0.574163,50,338.084749
-0.731306,50,338.395491
-0.808795,50,338.725146
-0.583741,50,339.036615
-1.049865,50,339.344402
-0.780838,50,339.652942
-0.698464,50,339.983833
-0.627604,50,340.297719
-0.73231,50,340.610546
-0.818302,50,340.92016
-0.835232,50,341.249533
-1.038266,50,341.559683
-0.587006,50,341.868459
-1.293867,50,342.176403
-1.057998,50,342.518836
-0.892208,50,342.834234
-0.70517,50,343.146476
-0.706218,50,343.458265
-1.08966,50,343.785371
-0.620147,50,344.097536
-0.456075,50,344.407117
-1.055408,50,344.7162
-1.037991,50,345.050828
-0.896407,50,345.380376
-0.78377,50,345.699248
-0.63227,50,346.011794
-1.058895,50,346.340972
-0.67498,50,346.654198
-0.783689,50,346.96465
-0.538485,50,347.272543
-0.790172,50,347.600984
-0.69954,50,347.918721
-0.78022,50,348.229956
-0.623862,50,348.538597
-1.093016,50,348.881359
-0.885998,50,349.195322
-0.713097,50,349.50457
-0.889597,50,349.812554
-1.037236,50,350.141857
-0.693076,50,350.457975
-0.78137,50,350.776938
-0.829482,50,351.088639
-0.885896,50,351.416433
-0.989151,50,351.730263
-0.962742,50,352.041677
-0.912817,50,352.357357
-0.999882,50,352.701846
-0.759,50,353.014683
-1.451351,50,353.324333
-0.657604,50,353.634623
-0.43827,50,353.961167
-0.58096,50,354.274831
-0.728223,50,354.587875
-0.75266,50,354.895023
-0.576902,50,355.230915
-1.131071,50,355.5484
-0.688798,50,355.855993
-1.561239,50,356.168985
-0.839895,50,356.496499
-0.734244,50,356.807379
-0.674836,50,357.121693
-0.918283,50,357.430331
-0.87392,50,357.767539
-0.561036,50,358.084527
-1.123391,50,358.393715
-0.802018,50,358.701235
-1.031386,50,359.030725
-0.97508,50,359.340045
-0.826307,50,359.654938
-0.577745,50,359.9669
-0.797652,50,360.296609
-0.98908,50,360.623371
-0.762187,50,360.93426
-0.850589,50,361.242386
-0.748446,50,361.578436
-1.140047,50,361.893289
-0.677897,50,362.203475
-0.568985,50,362.511421
-0.892798,50,362.843616
-1.091352,50,363.157001
-1.015253,50,363.466905
-1.040253,50,363.776241
-1.877461,50,364.119744
-0.77193,50,364.43575
-0.830092,50,364.746344
-1.036205,50,365.05811
-1.244085,50,365.389847
-1.478397,50,365.712835
-0.822679,50,366.024888
-0.946116,50,366.337162
-0.778628,50,366.664851
-0.660872,50,366.977075
-0.96187,50,367.287508
-0.65301,50,367.594207
-0.785087,50,367.92121
-0.7511,50,368.23347
-0.764339,50,368.543623
-1.014919,50,368.850295
-1.319983,50,369.184331
-0.803976,50,369.510155
-0.573085,50,369.823341
-1.863267,50,370.15338
-1.076112,50,370.501697
-1.08501,50,370.818385
-0.781011,50,371.131049
-0.687061,50,371.442
-0.755172,50,371.771003
-0.811946,50,372.084401
-0.697788,50,372.399585
-0.57032,50,372.710165
-0.839568,50,373.037932
-0.624581,50,373.352535
-0.828571,50,373.668223
-0.783072,50,373.9804
-0.483723,50,374.308091
-1.267939,50,374.624482
-0.768319,50,374.932899
-0.564084,50,375.251431
-0.864886,50,375.583253
-0.886527,50,375.900644
-0.652569,50,376.211326
-1.013814,50,376.5213
-0.680636,50,376.850196
-0.986646,50,377.165057
-1.837397,50,377.483367
-0.893497,50,377.792022
-1.087494,50,378.127615
-1.55237,50,378.44465
-1.031409,50,378.760505
-0.686152,50,379.071713
-0.967558,50,379.399354
-0.906619,50,379.722236
-1.349542,50,380.039611
-0.710544,50,380.351754
-0.778787,50,380.687975
-0.849385,50,381.005831
-1.271318,50,381.325033
-1.33656,50,381.63552
-0.929052,50,381.963876
-0.674236,50,382.278827
-0.710522,50,382.593565
-0.788661,50,382.902712
-0.88994,50,383.229895
-1.017969,50,383.542597
-0.808067,50,383.855993
-1.086225,50,384.171785
-0.593933,50,384.500457
-1.100802,50,384.816028
-1.363865,50,385.129253
-0.971941,50,385.445118
-0.72118,50,385.784483
-1.694052,50,386.106394
-1.118998,50,386.420471
-0.555286,50,386.729867
-0.847553,50,387.066543
-0.774691,50,387.382316
-0.797353,50,387.690633
-0.666245,50,387.997606
-0.871115,50,388.325747
-0.713185,50,388.639145
-0.947167,50,388.95249
-1.486429,50,389.270094
-0.778293,50,389.609029
-1.872705,50,389.932283
-0.983781,50,390.243097
-0.859124,50,390.555682
-0.973311,50,390.892968
-1.645069,50,391.213515
-0.675851,50,391.526276
-0.755949,50,391.833359
-1.358802,50,392.170009
-0.97013,50,392.485738
-0.461691,50,392.79609
-0.8668,50,393.105671
-0.757395,50,393.450929
-0.645981,50,393.765674
-1.020589,50,394.077828
-0.778073,50,394.385217
-0.713904,50,394.71114
-0.903148,50,395.02356
-1.104975,50,395.338537
-0.622015,50,395.652174
-0.693107,50,395.983246
-0.655148,50,396.299796
-0.710371,50,396.612184
-0.806335,50,396.921878
-0.639518,50,397.248858
-0.794331,50,397.562144
-0.968572,50,397.873568
-0.876857,50,398.180649
-0.880501,50,398.513234
-1.115402,50,398.828823
-0.833114,50,399.13701
-0.912147,50,399.444661
-0.618654,50,399.780817
-0.512278,50,400.095149
-0.730038,50,400.405929
-0.714358,50,400.716879
-0.596126,50,401.046231
-0.598656,50,401.364676
-0.807831,50,401.672488
-0.64068,50,401.981279
-0.98332,50,402.30808
-0.73982,50,402.620053
-0.880879,50,402.932224
-1.499156,50,403.247948
-0.711243,50,403.594013
-0.632554,50,403.910888
-0.846198,50,404.223425
-0.564554,50,404.535044
-0.432388,50,404.862947
-0.952817,50,405.179868
-0.577825,50,405.488945
-0.91209,50,405.802473
-0.749557,50,406.131098
-0.904132,50,406.443514
-0.521381,50,406.75062
-0.813134,50,407.058705
-0.640847,50,407.383893
-0.59169,50,407.697164
-0.713988,50,408.005563
-0.731373,50,408.313913
-0.848562,50,408.649194
-0.715029,50,408.972073
-0.951543,50,409.282811
-0.799869,50,409.596177
-0.56681,50,409.928694
-0.887392,50,410.244843
-0.812181,50,410.561571
-0.753066,50,410.875115
-0.968676,50,411.207165
-0.952819,50,411.527949
-0.816627,50,411.842054
-0.587855,50,412.148437
-0.520857,50,412.473272
-0.855982,50,412.785651
-0.945768,50,413.098294
-0.552865,50,413.413429
-1.324762,50,413.763176
-0.860131,50,414.08067
-0.823298,50,414.390468
-0.706757,50,414.698508
-1.436918,50,415.034409
-0.822604,50,415.351962
-0.917257,50,415.666916
-0.460292,50,415.976995
-0.825513,50,416.305185
-0.616463,50,416.620694
-0.963351,50,416.935074
-0.64982,50,417.24347
-1.396614,50,417.577257
-0.87478,50,417.896694
-1.31693,50,418.213072
-0.736009,50,418.523389
-0.8215,50,418.856765
-0.622657,50,419.18942
-0.731124,50,419.499356
-0.916805,50,419.808286
-0.978026,50,420.14093
-0.60228,50,420.456598
-0.66076,50,420.770315
-0.462108,50,421.080865
-0.931223,50,421.414527
-0.655409,50,421.731425
-0.838603,50,422.041362
-0.82382,50,422.347641
-0.731015,50,422.692622
-0.941242,50,423.007505
-0.597047,50,423.316261
-0.73356,50,423.626677
-0.668805,50,423.952596
-0.629424,50,424.271148
-1.379505,50,424.590002
-0.693734,50,424.902264
-0.901793,50,425.242642
-0.787502,50,425.556559
-0.824769,50,425.870591
-0.894727,50,426.181307
-0.894496,50,426.510534
-0.880863,50,426.827238
-0.987812,50,427.142624
-0.856941,50,427.450906
-0.790337,50,427.778047
-1.672713,50,428.099539
-0.848511,50,428.411082
-0.924472,50,428.719842
-0.880612,50,429.066735
-0.783429,50,429.380113
-0.441913,50,429.689124
-0.697381,50,429.996995
-0.590395,50,430.324885
-0.480645,50,430.638584
-0.793934,50,430.949377
-0.74569,50,431.26045
-1.477546,50,431.594712
-0.802398,50,431.910058
-0.694716,50,432.220942
-0.771154,50,432.530895
-0.668437,50,432.857274
-0.449422,50,433.168303
-0.887905,50,433.477429
-0.678506,50,433.784662
-0.767011,50,434.119367
-0.631029,50,434.442341
-0.799215,50,434.753321
-0.779133,50,435.062516
-0.575813,50,435.391971
-0.7647,50,435.708748
-1.462445,50,436.026649
-0.807619,50,436.334115
-0.752362,50,436.66148
-0.874563,50,436.982211
-0.572278,50,437.292965
-1.77299,50,437.609891
-0.906447,50,437.945814
-0.574137,50,438.259277
-1.054844,50,438.57912
-0.561267,50,438.888085
-0.741418,50,439.218116
-0.768936,50,439.530551
-0.771022,50,439.841625
-0.56282,50,440.149421
-0.735365,50,440.481938
-0.694165,50,440.808647
-0.909888,50,441.12109
-0.751619,50,441.432141
-1.041486,50,441.76662
-1.782748,50,442.08751
-0.729668,50,442.396967
-0.714791,50,442.705566
-0.763259,50,443.036999
-0.462355,50,443.361176
-0.542583,50,443.67175
-0.503871,50,443.980536
-0.482545,50,444.30883
-0.795782,50,444.62444
-0.577385,50,444.93461
-1.083878,50,445.248224
-0.969523,50,445.592035
-0.577573,50,445.913269
-0.608924,50,446.224403
-0.647374,50,446.53576
-0.811805,50,446.864457
-0.465671,50,447.353743
-0.967888,50,447.665076
-0.707273,50,447.98161
-0.562513,50,448.318074
-0.882595,50,448.63349
-0.648734,50,448.941799
-0.712766,50,449.251329
-1.032923,50,449.586225
-0.865961,50,449.900445
-0.696573,50,450.20865
-1.166884,50,450.522795
-0.582451,50,450.870429
-0.72778,50,451.186113
-0.74865,50,451.497177
-0.532275,50,451.807029
-0.929659,50,452.136639
-1.027058,50,452.456154
-0.633314,50,452.766046
-0.89962,50,453.076234
-0.649172,50,453.403923
-0.537737,50,453.716961
-0.64501,50,454.033648
-1.037784,50,454.347048
-1.16855,50,454.681899
-0.597646,50,454.994634
-1.620477,50,455.310328
-0.616214,50,455.6221
-0.782628,50,455.962614
-0.665047,50,456.284099
-0.660485,50,456.5944
-0.755142,50,456.905156
-0.770246,50,457.234409
-0.46309,50,457.55557
-0.952654,50,457.871857
-0.566421,50,458.181358
-0.778517,50,458.511166
-0.549434,50,458.822466
-0.565489,50,459.132069
-0.662392,50,459.438565
-0.938306,50,459.772384
-0.784457,50,460.095298
-0.922326,50,460.406465
-1.081335,50,460.722201
-0.813146,50,461.052852
-0.930516,50,461.364027
-1.456966,50,461.68414
-0.510271,50,461.990914
-0.752191,50,462.319038
-0.668017,50,462.637898
-0.945299,50,462.953616
-0.670079,50,463.26294
-0.677965,50,463.605132
-0.453814,50,463.916047
-0.839699,50,464.22486
-0.634501,50,464.532957
-0.652646,50,464.859708
-0.635146,50,465.174332
-1.679096,50,465.494623
-0.559074,50,465.806967
-0.81263,50,466.137039
-0.64229,50,466.454556
-1.529067,50,466.775991
-1.488327,50,467.092921
-0.673382,50,467.425442
-1.111984,50,467.743174
-0.576463,50,468.052704
-0.595004,50,468.35989
-0.71804,50,468.691043
-0.613115,50,469.014195
-1.145183,50,469.32457
-0.48998,50,469.632861
-0.620077,50,469.959374
-0.885774,50,470.275202
-0.655754,50,470.583329
-0.459092,50,470.895245
-0.773228,50,471.226281
-1.223776,50,471.540422
-0.673967,50,471.84856
-0.803581,50,472.157875
-0.603155,50,472.501854
-0.977797,50,472.821437
-0.978733,50,473.133348
-0.748133,50,473.443753
-0.563375,50,473.771092
-0.90733,50,474.085828
-1.113735,50,474.401247
-0.582807,50,474.71283
-1.758481,50,475.057124
-0.733498,50,475.378645
-0.666303,50,475.690255
-0.959133,50,476.004203
-0.919994,50,476.332953
-0.703263,50,476.643571
-0.451945,50,476.951056
-0.631278,50,477.258659
-0.609513,50,477.584253
-0.694714,50,477.91081
-0.499295,50,478.227571
-0.834776,50,478.536876
-0.821641,50,478.86432
-0.909796,50,479.182096
-0.633021,50,479.49123
-0.986382,50,479.80168
-0.818043,50,480.129222
-0.80991,50,480.441016
-0.786667,50,480.750501
-0.576658,50,481.078119
-0.775509,50,481.404167
-0.850158,50,481.725247
-0.75778,50,482.036505
-0.632479,50,482.34481
-0.662945,50,482.681706
-0.801144,50,482.994944
-1.024382,50,483.305367
-0.820521,50,483.616173
-0.811058,50,483.942662
-0.884686,50,484.262472
-0.423671,50,484.571876
-0.99274,50,484.879672
-0.926576,50,485.209285
-0.745722,50,485.540788
-0.857924,50,485.856622
-0.450269,50,486.16726
-0.852414,50,486.497682
-0.742638,50,486.810037
-0.987022,50,487.123902
-1.023439,50,487.4327
-1.132159,50,487.76208
-0.695015,50,488.076954
-0.703407,50,488.38816
-0.836128,50,488.698661
-1.830169,50,489.031451
-0.515078,50,489.357982
-0.701723,50,489.666714
-0.847114,50,489.972674
-0.810254,50,490.298012
-0.914551,50,490.613728
-0.497561,50,490.927899
-0.680085,50,491.238952
-0.746741,50,491.568507
-0.472833,50,491.882903
-1.806214,50,492.196289
-0.78535,50,492.503777
-0.800364,50,492.848323
-0.735531,50,493.161478
-0.66001,50,493.471043
-0.749832,50,493.779995
-0.765245,50,494.109647
-0.936572,50,494.42423
-0.554466,50,494.733966
-0.822272,50,495.041082
-0.651921,50,495.38014
-0.834792,50,495.694182
-0.657855,50,496.011057
-0.56331,50,496.326034
-0.739613,50,496.659457
-0.818514,50,496.976036
-0.913497,50,497.288826
-0.798296,50,497.599906
-0.612543,50,497.929243
-0.903943,50,498.249974
-0.898809,50,498.558259
-0.628141,50,498.863488
-0.747315,50,499.191661
-0.683871,50,499.50466
-0.557214,50,499.821464
-1.013266,50,500.129127
-0.770227,50,500.456189
-0.713846,50,500.766446
-0.561381,50,501.090047
-0.988661,50,501.404959
-0.786873,50,501.733291
-0.625229,50,502.046369
-0.73174,50,502.353882
-0.890227,50,502.661561
-0.880379,50,502.989854
-0.852454,50,503.304673
-1.008559,50,503.618005
-0.785188,50,503.928981
-0.624957,50,504.258879
-1.01524,50,504.594233
-0.678221,50,504.905261
-0.818964,50,505.215533
-0.797784,50,505.544837
-0.765117,50,505.864012
-0.868115,50,506.178426
-0.972524,50,506.488353
-0.611334,50,506.81622
-0.514695,50,507.129515
-0.460115,50,507.437693
-1.012208,50,507.746862
-0.966879,50,508.092404
-1.410134,50,508.411194
-0.703714,50,508.720941
-0.465544,50,509.026981
-0.603788,50,509.356117
-0.934968,50,509.666539
-0.741585,50,509.982223
-0.912512,50,510.287951
-0.632608,50,510.624302
-0.930867,50,510.941989
-0.943112,50,511.257432
-0.37357,50,511.563779
-0.600643,50,511.888289
-0.590239,50,512.205289
-0.926024,50,512.514785
-0.746582,50,512.823683
-0.916594,50,513.155118
-0.705662,50,513.468619
-0.671166,50,513.781844
-0.455514,50,514.090087
-0.559036,50,514.445269
-0.911801,50,514.761736
-0.511664,50,515.073083
-0.817002,50,515.381029
-1.109918,50,515.707656
-0.967744,50,516.024503
-0.707414,50,516.33649
-1.202231,50,516.648966
-0.566456,50,516.981639
-1.067647,50,517.2931
-0.768023,50,517.602351
-0.942677,50,517.908251
-0.91569,50,518.233685
-0.952683,50,518.550621
-1.168769,50,518.859881
-0.731604,50,519.169663
-0.990613,50,519.496307
-0.953934,50,519.819106
-0.783503,50,520.128535
-0.656999,50,520.436517
-0.878648,50,520.764743
-0.770941,50,521.082634
-0.847136,50,521.394399
-1.116889,50,521.703205
-1.010771,50,522.028809
-1.181922,50,522.340096
-0.575513,50,522.653663
-0.974268,50,522.969002
-0.925198,50,523.309164
-0.600251,50,523.625572
-0.794364,50,523.942878
-0.762674,50,524.251656
-0.871934,50,524.578855
-1.077498,50,524.898808
-1.148387,50,525.208407
-0.669888,50,525.513438
-1.013966,50,525.840001
-0.818062,50,526.163579
-0.658183,50,526.47418
-0.897362,50,526.784493
-0.466437,50,527.110796
-0.934938,50,527.427607
-0.718875,50,527.740065
-0.524005,50,528.04546
-1.201671,50,528.382635
-0.529317,50,528.69933
-0.62013,50,529.009297
-0.850465,50,529.317477
-0.992675,50,529.647297
-0.711134,50,529.963811
-0.969378,50,530.272461
-0.485139,50,530.581018
-1.085384,50,530.915241
-0.731394,50,531.231112
-0.650059,50,531.541774
-0.529582,50,531.852109
-0.559597,50,532.180485
-0.863712,50,532.495731
-0.85441,50,532.802968
-0.731399,50,533.114354
-0.619203,50,533.452087
-0.634187,50,533.763539
-0.615492,50,534.072424
-0.994998,50,534.378118
-0.573795,50,534.704252
-0.638441,50,535.018455
-0.608495,50,535.33255
-1.597527,50,535.640003
-0.876574,50,535.969767
-0.911788,50,536.288287
-0.624091,50,536.60096
-0.477673,50,536.909288
-0.554873,50,537.235785
-0.643927,50,537.547981
-0.571366,50,537.858846
-0.78271,50,538.165716
-0.511509,50,538.495061
-0.881049,50,538.808151
-0.532013,50,539.122091
-0.92446,50,539.429732
-0.688869,50,539.758532
-1.083067,50,540.080662
-1.133831,50,540.38918
-1.149237,50,540.697054
-0.740929,50,541.034826
-0.876288,50,541.353646
-0.834346,50,541.664015
-0.654893,50,541.972956
-0.975407,50,542.297601
-0.785311,50,542.615492
-0.977046,50,542.931558
-0.5053,50,543.239946
-0.513473,50,543.588313
-0.571344,50,543.901829
-0.490191,50,544.211594
-0.881892,50,544.521032
-1.037478,50,544.846388
-0.8133,50,545.158901
-0.617241,50,545.466707
-1.112896,50,545.77562
-0.547527,50,546.104591
-0.915199,50,546.415952
-1.039058,50,546.724264
-0.627713,50,547.031698
-0.846001,50,547.356332
-1.08361,50,547.667816
-0.733921,50,547.976546
-1.082008,50,548.282558
-0.79675,50,548.608282
-0.89384,50,548.924535
-0.524442,50,549.230929
-1.542219,50,549.545378
-0.408705,50,549.873252
-0.626904,50,550.200074
-0.495781,50,550.514267
-1.12469,50,550.824066
-1.102673,50,551.152487
-0.593507,50,551.467446
-0.77731,50,551.78501
-0.744348,50,552.096183
-0.862138,50,552.422223
-0.7268,50,552.734332
-0.814114,50,553.04268
-0.625211,50,553.348635
-0.72921,50,553.676734
-0.569469,50,553.986715
-0.558545,50,554.306818
-0.624027,50,554.618453
-0.762723,50,554.948146
-0.660648,50,555.259726
-0.983941,50,555.568318
-0.805385,50,555.876622
-0.904302,50,556.222164
-0.859538,50,556.535843
-0.887524,50,556.854143
-0.771812,50,557.161496
-0.513807,50,557.488694
-1.018293,50,557.798488
-0.764574,50,558.109166
-1.019346,50,558.41835
-1.235831,50,558.745056
-0.590237,50,559.057876
-0.639798,50,559.365368
-0.657629,50,559.671937
-0.681526,50,560.011626
-0.72209,50,560.328985
-0.610861,50,560.63705
-0.672115,50,560.941824
-1.115116,50,561.271729
-0.60382,50,561.583573
-0.951494,50,561.894582
-1.016956,50,562.201202
-0.468322,50,562.526416
-0.830197,50,562.836479
-0.877113,50,563.147858
-0.96398,50,563.458717
-1.095141,50,563.785781
-1.849448,50,564.104127
-0.863149,50,564.424677
-1.126087,50,564.731396
-1.146509,50,565.066042
-0.983277,50,565.388779
-1.301914,50,565.706612
-0.595891,50,566.0151
-0.842442,50,566.344636
-1.894762,50,566.664432
-0.581352,50,566.971006
-0.440496,50,567.274996
-0.698581,50,567.60054
-1.16677,50,567.92252
-0.67235,50,568.236069
-1.106802,50,568.543382
-0.995102,50,568.870022
-0.809332,50,569.184226
-1.649654,50,569.498609
-0.584553,50,569.808253
-1.366472,50,570.142963
-1.464713,50,570.472623
-0.847284,50,570.781996
-0.792928,50,571.087233
-0.63578,50,571.42298
-0.627133,50,571.745246
-0.753963,50,572.054497
-1.283049,50,572.362727
-0.86807,50,572.693468
-0.823141,50,573.006681
-0.820453,50,573.32059
-1.266662,50,573.629174
-0.639522,50,573.958379
-0.656115,50,574.272818
-0.697237,50,574.580895
-0.707504,50,574.889086
-0.815327,50,575.218207
-0.589253,50,575.541893
-0.738477,50,575.851688
-1.318781,50,576.169375
-1.34517,50,576.506256
-0.610338,50,576.824251
-0.68477,50,577.137004
-0.793935,50,577.444963
-0.590447,50,577.772184
-1.139636,50,578.101709
-0.698474,50,578.41978
-0.636143,50,578.733782
-1.329389,50,579.070122
-1.662013,50,579.388905
-0.680617,50,579.698752
-0.708905,50,580.007872
-0.879931,50,580.340913
-0.588399,50,580.663879
-0.918897,50,580.974126
-0.611471,50,581.287561
-0.672014,50,581.62117
-0.498595,50,581.941399
-0.955631,50,582.254448
-1.560514,50,582.570217
-1.271879,50,582.897883
-0.417952,50,583.218844
-0.529301,50,583.529937
-0.981968,50,583.839181
-0.77921,50,584.165453
-0.982739,50,584.478292
-0.837707,50,584.789375
-1.508213,50,585.103314
-0.516888,50,585.429786
-0.836305,50,585.758361
-0.482989,50,586.069452
-0.898682,50,586.382808
-0.816818,50,586.712627
-1.137185,50,587.034736
-0.879526,50,587.34682
-0.465856,50,587.653847
-0.978239,50,587.980632
-0.687561,50,588.30751
-0.969546,50,588.616928
-0.677002,50,588.927799
-1.088985,50,589.25624
-0.578755,50,589.569506
-0.83715,50,589.886794
-1.042351,50,590.198258
-0.867273,50,590.526711
-0.664816,50,590.852408
-1.177415,50,591.160827
-0.677446,50,591.473138
-0.63582,50,591.802253
-1.815069,50,592.124237
-0.663111,50,592.436993
-1.074138,50,592.748807
-1.252616,50,593.078887
-0.860638,50,593.404624
-0.753829,50,593.716291
-0.62681,50,594.025117
-0.521931,50,594.352152
-0.683686,50,594.66417
-0.704216,50,594.974765
-1.007292,50,595.281924
-0.983688,50,595.615067
-1.061999,50,595.929401
-1.293704,50,596.240544
-0.67292,50,596.566367
-0.808576,50,596.895793
-0.687403,50,597.208878
-1.564873,50,597.525228
-0.785977,50,597.831889
-0.773522,50,598.161269
-0.794637,50,598.486069
-0.84169,50,598.794701
-0.870352,50,599.102867
-1.020813,50,599.430113
-1.008721,50,599.745601
-0.425138,50,600.054803
-0.685886,50,600.360068
-1.20957,50,600.69273
-0.630671,50,601.02235
-0.696888,50,601.334839
-0.718208,50,601.650063
-0.696061,50,601.977217
-0.685872,50,602.295738
-1.565449,50,602.620054
-0.937735,50,602.937873
-0.697296,50,603.264287
-0.800747,50,603.586797
-0.973196,50,603.897426
-1.520366,50,604.20927
-0.73343,50,604.534668
-0.713252,50,604.846648
-0.813247,50,605.153679
-0.717425,50,605.464948
-0.723928,50,605.790147
-0.758647,50,606.295382
-0.993057,50,606.608146
-1.090299,50,606.923684
-1.883079,50,607.256237
-0.663295,50,607.571
-1.086523,50,607.88144
-1.033079,50,608.188864
-0.932642,50,608.512677
-0.70001,50,608.836854
-0.988788,50,609.152312
-0.953575,50,609.458583
-0.855678,50,609.786446
-1.252086,50,610.09845
-1.945562,50,610.414139
-0.60739,50,610.722355
-0.750985,50,611.049439
-0.664426,50,611.369328
-0.921887,50,611.694063
-0.837694,50,612.005554
-1.084876,50,612.33244
-0.899493,50,612.642948
-0.868303,50,612.961149
-0.6142,50,613.269955
-0.453377,50,613.593786
-0.615847,50,613.916344
-0.626559,50,614.225439
-0.97853,50,614.533523
-0.863609,50,614.861791
-0.928205,50,615.179877
-0.653612,50,615.487504
-1.391059,50,615.795229
-0.818604,50,616.121889
-1.226289,50,616.446233
-0.50887,50,616.755352
-0.635056,50,617.064352
-1.411034,50,617.398427
-1.063784,50,617.717455
-0.562596,50,618.028873
-0.776646,50,618.337405
-0.863128,50,618.663844
-0.556983,50,618.987089
-0.770951,50,619.296092
-0.480474,50,619.605385
-0.660731,50,619.932777
-1.525631,50,620.252153
-1.000951,50,620.56105
-0.725208,50,620.866924
-0.594639,50,621.190905
-0.899679,50,621.521572
-1.142788,50,621.832258
-0.623521,50,622.140564
-0.950801,50,622.470031
-0.58114,50,622.783157
-0.820296,50,623.091201
-0.665713,50,623.401751
-1.307679,50,623.731507
-0.745891,50,624.060583
-0.407069,50,624.374745
-0.518629,50,624.685564
-1.127162,50,625.019369
-0.545228,50,625.333367
-1.007681,50,625.65149
-1.007422,50,625.964096
-0.801902,50,626.289625
-0.887532,50,626.617509
-0.898538,50,626.927915
-0.67641,50,627.23764
-0.460534,50,627.566594
-0.833672,50,627.878989
-0.755776,50,628.18774
-1.059633,50,628.500884
-0.577205,50,628.82886
-0.842308,50,629.156794
-1.066266,50,629.470906
-0.822328,50,629.777639
-0.627613,50,630.106636
-0.951665,50,630.420139
-0.509151,50,630.728171
-1.358908,50,631.034924
-1.151616,50,631.369818
-0.773351,50,631.692747
-0.737685,50,632.00148
-0.685232,50,632.30805
-0.549312,50,632.645898
-0.578996,50,632.957561
-1.044663,50,633.275153
-1.007283,50,633.582824
-0.707427,50,633.921112
-0.635813,50,634.234076
-0.711036,50,634.542166
-1.213013,50,634.852421
-0.929181,50,635.179003
-0.697642,50,635.48818
-0.602482,50,635.795295
-1.259604,50,636.107923
-0.653304,50,636.437474
-0.635335,50,636.751638
-0.869571,50,637.060418
-0.73182,50,637.366343
-1.146602,50,637.693134
-0.792365,50,638.007735
-0.729762,50,638.316297
-0.89397,50,638.627109
-0.7134,50,638.958182
-1.425044,50,639.272653
-0.875536,50,639.581872
-0.804098,50,639.889862
-0.513968,50,640.217152
-0.621464,50,640.53849
-0.647036,50,640.849457
-0.852888,50,641.157001
-1.656645,50,641.494618
-1.170628,50,641.820125
-0.712207,50,642.12941
-1.850463,50,642.442204
-0.852712,50,642.767593
-0.686879,50,643.08348
-0.949544,50,643.392755
-0.73963,50,643.700176
-0.540214,50,644.025663
-0.499575,50,644.339261
-1.360185,50,644.653347
-0.775469,50,644.962674
-0.881963,50,645.30785
-1.128924,50,645.619256
-0.639465,50,645.92606
-0.659156,50,646.233575
-0.469921,50,646.560575
-0.616573,50,646.872779
-0.605665,50,647.183102
-0.670043,50,647.491277
-1.036344,50,647.82012
-0.685291,50,648.130416
-0.618199,50,648.435715
-1.83297,50,648.749375
-0.506596,50,649.078011
-0.759631,50,649.390212
-0.64887,50,649.698933
-0.661977,50,650.007927
-0.497321,50,650.333794
-1.199361,50,650.676749
-1.242985,50,650.986898
-0.686895,50,651.295195
-0.651591,50,651.626415
-0.955817,50,651.941371
-0.679428,50,652.250842
-0.499925,50,652.558535
-0.724847,50,652.88408
-0.626893,50,653.19339
-1.02444,50,653.500222
-0.88294,50,653.806815
-1.762183,50,654.139484
-0.651162,50,654.464693
-1.142928,50,654.774844
-1.346694,50,655.089101
-1.257459,50,655.420525
-0.87329,50,655.734193
-0.804074,50,656.049029
-1.007964,50,656.357074
-0.723449,50,656.686574
-0.601869,50,656.998882
-0.761353,50,657.308169
-0.542467,50,657.614634
-0.779964,50,657.940745
-0.737481,50,658.252293
-0.739104,50,658.562799
-0.642417,50,658.871281
-1.494455,50,659.199107
-0.980022,50,659.510456
-0.886948,50,659.820529
-0.931691,50,660.126344
-1.894327,50,660.479321
-0.618382,50,660.791991
-1.229275,50,661.103131
-0.837255,50,661.410034
-0.688825,50,661.739422
-0.7007,50,662.056766
-0.745664,50,662.366934
-1.020922,50,662.678823
-0.767218,50,663.006768
-0.852526,50,663.321661
-0.680135,50,663.638785
-0.646323,50,663.948207
-0.704572,50,664.276243
-1.735786,50,664.594756
-0.969807,50,664.904311
-0.863404,50,665.212813
-1.288397,50,665.537518
-0.677542,50,665.86157
-1.544412,50,666.171558
-0.641543,50,666.482017
-0.556768,50,666.812287
-0.732196,50,667.13505
-0.644517,50,667.444977
-0.89546,50,667.752374
-0.81057,50,668.085273
-0.832896,50,668.398951
-0.945599,50,668.714189
-0.906129,50,669.022547
-0.711628,50,669.356228
-0.766604,50,669.687346
-1.127664,50,669.998283
-0.782356,50,670.305194
-1.201561,50,670.634455
-0.605925,50,670.946784
-0.868155,50,671.257289
-0.825754,50,671.56941
-0.559308,50,671.899399
-0.630966,50,672.211008
-0.790904,50,672.520881
-0.70795,50,672.828233
-0.749394,50,673.169687
-0.7169,50,673.478403
-0.930153,50,673.785339
-0.685778,50,674.092972
-0.617776,50,674.420037
-0.820724,50,674.73335
-0.782601,50,675.043804
-0.561641,50,675.35095
-0.820828,50,675.678072
-0.583115,50,675.988633
-1.806655,50,676.304049
-0.896323,50,676.61534
-1.397611,50,676.943739
-0.508571,50,677.257527
-0.884336,50,677.569196
-0.555017,50,677.875313
-0.840061,50,678.217553
-0.476775,50,678.528016
-0.888401,50,678.848457
-0.606752,50,679.153476
-0.753907,50,679.478417
-0.668812,50,679.791595
-0.817319,50,680.10471
-0.921809,50,680.413524
-1.610127,50,680.746538
-0.740385,50,681.059793
-0.811074,50,681.370779
-0.750675,50,681.685812
-1.216853,50,682.014664
-0.626172,50,682.325834
-0.85155,50,682.633429
-1.454296,50,682.947539
-1.332611,50,683.292497
-0.878066,50,683.603181
-0.967753,50,683.91147
-0.898957,50,684.220499
-0.582041,50,684.545458
-1.468096,50,684.876584
-1.023604,50,685.191095
-0.983031,50,685.503263
-0.508422,50,685.831997
-0.688983,50,686.14497
-0.945727,50,686.453334
-0.576132,50,686.762656
-0.675828,50,687.091757
-0.771684,50,687.407563
-0.737889,50,687.718257
-0.876005,50,688.027956
-1.510239,50,688.37662
-0.887921,50,688.694608
-0.669585,50,689.004159
-0.551691,50,689.314518
-0.608765,50,689.640061
-0.805163,50,689.953994
-0.76517,50,690.26549
-0.641528,50,690.571032
-0.766226,50,690.896551
-0.66697,50,691.212461
-0.786121,50,691.52436
-0.55734,50,691.83613
-0.727667,50,692.164559
-0.91608,50,692.484452
-1.333441,50,692.793245
-0.721268,50,693.100635
-1.212504,50,693.44994
-0.498287,50,693.760347
-0.840376,50,694.070797
-0.680926,50,694.377573
-0.773544,50,694.703608
-0.796295,50,695.017722
-0.785628,50,695.327518
-0.898624,50,695.638984
-0.996382,50,695.969856
-0.636822,50,696.282699
-0.734558,50,696.613249
-0.495206,50,696.929459
-1.528412,50,697.264305
-0.70874,50,697.584291
-0.691369,50,697.890629
-0.642659,50,698.194974
-0.730087,50,698.518339
-0.664852,50,698.828405
-0.614444,50,699.135789
-0.758993,50,699.443485
-0.666138,50,699.766731
-0.711138,50,700.081633
-0.692113,50,700.387286
-0.674196,50,700.693448
-0.785689,50,701.024917
-0.802637,50,701.335173
-0.757101,50,701.642381
-0.482808,50,701.946483
-0.572988,50,702.279666
-0.641121,50,702.588878
-0.836236,50,702.893442
-0.81408,50,703.198878
-0.825466,50,703.523916
-0.637716,50,703.832526
-0.460621,50,704.139746
-0.787959,50,704.445609
-0.545713,50,704.768555
-0.744683,50,705.077663
-0.571417,50,705.384458
-0.674517,50,705.694022
-1.333246,50,706.023466
-1.162677,50,706.337938
-0.570908,50,706.651176
-0.512029,50,706.965721
-0.761908,50,707.293445
-2.016546,50,707.609449
-0.633413,50,707.914727
-0.674394,50,708.220365
-0.664307,50,708.55451
-0.781038,50,708.866449
-0.752964,50,709.172352
-0.647643,50,709.477376
-0.661495,50,709.802108
-0.674116,50,710.111387
-0.850621,50,710.420084
-0.779879,50,710.729475
-0.669502,50,711.057516
-0.898057,50,711.363334
-0.503079,50,711.66777
-0.789254,50,711.970099
-1.004956,50,712.280136
-0.660325,50,712.604437
-1.063506,50,712.90925
-0.568647,50,713.211424
-1.70497,50,713.541478
-0.726025,50,713.848061
-0.645995,50,714.154539
-0.676509,50,714.461292
-0.887125,50,714.784349
-0.842427,50,715.094195
-0.751867,50,715.401169
-0.630167,50,715.705131
-0.447269,50,716.030543
-0.730599,50,716.33674
-0.828835,50,716.639747
-0.895849,50,716.949162
-0.923819,50,717.2708
-0.580382,50,717.579992
-0.580462,50,717.885971
-0.695774,50,718.193281
-1.254121,50,718.525268
-0.667555,50,718.836913
-0.437352,50,719.144035
-1.38299,50,719.455914
-0.518365,50,719.765131
-1.657425,50,720.095257
-0.7089,50,720.401925
-0.647066,50,720.709355
-0.689697,50,721.037054
-0.777257,50,721.347428
-0.717362,50,721.651772
-0.976103,50,721.959061
-0.601334,50,722.28375
-0.549605,50,722.593264
-0.404327,50,722.898395
-0.437062,50,723.204433
-0.479534,50,723.529255
-0.6977,50,723.836862
-1.285828,50,724.149574
-1.338928,50,724.460525
-0.90326,50,724.788188
-0.876087,50,725.100343
-1.259818,50,725.412258
-0.861096,50,725.717044
-0.726192,50,726.044157
-1.093624,50,726.352092
-1.011593,50,726.660458
-1.135595,50,726.969588
-0.73417,50,727.292777
-1.316674,50,727.606021
-1.045741,50,727.91264
-0.789753,50,728.219213
-0.615505,50,728.546044
-0.577263,50,728.853865
-1.569433,50,729.165322
-1.757282,50,729.477146
-0.683944,50,729.80237
-0.734755,50,730.116015
-0.580915,50,730.4223
-0.624121,50,730.728163
-0.457131,50,731.037752
-0.605701,50,731.363649
-0.552775,50,731.666973
-0.586732,50,731.972267
-0.594056,50,732.296509
-0.865215,50,732.603219
-0.715654,50,732.908641
-1.188948,50,733.221179
-0.95239,50,733.533399
-0.613792,50,733.850781
-1.976888,50,734.158551
-0.558552,50,734.456773
-0.567843,50,734.755057
-0.95783,50,735.061403
-0.822557,50,735.361325
-0.930405,50,735.658798
-0.646037,50,735.959221
-0.571696,50,736.275601
-0.610846,50,736.573723
-0.649484,50,736.875438
-0.879243,50,737.17706
-0.71723,50,737.481715
-0.621012,50,737.786155
-0.8013,50,738.089889
-0.836634,50,738.388765
-0.552381,50,738.688619
-0.801649,50,738.989377
-0.918521,50,739.288974
-0.689656,50,739.588545
-1.082334,50,739.888358
-1.245349,50,740.195228
-0.692713,50,740.495236
-1.026945,50,740.797376
-0.558502,50,741.113852
-0.49145,50,741.414805
-1.973876,50,741.722489
-0.734435,50,742.024109
-0.696898,50,742.34114
-0.979691,50,742.642018
-0.48427,50,742.940175
-0.638983,50,743.238279
-0.61479,50,743.537277
-0.55447,50,743.835125
-0.714233,50,744.132783
-0.678422,50,744.43153
-0.563747,50,744.73038
-0.619384,50,745.0303
-1.798112,50,745.334124
-0.884467,50,745.634714
-1.700499,50,745.940683
-0.937575,50,746.238947
-0.798078,50,746.53842
-0.567349,50,746.837277
-0.685915,50,747.169642
-1.126831,50,747.477557
-0.769796,50,747.782878
-0.85385,50,748.083149
-0.625314,50,748.384251
-0.823892,50,748.689198
-0.464199,50,748.990275
-0.845621,50,749.291605
-0.788653,50,749.590798
-0.607795,50,749.8927
-0.611799,50,750.194456
-0.714556,50,750.49953
-1.335281,50,750.807675
-0.768857,50,751.109177
-0.545343,50,751.409556
-0.812708,50,751.71259
-0.815749,50,752.013406
-1.141765,50,752.316636
-0.641356,50,752.620325
-0.564919,50,752.938199
-0.458017,50,753.240133
-0.666601,50,753.539684
-0.592586,50,753.838107
-0.893925,50,754.139469
-0.619186,50,754.439078
-0.434784,50,754.7383
-1.063504,50,755.043006
-1.198484,50,755.347643
-1.947051,50,755.654123
-0.489454,50,755.953658
-0.573407,50,756.252254
-0.414358,50,756.550579
-0.807886,50,756.853108
-0.806907,50,757.152614
-0.714804,50,757.451014
-0.648928,50,757.74953
-1.021519,50,758.055449
-0.621113,50,758.354018
-0.873632,50,758.658319
-0.44945,50,758.961276
-1.191679,50,759.279618
-0.594569,50,759.580141
-0.52051,50,759.879568
-0.493902,50,760.17998
-0.47032,50,760.480223
-0.46895,50,760.780365
-1.111492,50,761.083071
-0.756918,50,761.390054
-0.74927,50,761.693899
-0.882171,50,761.99678
-0.498673,50,762.29664
-0.679977,50,762.597036
-0.708994,50,763.092311
-1.723354,50,763.400779
-0.858861,50,763.702778
-0.45583,50,764.003092
-0.486234,50,764.302064
-0.559993,50,764.601951
-0.518871,50,764.901379
-1.668492,50,765.20705
-0.687924,50,765.507492
-0.604749,50,765.810691
-0.675829,50,766.114871
-0.776964,50,766.417829
-0.698764,50,766.721784
-0.700697,50,767.021171
-0.463407,50,767.32093
-0.906361,50,767.619722
-1.126777,50,767.927859
-2.014628,50,768.233942
-0.508022,50,768.532858
-0.686681,50,768.83198
-0.866579,50,769.157595
-0.763213,50,769.457051
-1.04669,50,769.759317
-0.529565,50,770.058457
-0.568652,50,770.359503
-0.748912,50,770.658118
-0.734277,50,770.961125
-1.049276,50,771.261427
-0.579728,50,771.561021
-0.501142,50,771.859852
-0.422664,50,772.158893
-0.655963,50,772.458729
-0.526746,50,772.758134
-0.586743,50,773.057155
-0.549596,50,773.355834
-0.646978,50,773.654076
-0.952313,50,773.953477
-0.576506,50,774.251891
-0.814463,50,774.551235
-0.597391,50,774.863641
-0.684424,50,775.185812
-1.033517,50,775.488978
-0.654281,50,775.787352
-0.789417,50,776.091669
-0.801369,50,776.396361
-0.75749,50,776.69683
-0.516617,50,776.997267
-1.005627,50,777.301517
-0.651607,50,777.600877
-0.463237,50,777.899338
-0.984983,50,778.201217
-0.673932,50,778.501943
-0.68125,50,778.805136
-0.680258,50,779.105843
-1.164802,50,779.411221
-0.56436,50,779.711718
-0.511184,50,780.014091
-0.724194,50,780.312916
-0.669252,50,780.612499
-0.56945,50,780.915606
-0.704679,50,781.234033
-0.696407,50,781.536206
-0.665595,50,781.836688
-0.819358,50,782.142063
-1.89803,50,782.448839
-0.40328,50,782.748607
-0.953128,50,783.047879
-0.591148,50,783.347434
-0.77313,50,783.648907
-0.570626,50,783.948514
-0.568305,50,784.248743
-0.848816,50,784.546679
-0.682868,50,784.846772
-1.155183,50,785.152907
-0.487447,50,785.451793
-0.777644,50,785.752892
-0.724017,50,786.074293
-0.633239,50,786.374907
-0.749029,50,786.674957
-0.730276,50,786.977068
-1.615608,50,787.281884
-0.711154,50,787.579641
-0.475892,50,787.87798
-1.277925,50,788.18145
-0.721787,50,788.4817
-0.58717,50,788.780506
-0.518669,50,789.080122
-0.594457,50,789.378329
-0.666878,50,789.678724
-0.809621,50,789.977847
-0.550472,50,790.277496
-0.450835,50,790.574055
-0.968415,50,790.875872
-0.650261,50,791.174235
-0.618805,50,791.473728
-0.63144,50,791.771857
-0.515708,50,792.090882
-0.595362,50,792.389611
-1.542424,50,792.693202
-0.544917,50,792.990651
-0.552789,50,793.288951
-0.727162,50,793.586511
-0.693259,50,793.886685
-0.684735,50,794.183045
-0.531754,50,794.482025
-0.735272,50,794.779283
-0.802139,50,795.079265
-0.530574,50,795.376477
-1.650146,50,795.682105
-0.724263,50,795.982386
-0.492992,50,796.279783
-0.616621,50,796.576112
-1.918388,50,796.879766
-0.850875,50,797.176942
-0.810027,50,797.473166
-1.029758,50,797.773333
-0.71816,50,798.111627
-0.344116,50,798.410864
-0.558228,50,798.710511
-0.493456,50,799.010378
-0.334228,50,799.311569
-0.787746,50,799.615886
-0.922212,50,799.922767
-0.883676,50,800.228621
-0.911078,50,800.533889
-1.777365,50,800.840616
-0.518673,50,801.142324
-0.715208,50,801.443123
-0.537053,50,801.744365
-0.381816,50,802.045863
-1.020214,50,802.353458
-0.643642,50,802.654217
-0.832425,50,802.954079
-1.009555,50,803.261258
-1.03976,50,803.56342
-1.50026,50,803.882975
-0.658814,50,804.189456
-0.59556,50,804.488878
-0.909341,50,804.792758
-0.948365,50,805.095253
-0.557639,50,805.395527
-0.6001,50,805.695289
-0.528571,50,805.994808
-0.689303,50,806.296215
-1.358134,50,806.60237
-1.92811,50,806.907907
-0.443366,50,807.209319
-0.845138,50,807.508861
-0.970433,50,807.811318
-0.650207,50,808.111711
-0.515815,50,808.412663
-1.019318,50,808.716729
-0.526677,50,809.016252
-0.942144,50,809.325866
-0.500242,50,809.624754
-0.946851,50,809.952308
-0.629851,50,810.255146
-0.80551,50,810.555218
-0.487457,50,810.85494
-0.468262,50,811.155674
-1.922615,50,811.461057
-0.865097,50,811.763971
-0.640227,50,812.064026
-1.789447,50,812.368944
-0.483209,50,812.667858
-0.966356,50,812.972824
-0.490709,50,813.272629
-0.527256,50,813.570529
-0.695967,50,813.868828
-0.46257,50,814.16852
-0.487701,50,814.467653
-0.591306,50,814.767025
-1.06586,50,815.077879
-0.917275,50,815.380598
-0.624148,50,815.678272
-0.470888,50,815.975718
-0.663724,50,816.275077
-1.012303,50,816.579382
-0.753992,50,816.881429
-0.803617,50,817.184076
-1.789432,50,817.491235
-0.555661,50,817.793023
-0.663524,50,818.092173
-1.563468,50,818.399831
-0.829919,50,818.703645
-1.299822,50,819.008639
-0.821705,50,819.311695
-1.063435,50,819.617639
-0.733783,50,819.919351
-0.522043,50,820.219921
-0.565697,50,820.519194
-0.804621,50,820.821221
-0.625813,50,821.169426
-0.630678,50,821.475389
-0.346925,50,821.779117
-0.530855,50,822.084622
-0.783699,50,822.391818
-0.7498,50,822.69736
-0.455759,50,823.000461
-0.752682,50,823.305414
-0.390073,50,823.609801
-0.5817,50,823.91315
-0.694701,50,824.217671
-0.798658,50,824.522555
-0.482385,50,824.827714
-0.49964,50,825.132537
-0.728504,50,825.43794
-0.528514,50,825.741666
-0.892028,50,826.089099
-0.745329,50,826.390877
-0.459019,50,826.693076
-0.593742,50,826.9959
-0.850208,50,827.300486
-0.327008,50,827.602072
-1.045123,50,827.906383
-0.619628,50,828.210261
-0.607729,50,828.513283
-0.800712,50,828.819191
-1.005952,50,829.127102
-0.557807,50,829.426064
-0.414739,50,829.72709
-0.529777,50,830.028046
-0.365614,50,830.335774
-1.172818,50,830.643149
-0.999737,50,830.946592
-0.660084,50,831.24901
-0.852588,50,831.55184
-0.477705,50,831.853316
-1.00591,50,832.179628
-0.59827,50,832.477618
-0.46935,50,832.776667
-2.009554,50,833.085699
-1.001665,50,833.391787
-0.499404,50,833.692992
-0.961514,50,833.994398
-0.682136,50,834.293817
-0.586299,50,834.595293
-0.90063,50,834.895759
-0.8826,50,835.193693
-0.698135,50,835.489766
-0.75112,50,835.786372
-0.751936,50,836.083286
-0.841804,50,836.379764
-0.783895,50,836.678859
-0.454214,50,836.976259
-0.536386,50,837.272253
-0.4241,50,837.567491
-1.75943,50,837.887122
-1.648427,50,838.194437
-0.505295,50,838.490486
-0.435077,50,838.787338
-0.66566,50,839.084468
-0.452965,50,839.381102
-0.811421,50,839.677457
-0.700256,50,839.973321
-0.87424,50,840.272653
-0.843349,50,840.572093
-0.810336,50,840.870409
-0.788798,50,841.169272
-0.831751,50,841.469196
-0.690527,50,841.775458
-0.821019,50,842.073015
-0.605437,50,842.372854
-0.623986,50,842.671229
-0.688062,50,842.970265
-0.998912,50,843.275059
-0.574143,50,843.573938
-0.451417,50,843.889101
-0.907645,50,844.206835
-0.778986,50,844.507108
-0.762858,50,844.807857
-0.621411,50,845.107877
-0.762741,50,845.406694
-0.452645,50,845.705059
-0.96265,50,846.006922
-0.420872,50,846.304369
-0.883071,50,846.600952
-1.979145,50,846.906285
-0.756868,50,847.205536
-0.774309,50,847.50512
-0.526063,50,847.805648
-0.764078,50,848.109883
-0.765895,50,848.407632
-1.504205,50,848.714885
-0.520356,50,849.014343
-0.76363,50,849.314618
-0.637373,50,849.613622
-1.147417,50,849.933267
-0.556151,50,850.234723
-0.728189,50,850.539007
-0.645897,50,850.837443
-0.816632,50,851.139609
-0.713731,50,851.43888
-0.66363,50,851.743649
-1.339369,50,852.050106
-2.158713,50,852.357348
-0.758383,50,852.659086
-1.200069,50,852.965138
-0.670982,50,853.266878
-1.008869,50,853.572012
-1.541919,50,853.87607
-1.118563,50,854.183027
-0.701728,50,854.483961
-0.835056,50,854.784913
-0.640727,50,855.08473
-1.397948,50,855.39165
-0.717368,50,855.695474
-0.986671,50,855.995966
-0.720383,50,856.298691
-0.760244,50,856.600779
-0.706636,50,856.900427
-0.5972,50,857.200972
-0.824683,50,857.505516
-0.665704,50,857.809073
-0.628883,50,858.109469
-0.533385,50,858.410174
-1.837862,50,858.71768
-0.759823,50,859.018903
-0.391495,50,859.319558
-0.992916,50,859.623681
-0.7108,50,859.927294
-0.741548,50,860.23054
-0.473183,50,860.531002
-0.665866,50,860.835121
-0.464411,50,861.136851
-0.452209,50,861.439489
-1.028437,50,861.746061
-0.781335,50,862.053318
-0.706061,50,862.356385
-0.538435,50,862.655961
-0.597643,50,862.959366
-0.618355,50,863.260648
-0.502312,50,863.562946
-0.724484,50,863.865119
-0.930199,50,864.167449
-0.70089,50,864.466557
-0.667622,50,864.767282
-0.909574,50,865.072986
-0.506165,50,865.3745
-0.732559,50,865.678417
-0.506093,50,865.97926
-0.700526,50,866.280594
-0.496576,50,866.58044
-0.33777,50,866.895896
-0.62759,50,867.198146
-0.780444,50,867.49924
-0.64927,50,867.80366
-0.75205,50,868.105195
-0.486223,50,868.407385
-0.752559,50,868.713661
-0.629241,50,869.013451
-0.603487,50,869.317782
-0.469853,50,869.619055
-0.922813,50,869.926681
-0.729382,50,870.229045
-1.137236,50,870.536521
-0.42286,50,870.838242
-0.624702,50,871.139059
-0.585728,50,871.439642
-0.988129,50,871.737735
-0.528098,50,872.038437
-0.447816,50,872.340497
-0.866237,50,872.646231
-0.419912,50,872.947244
-0.397564,50,873.248645
-0.663779,50,873.553382
-0.86755,50,873.854221
-0.503951,50,874.155038
-0.580038,50,874.456877
-1.008804,50,874.759013
-0.566263,50,875.058221
-0.90895,50,875.359049
-0.748762,50,875.662884
-1.803583,50,875.972086
-0.669523,50,876.274666
-1.831755,50,876.580151
-1.271723,50,876.886486
-0.548983,50,877.188373
-0.691365,50,877.488485
-0.588252,50,877.790624
-0.460572,50,878.12026
-0.427859,50,878.419077
-0.432447,50,878.717427
-0.428496,50,879.017218
-0.444812,50,879.323963
-0.582429,50,879.625161
-0.632435,50,879.925819
-0.455353,50,880.225694
-0.605273,50,880.525314
-0.482198,50,880.824679
-0.855504,50,881.123472
-0.823226,50,881.42482
-0.930267,50,881.726479
-0.678762,50,882.025533
-0.608737,50,882.329493
-0.900937,50,882.636034
-0.757258,50,882.937324
-1.592084,50,883.243976
-0.804168,50,883.546391
-0.655929,50,883.845793
-0.58291,50,884.164377
-0.786196,50,884.469853
-0.692558,50,884.770308
-0.544363,50,885.072453
-0.469218,50,885.373519
-0.47004,50,885.674978
-0.49159,50,885.975131
-1.816849,50,886.284338
-0.55733,50,886.585578
-0.562544,50,886.884546
-0.465342,50,887.187257
-0.613059,50,887.486743
-0.744405,50,887.788172
-1.80826,50,888.09503
-0.431701,50,888.396236
-0.70539,50,888.699967
-0.770467,50,889.001154
-1.097315,50,889.30134
-0.82028,50,889.605947
-0.737524,50,889.936795
-0.423605,50,890.240269
-0.340226,50,890.540864
-0.74732,50,890.840473
-0.397341,50,891.139781
-0.92167,50,891.440987
-0.535332,50,891.74053
-0.620797,50,892.041633
-0.785258,50,892.343246
-0.790732,50,892.643784
-0.776935,50,892.944657
-0.618058,50,893.244874
-0.795043,50,893.548872
-0.578252,50,893.849331
-0.766037,50,894.147888
-0.918463,50,894.447671
-1.021663,50,894.752441
-0.736039,50,895.05876
-0.570292,50,895.358444
-0.447416,50,895.659127
-2.00487,50,895.97019
-0.896991,50,896.270491
-0.475754,50,896.573955
-0.84708,50,896.874324
-0.454276,50,897.174957
-0.796896,50,897.492426
-0.700611,50,897.792948
-0.569406,50,898.093774
-0.830708,50,898.395004
-0.565976,50,898.697045
-0.701332,50,898.996824
-0.581424,50,899.297813
-0.607836,50,899.597071
-0.402838,50,899.898979
-0.459191,50,900.198012
-0.530093,50,900.497637
-0.675354,50,900.795539
-0.56979,50,901.128585
-0.493769,50,901.428218
-0.935719,50,901.727495
-0.759506,50,902.025345
-0.744294,50,902.328203
-0.829556,50,902.633084
-0.709129,50,902.933854
-0.735912,50,903.234998
-0.608693,50,903.53507
-0.971318,50,903.835858
-1.73692,50,904.143264
-0.69976,50,904.443161
-0.495721,50,904.74341
-0.591912,50,905.043698
-0.494352,50,905.343366
-0.514919,50,905.643765
-0.597392,50,905.9435
-0.416846,50,906.241138
-1.384767,50,906.546978
-0.462986,50,906.849694
-0.675607,50,907.167807
-0.646353,50,907.471178
-1.214066,50,907.771851
-1.099406,50,908.077365
-0.557281,50,908.376685
-1.520406,50,908.681958
-1.011864,50,908.980842
-0.73221,50,909.284168
-0.461448,50,909.584591
-0.63351,50,909.883793
-0.652465,50,910.187846
-0.80563,50,910.49061
-0.796708,50,910.792579
-1.044238,50,911.095165
-0.753952,50,911.395031
-0.550751,50,911.694297
-0.525473,50,912.020088
-0.549266,50,912.320352
-1.361448,50,912.62705
-0.868305,50,912.932907
-0.457269,50,913.254419
-0.593495,50,913.553885
-0.740314,50,913.853539
-0.584987,50,914.153183
-1.510395,50,914.624692
-0.85377,50,914.924588
-0.691137,50,915.223964
-0.478924,50,915.523559
-0.556096,50,915.824469
-0.640369,50,916.125318
-0.438965,50,916.428542
-0.649617,50,916.730113
-0.806031,50,917.033601
-1.561999,50,917.338434
-0.531339,50,917.637288
-0.894825,50,917.972099
-0.611076,50,918.273483
-1.039245,50,918.578792
-0.628855,50,918.877738
-0.708661,50,919.17775
-0.595467,50,919.482525
-0.747984,50,919.78355
-0.482466,50,920.08212
-0.712551,50,920.381039
-0.41019,50,920.679527
-0.826551,50,920.977857
-0.590702,50,921.277565
-0.499079,50,921.575845
-2.161017,50,921.881592
-0.673736,50,922.180453
-0.764042,50,922.482265
-0.5672,50,922.780998
-0.463296,50,923.111867
-0.742173,50,923.414811
-0.512489,50,923.716887
-0.605874,50,924.017233
-0.384277,50,924.318358
-0.668887,50,924.62091
-0.888713,50,924.925181
-0.723579,50,925.225988
-0.77676,50,925.530597
-1.192047,50,925.833477
-0.630173,50,926.135968
-0.669626,50,926.440224
-0.556917,50,926.742004
-0.713097,50,927.046574
-0.478459,50,927.346901
-0.546489,50,927.658482
-0.676673,50,928.012598
-0.65539,50,928.360779
-0.423495,50,928.681809
-0.617354,50,929.018948
-0.54395,50,929.333714
-1.169599,50,929.642696
-1.717905,50,929.956087
-0.480342,50,930.284758
-0.534445,50,930.593897
-0.561134,50,930.901204
-0.537804,50,931.213696
-0.987885,50,931.54378
-1.502037,50,931.876703
-0.862842,50,932.183809
-0.607335,50,932.492171
-0.766674,50,932.822239
-0.610654,50,933.143288
-0.547003,50,933.452792
-0.684762,50,933.758857
-0.623262,50,934.08573
-1.053254,50,934.39896
-0.658892,50,934.706321
-0.550529,50,935.019266
-0.913611,50,935.347965
-0.555005,50,935.670776
-0.685274,50,935.978503
-0.568105,50,936.285746
-0.804402,50,936.615132
-0.874318,50,936.924736
-0.514867,50,937.235448
-0.713325,50,937.545992
-0.743788,50,937.874045
-0.592606,50,938.20114
-0.686079,50,938.508377
-0.599505,50,938.813757
-0.437806,50,939.141259
-0.69988,50,939.451621
-1.661182,50,939.765105
-0.632202,50,940.071773
-0.614208,50,940.398404
-0.764048,50,940.709487
-0.611096,50,941.017345
-1.030804,50,941.329108
-0.542768,50,941.65428
-0.644535,50,941.977651
-1.732656,50,942.287961
-0.854915,50,942.592869
-0.69663,50,942.926095
-0.631624,50,943.243226
-0.527736,50,943.55952
-0.821378,50,943.868529
-0.429039,50,944.194057
-0.720127,50,944.504211
-0.7167,50,944.814521
-0.852392,50,945.123917
-0.822353,50,945.463982
-0.597601,50,945.77639
-0.907805,50,946.082288
-0.483892,50,946.384659
-0.73669,50,946.712089
-0.628624,50,947.025893
-0.582851,50,947.334444
-0.706611,50,947.640212
-0.579844,50,947.965852
-0.462025,50,948.28165
-0.782467,50,948.591902
-0.875191,50,948.896675
-0.696713,50,949.221598
-0.613235,50,949.530856
-1.856618,50,949.846822
-0.410526,50,950.154712
-0.700864,50,950.481774
-0.552884,50,950.80366
-0.507466,50,951.112155
-0.976278,50,951.418778
-0.693387,50,951.745491
-0.601619,50,952.057801
-0.638475,50,952.369959
-0.612545,50,952.679656
-0.745907,50,953.009177
-1.703483,50,953.346057
-0.743152,50,953.656587
-0.755341,50,953.967616
-0.464384,50,954.296828
-0.641704,50,954.611772
-0.656737,50,954.919895
-0.575947,50,955.226784
-0.652026,50,955.560428
-0.986102,50,955.878104
-0.723153,50,956.186841
-0.409423,50,956.492974
-0.566881,50,956.818464
-0.613799,50,957.12776
-0.774991,50,957.451337
-1.586302,50,957.763259
-0.630975,50,958.092228
-1.675343,50,958.416695
-0.584253,50,958.724742
-1.888266,50,959.039298
-0.643243,50,959.365807
-0.5526,50,959.67777
-0.783803,50,959.990517
-0.739457,50,960.298774
-0.429486,50,960.625892
-0.437935,50,960.936464
-0.488175,50,961.242543
-0.565151,50,961.548532
-1.082891,50,961.878872
-0.475264,50,962.207511
-0.449105,50,962.516818
-0.613488,50,962.821819
-0.564723,50,963.153076
-0.596753,50,963.473123
-0.773371,50,963.780474
-0.683871,50,964.088474
-0.5087,50,964.417805
-0.544739,50,964.72777
-0.533606,50,965.035333
-0.727353,50,965.342279
-1.935961,50,965.677401
-0.72411,50,966.00119
-0.629765,50,966.308315
-0.499704,50,966.61468
-0.651043,50,966.940959
-0.675794,50,967.25416
-0.716315,50,967.563208
-0.653854,50,967.868455
-0.611847,50,968.1975
-0.752515,50,968.530106
-0.47264,50,968.838901
-0.568539,50,969.145662
-0.624684,50,969.47608
-0.661273,50,969.793412
-1.686086,50,970.107566
-0.621062,50,970.415681
-0.710217,50,970.741841
-0.546139,50,971.065064
-0.594887,50,971.371858
-0.556159,50,971.682998
-1.196674,50,972.018182
-0.559933,50,972.331929
-0.515878,50,972.642839
-0.560695,50,972.950284
-0.796562,50,973.295205
-0.511399,50,973.611417
-0.689525,50,973.922284
-0.588032,50,974.230216
-0.5071,50,974.55587
-0.515824,50,974.865977
-0.709555,50,975.178146
-0.540187,50,975.488824
-0.692458,50,975.816997
-0.567827,50,976.132023
-0.807711,50,976.447304
-0.661629,50,976.753906
-0.617264,50,977.080869
-0.726975,50,977.396045
-0.42485,50,977.703804
-0.587699,50,978.009845
-0.802478,50,978.339987
-0.542572,50,978.658105
-0.522872,50,978.969239
-0.607072,50,979.279465
-0.630162,50,979.606677
-0.615195,50,979.916393
-0.514885,50,980.225428
-0.546633,50,980.533222
-1.190813,50,980.864739
-0.408943,50,981.180702
-0.545077,50,981.49107
-0.509044,50,981.800898
-0.479103,50,982.130035
-0.422136,50,982.441516
-0.697306,50,982.750091
-0.474582,50,983.055983
-0.531597,50,983.385593
-0.498526,50,983.701754
-0.417975,50,984.011329
-0.788573,50,984.31888
-0.4565,50,984.648671
-0.645339,50,984.964281
-0.602528,50,985.27056
-0.476748,50,985.576396
-0.848869,50,985.91083
-0.636176,50,986.221803
-0.664104,50,986.529597
-0.761476,50,986.836403
-0.68094,50,987.160558
-0.733197,50,987.473731
-0.662922,50,987.781032
-0.737705,50,988.08769
-0.781671,50,988.420303
-0.553852,50,988.734691
-0.825386,50,989.046505
-0.586803,50,989.351789
-0.697259,50,989.679624
-0.498784,50,989.992321
-0.889638,50,990.308324
-0.840955,50,990.61886
-0.614345,50,990.947543
-0.658037,50,991.25622
-0.906069,50,991.565023
-0.548153,50,991.869735
-0.707214,50,992.196576
-0.818508,50,992.516422
-0.652431,50,992.833774
-0.555428,50,993.154032
-0.54841,50,993.495275
-0.667968,50,993.818024
-0.540831,50,994.129772
-0.563165,50,994.439724
-1.351844,50,994.779685
-0.502427,50,995.0982
-0.448193,50,995.408877
-0.608098,50,995.720946
-0.399292,50,996.057216
-0.500181,50,996.381855
-0.362584,50,996.723362
-0.768067,50,997.045137
-0.656191,50,997.381612
-1.343905,50,997.711249
-0.746248,50,998.067313
-0.523235,50,998.436585
-1.434775,50,998.81448
-1.844114,50,999.186416
-0.481545,50,999.526714
-0.838066,50,999.860936
-0.510946,50,1000.233632
-0.522863,50,1000.580348
-0.701374,50,1000.916634
-1.344343,50,1001.255409
-0.580657,50,1001.630053
-0.782235,50,1001.983428
-1.03126,50,1002.356364
-0.82396,50,1002.743771
-0.520021,50,1003.095902
-0.408673,50,1003.48352
-0.746234,50,1003.860508
-0.491613,50,1004.219432
-0.570615,50,1004.590747
-0.37851,50,1004.912971
-1.015602,50,1005.228978
-0.512874,50,1005.539114
-0.554475,50,1005.864731
-0.510507,50,1006.196625
-0.521454,50,1006.508023
-0.742253,50,1006.817097
-0.51705,50,1007.177872
-1.438341,50,1007.516572
-0.378538,50,1007.861757
-0.530631,50,1008.193814
-0.627162,50,1008.569346
-0.601916,50,1008.900459
-0.55718,50,1009.210699
-0.88942,50,1009.521572
-0.840085,50,1009.852656
-0.693655,50,1010.16796
-0.867383,50,1010.478283
-0.54336,50,1010.786434
-0.554424,50,1011.099398
-0.791489,50,1011.433194
-0.737511,50,1011.745513
-0.621431,50,1012.054671
-0.607953,50,1012.384241
-0.718133,50,1012.71348
-0.494787,50,1013.022263
-0.576298,50,1013.332581
-0.616089,50,1013.648371
-0.652421,50,1013.973695
-0.629508,50,1014.282528
-0.603363,50,1014.59218
-0.711085,50,1014.904501
-0.550691,50,1015.287255
-0.621837,50,1015.673279
-0.52715,50,1016.071799
-0.61308,50,1016.435715
-0.660234,50,1016.814655
-0.799608,50,1017.169274
-0.538962,50,1017.519043
-0.975276,50,1017.875671
-0.706235,50,1018.224308
-0.433578,50,1018.565384
-1.355858,50,1018.93094
-0.343499,50,1019.299478
-0.540394,50,1019.644587
-0.640679,50,1020.019875
-0.568826,50,1020.359932
-0.733101,50,1020.760243
-0.41695,50,1021.104639
-0.377611,50,1021.423565
-0.584349,50,1021.770161
-0.955144,50,1022.100026
-0.501461,50,1022.42357
-0.538527,50,1022.734451
-0.937524,50,1023.044861
-0.96871,50,1023.361243
-0.639966,50,1023.688956
-0.765351,50,1024.000024
-0.466374,50,1024.377548
-0.50361,50,1024.790464
-0.646284,50,1025.174925
-0.594244,50,1025.544162
-0.673915,50,1025.904096
-1.356633,50,1026.292407
-0.523747,50,1026.650697
-0.762889,50,1026.994198
-0.634372,50,1027.331604
-0.717901,50,1027.655424
-0.566225,50,1027.990682
-0.451556,50,1028.298601
-0.472335,50,1028.610679
-0.816393,50,1028.929993
-0.439636,50,1029.277357
-1.96482,50,1029.612137
-0.598129,50,1029.922448
-0.694123,50,1030.245326
-0.788782,50,1030.588604
-0.776134,50,1030.922024
-0.781181,50,1031.253129
-0.630291,50,1031.577165
-0.578226,50,1031.905507
-0.943142,50,1032.230541
-0.519645,50,1032.555274
-0.386811,50,1032.901283
-0.421876,50,1033.229899
-0.812118,50,1033.563267
-0.392067,50,1033.889982
-0.561594,50,1034.217053
-1.18161,50,1034.548401
-0.688992,50,1034.871322
-1.806323,50,1035.199314
-0.582736,50,1035.524948
-0.740057,50,1035.854185
-0.59803,50,1036.243665
-0.645752,50,1036.618092
-0.551732,50,1036.965956
-0.529605,50,1037.309002
-0.728561,50,1037.688814
-0.627249,50,1038.045647
-0.977118,50,1038.432156
-0.683978,50,1038.801897
-0.687404,50,1039.141684
-0.52941,50,1039.467157
-1.436288,50,1039.797851
-0.607514,50,1040.123144
-0.504005,50,1040.440625
-0.705064,50,1040.747559
-0.502081,50,1041.06147
-0.69676,50,1041.403905
-0.525089,50,1041.721464
-0.635962,50,1042.047443
-0.64374,50,1042.381111
-0.746205,50,1042.714982
-0.648261,50,1043.044386
-0.914358,50,1043.368025
-0.6032,50,1043.696635
-0.453264,50,1044.023868
-0.559727,50,1044.351231
-0.519126,50,1044.675476
-0.680473,50,1045.025988
-0.601493,50,1045.354085
-0.467182,50,1045.678227
-0.692443,50,1046.003115
-0.577432,50,1046.344462
-0.572771,50,1046.675511
-0.597258,50,1047.001408
-0.593498,50,1047.329464
-0.458624,50,1047.656962
-0.627953,50,1047.99172
-0.553728,50,1048.330252
-0.618301,50,1048.6677
-0.661751,50,1049.013596
-0.530238,50,1049.343284
-0.685627,50,1049.667653
-0.566407,50,1049.993535
-1.066186,50,1050.333929
-0.422998,50,1050.669951
-0.432653,50,1050.997139
-0.696123,50,1051.323195
-0.543097,50,1051.647453
-0.721855,50,1051.97859
-0.500941,50,1052.305311
-0.657241,50,1052.635577
-0.722565,50,1052.986446
-0.537696,50,1053.318062
-0.553101,50,1053.64339
-0.456514,50,1053.966176
-0.715803,50,1054.293449
-0.809143,50,1054.633892
-0.564777,50,1054.965559
-0.451868,50,1055.295126
-0.496341,50,1055.622788
-0.585582,50,1055.954151
-0.734825,50,1056.284606
-0.797759,50,1056.611933
-0.669784,50,1056.959245
-0.476524,50,1057.288565
-0.677538,50,1057.61242
-0.701022,50,1057.938371
-1.146245,50,1058.270157
-0.570325,50,1058.600809
-0.72168,50,1058.92636
-1.476837,50,1059.258369
-0.776472,50,1059.582029
-0.388044,50,1059.905019
-0.586286,50,1060.22806
-1.721447,50,1060.559283
-0.656273,50,1060.886393
-1.320736,50,1061.233771
-0.608758,50,1061.55645
-0.807569,50,1061.879201
-0.629603,50,1062.205777
-0.614228,50,1062.531413
-0.675889,50,1062.856164
-0.416533,50,1063.181251
-0.514242,50,1063.506625
-0.856653,50,1063.839561
-0.513933,50,1064.168201
-0.697946,50,1064.503222
-0.439278,50,1064.837776
-0.713499,50,1065.193889
-0.566356,50,1065.525164
-0.911697,50,1065.860826
-0.519919,50,1066.185463
-0.70351,50,1066.51858
-0.463313,50,1066.847096
-0.5051,50,1067.17375
-0.478156,50,1067.509862
-0.479247,50,1067.842912
-0.349107,50,1068.168442
-0.635904,50,1068.493863
-1.546628,50,1068.826127
-0.668311,50,1069.16849
-0.503771,50,1069.496649
-0.69038,50,1069.820048
-0.625368,50,1070.14387
-0.534548,50,1070.46901
-0.53083,50,1070.792575
-0.634634,50,1071.115159
-0.55743,50,1071.44272
-0.549714,50,1071.782009
-0.619913,50,1072.125278
-0.627219,50,1072.459206
-0.742673,50,1072.783131
-1.523626,50,1073.166356
-0.401836,50,1073.489749
-0.816615,50,1073.817232
-0.76447,50,1074.148527
-0.636399,50,1074.478771
-0.462141,50,1074.804614
-0.66828,50,1075.129201
-0.548581,50,1075.453365
-0.992331,50,1075.778778
-0.643795,50,1076.105857
-0.688143,50,1076.429275
-1.905335,50,1076.762034
-0.738116,50,1077.274916
-0.821245,50,1077.601904
-0.733364,50,1077.926746
-0.74524,50,1078.253819
-0.775489,50,1078.580806
-0.584807,50,1078.904675
-1.550139,50,1079.24018
-1.163875,50,1079.574012
-0.668607,50,1079.900731
-1.684324,50,1080.231846
-0.612389,50,1080.556453
-0.533484,50,1080.928994
-0.520277,50,1081.262444
-0.617912,50,1081.594578
-0.560761,50,1081.930764
-0.932911,50,1082.264851
-0.753284,50,1082.600609
-0.767457,50,1082.928282
-0.420596,50,1083.251516
-0.527723,50,1083.576131
-0.602799,50,1083.903846
-0.625533,50,1084.226251
-0.598056,50,1084.554684
-0.480722,50,1084.880914
-0.886754,50,1085.22187
-0.561011,50,1085.545941
-0.650092,50,1085.868871
-0.747278,50,1086.196801
-0.614418,50,1086.522228
-0.896747,50,1086.846072
-0.496407,50,1087.171747
-0.794172,50,1087.494973
-0.817241,50,1087.821141
-0.683365,50,1088.148506
-0.504685,50,1088.480203
-1.847614,50,1088.823096
-0.463479,50,1089.213651
-0.462785,50,1089.545349
-0.699091,50,1089.877774
-0.354573,50,1090.208767
-0.684012,50,1090.539055
-0.514583,50,1090.87305
-0.361637,50,1091.204986
-0.457367,50,1091.533578
-0.567002,50,1091.867094
-0.391485,50,1092.200032
-1.326256,50,1092.539188
-0.564556,50,1092.880622
-0.635055,50,1093.226915
-0.979725,50,1093.558697
-0.44527,50,1093.88008
-0.624855,50,1094.202627
-0.437137,50,1094.526576
-1.066221,50,1094.857143
-0.524464,50,1095.179737
-0.872146,50,1095.503592
-0.702672,50,1095.828398
-0.657619,50,1096.152313
-0.951609,50,1096.479588
-0.428372,50,1096.809417
-0.677429,50,1097.171432
-2.001875,50,1097.504227
-0.817019,50,1097.829798
-0.629213,50,1098.155243
-0.697972,50,1098.479132
-0.748501,50,1098.801551
-0.569608,50,1099.129929
-0.571826,50,1099.456823
-0.864919,50,1099.796461
-0.612013,50,1100.122393
-0.572237,50,1100.446319
-0.450452,50,1100.773418
-0.451734,50,1101.100355
-1.810106,50,1101.431516
-1.205618,50,1101.763452
-1.725849,50,1102.145839
-0.712199,50,1102.480789
-0.491049,50,1102.80294
-0.660231,50,1103.13551
-0.535842,50,1103.459864
-0.725193,50,1103.792565
-0.464528,50,1104.129639
-0.468797,50,1104.465627
-0.85448,50,1104.803181
-0.514928,50,1105.130688
-0.419018,50,1105.459123
-0.452622,50,1105.786492
-0.748717,50,1106.130884
-0.760744,50,1106.456983
-0.896441,50,1106.782363
-0.511221,50,1107.105207
-0.759231,50,1107.431425
-0.493651,50,1107.755741
-0.733707,50,1108.079445
-0.890408,50,1108.402055
-0.531121,50,1108.725084
-0.525105,50,1109.049767
-0.62828,50,1109.37626
-0.440124,50,1109.699341
-0.344223,50,1110.059165
-0.427371,50,1110.385337
-0.419755,50,1110.709873
-0.46717,50,1111.035505
-0.910098,50,1111.362247
-0.393325,50,1111.685346
-0.400736,50,1112.012247
-0.792744,50,1112.339297
-0.710032,50,1112.664013
-0.817657,50,1112.997759
-0.847695,50,1113.331236
-0.770539,50,1113.658091
-0.665744,50,1114.003143
-0.469882,50,1114.329199
-0.619561,50,1114.653414
-0.724466,50,1114.978533
-0.525735,50,1115.307728
-0.764262,50,1115.634363
-0.469578,50,1115.959738
-0.672213,50,1116.284576
-0.671846,50,1116.613041
-0.683395,50,1116.943004
-0.755835,50,1117.270879
-0.788812,50,1117.607385
-0.503222,50,1117.937475
-0.612202,50,1118.273346
-0.466454,50,1118.601075
-0.70242,50,1118.931965
-0.576547,50,1119.261104
-0.534257,50,1119.591858
-0.883977,50,1119.921078
-0.643472,50,1120.247861
-0.695821,50,1120.57665
-0.786099,50,1120.906726
-0.544903,50,1121.233339
-0.488801,50,1121.560516
-1.1846,50,1121.906135
-0.603946,50,1122.24129
-0.522489,50,1122.569436
-0.672233,50,1122.896233
-0.689404,50,1123.228403
-0.567532,50,1123.552716
-0.493956,50,1123.875691
-0.419562,50,1124.199943
-0.542234,50,1124.531145
-0.356022,50,1124.854429
-0.472816,50,1125.177811
-0.512092,50,1125.501509
-0.508764,50,1125.82625
-0.519795,50,1126.172478
-0.589449,50,1126.506947
-0.452828,50,1126.844463
-0.61705,50,1127.17538
-0.374385,50,1127.504633
-0.402529,50,1127.831388
-0.526781,50,1128.155213
-0.628546,50,1128.478044
-0.896623,50,1128.811325
-0.599968,50,1129.134972
-0.592227,50,1129.457662
-0.496681,50,1129.782747
-0.762361,50,1130.110977
-0.42268,50,1130.435947
-0.310569,50,1130.759146
-0.412383,50,1131.120219
-0.466053,50,1131.444344
-0.526081,50,1131.76993
-0.698712,50,1132.10431
-0.66694,50,1132.441806
-0.513148,50,1132.769269
-0.706649,50,1133.095417
-0.626496,50,1133.422459
-0.608133,50,1133.754315
-0.502316,50,1134.083487
-0.566545,50,1134.409254
-0.695288,50,1134.738478
-0.580636,50,1135.067511
-0.671645,50,1135.409398
-0.629446,50,1135.732528
-0.502712,50,1136.055789
-0.401679,50,1136.380277
-0.451141,50,1136.705751
-0.565127,50,1137.03504
-0.564745,50,1137.358627
-0.402424,50,1137.682089
-0.860841,50,1138.008233
-0.460145,50,1138.334304
-0.42667,50,1138.659408
-0.68966,50,1138.985496
-0.541269,50,1139.331077
-0.729868,50,1139.660941
-0.406219,50,1139.98466
-0.391328,50,1140.309715
-0.637418,50,1140.637695
-0.568989,50,1140.962117
-0.32641,50,1141.284149
-1.403779,50,1141.615717
-0.576039,50,1141.941629
-0.584128,50,1142.265416
-0.516621,50,1142.596974
-0.510074,50,1142.974035
-0.703677,50,1143.316004
-0.638205,50,1143.643748
-0.74891,50,1143.974878
-0.653175,50,1144.298671
-0.623364,50,1144.627074
-0.474935,50,1144.95205
-0.563382,50,1145.27718
-0.58747,50,1145.603047
-0.607496,50,1145.92916
-0.867142,50,1146.261097
-0.39605,50,1146.586009
-0.287765,50,1146.928715
-0.527383,50,1147.257814
-0.56354,50,1147.602009
-0.623285,50,1147.939829
-0.424204,50,1148.274849
-0.633905,50,1148.600807
-1.552663,50,1148.929153
-1.269437,50,1149.255443
-0.710471,50,1149.583508
-0.60513,50,1149.908655
-0.572736,50,1150.23225
-1.880698,50,1150.561226
-1.197745,50,1150.890791
-0.710974,50,1151.232498
-0.662016,50,1151.558356
-0.6902,50,1151.884303
-0.446056,50,1152.207231
-0.714484,50,1152.530897
-0.368742,50,1152.853531
-0.596975,50,1153.180644
-0.716992,50,1153.506967
-0.380655,50,1153.8316
-1.176175,50,1154.162532
-0.545123,50,1154.483526
-0.930992,50,1154.813002
-0.818491,50,1155.170999
-0.768809,50,1155.500923
-0.570693,50,1155.827611
-0.406048,50,1156.153515
-0.726515,50,1156.480929
-0.731342,50,1156.810499
-0.455665,50,1157.137447
-0.590403,50,1157.466586
-0.59637,50,1157.793963
-0.425029,50,1158.118966
-0.578625,50,1158.4497
-0.596842,50,1158.776119
-0.623333,50,1159.104503
-0.505605,50,1159.430407
-0.57996,50,1159.753643
-0.606888,50,1160.130775
-0.462829,50,1160.46716
-0.615366,50,1160.795955
-0.742173,50,1161.120988
-0.784304,50,1161.445831
-1.841522,50,1161.778223
-0.57982,50,1162.10106
-0.874547,50,1162.424066
-0.742676,50,1162.748577
-0.592537,50,1163.074723
-0.757682,50,1163.399625
-0.588137,50,1163.728087
-0.683673,50,1164.057522
-0.678401,50,1164.398919
-0.820243,50,1164.723423
-0.823987,50,1165.04785
-0.803042,50,1165.375398
-0.587925,50,1165.703682
-0.630068,50,1166.031466
-0.447371,50,1166.352956
-0.575653,50,1166.680403
-0.564306,50,1167.006102
-0.557112,50,1167.333926
-0.578957,50,1167.657835
-0.507372,50,1168.027283
-1.36791,50,1168.362627
-0.66752,50,1168.6919
-0.689882,50,1169.014745
-0.422484,50,1169.345655
-0.684199,50,1169.674845
-0.310377,50,1170.004446
-0.552735,50,1170.336613
-0.669328,50,1170.666578
-0.423586,50,1170.993226
-0.527389,50,1171.323753
-0.377019,50,1171.646576
-0.565655,50,1171.989175
-0.548194,50,1172.315841
-0.592239,50,1172.639552
-0.44292,50,1172.964287
-0.418137,50,1173.301511
-0.585486,50,1173.642896
-0.722891,50,1173.99136
-0.47263,50,1174.319987
-1.056907,50,1174.656368
-0.394384,50,1174.986719
-0.433216,50,1175.312408
-0.850667,50,1175.64606
-0.72792,50,1175.992594
-0.580693,50,1176.330562
-0.683368,50,1176.65592
-0.692106,50,1176.983153
-0.699672,50,1177.307286
-0.702694,50,1177.633568
-0.652231,50,1177.957006
-0.63617,50,1178.28415
-0.712247,50,1178.607687
-0.671586,50,1178.934733
-0.752422,50,1179.259537
-0.469196,50,1179.585164
-0.573926,50,1179.924693
-0.481868,50,1180.252855
-0.735233,50,1180.576693
-0.470637,50,1180.901358
-0.311376,50,1181.223035
-0.705751,50,1181.547583
-0.791779,50,1181.872082
-0.467928,50,1182.199079
-0.541358,50,1182.524451
-0.801997,50,1182.850348
-1.345144,50,1183.180416
-0.620684,50,1183.506441
-0.723224,50,1183.832433
-0.730749,50,1184.175885
-0.731206,50,1184.500273
-0.70799,50,1184.824965
-1.07289,50,1185.153556
-0.664071,50,1185.474911
-0.690128,50,1185.796973
-0.401681,50,1186.118166
-0.761611,50,1186.444134
-0.75083,50,1186.768027
-0.900306,50,1187.090336
-0.755071,50,1187.412766
-0.707087,50,1187.738003
-0.499105,50,1188.060738
-0.654178,50,1188.384943
-0.585486,50,1188.706918
-0.791071,50,1189.050224
-0.930719,50,1189.394561
-0.618545,50,1189.722899
-0.459158,50,1190.045482
-0.709543,50,1190.371611
-0.57735,50,1190.700132
-0.465197,50,1191.024197
-0.396484,50,1191.345564
-0.463052,50,1191.666873
-0.617017,50,1191.994704
-0.680781,50,1192.317982
-0.441926,50,1192.639958
-0.619202,50,1192.983948
-0.808741,50,1193.310052
-0.736851,50,1193.632039
-0.5508,50,1193.954836
-0.631542,50,1194.280658
-0.718964,50,1194.608139
-0.57206,50,1194.929952
-0.854797,50,1195.26017
-0.613025,50,1195.581922
-0.603817,50,1195.906845
-0.487876,50,1196.229814
-0.99882,50,1196.557207
-0.37281,50,1196.87848
-0.899141,50,1197.224193
-0.678666,50,1197.561835
-0.474096,50,1197.89811
-0.665618,50,1198.232136
-0.874398,50,1198.564376
-0.640097,50,1198.89193
-0.928404,50,1199.226928
-0.668255,50,1199.549625
-0.405793,50,1199.874072
-0.611848,50,1200.203694
-0.612094,50,1200.52665
-0.537857,50,1200.849121
-0.480572,50,1201.206976
-0.45648,50,1201.529913
-1.325474,50,1201.859926
-0.537563,50,1202.183378
-1.728118,50,1202.512501
-0.464186,50,1202.834917
-0.632203,50,1203.160655
-0.843424,50,1203.481929
-0.692652,50,1203.807815
-0.493196,50,1204.130745
-0.495132,50,1204.45247
-0.364945,50,1204.774954
-0.453162,50,1205.098548
-0.470529,50,1205.425419
-0.481307,50,1205.748377
-0.527349,50,1206.092351
-0.551827,50,1206.418793
-1.629054,50,1206.750871
-0.619738,50,1207.077412
-0.496451,50,1207.40247
-0.724605,50,1207.731211
-0.838088,50,1208.059666
-0.594944,50,1208.38709
-1.321296,50,1208.717288
-0.902825,50,1209.047854
-0.503824,50,1209.371009
-0.647528,50,1209.697962
-1.209023,50,1210.074814
-0.349979,50,1210.397404
-0.751596,50,1210.722918
-0.561765,50,1211.046961
-0.633153,50,1211.371304
-0.641627,50,1211.699073
-0.566688,50,1212.026988
-0.400896,50,1212.352653
-0.491292,50,1212.679297
-0.622245,50,1213.005484
-0.612222,50,1213.334797
-0.348579,50,1213.657263
-0.489231,50,1214.000359
-0.687989,50,1214.335604
-1.622041,50,1214.668439
-0.705718,50,1214.994345
-0.710091,50,1215.320721
-0.652439,50,1215.650227
-0.903805,50,1215.981642
-0.834092,50,1216.305695
-1.115249,50,1216.636661
-0.624463,50,1216.959201
-0.582662,50,1217.286255
-0.537031,50,1217.616809
-0.521222,50,1217.960121
-0.541307,50,1218.287435
-0.365449,50,1218.613368
-0.492712,50,1218.937074
-0.579855,50,1219.261775
-0.59946,50,1219.585054
-1.353438,50,1219.915351
-0.548936,50,1220.238791
-0.797507,50,1220.5605
-0.656451,50,1220.882317
-0.461758,50,1221.205596
-0.463254,50,1221.533706
-0.664711,50,1221.863177
-0.346348,50,1222.239743
-0.400825,50,1222.566341
-0.449029,50,1222.902424
-0.407348,50,1223.237737
-0.520766,50,1223.564215
-0.487584,50,1223.892122
-0.261517,50,1224.219008
-0.354049,50,1224.541007
-0.612172,50,1224.865438
-0.675459,50,1225.185916
-0.557506,50,1225.511445
-0.640907,50,1225.835438
-0.613969,50,1226.185395
-0.514903,50,1226.512454
-0.643606,50,1226.834398
-1.539456,50,1227.163881
-0.821774,50,1227.498849
-0.669025,50,1227.825281
-0.510232,50,1228.151776
-0.507667,50,1228.47717
-0.783793,50,1228.808579
-0.542478,50,1229.139691
-0.718107,50,1229.471878
-0.560943,50,1229.803152
-0.492649,50,1230.134385
-0.593098,50,1230.461061
-0.619399,50,1230.784944
-0.8055,50,1231.107314
-0.623346,50,1231.447111
-0.903113,50,1231.776323
-0.806686,50,1232.108448
-0.567146,50,1232.439075
-1.091825,50,1232.775529
-0.795927,50,1233.099531
-0.513963,50,1233.42578
-1.210578,50,1233.760145
-0.661687,50,1234.089634
-0.709189,50,1234.423977
-0.697581,50,1234.751106
-0.732154,50,1235.096453
-0.42268,50,1235.422274
-0.629259,50,1235.746641
-0.72417,50,1236.075376
-1.218648,50,1236.404405
-0.800094,50,1236.730019
-0.564293,50,1237.060883
-0.634295,50,1237.382698
-1.060866,50,1237.70897
-0.720619,50,1238.035737
-0.627054,50,1238.357393
-0.943057,50,1238.689652
-0.536887,50,1239.031738
-1.054066,50,1239.364603
-0.592482,50,1239.687685
-0.616535,50,1240.011827
-0.733656,50,1240.334748
-0.745232,50,1240.659883
-0.351281,50,1240.985277
-0.613573,50,1241.310163
-0.611058,50,1241.634974
-0.610556,50,1242.137754
-0.447817,50,1242.462831
-0.857158,50,1242.788928
-0.466524,50,1243.117726
-0.602298,50,1243.473199
-0.668938,50,1243.801476
-1.71004,50,1244.133632
-0.557494,50,1244.456887
-1.24488,50,1244.788196
-0.672682,50,1245.112108
-0.756161,50,1245.432991
-0.626316,50,1245.755527
-0.478497,50,1246.077656
-0.655927,50,1246.404315
-0.706659,50,1246.72506
-0.636914,50,1247.097446
-0.498921,50,1247.424735
-1.119247,50,1247.771181
-0.631409,50,1248.110775
-0.713605,50,1248.4522
-0.680984,50,1248.782176
-0.622155,50,1249.111314
-0.620779,50,1249.437371
-0.558308,50,1249.76613
-0.759203,50,1250.092128
-0.66157,50,1250.417334
-0.493333,50,1250.745213
-0.663808,50,1251.09389
-0.364553,50,1251.419008
-0.572403,50,1251.745712
-0.323838,50,1252.0695
-0.504663,50,1252.395216
-0.532554,50,1252.717941
-0.833031,50,1253.041677
-1.196239,50,1253.372162
-0.606084,50,1253.697416
-0.519721,50,1254.019903
-0.618045,50,1254.342439
-1.24755,50,1254.671296
-0.70254,50,1254.998278
-0.678418,50,1255.361707
-0.483524,50,1255.687984
-0.467286,50,1256.01129
-0.591691,50,1256.337071
-0.562407,50,1256.661722
-0.494393,50,1256.987951
-0.437787,50,1257.313658
-0.84862,50,1257.637014
-0.639159,50,1257.964021
-0.615672,50,1258.287401
-0.64105,50,1258.617853
-0.553871,50,1258.987837
-0.47079,50,1259.314636
-1.655916,50,1259.647361
-0.315068,50,1259.974246
-0.426308,50,1260.300918
-0.878013,50,1260.62957
-0.576467,50,1260.954907
-0.405109,50,1261.280159
-0.566112,50,1261.603811
-0.742966,50,1261.930729
-0.677686,50,1262.257137
-0.508477,50,1262.588642
-0.524103,50,1262.920034
-0.313478,50,1263.262961
-0.368854,50,1263.587564
-0.530286,50,1263.913087
-0.532403,50,1264.240764
-0.59204,50,1264.57189
-0.625199,50,1264.897265
-0.640774,50,1265.221642
-0.839594,50,1265.549575
-0.3729,50,1265.873955
-0.451842,50,1266.196246
-0.409746,50,1266.525185
-0.55946,50,1266.84809
-0.469321,50,1267.19232
-0.528573,50,1267.515089
-0.74,50,1267.839724
-0.792527,50,1268.177082
-1.589715,50,1268.513387
-0.546499,50,1268.840998
-0.592065,50,1269.173291
-0.556313,50,1269.496603
-0.672404,50,1269.821178
-0.603824,50,1270.146424
-0.721451,50,1270.468605
-0.6559,50,1270.791336
-0.596173,50,1271.116615
-0.44339,50,1271.440536
-1.428591,50,1271.772082
-0.681079,50,1272.131032
-0.648318,50,1272.465091
-0.558464,50,1272.790342
-0.678166,50,1273.119809
-0.437386,50,1273.443328
-0.300033,50,1273.769953
-0.802126,50,1274.096367
-0.602275,50,1274.42236
-0.521224,50,1274.773431
-0.651785,50,1275.113384
-0.62273,50,1275.440975
-0.342722,50,1275.767436
-0.434079,50,1276.09865
-0.454771,50,1276.440237
-0.618886,50,1276.769257
-0.400114,50,1277.092969
-0.552349,50,1277.418945
-0.786228,50,1277.749442
-0.74966,50,1278.073305
-0.515051,50,1278.3971
-1.060682,50,1278.730699
-0.752735,50,1279.05594
-0.755487,50,1279.379791
-0.698556,50,1279.707656
-0.481845,50,1280.050446
-0.622949,50,1280.377748
-0.475837,50,1280.703713
-0.746609,50,1281.028305
-0.597618,50,1281.351294
-0.707986,50,1281.677347
-1.022891,50,1282.00584
-0.658518,50,1282.328262
-0.367742,50,1282.654938
-0.483698,50,1282.981669
-0.457339,50,1283.306491
-0.478556,50,1283.63433
-0.587439,50,1283.963808
-0.591488,50,1284.318594
-0.774725,50,1284.646919
-0.462887,50,1284.972994
-0.256499,50,1285.295108
-0.393663,50,1285.618291
-0.605369,50,1285.940368
-0.47783,50,1286.259652
-0.755292,50,1286.586625
-1.364116,50,1286.917121
-0.573806,50,1287.239313
-0.495577,50,1287.56068
-0.579801,50,1287.88838
-0.666001,50,1288.22946
-0.635475,50,1288.55521
-1.248736,50,1288.887023
-0.914574,50,1289.224913
-0.716535,50,1289.560749
-0.648827,50,1289.893797
-1.368202,50,1290.229929
-0.456549,50,1290.558822
-0.438301,50,1290.885483
-0.523821,50,1291.217853
-0.781804,50,1291.550875
-0.640219,50,1291.876461
-0.792219,50,1292.21953
-0.387674,50,1292.541992
-0.463619,50,1292.869124
-0.582028,50,1293.193103
-0.647698,50,1293.518435
-0.851475,50,1293.850162
-0.756435,50,1294.17616
-0.547141,50,1294.502824
-0.60493,50,1294.828404
-0.420522,50,1295.152065
-1.100487,50,1295.484204
-0.588387,50,1295.810127
-0.55825,50,1296.1682
-0.470602,50,1296.4935
-0.634759,50,1296.817112
-0.890013,50,1297.152451
-0.54676,50,1297.492544
-0.381537,50,1297.824528
-0.722108,50,1298.15204
-0.538947,50,1298.482562
-0.293666,50,1298.808147
-0.317374,50,1299.133243
-0.485372,50,1299.455971
-0.616246,50,1299.77976
-0.57632,50,1300.105461
-0.355399,50,1300.430396
-0.398453,50,1300.753915
-0.600636,50,1301.131124
-0.547872,50,1301.456674
-0.458995,50,1301.782017
-0.603531,50,1302.106716
-0.60852,50,1302.431604
-0.479249,50,1302.754649
-1.503163,50,1303.086536
-0.423806,50,1303.410324
-0.519313,50,1303.735531
-0.615426,50,1304.062174
-1.501639,50,1304.39343
-0.422173,50,1304.716082
-0.868505,50,1305.059643
-0.675062,50,1305.386741
-0.575248,50,1305.711785
-0.920492,50,1306.041416
-0.554599,50,1306.366218
-0.440636,50,1306.691544
-0.401279,50,1307.01394
-0.652957,50,1307.351263
-0.810149,50,1307.672406
-0.796482,50,1307.994377
-0.457601,50,1308.314274
-0.471057,50,1308.638613
-1.695213,50,1308.986405
-0.479682,50,1309.322932
-0.470321,50,1309.645721
-0.64362,50,1309.969745
-0.500674,50,1310.293949
-0.874712,50,1310.620917
-0.818175,50,1310.942598
-0.856776,50,1311.269275
-1.6965,50,1311.598348
-0.709231,50,1311.921611
-1.048707,50,1312.265198
-0.649151,50,1312.590972
-0.574551,50,1312.91965
-0.705781,50,1313.260402
-0.61594,50,1313.588173
-0.492534,50,1313.914177
-0.273385,50,1314.238764
-0.51652,50,1314.564468
-0.460527,50,1314.889608
-0.668737,50,1315.214937
-0.373832,50,1315.540925
-0.522029,50,1315.875364
-0.594456,50,1316.201154
-0.633853,50,1316.529645
-0.546063,50,1316.871357
-1.29005,50,1317.232218
-0.978314,50,1317.566707
-0.485929,50,1317.895741
-0.560412,50,1318.224051
-0.62335,50,1318.55291
-0.61471,50,1318.880193
-0.644002,50,1319.20686
-0.438844,50,1319.533159
-0.604254,50,1319.857555
-1.449343,50,1320.19034
-0.795967,50,1320.519698
-0.58513,50,1320.842823
-0.618477,50,1321.220498
-0.66095,50,1321.544537
-0.406923,50,1321.870472
-0.350283,50,1322.194424
-0.420156,50,1322.520809
-0.645837,50,1322.847371
-0.41157,50,1323.170009
-0.521294,50,1323.492248
-0.384077,50,1323.819321
-0.577895,50,1324.142553
-1.542494,50,1324.471103
-0.501312,50,1324.796341
-0.437016,50,1325.140309
-0.855421,50,1325.468387
-0.636581,50,1325.793445
-0.450669,50,1326.113882
-1.122859,50,1326.441652
-0.456286,50,1326.764803
-0.293448,50,1327.087836
-0.477101,50,1327.41151
-0.634201,50,1327.733847
-0.614754,50,1328.059309
-0.833527,50,1328.391837
-0.49149,50,1328.71558
-0.358749,50,1329.039337
-0.467176,50,1329.361051
-0.573731,50,1329.683975
-0.371229,50,1330.055596
-0.43166,50,1330.392438
-0.397133,50,1330.716934
-0.497997,50,1331.04002
-0.522706,50,1331.363763
-0.876042,50,1331.691389
-0.572506,50,1332.016418
-0.413907,50,1332.340442
-0.500255,50,1332.664266
-0.621053,50,1332.990435
-0.5499,50,1333.313652
-0.30736,50,1333.639356
-0.684364,50,1333.97344
-0.45507,50,1334.315873
-0.408253,50,1334.63767
-0.675046,50,1334.977879
-0.585656,50,1335.314197
-0.775271,50,1335.645162
-0.748122,50,1335.972848
-0.72897,50,1336.298716
-0.767219,50,1336.623011
-0.636878,50,1336.954387
-0.51488,50,1337.279619
-0.573441,50,1337.602354
-0.733425,50,1337.94548
-0.497869,50,1338.271357
-0.330201,50,1338.595708
-0.460772,50,1338.923
-1.385212,50,1339.253634
-0.722473,50,1339.581377
-0.585619,50,1339.905817
-0.54301,50,1340.23009
-0.478291,50,1340.55182
-0.656053,50,1340.878419
-0.818734,50,1341.206419
-0.623533,50,1341.53219
-0.589755,50,1341.874869
-0.601293,50,1342.23479
-0.779324,50,1342.561879
-0.695081,50,1342.891651
-0.746328,50,1343.219094
-0.493929,50,1343.548009
-0.717337,50,1343.879041
-0.610044,50,1344.201773
-0.494706,50,1344.524192
-0.665661,50,1344.856305
-0.701506,50,1345.183329
-0.285804,50,1345.506287
-0.517648,50,1345.829879
-0.443289,50,1346.174836
-0.490228,50,1346.500952
-0.56449,50,1346.827807
-0.723615,50,1347.150477
-0.425708,50,1347.480182
-0.369639,50,1347.818524
-0.361972,50,1348.141204
-0.739191,50,1348.469381
-0.596901,50,1348.795136
-0.518872,50,1349.123439
-0.559644,50,1349.453398
-0.621097,50,1349.779653
-0.756658,50,1350.104003
-0.686777,50,1350.43206
-0.653943,50,1350.757693
-0.519313,50,1351.108509
-0.424712,50,1351.434432
-0.462007,50,1351.765799
-0.709464,50,1352.091395
-0.345884,50,1352.416494
-0.980435,50,1352.7474
-0.376888,50,1353.07305
-0.539281,50,1353.396676
-0.563857,50,1353.721699
-0.435829,50,1354.045133
-0.676219,50,1354.369516
-0.489115,50,1354.693135
-0.388204,50,1355.020515
-1.389413,50,1355.381825
-0.382245,50,1355.706822
-0.384832,50,1356.062415
-0.865313,50,1356.410054
-0.428795,50,1356.728571
-1.315884,50,1357.059615
-0.569998,50,1357.378537
-0.6544,50,1357.69361
-0.562237,50,1358.024771
-0.48126,50,1358.337744
-0.454776,50,1358.665138
-0.70405,50,1359.0299
-0.677902,50,1359.351714
-0.577111,50,1359.674864
-0.683405,50,1359.993861
-0.652074,50,1360.311234
-0.339576,50,1360.624607
-0.513499,50,1360.937563
-0.590947,50,1361.257262
-0.632623,50,1361.568779
-0.334816,50,1361.889718
-0.548073,50,1362.203853
-0.427767,50,1362.518493
-1.345832,50,1362.843947
-1.324644,50,1363.210536
-0.411452,50,1363.546364
-1.345772,50,1363.865668
-0.35615,50,1364.188343
-0.656939,50,1364.501139
-0.611389,50,1364.823818
-0.364436,50,1365.149449
-0.528897,50,1365.461774
-1.290353,50,1365.79321
-0.455103,50,1366.10425
-0.716429,50,1366.416332
-0.6348,50,1366.740505
-0.590988,50,1367.054318
-0.566475,50,1367.365429
-0.762541,50,1367.676075
-0.560853,50,1368.017031
-0.487373,50,1368.356025
-0.861865,50,1368.689054
-0.470279,50,1369.016659
-0.408097,50,1369.345766
-0.486948,50,1369.671544
-0.639215,50,1370.003097
-0.430762,50,1370.326777
-0.30191,50,1370.649716
-1.11911,50,1370.982508
-0.807972,50,1371.311334
-0.539954,50,1371.633255
-0.627686,50,1371.960937
-0.588498,50,1372.302873
-0.638541,50,1372.62969
-0.616925,50,1372.95791
-0.732021,50,1373.281692
-0.68078,50,1373.606528
-0.439863,50,1373.930301
-0.534435,50,1374.257531
-0.589448,50,1374.584566
-0.509754,50,1374.911689
-0.57731,50,1375.235462
-0.843856,50,1375.566159
-0.691244,50,1375.909893
-0.625274,50,1376.243443
-0.398935,50,1376.568087
-0.274748,50,1376.892287
-0.985929,50,1377.22541
-1.002736,50,1377.556296
-0.483144,50,1377.883846
-0.451551,50,1378.206062
-0.471015,50,1378.52858
-0.600872,50,1378.853151
-0.699264,50,1379.177628
-0.432614,50,1379.501331
-0.540838,50,1379.827396
-0.400747,50,1380.172674
-0.434682,50,1380.499852
-0.959023,50,1380.834351
-0.566202,50,1381.160979
-0.596387,50,1381.503631
-0.415436,50,1381.830155
-0.570718,50,1382.156997
-0.529713,50,1382.482687
-0.506413,50,1382.810331
-0.725311,50,1383.138181
-1.946359,50,1383.473413
-1.032293,50,1383.811273
-0.616808,50,1384.180437
-0.648274,50,1384.503461
-0.495541,50,1384.830761
-0.777183,50,1385.156416
-0.400751,50,1385.483336
-0.745119,50,1385.809675
-0.730244,50,1386.132733
-0.993939,50,1386.462599
-0.738364,50,1386.789399
-0.501977,50,1387.11179
-0.514787,50,1387.436979
-0.675247,50,1387.778776
-0.477915,50,1388.104302
-0.643561,50,1388.434106
-0.526502,50,1388.758562
-0.615318,50,1389.111991
-0.480387,50,1389.438941
-0.494935,50,1389.763986
-0.487842,50,1390.087243
-0.419741,50,1390.410795
-0.840865,50,1390.741268
-0.519164,50,1391.065239
-0.798481,50,1391.388262
-0.547135,50,1391.712627
-0.586934,50,1392.035541
-0.61443,50,1392.360322
-0.70165,50,1392.685929
-0.629929,50,1393.012559
-0.93465,50,1393.371963
-0.643491,50,1393.705546
-0.396563,50,1394.03244
-0.343975,50,1394.357286
-0.419069,50,1394.68068
-0.479705,50,1395.006642
-0.44762,50,1395.331364
-0.640602,50,1395.656857
-0.621663,50,1395.980583
-0.578382,50,1396.308526
-0.630296,50,1396.632067
-0.821969,50,1396.977933
-0.691076,50,1397.30991
-0.4296,50,1397.635636
-0.516489,50,1397.959491
-0.562524,50,1398.28243
-0.367039,50,1398.607796
-1.33672,50,1398.941497
-0.707325,50,1399.265191
-0.771819,50,1399.589605
-0.664756,50,1399.91602
-0.930498,50,1400.238713
-0.631266,50,1400.564313
-0.58061,50,1400.891761
-0.661645,50,1401.234665
-0.65762,50,1401.559548
-0.410251,50,1401.884187
-0.429253,50,1402.207454
-1.052459,50,1402.539084
-0.566656,50,1402.862246
-0.390957,50,1403.185065
-0.417407,50,1403.509743
-0.507536,50,1403.833816
-0.930586,50,1404.168117
-0.607342,50,1404.490354
-0.581068,50,1404.817351
-0.637162,50,1405.168415
-0.607124,50,1405.494372
-0.721011,50,1405.819524
-0.597953,50,1406.142719
-0.411531,50,1406.654825
-0.500485,50,1406.977895
-0.514725,50,1407.301623
-0.458306,50,1407.62348
-0.716091,50,1407.954922
-0.396146,50,1408.281797
-0.572039,50,1408.606805
-0.384576,50,1408.950658
-0.387144,50,1409.284286
-0.824143,50,1409.609271
-0.669756,50,1409.939007
-0.808879,50,1410.262813
-0.494231,50,1410.587198
-0.364099,50,1410.91172
-0.544451,50,1411.24062
-0.682987,50,1411.568099
-0.64605,50,1411.893965
-0.753239,50,1412.221325
-0.531519,50,1412.545955
-0.608817,50,1412.871232
-0.339025,50,1413.214091
-0.843315,50,1413.541501
-0.465977,50,1413.87568
-0.413345,50,1414.21042
-0.381159,50,1414.554221
-0.51302,50,1414.887266
-1.756244,50,1415.226409
-0.42482,50,1415.553773
-0.703756,50,1415.88075
-0.588049,50,1416.208073
-0.544999,50,1416.538677
-0.685259,50,1416.879731
-0.838689,50,1417.243015
-0.483073,50,1417.567728
-0.402118,50,1417.895515
-0.699038,50,1418.222663
-0.717428,50,1418.556307
-0.598908,50,1418.883691
-0.643738,50,1419.210698
-0.549236,50,1419.539956
-0.624381,50,1419.872352
-0.788027,50,1420.198341
-0.537507,50,1420.531505
-0.691715,50,1420.856623
-0.733459,50,1421.200569
-0.73746,50,1421.532863
-0.479187,50,1421.857228
-0.507917,50,1422.180973
-0.478589,50,1422.506741
-0.34567,50,1422.838401
-0.380483,50,1423.17434
-0.509526,50,1423.511312
-0.43085,50,1423.841805
-0.442559,50,1424.174011
-0.670435,50,1424.498623
-0.504776,50,1424.824094
-0.633774,50,1425.185772
-1.3494,50,1425.517672
-0.472712,50,1425.842714
-0.838995,50,1426.167721
-0.475168,50,1426.495711
-0.472149,50,1426.819822
-0.673393,50,1427.144591
-0.585744,50,1427.469285
-0.472755,50,1427.794879
-0.720368,50,1428.119736
-0.827984,50,1428.449279
-0.65292,50,1428.776231
-0.3289,50,1429.101608
-1.80979,50,1429.430703
-0.502201,50,1429.754145
-0.496381,50,1430.077182
-0.43433,50,1430.40187
-0.586984,50,1430.724864
-0.45016,50,1431.050423
-0.719501,50,1431.375213
-0.588184,50,1431.699276
-0.426969,50,1432.02568
-0.60753,50,1432.354685
-0.791114,50,1432.677871
-0.657202,50,1433.001897
-0.638702,50,1433.324884
-0.758582,50,1433.646987
-0.635474,50,1433.996645
-0.637223,50,1434.336491
-0.559551,50,1434.659993
-1.041021,50,1434.990417
-0.590756,50,1435.316109
-0.678609,50,1435.640583
-0.290563,50,1435.973951
-0.307502,50,1436.308127
-0.23831,50,1436.635587
-1.872567,50,1436.970638
-0.529244,50,1437.29891
-0.467958,50,1437.625283
-0.254446,50,1437.957683
-0.582517,50,1438.297598
-0.391013,50,1438.624287
-0.539328,50,1438.95041
-0.607819,50,1439.283915
-0.605072,50,1439.611744
-0.619738,50,1439.937722
-0.584199,50,1440.265862
-0.6628,50,1440.591475
-0.739849,50,1440.916508
-0.674386,50,1441.24279
-0.613286,50,1441.56866
-0.560184,50,1441.918716
-0.692629,50,1442.271098
-0.891945,50,1442.602125
-0.455866,50,1442.926461
-0.495469,50,1443.250816
-0.574313,50,1443.579068
-0.45671,50,1443.904099
-0.539934,50,1444.231849
-1.443991,50,1444.563776
-0.661706,50,1444.889201
-0.603558,50,1445.213584
-0.576956,50,1445.539286
-0.529124,50,1445.864837
-0.522437,50,1446.243354
-0.721157,50,1446.576918
-0.602731,50,1446.904977
-0.602419,50,1447.233875
-0.636786,50,1447.563532
-0.344622,50,1447.900037
-0.518327,50,1448.233717
-0.661828,50,1448.561746
-0.764002,50,1448.887036
-0.77542,50,1449.215659
-0.467551,50,1449.540616
-0.682018,50,1449.868216
-0.501025,50,1450.214395
-0.76463,50,1450.541579
-0.403691,50,1450.867628
-0.610397,50,1451.195261
-0.817019,50,1451.5252
-0.690133,50,1451.84796
-0.561446,50,1452.189543
-0.416067,50,1452.515655
-0.622612,50,1452.843538
-0.591069,50,1453.167915
-0.513144,50,1453.491689
-0.659686,50,1453.818269
-0.711298,50,1454.184536
-0.806656,50,1454.509019
-0.665319,50,1454.837714
-0.608468,50,1455.163427
-0.471605,50,1455.488605
-0.493763,50,1455.825662
-0.690216,50,1456.164421
-0.500861,50,1456.500041
-0.51008,50,1456.828856
-0.552257,50,1457.156616
-1.84877,50,1457.487933
-0.534327,50,1457.816581
-0.435144,50,1458.143903
-0.63746,50,1458.473649
-0.786,50,1458.801967
-0.601784,50,1459.135211
-0.617502,50,1459.461674
-0.546569,50,1459.787317
-0.770369,50,1460.110093
-1.10112,50,1460.442202
-0.650743,50,1460.769487
-0.621668,50,1461.097346
-0.70003,50,1461.422594
-0.609067,50,1461.747034
-0.492344,50,1462.072321
-0.637827,50,1462.396542
-0.44007,50,1462.719956
-0.738233,50,1463.083635
-0.592755,50,1463.418588
-0.524125,50,1463.7452
-0.710542,50,1464.075198
-0.639942,50,1464.40026
-0.594408,50,1464.726116
-0.780129,50,1465.051094
-0.765527,50,1465.382024
-0.578292,50,1465.709782
-0.541291,50,1466.033757
-0.502939,50,1466.356233
-0.576892,50,1466.684542
-0.433566,50,1467.012954
-1.783316,50,1467.358372
-0.599138,50,1467.68451
-0.519418,50,1468.00696
-0.772999,50,1468.331531
-1.42473,50,1468.662274
-0.557695,50,1468.983723
-0.572616,50,1469.311987
-0.506731,50,1469.639072
-0.420874,50,1469.962534
-0.380133,50,1470.285172
-0.387179,50,1470.608511
-0.761969,50,1470.93381
-0.491538,50,1471.281771
-0.494216,50,1471.607687
-0.642639,50,1471.93379
-0.445527,50,1472.257852
-0.636509,50,1472.586562
-0.548727,50,1472.910196
-0.326694,50,1473.23262
-0.390208,50,1473.555703
-0.469904,50,1473.882507
-0.41504,50,1474.214255
-0.61941,50,1474.54282
-0.587846,50,1474.867938
-0.575745,50,1475.222623
-0.581408,50,1475.55288
-0.642661,50,1475.884517
-0.463052,50,1476.214297
-0.513964,50,1476.54165
-1.514775,50,1476.874224
-0.604417,50,1477.206917
-0.626193,50,1477.530917
-0.683181,50,1477.858458
-0.660217,50,1478.182634
-0.487645,50,1478.508832
-0.519391,50,1478.834131
-0.516251,50,1479.198041
-0.567986,50,1479.5222
-0.496088,50,1479.847016
-0.474906,50,1480.170517
-0.615951,50,1480.495115
-0.546153,50,1480.819557
-0.526084,50,1481.142041
-1.673854,50,1481.472424
-0.589389,50,1481.795673
-0.499869,50,1482.118808
-0.42914,50,1482.449606
-0.886446,50,1482.793478
-0.564694,50,1483.158288
-0.715763,50,1483.487677
-0.616262,50,1483.817282
-0.60024,50,1484.148843
-1.220517,50,1484.481722
-0.447281,50,1484.808475
-0.376555,50,1485.131556
-0.538821,50,1485.457851
-0.480826,50,1485.784702
-0.446209,50,1486.108038
-0.486954,50,1486.432777
-0.472093,50,1486.762966
-0.438148,50,1487.090369
-0.307213,50,1487.420367
-0.509816,50,1487.746558
-0.840193,50,1488.112944
-0.705283,50,1488.453515
-0.586931,50,1488.778661
-0.376674,50,1489.102762
-0.684896,50,1489.432773
-0.483033,50,1489.767024
-0.595572,50,1490.093303
-0.989485,50,1490.426667
-0.6578,50,1490.754616
-1.797576,50,1491.085923
-0.611314,50,1491.408711
-0.630633,50,1491.732179
-0.570652,50,1492.079246
-0.53826,50,1492.405696
-0.449352,50,1492.745362
-1.40186,50,1493.078285
-1.883949,50,1493.410479
-0.512727,50,1493.732883
-0.623969,50,1494.061356
-0.223237,50,1494.387543
-0.394457,50,1494.712234
-0.542583,50,1495.036709
-0.539069,50,1495.360057
-0.250188,50,1495.684948
-0.563458,50,1496.03156
-0.747002,50,1496.35819
-0.606349,50,1496.684104
-0.807078,50,1497.007938
-0.721795,50,1497.331823
-0.699806,50,1497.659377
-0.498701,50,1497.984569
-0.534569,50,1498.311863
-0.402937,50,1498.636963
-0.516093,50,1498.96891
-0.556197,50,1499.29526
-0.657075,50,1499.619482
-0.667558,50,1499.967573
-0.625958,50,1500.306152
-0.804892,50,1500.628633
-0.620661,50,1500.950915
-0.397017,50,1501.273718
-0.502488,50,1501.601861
-0.65064,50,1501.926199
-0.597455,50,1502.254387
-0.607082,50,1502.58263
-0.400547,50,1502.921081
-0.387069,50,1503.261242
-0.482607,50,1503.596739
-0.356445,50,1503.945239
-0.466991,50,1504.282118
-0.423319,50,1504.609814
-0.595349,50,1504.938093
-0.60825,50,1505.264905
-0.675434,50,1505.62662
-0.598551,50,1506.006571
-1.258511,50,1506.374757
-0.648433,50,1506.742716
-0.634838,50,1507.103809
-0.458636,50,1507.438179
-0.668266,50,1507.825067
-0.7929,50,1508.171023
-0.595551,50,1508.499964
-0.39383,50,1508.830919
-0.556746,50,1509.150071
-0.375581,50,1509.488056
-0.454693,50,1509.823802
-0.402829,50,1510.156116
-0.30039,50,1510.47593
-0.488099,50,1510.815389
-0.440414,50,1511.140679
-0.650279,50,1511.464637
-0.497575,50,1511.788022
-0.445536,50,1512.130633
-0.394543,50,1512.504752
-0.544813,50,1512.867017
-0.535912,50,1513.250428
-0.716223,50,1513.613877
-0.651516,50,1513.95607
-0.590551,50,1514.289465
-0.560287,50,1514.646911
-1.741726,50,1515.036643
-0.793467,50,1515.387423
-0.680368,50,1515.717152
-0.616647,50,1516.055193
-0.657976,50,1516.424855
-0.473636,50,1516.774353
-0.370493,50,1517.13281
-0.499695,50,1517.488476
-0.558351,50,1517.862121
-0.566469,50,1518.202771
-0.274595,50,1518.532263
-0.59009,50,1518.898217
-0.515824,50,1519.239007
-0.547262,50,1519.557443
-0.540415,50,1519.870954
-0.437111,50,1520.183021
-1.152239,50,1520.521101
-0.878399,50,1520.861595
-0.742675,50,1521.17329
-0.362982,50,1521.549459
-0.532357,50,1521.917004
-0.382991,50,1522.246698
-0.600315,50,1522.604581
-0.711929,50,1522.978899
-0.743501,50,1523.383255
-0.452911,50,1523.789249
-1.776671,50,1524.170975
-0.638657,50,1524.532663
-1.540636,50,1524.898268
-0.851424,50,1525.24898
-0.578064,50,1525.590115
-0.635664,50,1525.936704
-0.443794,50,1526.293961
-0.480101,50,1526.638832
-0.508259,50,1526.994231
-0.467141,50,1527.351886
-0.358742,50,1527.726362
-0.668452,50,1528.085046
-0.563356,50,1528.421115
-0.654102,50,1528.751303
-0.559314,50,1529.097067
-1.796154,50,1529.449083
-0.56042,50,1529.780074
-0.733399,50,1530.107419
-0.687364,50,1530.463032
-0.513729,50,1530.79355
-0.384842,50,1531.118264
-0.541829,50,1531.448818
-0.481292,50,1531.793958
-1.090861,50,1532.153377
-0.61425,50,1532.48014
-0.546685,50,1532.823773
-0.397934,50,1533.191774
-0.445257,50,1533.526043
-0.316249,50,1533.857315
-0.457775,50,1534.186194
-0.556233,50,1534.540136
-0.552609,50,1534.882844
-0.689201,50,1535.218943
-1.453448,50,1535.574832
-0.445796,50,1535.943193
-0.568952,50,1536.291355
-0.602108,50,1536.625369
-1.022159,50,1536.962253
-0.477095,50,1537.315609
-0.714745,50,1537.67003
-0.615007,50,1538.003072
-0.628127,50,1538.352546
-0.544913,50,1538.708561
-0.450266,50,1539.082287
-0.647353,50,1539.417287
-0.488139,50,1539.752048
-0.600152,50,1540.106982
-0.493831,50,1540.451698
-0.374416,50,1540.78424
-1.233856,50,1541.121646
-0.456844,50,1541.474412
-0.290086,50,1541.806996
-0.367915,50,1542.137146
-0.649634,50,1542.472654
-0.609666,50,1542.820436
-0.648257,50,1543.166674
-0.595127,50,1543.50201
-0.543631,50,1543.851313
-0.760462,50,1544.227344
-0.579556,50,1544.588251
-0.583981,50,1544.925626
-0.532764,50,1545.262644
-0.764003,50,1545.612551
-0.365716,50,1545.95679
-0.648629,50,1546.288657
-0.548795,50,1546.622198
-0.669981,50,1546.974138
-0.483824,50,1547.301757
-0.374508,50,1547.632335
-0.319265,50,1547.960396
-0.583729,50,1548.305817
-0.620077,50,1548.649106
-0.526771,50,1548.973551
-0.622843,50,1549.306111
-0.31838,50,1549.656843
-0.271024,50,1549.990145
-0.449489,50,1550.319125
-0.454091,50,1550.644225
-0.851058,50,1550.995422
-0.632259,50,1551.331586
-0.603952,50,1551.655052
-0.552712,50,1551.976955
-0.567161,50,1552.328394
-0.442443,50,1552.663397
-0.70779,50,1552.997115
-0.847255,50,1553.320192
-0.646508,50,1553.666168
-0.612735,50,1554.005374
-0.91649,50,1554.342408
-0.417182,50,1554.67051
-0.443095,50,1555.013251
-0.341883,50,1555.340903
-0.470404,50,1555.67019
-0.756172,50,1555.993097
-0.496327,50,1556.341347
-0.403171,50,1556.68592
-0.262241,50,1557.01218
-0.594686,50,1557.33793
-1.381371,50,1557.687539
-0.444399,50,1558.013343
-0.58993,50,1558.335313
-0.387334,50,1558.65818
-0.427853,50,1559.001706
-0.458472,50,1559.340796
-0.478608,50,1559.677647
-0.625042,50,1560.029965
-0.568048,50,1560.403703
-0.381684,50,1560.761325
-0.539044,50,1561.112376
-1.389736,50,1561.453541
-0.39415,50,1561.801398
-0.356895,50,1562.141031
-0.460233,50,1562.470612
-0.8807,50,1562.808544
-0.559686,50,1563.163787
-0.556907,50,1563.503012
-0.704946,50,1563.8313
-0.711177,50,1564.162093
-0.541354,50,1564.51974
-0.62957,50,1564.864127
-0.472581,50,1565.189627
-0.362721,50,1565.515291
-0.285344,50,1565.856691
-0.364695,50,1566.184109
-0.433885,50,1566.507335
-1.508862,50,1566.835477
-0.44577,50,1567.179641
-0.452767,50,1567.5188
-0.295305,50,1567.842315
-0.347381,50,1568.167387
-0.693937,50,1568.512734
-0.52491,50,1568.844019
-0.389461,50,1569.172356
-0.491101,50,1569.50117
-0.723156,50,1569.849921
-0.679267,50,1570.191902
-0.756387,50,1570.515056
-0.681146,50,1570.843568
-0.507781,50,1571.191067
-0.561435,50,1571.517955
-0.571184,50,1571.842995
-0.682124,50,1572.174457
-0.510806,50,1572.518781
-0.503277,50,1572.852781
-0.607325,50,1573.176963
-0.81955,50,1573.501456
-0.695967,50,1573.846407
-0.488938,50,1574.344531
-0.444776,50,1574.670351
-0.791523,50,1575.003465
-0.693343,50,1575.351734
-0.565793,50,1575.696341
-0.715363,50,1576.024994
-0.751362,50,1576.354987
-0.642154,50,1576.715552
-0.611753,50,1577.051005
-0.771311,50,1577.377525
-0.53311,50,1577.702544
-0.61139,50,1578.044378
-0.453539,50,1578.377933
-0.497881,50,1578.701577
-0.550397,50,1579.02736
-0.731528,50,1579.384455
-0.656718,50,1579.712876
-1.013156,50,1580.045571
-0.409765,50,1580.373711
-0.55961,50,1580.73019
-0.555447,50,1581.077434
-0.420917,50,1581.402099
-0.665832,50,1581.724706
-1.57827,50,1582.094049
-0.605509,50,1582.448146
-0.761067,50,1582.802599
-0.496313,50,1583.156506
-0.638907,50,1583.540493
-0.615214,50,1583.904362
-0.697719,50,1584.241042
-0.564455,50,1584.570168
-0.416263,50,1584.919005
-0.411215,50,1585.249848
-0.752434,50,1585.576875
-0.658315,50,1585.908494
-0.543243,50,1586.262201
-0.570193,50,1586.593613
-1.785011,50,1586.924805
-0.50159,50,1587.245726
-0.580218,50,1587.596523
-0.325003,50,1587.925787
-1.128175,50,1588.255507
-0.673234,50,1588.586218
-0.49685,50,1588.936657
-0.58233,50,1589.270647
-0.481242,50,1589.600979
-0.396597,50,1589.927057
-0.641574,50,1590.274416
-0.664845,50,1590.604248
-0.620236,50,1590.93101
-0.637986,50,1591.25623
-0.457051,50,1591.596598
-0.460423,50,1591.926429
-0.394404,50,1592.255313
-0.820273,50,1592.584564
-0.489463,50,1592.934997
-0.651309,50,1593.276738
-0.480027,50,1593.599833
-0.454614,50,1593.924254
-0.757028,50,1594.267841
-0.451405,50,1594.597978
-0.517498,50,1594.921969
-0.596267,50,1595.247484
-0.463344,50,1595.59666
-0.585006,50,1595.944162
-0.571089,50,1596.278122
-0.518625,50,1596.609483
-0.487664,50,1596.960833
-0.608553,50,1597.299381
-0.650076,50,1597.630435
-0.551329,50,1597.966102
-0.466492,50,1598.319264
-0.711467,50,1598.66271
-0.659458,50,1598.992569
-0.702212,50,1599.324075
-0.413171,50,1599.673846
-0.479059,50,1600.00946
-0.521024,50,1600.342408
-0.669849,50,1600.668836
-0.581412,50,1601.011567
-0.461042,50,1601.344707
-0.641379,50,1601.66338
-0.553938,50,1601.992302
-0.579795,50,1602.363641
-0.444825,50,1602.717353
-0.424667,50,1603.06965
-0.680707,50,1603.397125
-0.504422,50,1603.742311
-0.459167,50,1604.081325
-0.504744,50,1604.414555
-0.458725,50,1604.746284
-0.503961,50,1605.099059
-0.738039,50,1605.440004
-0.615695,50,1605.796274
-0.470359,50,1606.161159
-0.654082,50,1606.521264
-0.496136,50,1606.871133
-0.655303,50,1607.23485
-0.557063,50,1607.58658
-0.53809,50,1607.955867
-0.567636,50,1608.295042
-0.411282,50,1608.622928
-0.526098,50,1608.953551
-0.581465,50,1609.304456
-0.444814,50,1609.6476
-0.24842,50,1609.981372
-0.332823,50,1610.306891
-0.458043,50,1610.662193
-0.682923,50,1610.998698
-1.354309,50,1611.338434
-0.573985,50,1611.661653
-0.427509,50,1612.010149
-0.610505,50,1612.353192
-0.637024,50,1612.678556
-0.335716,50,1613.005232
-0.596627,50,1613.351092
-0.497608,50,1613.68432
-0.639517,50,1614.013608
-0.676059,50,1614.341165
-0.705605,50,1614.691809
-0.618745,50,1615.028499
-0.556511,50,1615.35675
-0.521142,50,1615.685077
-0.46757,50,1616.032419
-0.305827,50,1616.366727
-0.44279,50,1616.694164
-0.71666,50,1617.019586
-0.482464,50,1617.360848
-0.926285,50,1617.71606
-0.561796,50,1618.044911
-0.638537,50,1618.370381
-0.46894,50,1618.714024
-0.586691,50,1619.045389
-0.608832,50,1619.372531
-0.551968,50,1619.699399
-1.521341,50,1620.056382
-0.353457,50,1620.384591
-0.658873,50,1620.715672
-0.564262,50,1621.046437
-0.501401,50,1621.397367
-0.60319,50,1621.73604
-0.59811,50,1622.06921
-0.383236,50,1622.401335
-0.455838,50,1622.755734
-0.425405,50,1623.091456
-0.645402,50,1623.424359
-0.464153,50,1623.758561
-0.581197,50,1624.113696
-0.574104,50,1624.451784
-0.416979,50,1624.785269
-0.489732,50,1625.115967
-0.736493,50,1625.469002
-0.779052,50,1625.811903
-0.319319,50,1626.143692
-0.282929,50,1626.476959
-0.444051,50,1626.827911
-0.597078,50,1627.190474
-0.747972,50,1627.539869
-0.412675,50,1627.891558
-0.912807,50,1628.249421
-0.479868,50,1628.580555
-0.436411,50,1628.907109
-1.408896,50,1629.243333
-0.263684,50,1629.591561
-0.616587,50,1629.93223
-0.529744,50,1630.258748
-0.538483,50,1630.586034
-0.504552,50,1630.934038
-0.671888,50,1631.268903
-0.513117,50,1631.597827
-0.460697,50,1631.926852
-0.410535,50,1632.272786
-0.500866,50,1632.619655
-0.802587,50,1632.956904
-0.591812,50,1633.306766
-0.579778,50,1633.672852
-0.579437,50,1634.002357
-0.675823,50,1634.329983
-0.668589,50,1634.659986
-0.474974,50,1635.007506
-0.529237,50,1635.355246
-0.632672,50,1635.682601
-0.517224,50,1636.010236
-0.526388,50,1636.356314
-0.351087,50,1636.687508
-0.643206,50,1637.026304
-0.717494,50,1637.354489
-0.608672,50,1637.700104
-0.491678,50,1638.041765
-0.645612,50,1638.364403
-0.521457,50,1638.689855
-0.479241,50,1639.023901
-0.254447,50,1639.364619
-1.87549,50,1639.699345
-0.328932,50,1640.021412
-0.255111,50,1640.362235
-0.515664,50,1640.706717
-0.559169,50,1641.0561
-1.321204,50,1641.391703
-0.483812,50,1641.739691
-0.861155,50,1642.073349
-0.533164,50,1642.404159
-0.483722,50,1642.733986
-0.424464,50,1643.08417
-0.543959,50,1643.432765
-1.367269,50,1643.769947
-0.416551,50,1644.103121
-0.682065,50,1644.457467
-0.507758,50,1644.793729
-1.740346,50,1645.139282
-0.828829,50,1645.475071
-0.701004,50,1645.827852
-0.597578,50,1646.180684
-0.608857,50,1646.514738
-0.547782,50,1646.848773
-0.667052,50,1647.219929
-0.61012,50,1647.57501
-0.548192,50,1647.929325
-0.555524,50,1648.257772
-0.414156,50,1648.600029
-0.659368,50,1648.944263
-0.792115,50,1649.269479
-0.922564,50,1649.604162
-0.688299,50,1649.946966
-0.513716,50,1650.273271
-0.521941,50,1650.606111
-0.564658,50,1650.929685
-0.640071,50,1651.272047
-0.468163,50,1651.616174
-0.323712,50,1651.940812
-0.258333,50,1652.271023
-0.49534,50,1652.602426
-0.468897,50,1652.965961
-1.323466,50,1653.301561
-0.603895,50,1653.626476
-0.496384,50,1653.975597
-0.600356,50,1654.316087
-0.435352,50,1654.644443
-0.423899,50,1654.980217
-0.818705,50,1655.340574
-0.600562,50,1655.675872
-0.542657,50,1656.037046
-0.630503,50,1656.383255
-0.545205,50,1656.749165
-0.84422,50,1657.110215
-1.35582,50,1657.46665
-0.343555,50,1657.820668
-0.750244,50,1658.195901
-0.668492,50,1658.540534
-1.424843,50,1658.872006
-0.69787,50,1659.202044
-0.736305,50,1659.5535
-0.63167,50,1659.895868
-0.6014,50,1660.220614
-0.466174,50,1660.545109
-0.567331,50,1660.888767
-0.547081,50,1661.219696
-0.359993,50,1661.545633
-0.469153,50,1661.871558
-0.593091,50,1662.215011
-0.663824,50,1662.558218
-0.570004,50,1662.888385
-0.573557,50,1663.21371
-0.719812,50,1663.545258
-0.725284,50,1663.889206
-0.653751,50,1664.214807
-0.501626,50,1664.543327
-0.694927,50,1664.891477
-0.441949,50,1665.233149
-0.578203,50,1665.56059
-0.604694,50,1665.889363
-0.431635,50,1666.224801
-0.761912,50,1666.578634
-0.422628,50,1666.903846
-0.492261,50,1667.230655
-0.593066,50,1667.575298
-0.3519,50,1667.922492
-0.407519,50,1668.248654
-0.772989,50,1668.576906
-0.69258,50,1668.924531
-0.396509,50,1669.257978
-0.650027,50,1669.591589
-0.42895,50,1669.919007
-0.59107,50,1670.267914
-0.470372,50,1670.606466
-0.374368,50,1670.932245
-0.466128,50,1671.258528
-0.691723,50,1671.605351
-0.510896,50,1671.928037
-0.602318,50,1672.281193
-1.487232,50,1672.640869
-0.485059,50,1673.016746
-0.449367,50,1673.37368
-0.29889,50,1673.699192
-0.491155,50,1674.026605
-0.495412,50,1674.371988
-0.47061,50,1674.699519
-0.70311,50,1675.022865
-0.804282,50,1675.347405
-0.340763,50,1675.694385
-0.583285,50,1676.032951
-1.718911,50,1676.369487
-0.526034,50,1676.694899
-0.75805,50,1677.040406
-0.644777,50,1677.366108
-0.536714,50,1677.69502
-0.410452,50,1678.023738
-1.401791,50,1678.380881
-0.544505,50,1678.719732
-0.698403,50,1679.052303
-0.427275,50,1679.384077
-0.512298,50,1679.738315
-0.432591,50,1680.073644
-1.478495,50,1680.409886
-0.389097,50,1680.740912
-0.507917,50,1681.094298
-0.270709,50,1681.432872
-1.368247,50,1681.77323
-0.530869,50,1682.106379
-0.50208,50,1682.459555
-0.854358,50,1682.807822
-0.44715,50,1683.137323
-0.64183,50,1683.476172
-0.559722,50,1683.842671
-0.290588,50,1684.186368
-0.323223,50,1684.512987
-0.490367,50,1684.840242
-0.44865,50,1685.182536
-0.728216,50,1685.52779
-0.702004,50,1685.852978
-0.666604,50,1686.186146
-0.62798,50,1686.540633
-0.732019,50,1686.870718
-0.534382,50,1687.197782
-0.645682,50,1687.535941
-0.480615,50,1687.883244
-0.780505,50,1688.224697
-0.645687,50,1688.548201
-0.510631,50,1688.869987
-1.717727,50,1689.222206
-0.41793,50,1689.559558
-0.62154,50,1689.887744
-0.443269,50,1690.232065
-0.550074,50,1690.601333
-0.468325,50,1690.962341
-0.498196,50,1691.305456
-0.559064,50,1691.629993
-0.561857,50,1691.97646
-0.686282,50,1692.314093
-0.330417,50,1692.641479
-0.430704,50,1692.966438
-0.473306,50,1693.317586
-0.533765,50,1693.659784
-0.709076,50,1693.984949
-0.431081,50,1694.307431
-0.476597,50,1694.655409
-0.585567,50,1694.988524
-0.671815,50,1695.312378
-0.455936,50,1695.638353
-0.580441,50,1695.986294
-0.625731,50,1696.320672
-0.480375,50,1696.649179
-1.158802,50,1696.984648
-0.634319,50,1697.326001
-0.69211,50,1697.656932
-0.629812,50,1697.983033
-0.634706,50,1698.311625
-0.486082,50,1698.659396
-0.631569,50,1698.999386
-1.303376,50,1699.331609
-0.430497,50,1699.65687
-0.45221,50,1700.000776
-0.999535,50,1700.33668
-0.436077,50,1700.65753
-1.632719,50,1700.988318
-0.390071,50,1701.329638
-0.805867,50,1701.673221
-0.47479,50,1702.003762
-0.429176,50,1702.325398
-0.387175,50,1702.677529
-0.434639,50,1703.007085
-0.596566,50,1703.340703
-0.599183,50,1703.673641
-0.613327,50,1704.020251
-0.611186,50,1704.363103
-0.424234,50,1704.691103
-0.586006,50,1705.016061
-0.547845,50,1705.380603
-0.382635,50,1705.715903
-1.447519,50,1706.049539
-0.461382,50,1706.384898
-0.620047,50,1706.732506
-0.451429,50,1707.075197
-0.564579,50,1707.402248
-0.472833,50,1707.726761
-0.660221,50,1708.075799
-0.402241,50,1708.408499
-0.40823,50,1708.74058
-0.518073,50,1709.109227
-0.474287,50,1709.493661
-0.560628,50,1709.854228
-0.474715,50,1710.176402
-0.690404,50,1710.535122
-0.582946,50,1710.895299
-0.663376,50,1711.216364
-0.536792,50,1711.546598
-0.455179,50,1711.866516
-1.442492,50,1712.217266
-0.402357,50,1712.546716
-0.34895,50,1712.86784
-0.735246,50,1713.180395
-1.430091,50,1713.5248
-0.549314,50,1713.860099
-0.459741,50,1714.174062
-0.33488,50,1714.491472
-0.553565,50,1714.826115
-0.645911,50,1715.139691
-1.356639,50,1715.460649
-0.342471,50,1715.773983
-0.300021,50,1716.101796
-0.369194,50,1716.418807
-0.537368,50,1716.736161
-0.408489,50,1717.059449
-0.535194,50,1717.397853
-0.688146,50,1717.728028
-0.646877,50,1718.057872
-0.528338,50,1718.39004
-0.641027,50,1718.728851
-0.366814,50,1719.059073
-0.422387,50,1719.385502
-1.522505,50,1719.72081
-0.280474,50,1720.057383
-0.443836,50,1720.375203
-0.649601,50,1720.704642
-0.626964,50,1721.050273
-0.559031,50,1721.406759
-0.490994,50,1721.780032
-0.523252,50,1722.13915
-0.575739,50,1722.476137
-0.543064,50,1722.825248
-0.512929,50,1723.167426
-0.368325,50,1723.498734
-0.482579,50,1723.830751
-0.390448,50,1724.180798
-0.577365,50,1724.52003
-0.596574,50,1724.851337
-0.59766,50,1725.18369
-0.435813,50,1725.542422
-0.343704,50,1725.874429
-0.716762,50,1726.204515
-0.327405,50,1726.532048
-0.639863,50,1726.882342
-0.748233,50,1727.237012
-0.654011,50,1727.592507
-0.317505,50,1727.94645
-0.45044,50,1728.313265
-1.514464,50,1728.67137
-0.436721,50,1729.004045
-0.332926,50,1729.328571
-0.465869,50,1729.673639
-0.623656,50,1730.004331
-0.397878,50,1730.329072
-0.436247,50,1730.650721
-0.355457,50,1730.994877
-0.609225,50,1731.324074
-0.666069,50,1731.651345
-0.363211,50,1731.973171
-0.472756,50,1732.316286
-0.549302,50,1732.65568
-0.733135,50,1732.990074
-0.582144,50,1733.315998
-0.538784,50,1733.661109
-0.231751,50,1733.988226
-0.411949,50,1734.312268
-0.523732,50,1734.633904
-0.47683,50,1734.980721
-0.672894,50,1735.318274
-0.89789,50,1735.649468
-0.390187,50,1735.975218
-0.388909,50,1736.320912
-0.59399,50,1736.650478
-0.656465,50,1736.983145
-0.468428,50,1737.306888
-0.431178,50,1737.651506
-0.802083,50,1737.996038
-0.498398,50,1738.321711
-0.582256,50,1738.645577
-0.512501,50,1738.990251
-0.613798,50,1739.329053
-0.526346,50,1739.653388
-0.567435,50,1739.981561
-0.762984,50,1740.336117
-0.736525,50,1740.678855
-0.665271,50,1741.008536
-0.601451,50,1741.336514
-0.564732,50,1741.682301
-0.57355,50,1742.016651
-0.478356,50,1742.339499
-0.664116,50,1742.664763
-0.626701,50,1743.017671
-0.629971,50,1743.537927
-0.662502,50,1743.868974
-0.538849,50,1744.207956
-0.371956,50,1744.566773
-0.514688,50,1744.915605
-0.373886,50,1745.244693
-0.477122,50,1745.574536
-0.596416,50,1745.926537
-0.719722,50,1746.267731
-0.499224,50,1746.597142
-0.48177,50,1746.928493
-0.738824,50,1747.283954
-1.504237,50,1747.63328
-0.49956,50,1747.991568
-0.380398,50,1748.345435
-0.47399,50,1748.699697
-0.624931,50,1749.058765
-0.457399,50,1749.374484
-0.480308,50,1749.695301
-0.411125,50,1750.043952
-0.39779,50,1750.369368
-0.520887,50,1750.681176
-0.428391,50,1751.025664
-1.028474,50,1751.43587
-0.594559,50,1751.813318
-0.489144,50,1752.179082
-0.337809,50,1752.533575
-0.554635,50,1752.888796
-0.596834,50,1753.233722
-0.566526,50,1753.563181
-0.560946,50,1753.889125
-0.350762,50,1754.23545
-0.672315,50,1754.5669
-0.42318,50,1754.894204
-0.76325,50,1755.225887
-0.440889,50,1755.572135
-0.522891,50,1755.907932
-0.280498,50,1756.236633
-0.602456,50,1756.56367
-0.599015,50,1756.913917
-0.48749,50,1757.247963
-0.317573,50,1757.573469
-0.439116,50,1757.90023
-0.51436,50,1758.248187
-0.47138,50,1758.585762
-0.75441,50,1758.92068
-0.557315,50,1759.250046
-0.468063,50,1759.611483
-0.340724,50,1759.948278
-0.713189,50,1760.277858
-0.525109,50,1760.606319
-1.138292,50,1760.965723
-0.592032,50,1761.314889
-0.594141,50,1761.647254
-0.785394,50,1761.979054
-0.445506,50,1762.328001
-0.351625,50,1762.668776
-0.630111,50,1762.999461
-0.570054,50,1763.330503
-0.543958,50,1763.688613
-0.62824,50,1764.031926
-1.518295,50,1764.374654
-0.628483,50,1764.705205
-0.438182,50,1765.054705
-0.481876,50,1765.38408
-0.62008,50,1765.712864
-0.507639,50,1766.040169
-0.5426,50,1766.397646
-0.449776,50,1766.73684
-0.731962,50,1767.062271
-0.665601,50,1767.394827
-0.552398,50,1767.741568
-0.424904,50,1768.075124
-0.545356,50,1768.401348
-0.45436,50,1768.727916
-0.462391,50,1769.075315
-0.483873,50,1769.410834
-0.604489,50,1769.756398
-0.583701,50,1770.089256
-0.50111,50,1770.434842
-0.476974,50,1770.765817
-0.334817,50,1771.092659
-0.912144,50,1771.425431
-0.357265,50,1771.769805
-0.659973,50,1772.111681
-0.443546,50,1772.439345
-0.623115,50,1772.772196
-0.638342,50,1773.115194
-0.417199,50,1773.473734
-0.460775,50,1773.830286
-0.502845,50,1774.193143
-0.57818,50,1774.564857
-0.736979,50,1774.91931
-0.346356,50,1775.257605
-1.391769,50,1775.597162
-0.668032,50,1775.949673
-0.520714,50,1776.287952
-0.427841,50,1776.622644
-0.515263,50,1776.957593
-0.422712,50,1777.307882
-0.611403,50,1777.655059
-0.693759,50,1777.991479
-0.673495,50,1778.32106
-0.885737,50,1778.676151
-0.548287,50,1779.018221
-0.368257,50,1779.349363
-0.510818,50,1779.67713
-0.566238,50,1780.03344
-0.340524,50,1780.373552
-0.467614,50,1780.701574
-0.368395,50,1781.028492
-0.525107,50,1781.376223
-0.669488,50,1781.703594
-0.559036,50,1782.029097
-0.652987,50,1782.357462
-0.432413,50,1782.704603
-0.457641,50,1783.043326
-0.731088,50,1783.367912
-0.608728,50,1783.691123
-0.503263,50,1784.037435
-0.606904,50,1784.370995
-0.689975,50,1784.698106
-0.596373,50,1785.024889
-0.540503,50,1785.37154
-0.739975,50,1785.706138
-0.48285,50,1786.031758
-0.58056,50,1786.354757
-0.416589,50,1786.699851
-0.437265,50,1787.02693
-0.550922,50,1787.349479
-0.405585,50,1787.672212
-0.569301,50,1788.013688
-0.607838,50,1788.35007
-0.466605,50,1788.67309
-0.543362,50,1789.000913
-0.487489,50,1789.366058
-0.484427,50,1789.698806
-0.500515,50,1790.026162
-0.356795,50,1790.350351
-0.499156,50,1790.691039
-0.617522,50,1791.031658
-0.474599,50,1791.356103
-0.66737,50,1791.679566
-0.314895,50,1792.022417
-0.412517,50,1792.369632
-0.692383,50,1792.702461
-0.46208,50,1793.026398
-1.621437,50,1793.379853
-0.451122,50,1793.715541
-0.719311,50,1794.043133
-0.960887,50,1794.377638
-0.495265,50,1794.719896
-0.309917,50,1795.050932
-0.460407,50,1795.373801
-0.355729,50,1795.698996
-1.228578,50,1796.055809
-0.559215,50,1796.406421
-0.761153,50,1796.750212
-0.399534,50,1797.083972
-0.505908,50,1797.442126
-0.525108,50,1797.78134
-0.529685,50,1798.117894
-0.564803,50,1798.474355
-0.425138,50,1798.852473
-0.831137,50,1799.218165
-0.695949,50,1799.579176
-0.582473,50,1799.935901
-0.581616,50,1800.290772
-0.497434,50,1800.625203
-0.489665,50,1800.952163
-0.631775,50,1801.275423
-0.464551,50,1801.622475
-0.60852,50,1801.959543
-0.540171,50,1802.283099
-0.737978,50,1802.609837
-0.396841,50,1802.961202
-0.521351,50,1803.298149
-0.669565,50,1803.631337
-0.690071,50,1803.961992
-0.527254,50,1804.310505
-0.480986,50,1804.650838
-0.454133,50,1804.988574
-1.295671,50,1805.329292
-0.641968,50,1805.689543
-0.622945,50,1806.030911
-0.551637,50,1806.367658
-0.383338,50,1806.703313
-0.556903,50,1807.055099
-0.246825,50,1807.401971
-0.39383,50,1807.734698
-0.359422,50,1808.06837
-0.721219,50,1808.419658
-0.583243,50,1808.759746
-0.416699,50,1809.091579
-0.463899,50,1809.422994
-0.508746,50,1809.778558
-0.880447,50,1810.134472
-0.696888,50,1810.472013
-0.556293,50,1810.808529
-0.662947,50,1811.16522
-0.367043,50,1811.507772
-0.327412,50,1811.841322
-0.33821,50,1812.176994
-0.641617,50,1812.53515
-0.571699,50,1812.888372
-0.388006,50,1813.221845
-0.59102,50,1813.558893
-0.287391,50,1813.912834
-0.464399,50,1814.255797
-0.363204,50,1814.585924
-1.003563,50,1814.926563
-0.405841,50,1815.279789
-0.543309,50,1815.629239
-0.453562,50,1815.963522
-0.296014,50,1816.298846
-0.394545,50,1816.653159
-1.910479,50,1817.002881
-0.489962,50,1817.335541
-0.552182,50,1817.669586
-1.131606,50,1818.032472
-0.392312,50,1818.376254
-0.820088,50,1818.712258
-0.568437,50,1819.049913
-0.566746,50,1819.402834
-0.424889,50,1819.742622
-0.570084,50,1820.078811
-0.465003,50,1820.413921
-0.391291,50,1820.76716
-0.753567,50,1821.115798
-0.51769,50,1821.450393
-0.673281,50,1821.782909
-0.703453,50,1822.137706
-0.553937,50,1822.496815
-0.576859,50,1822.848184
-0.586013,50,1823.201126
-0.474374,50,1823.576435
-0.509958,50,1823.933398
-0.922783,50,1824.284811
-0.665935,50,1824.6249
-0.528241,50,1824.983019
-0.398601,50,1825.320051
-0.449085,50,1825.655156
-0.602806,50,1825.989931
-0.394703,50,1826.352087
-0.427275,50,1826.700668
-0.532095,50,1827.038066
-0.460906,50,1827.372734
-0.642694,50,1827.731285
-1.713075,50,1828.075351
-0.661798,50,1828.409257
-0.749989,50,1828.740615
-0.468959,50,1829.095845
-0.646437,50,1829.438416
-0.783164,50,1829.770402
-0.520306,50,1830.109855
-0.680249,50,1830.459959
-0.357255,50,1830.79793
-1.028146,50,1831.136421
-0.552483,50,1831.466109
-0.430119,50,1831.815666
-0.513647,50,1832.159592
-0.40918,50,1832.496635
-0.503162,50,1832.83539
-0.435206,50,1833.17698
-0.358213,50,1833.532576
-0.330582,50,1833.864961
-0.322092,50,1834.199298
-0.463738,50,1834.560767
-1.370297,50,1834.914595
-0.575483,50,1835.256942
-1.008818,50,1835.595866
-0.706167,50,1835.950748
-0.392245,50,1836.284434
-0.734894,50,1836.619988
-0.711094,50,1836.945885
-0.662037,50,1837.293831
-0.403356,50,1837.634528
-0.626054,50,1837.964722
-0.473134,50,1838.298084
-0.366387,50,1838.654948
-0.600757,50,1838.995606
-0.647711,50,1839.328725
-0.564988,50,1839.660874
-0.657217,50,1840.024528
-0.414294,50,1840.355407
-0.6819,50,1840.690684
-0.668637,50,1841.023178
-0.510262,50,1841.37812
-0.601545,50,1841.716656
-0.668299,50,1842.049803
-0.5002,50,1842.38711
-0.322064,50,1842.742822
-0.584916,50,1843.077032
-0.390501,50,1843.413978
-0.602085,50,1843.745797
-0.405556,50,1844.101614
-0.480891,50,1844.454206
-0.689188,50,1844.816219
-0.582364,50,1845.189225
-0.602638,50,1845.560987
-0.540749,50,1845.910226
-0.511694,50,1846.243251
-0.440685,50,1846.576567
-0.449791,50,1846.929786
-0.401242,50,1847.266611
-0.464136,50,1847.597206
-0.330866,50,1847.931021
-0.482494,50,1848.284908
-0.607753,50,1848.62615
-0.382935,50,1848.95539
-0.428454,50,1849.289618
-0.603048,50,1849.646865
-0.598347,50,1849.988982
-0.335076,50,1850.320583
-0.347175,50,1850.65509
-0.610257,50,1851.015126
-0.366657,50,1851.349728
-0.432571,50,1851.682683
-0.511487,50,1852.016199
-0.554237,50,1852.370195
-0.508974,50,1852.70903
-0.642304,50,1853.046538
-0.585097,50,1853.378998
-0.382555,50,1853.734822
-0.466168,50,1854.066911
-0.491652,50,1854.398294
-0.714437,50,1854.729324
-0.484705,50,1855.085439
-0.587903,50,1855.431055
-0.988117,50,1855.772126
-0.629809,50,1856.101883
-1.431685,50,1856.452348
-0.702519,50,1856.784643
-0.632935,50,1857.110561
-0.500526,50,1857.442632
-0.592774,50,1857.774522
-0.51033,50,1858.135545
-0.815026,50,1858.463278
-0.346439,50,1858.785396
-0.369378,50,1859.129628
-0.373304,50,1859.45796
-0.832415,50,1859.789975
-0.528483,50,1860.12246
-0.408163,50,1860.467326
-0.46934,50,1860.809076
-0.580264,50,1861.139777
-0.647102,50,1861.480783
-0.478368,50,1861.836354
-0.436089,50,1862.170904
-0.462846,50,1862.502472
-0.928789,50,1862.839142
-0.435816,50,1863.185864
-0.803826,50,1863.524398
-0.458674,50,1863.855937
-0.55701,50,1864.186448
-0.566719,50,1864.541989
-1.007101,50,1864.89148
-0.412186,50,1865.220585
-0.404183,50,1865.548913
-0.686243,50,1865.90359
-0.549029,50,1866.239751
-1.332426,50,1866.604014
-0.879092,50,1866.979638
-0.502283,50,1867.36723
-0.382314,50,1867.731348
-0.497986,50,1868.087787
-0.711496,50,1868.447991
-0.628449,50,1868.826769
-1.78436,50,1869.191929
-0.507263,50,1869.516391
-0.525864,50,1869.830621
-0.484783,50,1870.187038
-0.701579,50,1870.512459
-0.551907,50,1870.83001
-0.690363,50,1871.165269
-0.642728,50,1871.547698
-0.670489,50,1871.914664
-0.550789,50,1872.275932
-0.644381,50,1872.6328
-0.66055,50,1872.982946
-0.488587,50,1873.316491
-0.392269,50,1873.644357
-0.358451,50,1873.968531
-0.492728,50,1874.316239
-0.537064,50,1874.657831
-0.499332,50,1874.980573
-0.426376,50,1875.310367
-0.640893,50,1875.661654
-0.473629,50,1875.992898
-0.454234,50,1876.322649
-0.5614,50,1876.651249
-1.483484,50,1877.01053
-0.330455,50,1877.354354
-0.405479,50,1877.676359
-0.415823,50,1877.997576
-0.298627,50,1878.345413
-0.480966,50,1878.682644
-0.386639,50,1879.004682
-0.85146,50,1879.336047
-0.438598,50,1879.68363
-0.486851,50,1880.043259
-0.628242,50,1880.367485
-0.306626,50,1880.695489
-0.506931,50,1881.047681
-0.475583,50,1881.381272
-1.175939,50,1881.715814
-0.771908,50,1882.057795
-1.641067,50,1882.422039
-0.582777,50,1882.7579
-1.438978,50,1883.096505
-0.51069,50,1883.428609
-0.426519,50,1883.795898
-0.49365,50,1884.134168
-0.334154,50,1884.464707
-0.578811,50,1884.795055
-0.659643,50,1885.146223
-0.738136,50,1885.482535
-1.563512,50,1885.817846
-0.539804,50,1886.154136
-0.6473,50,1886.50883
-0.387914,50,1886.843957
-0.459277,50,1887.180872
-0.617355,50,1887.529301
-0.470123,50,1887.901346
-1.444412,50,1888.268239
-0.678907,50,1888.619613
-0.550112,50,1888.966226
-0.484113,50,1889.315324
-0.637268,50,1889.643215
-0.523016,50,1889.971025
-0.52919,50,1890.300351
-0.51251,50,1890.651141
-1.379181,50,1890.997272
-0.390972,50,1891.324585
-0.37524,50,1891.651627
-0.461457,50,1891.995208
-0.499721,50,1892.335805
-0.285776,50,1892.662299
-0.694812,50,1892.995921
-0.745283,50,1893.345835
-0.619855,50,1893.684973
-0.296992,50,1894.011329
-0.474615,50,1894.34007
-0.464329,50,1894.687941
-0.68545,50,1895.027525
-0.392486,50,1895.358105
-0.507786,50,1895.684772
-0.754827,50,1896.038559
-0.63948,50,1896.382672
-0.623042,50,1896.711169
-0.378695,50,1897.038831
-0.376345,50,1897.391255
-0.471661,50,1897.721229
-0.546706,50,1898.048036
-0.510901,50,1898.375454
-0.43308,50,1898.724872
-0.550114,50,1899.067319
-0.478459,50,1899.402538
-0.518332,50,1899.727119
-1.881591,50,1900.09305
-0.561104,50,1900.425089
-0.392815,50,1900.748566
-0.623725,50,1901.072217
-0.739966,50,1901.423853
-0.568292,50,1901.756864
-0.54443,50,1902.082479
-0.545705,50,1902.417042
-0.354934,50,1902.765984
-0.471304,50,1903.100335
-0.578611,50,1903.442934
-0.37367,50,1903.770736
-0.375752,50,1904.113614
-0.555816,50,1904.441736
-0.521604,50,1904.766737
-0.485729,50,1905.093565
-0.408562,50,1905.439588
-0.439173,50,1905.775273
-0.462873,50,1906.0989
-0.576561,50,1906.42397
-0.402257,50,1906.767718
-0.588205,50,1907.106135
-0.422053,50,1907.434776
-0.37501,50,1907.760607
-0.51962,50,1908.115818
-0.586487,50,1908.463076
-0.557366,50,1908.814431
-0.433551,50,1909.168726
-0.956613,50,1909.553616
-0.606543,50,1909.924242
-0.394621,50,1910.26381
-0.476603,50,1910.595816
-0.78071,50,1910.94734
-0.572894,50,1911.285991
-0.610831,50,1911.616642
-0.344797,50,1911.946418
-0.623862,50,1912.297196
-0.49239,50,1912.647711
-0.412891,50,1912.982938
-1.758127,50,1913.317558
-0.478364,50,1913.663999
