#{"t_start": 1769172032.4966788, "env_id": "FetchReachDense-v4"}
r,l,t
-10.253747,50,0.358739
-12.998053,50,0.386055
-7.37055,50,0.414497
-14.475059,50,0.441964
-9.730511,50,0.48095
-11.185473,50,0.509608
-14.485497,50,0.537973
-8.594161,50,0.564932
-15.507279,50,0.591697
-14.402933,50,0.619963
-9.010467,50,0.648273
-13.196231,50,0.675726
-15.578123,50,0.703946
-9.516406,50,0.731798
-10.303524,50,0.762647
-5.650565,50,0.789987
-12.309943,50,0.819191
-13.244695,50,0.845834
-10.30053,50,0.874922
-8.086109,50,0.903352
-10.010432,50,0.932909
-9.321866,50,0.963531
-12.167253,50,0.990524
-6.054365,50,1.020068
-6.697737,50,1.047476
-13.030477,50,1.07668
-5.504274,50,1.110622
-7.231985,50,1.138353
-11.314379,50,1.166742
-10.587163,50,1.195859
-12.458236,50,1.223687
-18.051497,50,1.255323
-10.302544,50,1.283329
-7.621783,50,1.311746
-6.580124,50,1.339039
-6.216608,50,1.367084
-9.808122,50,1.3945
-7.237002,50,1.420446
-10.739358,50,1.450575
-9.827899,50,1.478412
-10.360564,50,1.508268
-8.329687,50,1.536021
-12.158497,50,1.562704
-8.497829,50,1.590551
-12.238916,50,1.619133
-5.627977,50,1.646631
-10.875648,50,1.675877
-11.827179,50,1.705173
-4.371275,50,1.732654
-4.694298,50,1.761295
-8.372984,50,1.788859
-10.94157,50,1.816367
-9.803065,50,1.844706
-15.225481,50,1.871907
-6.519745,50,1.89999
-7.392367,50,1.930572
-3.477071,50,1.958239
-9.84147,50,1.986832
-17.986701,50,2.014035
-3.593701,50,2.0415
-12.333892,50,2.070413
-10.356903,50,2.097135
-9.348544,50,2.123807
-3.900808,50,2.152445
-8.543652,50,2.179308
-5.306062,50,2.209547
-16.193211,50,2.237791
-15.948729,50,2.26864
-6.158394,50,2.297078
-7.46211,50,2.326392
-9.906029,50,2.352948
-15.058663,50,2.382034
-5.679738,50,2.408824
-6.6995,50,2.437354
-9.79294,50,2.464684
-9.952769,50,2.491865
-8.990319,50,2.520112
-7.135792,50,2.549804
-11.595994,50,2.579377
-4.673464,50,2.607386
-6.002888,50,2.634061
-8.707279,50,2.662003
-10.711228,50,2.691122
-6.643032,50,2.717447
-14.05132,50,2.744495
-12.319817,50,2.771549
-10.777608,50,2.800435
-8.497026,50,2.82857
-10.389654,50,2.858592
-9.579821,50,2.886142
-12.561837,50,2.917724
-13.017107,50,2.946598
-9.808397,50,2.974469
-5.723322,50,3.003006
-7.514824,50,3.031401
-8.850521,50,3.059755
-11.268353,50,3.089927
-11.001243,50,3.119515
-10.25368,50,3.147551
-9.577157,50,3.176666
-8.976459,50,3.421172
-17.147609,50,3.665943
-12.941608,50,3.893766
-19.115929,50,4.112916
-20.802382,50,4.340392
-35.307559,50,4.557774
-18.074091,50,4.783627
-24.454504,50,5.002653
-10.062072,50,5.22377
-3.438985,50,5.440332
-2.566399,50,5.655206
-1.812793,50,5.879362
-3.041249,50,6.092005
-3.378117,50,6.296287
-2.470695,50,6.5031
-4.682453,50,6.705132
-1.809389,50,6.91481
-3.155031,50,7.118032
-1.746814,50,7.319434
-2.924882,50,7.522402
-1.562464,50,7.72704
-2.173474,50,7.929366
-2.893872,50,8.131335
-2.857848,50,8.334695
-3.132303,50,8.539656
-3.565515,50,8.74195
-2.619242,50,8.944489
-1.356674,50,9.148716
-1.831152,50,9.355174
-1.483904,50,9.558312
-2.462141,50,9.760721
-2.265624,50,9.967644
-1.104873,50,10.187835
-2.277182,50,10.396158
-1.346269,50,10.599748
-1.303721,50,10.803551
-0.981878,50,11.008511
-1.142805,50,11.215284
-2.104076,50,11.41883
-1.437867,50,11.62025
-2.368823,50,11.829884
-1.964403,50,12.037507
-1.733339,50,12.238864
-1.637235,50,12.445034
-1.046054,50,12.650223
-1.686316,50,12.852358
-1.909102,50,13.054745
-1.463028,50,13.257722
-1.537502,50,13.462094
-1.129473,50,13.669265
-2.214772,50,13.873079
-1.755217,50,14.075379
-2.189318,50,14.281228
-1.688716,50,14.486892
-2.150818,50,14.696732
-1.183172,50,14.89879
-1.834771,50,15.102171
-1.2925,50,15.306026
-2.017671,50,15.50851
-1.944982,50,15.715839
-2.906317,50,15.92113
-2.331199,50,16.124127
-1.217871,50,16.326802
-1.5546,50,16.529584
-2.579219,50,16.742063
-1.194739,50,16.945694
-1.219303,50,17.148907
-1.497401,50,17.351389
-3.003249,50,17.562227
-1.878404,50,17.773548
-0.928043,50,17.978528
-2.281198,50,18.188245
-0.884446,50,18.395535
-1.917452,50,18.602649
-2.220871,50,18.81051
-1.674969,50,19.015648
-1.189523,50,19.219602
-1.131395,50,19.422322
-1.713943,50,19.628266
-2.493271,50,19.830784
-1.575163,50,20.03903
-1.143035,50,20.241022
-1.711164,50,20.443892
-0.9383,50,20.647746
-1.527377,50,20.856185
-2.304268,50,21.058769
-1.129819,50,21.261353
-2.336393,50,21.463613
-1.805751,50,21.672678
-1.056342,50,21.877727
-1.475487,50,22.08197
-1.452846,50,22.285731
-1.481232,50,22.490111
-2.217389,50,22.693775
-3.156898,50,22.903465
-1.112342,50,23.111
-2.532998,50,23.322483
-1.239204,50,23.529322
-1.393249,50,23.736494
-1.76139,50,23.937989
-1.174133,50,24.142919
-1.610831,50,24.345173
-1.205982,50,24.550303
-1.862292,50,24.756624
-1.159352,50,24.961617
-2.051087,50,25.165041
-1.667944,50,25.371909
-2.401916,50,25.573448
-2.244062,50,25.781885
-2.076889,50,25.985023
-2.492189,50,26.18734
-0.957873,50,26.390222
-2.286734,50,26.593809
-1.393958,50,26.796083
-1.219738,50,26.998566
-2.020585,50,27.200909
-1.317739,50,27.405359
-1.63061,50,27.614252
-1.512213,50,27.816359
-1.951504,50,28.018543
-1.472092,50,28.226151
-1.374402,50,28.428672
-1.688053,50,28.631495
-1.03976,50,28.833091
-1.641464,50,29.046307
-1.886406,50,29.250985
-1.512465,50,29.453837
-1.035927,50,29.657026
-1.802817,50,29.863395
-1.018429,50,30.072463
-1.173318,50,30.281443
-1.714057,50,30.48889
-2.009834,50,30.700098
-1.37441,50,30.904732
-1.131551,50,31.114551
-1.312237,50,31.316732
-1.41419,50,31.520179
-1.866675,50,31.723225
-1.727031,50,31.929688
-1.138425,50,32.133511
-1.710062,50,32.344573
-0.849249,50,32.547255
-1.618512,50,32.754856
-1.370621,50,32.95741
-1.307776,50,33.162407
-1.518863,50,33.366117
-1.689658,50,33.569306
-1.175404,50,33.77754
-1.07535,50,33.984462
-1.253171,50,34.188229
-1.857854,50,34.398196
-0.702262,50,34.600204
-1.496144,50,34.805712
-1.665796,50,35.008279
-0.842867,50,35.216643
-1.055538,50,35.420371
-1.215624,50,35.627118
-0.941868,50,35.830239
-1.07285,50,36.032715
-1.391845,50,36.235329
-1.298892,50,36.442261
-1.690163,50,36.646007
-1.09116,50,36.848879
-0.929035,50,37.051648
-0.785942,50,37.262895
-1.426315,50,37.468648
-1.47659,50,37.671463
-0.893947,50,37.876729
-1.404747,50,38.080165
-1.141082,50,38.288319
-1.237567,50,38.492505
-2.040532,50,38.696626
-1.309786,50,38.900769
-1.691119,50,39.104426
-1.224662,50,39.311253
-0.752523,50,39.521625
-0.749033,50,39.726921
-0.993999,50,39.931112
-0.720717,50,40.140116
-1.650304,50,40.349437
-1.258547,50,40.55392
-1.126581,50,40.757648
-0.947266,50,40.965275
-1.543439,50,41.168826
-1.118419,50,41.376419
-1.162375,50,41.578491
-1.282724,50,41.782502
-1.745515,50,41.986962
-1.615627,50,42.197067
-1.780181,50,42.407166
-1.062738,50,42.610849
-1.624927,50,42.821024
-1.961294,50,43.032805
-1.859762,50,43.234705
-1.438803,50,43.43974
-1.766193,50,43.648675
-2.248868,50,43.862734
-2.313645,50,44.066119
-2.252098,50,44.270801
-0.964118,50,44.473327
-1.546143,50,44.683604
-2.058184,50,44.891653
-0.989317,50,45.093292
-1.823516,50,45.302354
-1.097608,50,45.507382
-2.056702,50,45.711338
-1.726871,50,45.913706
-0.938218,50,46.120203
-0.971421,50,46.331378
-2.098459,50,46.535859
-1.35201,50,46.741696
-1.139994,50,46.944921
-1.542484,50,47.151056
-1.456403,50,47.354365
-2.300727,50,47.556982
-1.476988,50,47.760595
-1.544396,50,47.966567
-1.371543,50,48.174304
-1.488375,50,48.37688
-1.107752,50,48.58551
-1.403481,50,48.794082
-1.090718,50,48.998594
-1.351479,50,49.201798
-0.871278,50,49.412675
-1.270991,50,49.618095
-1.883771,50,49.821421
-1.365127,50,50.023898
-1.043526,50,50.225628
-1.247581,50,50.431215
-0.577636,50,50.634997
-1.029696,50,50.838169
-1.040005,50,51.040218
-1.462311,50,51.250299
-0.94681,50,51.454061
-1.378249,50,51.66003
-1.644307,50,51.868904
-1.130752,50,52.073887
-1.467582,50,52.280029
-1.048042,50,52.483062
-1.468892,50,52.687063
-1.493766,50,52.891388
-1.103365,50,53.096347
-1.621037,50,53.301068
-1.349334,50,53.505697
-1.223148,50,53.717586
-0.886605,50,53.921919
-1.197043,50,54.12477
-0.708461,50,54.327297
-0.919588,50,54.533873
-1.548469,50,54.741699
-0.954114,50,54.94489
-1.191047,50,55.15089
-1.398851,50,55.358749
-1.054939,50,55.563926
-1.705103,50,55.773112
-0.908001,50,55.976088
-0.754988,50,56.181372
-0.960549,50,56.385117
-0.958172,50,56.591236
-1.160246,50,56.794969
-1.036569,50,57.004702
-0.742688,50,57.206706
-0.931192,50,57.409563
-1.137393,50,57.612366
-1.405528,50,57.819389
-1.282324,50,58.026069
-1.559863,50,58.229565
-0.592458,50,58.4324
-1.051611,50,58.64003
-1.264941,50,58.844873
-0.860407,50,59.051274
-1.660414,50,59.254944
-0.778352,50,59.459679
-1.10898,50,59.662788
-1.35253,50,59.871805
-0.979864,50,60.074168
-1.081175,50,60.298738
-0.956849,50,60.504512
-1.115748,50,60.710228
-1.358979,50,60.913687
-1.025215,50,61.119602
-1.130771,50,61.32714
-1.162087,50,61.531513
-1.660567,50,61.74193
-0.641826,50,61.947927
-1.198227,50,62.153967
-0.86379,50,62.359534
-1.34869,50,62.564794
-1.42447,50,62.771891
-1.297006,50,62.975643
-0.960623,50,63.180443
-0.914888,50,63.385225
-0.748739,50,63.597408
-1.144836,50,63.804799
-1.135676,50,64.009921
-1.229879,50,64.215668
-1.367879,50,64.422334
-1.070891,50,64.625358
-0.84631,50,64.830365
-0.788755,50,65.035388
-0.894894,50,65.244791
-1.211255,50,65.452537
-0.965139,50,65.660838
-1.892538,50,65.87153
-1.039968,50,66.08049
-1.28785,50,66.287357
-1.299755,50,66.490113
-0.89368,50,66.695352
-1.061987,50,66.901812
-1.314813,50,67.107795
-0.959744,50,67.315368
-1.06091,50,67.520861
-1.0371,50,67.730654
-0.742569,50,67.935272
-0.763491,50,68.13934
-0.835863,50,68.347253
-0.868919,50,68.554018
-1.233751,50,68.758744
-1.089838,50,68.966978
-1.18388,50,69.16992
-0.958627,50,69.376381
-1.037427,50,69.582616
-1.132107,50,69.787172
-0.540341,50,69.991798
-1.286424,50,70.202608
-0.874194,50,70.414494
-0.626956,50,70.622724
-0.998601,50,70.827653
-1.163831,50,71.034243
-1.431812,50,71.237703
-1.206648,50,71.443706
-1.624912,50,71.649323
-0.991126,50,71.854244
-1.263331,50,72.058482
-0.945779,50,72.263698
-0.991888,50,72.470132
-1.3352,50,72.675428
-1.085148,50,72.880714
-1.509008,50,73.086719
-0.958049,50,73.290742
-1.25001,50,73.500579
-0.90071,50,73.705523
-0.784873,50,73.909352
-0.884381,50,74.115349
-1.197631,50,74.320806
-1.390737,50,74.52554
-0.647651,50,74.729084
-1.092484,50,74.933928
-0.713517,50,75.139353
-0.874682,50,75.345502
-1.723891,50,75.557193
-1.468768,50,75.763136
-1.0474,50,75.971741
-1.280184,50,76.182977
-1.070211,50,76.392679
-1.197985,50,76.60288
-0.989973,50,76.812185
-0.780137,50,77.018212
-0.92064,50,77.229074
-0.842111,50,77.434598
-1.861617,50,77.641381
-0.891319,50,77.85062
-0.834539,50,78.056506
-0.88985,50,78.260356
-1.418695,50,78.480823
-0.925468,50,78.686303
-1.747898,50,78.89559
-1.364744,50,79.100878
-1.446111,50,79.306162
-1.226944,50,79.511363
-1.347087,50,79.716514
-1.493491,50,79.921538
-1.713017,50,80.128596
-1.093938,50,80.33332
-1.217218,50,80.539481
-1.066113,50,80.743881
-1.155991,50,80.956341
-1.192075,50,81.165731
-0.929949,50,81.370524
-0.588386,50,81.575218
-0.96668,50,81.786638
-0.785697,50,81.990592
-1.320836,50,82.1953
-0.872075,50,82.401147
-1.279506,50,82.60665
-1.519517,50,82.813181
-1.050261,50,83.019535
-1.257338,50,83.225942
-0.771122,50,83.432697
-1.016566,50,83.63871
-1.203635,50,83.843592
-1.033782,50,84.050526
-0.948607,50,84.257315
-0.723933,50,84.46324
-0.958713,50,84.670417
-0.70324,50,84.875668
-1.062388,50,85.083868
-1.49819,50,85.295131
-0.851428,50,85.499585
-0.702172,50,85.707656
-1.148736,50,86.096078
-1.060955,50,86.300277
-1.096,50,86.506398
-1.781848,50,86.718042
-1.602205,50,86.924038
-0.950017,50,87.132548
-1.107051,50,87.341976
-1.989059,50,87.54608
-1.323105,50,87.757026
-1.383084,50,87.962646
-1.371259,50,88.170624
-1.130347,50,88.380436
-1.141112,50,88.587562
-1.106184,50,88.79175
-0.83285,50,88.996997
-0.785607,50,89.201546
-1.210163,50,89.407095
-1.421883,50,89.612589
-1.284741,50,89.815899
-1.188352,50,90.019821
-0.990386,50,90.23057
-0.863823,50,90.435372
-0.545676,50,90.64141
-1.074577,50,90.846887
-1.316528,50,91.0556
-0.767009,50,91.260038
-0.938255,50,91.467651
-1.379764,50,91.670965
-1.174606,50,91.87856
-0.954019,50,92.086418
-1.23376,50,92.290333
-1.11474,50,92.49536
-0.741151,50,92.701618
-0.660773,50,92.906617
-1.03176,50,93.113758
-1.318875,50,93.319089
-0.901969,50,93.525595
-0.748849,50,93.73275
-1.583383,50,93.937383
-0.955739,50,94.141009
-1.587172,50,94.347586
-1.625841,50,94.558839
-1.260513,50,94.764998
-1.118299,50,94.969227
-0.982074,50,95.18374
-0.960354,50,95.388098
-1.118292,50,95.592777
-1.020212,50,95.795972
-1.216283,50,96.015343
-0.946232,50,96.221122
-0.741655,50,96.426419
-0.921889,50,96.630739
-1.530406,50,96.836821
-2.003912,50,97.041442
-2.174962,50,97.246596
-1.162945,50,97.450591
-1.120531,50,97.662372
-0.706944,50,97.867058
-0.795041,50,98.071301
-0.7612,50,98.274218
-0.810136,50,98.480195
-1.088524,50,98.68384
-0.639618,50,98.886534
-1.046164,50,99.092176
-0.752792,50,99.300031
-0.908928,50,99.505161
-0.657053,50,99.708699
-0.785992,50,99.913535
-0.980417,50,100.122888
-1.258162,50,100.327005
-0.915908,50,100.531708
-0.847025,50,100.739492
-0.955074,50,100.946519
-0.700056,50,101.152573
-0.94828,50,101.363143
-0.883796,50,101.567105
-0.787486,50,101.771807
-0.646804,50,101.976573
-0.868289,50,102.186372
-1.588834,50,102.397077
-0.648812,50,102.607025
-0.72704,50,102.81072
-0.855612,50,103.015847
-0.926779,50,103.221405
-0.998691,50,103.432045
-0.890123,50,103.638465
-1.062419,50,103.842736
-0.797835,50,104.045916
-1.637801,50,104.256687
-0.785288,50,104.462864
-0.692797,50,104.667515
-0.868582,50,104.872898
-1.215281,50,105.084896
-0.707116,50,105.28856
-1.012198,50,105.493118
-0.836859,50,105.699026
-1.712323,50,105.912412
-0.618784,50,106.118955
-0.628296,50,106.321783
-0.520445,50,106.526445
-0.638198,50,106.733382
-0.835389,50,106.938553
-0.832588,50,107.143634
-0.584379,50,107.346683
-0.82993,50,107.55236
-1.262516,50,107.757889
-0.665216,50,107.962776
-0.71865,50,108.166451
-0.993038,50,108.372581
-0.888912,50,108.577578
-1.113524,50,108.782268
-1.255515,50,108.986428
-0.870808,50,109.193437
-0.992202,50,109.398552
-1.260449,50,109.602467
-0.687289,50,109.805448
-0.874495,50,110.013901
-0.943763,50,110.217977
-0.811482,50,110.426574
-0.719548,50,110.631089
-0.758849,50,110.841057
-0.735794,50,111.047674
-1.185856,50,111.25326
-1.197401,50,111.458676
-0.699777,50,111.663747
-0.638106,50,111.867454
-0.641118,50,112.070685
-1.879807,50,112.282571
-0.675918,50,112.488892
-0.776956,50,112.693393
-0.793012,50,112.901001
-0.618435,50,113.104845
-0.869349,50,113.311989
-0.855024,50,113.518244
-0.509706,50,113.722963
-0.921071,50,113.926409
-0.793668,50,114.132572
-0.754555,50,114.337097
-0.82116,50,114.55681
-0.796824,50,114.761275
-0.764476,50,114.968069
-1.50169,50,115.172014
-1.061341,50,115.379765
-0.995552,50,115.58592
-0.400325,50,115.790229
-0.695436,50,116.00011
-0.679256,50,116.206573
-0.855736,50,116.409743
-1.116915,50,116.615824
-0.796862,50,116.819831
-0.660563,50,117.02386
-0.751874,50,117.227199
-0.601853,50,117.437112
-0.70411,50,117.642162
-0.798163,50,117.846169
-0.636419,50,118.053225
-1.611909,50,118.263799
-0.765632,50,118.469162
-0.792746,50,118.676473
-0.624748,50,118.879848
-0.67011,50,119.084264
-1.200908,50,119.28794
-1.033978,50,119.492685
-1.368779,50,119.702155
-0.622724,50,119.910052
-0.782069,50,120.116037
-0.837649,50,120.324414
-1.014403,50,120.528317
-1.053092,50,120.732881
-1.393765,50,120.941728
-0.801309,50,121.148518
-0.757464,50,121.356782
-0.70431,50,121.565806
-0.708837,50,121.772074
-1.190713,50,121.974437
-0.493515,50,122.177019
-1.003392,50,122.382337
-1.793442,50,122.593583
-0.69163,50,122.797236
-1.053628,50,123.000162
-0.741928,50,123.203801
-1.432547,50,123.40738
-1.405696,50,123.611173
-0.848935,50,123.815484
-0.591873,50,124.021401
-1.526789,50,124.230595
-0.498827,50,124.43383
-1.086307,50,124.636237
-1.010093,50,124.851143
-0.858856,50,125.060209
-0.883758,50,125.263885
-0.724496,50,125.467816
-0.863884,50,125.673898
-1.308301,50,125.882448
-0.762405,50,126.086742
-0.810519,50,126.289354
-0.802184,50,126.494793
-0.990977,50,126.699196
-0.690564,50,126.9075
-0.618213,50,127.11194
-0.505681,50,127.316094
-0.530039,50,127.518546
-0.568603,50,127.720512
-0.66634,50,127.924187
-0.688233,50,128.129287
-0.981585,50,128.336281
-1.011065,50,128.544155
-0.689369,50,128.746959
-0.951814,50,128.951255
-0.722779,50,129.160158
-0.749924,50,129.364186
-0.530959,50,129.567938
-0.611723,50,129.772358
-0.539691,50,129.976911
-0.747136,50,130.184044
-1.514842,50,130.387328
-1.633225,50,130.594764
-1.049407,50,130.798571
-0.577496,50,131.001243
-0.756572,50,131.202722
-0.943537,50,131.409504
-0.774616,50,131.616307
-1.326609,50,131.819905
-1.05422,50,132.023788
-1.055488,50,132.233278
-0.826848,50,132.436441
-0.674177,50,132.653841
-0.711982,50,132.860559
-0.947342,50,133.069312
-0.5678,50,133.27473
-0.87799,50,133.48358
-0.676183,50,133.688247
-0.480469,50,133.894638
-0.437502,50,134.098952
-0.881801,50,134.302145
-0.672232,50,134.505736
-0.851892,50,134.711435
-0.742767,50,134.916615
-1.1089,50,135.123756
-1.000235,50,135.328526
-0.707823,50,135.538006
-0.591317,50,135.747085
-0.817722,50,135.950973
-0.450266,50,136.156134
-0.710822,50,136.36235
-0.640488,50,136.566662
-0.769861,50,136.772308
-0.496376,50,136.977317
-0.684969,50,137.186563
-0.687659,50,137.39136
-0.746498,50,137.60058
-0.662394,50,137.80544
-0.608857,50,138.012162
-0.789771,50,138.217603
-0.458477,50,138.422222
-0.659014,50,138.627782
-0.720867,50,138.834962
-0.694379,50,139.039268
-0.517455,50,139.245154
-0.711731,50,139.449924
-0.781176,50,139.665334
-0.73045,50,139.870883
-0.575267,50,140.076871
-0.870866,50,140.28173
-0.712455,50,140.49
-0.651179,50,140.695194
-0.585822,50,140.89956
-0.667709,50,141.105382
-0.752893,50,141.311866
-0.651655,50,141.522871
-0.778977,50,141.725939
-0.79963,50,141.930131
-1.623413,50,142.143318
-0.822835,50,142.352351
-0.518653,50,142.55759
-0.706273,50,142.762292
-0.716748,50,142.971752
-0.719192,50,143.178061
-1.393488,50,143.388236
-1.091312,50,143.593152
-1.318704,50,143.806691
-0.962335,50,144.012291
-0.625707,50,144.220848
-0.713569,50,144.426125
-0.620436,50,144.635883
-1.846688,50,144.84698
-0.627185,50,145.056452
-0.556554,50,145.2617
-0.86467,50,145.471029
-0.572141,50,145.676686
-0.815138,50,145.881325
-0.985117,50,146.093111
-0.574598,50,146.299484
-1.038321,50,146.505893
-0.841484,50,146.71067
-0.671109,50,146.915895
-0.817857,50,147.124853
-0.717529,50,147.331406
-0.828222,50,147.536295
-0.752162,50,147.745616
-0.92835,50,147.953877
-1.369497,50,148.16151
-0.755982,50,148.366397
-1.163217,50,148.573415
-0.763123,50,148.780816
-0.786922,50,148.984565
-0.950369,50,149.190801
-1.062353,50,149.398074
-0.857544,50,149.60771
-0.577184,50,149.813119
-0.648693,50,150.01836
-0.906281,50,150.225177
-0.634096,50,150.433362
-0.618783,50,150.639769
-0.750967,50,150.859939
-0.531054,50,151.065453
-0.709892,50,151.2741
-1.043242,50,151.481834
-0.647858,50,151.689861
-0.731078,50,151.893853
-0.736734,50,152.100391
-1.048197,50,152.305854
-0.748615,50,152.509127
-0.725103,50,152.719601
-0.977689,50,152.933141
-0.532346,50,153.138041
-0.640752,50,153.343659
-0.715096,50,153.552818
-0.550693,50,153.760059
-0.520037,50,153.972643
-0.787049,50,154.178972
-0.773623,50,154.385652
-0.868591,50,154.600459
-0.776852,50,154.806258
-0.73823,50,155.011665
-0.999038,50,155.218051
-0.711141,50,155.426358
-0.979671,50,155.633397
-0.632918,50,155.83911
-0.700688,50,156.043236
-0.870286,50,156.251174
-0.622385,50,156.456093
-0.968506,50,156.667423
-0.639529,50,156.876012
-0.939682,50,157.084036
-0.753362,50,157.290606
-0.997712,50,157.495789
-0.66633,50,157.701503
-0.938351,50,157.907699
-0.821418,50,158.112622
-0.783298,50,158.316831
-0.940901,50,158.52195
-0.605293,50,158.736831
-0.808214,50,158.942369
-0.668829,50,159.147163
-0.550679,50,159.35361
-0.940815,50,159.560212
-0.883456,50,159.76594
-0.760705,50,159.977537
-0.948379,50,160.182219
-0.799252,50,160.391169
-1.12771,50,160.602926
-1.460869,50,160.814357
-0.519194,50,161.02316
-1.253515,50,161.236073
-0.827077,50,161.441068
-0.494546,50,161.647419
-0.671122,50,161.856869
-0.818382,50,162.065975
-1.087799,50,162.270514
-0.750055,50,162.479736
-1.372124,50,162.693178
-0.71855,50,162.90085
-0.576198,50,163.106176
-0.844521,50,163.314409
-0.547221,50,163.519623
-0.866114,50,163.725291
-0.740427,50,163.929278
-0.533764,50,164.134579
-0.877769,50,164.340538
-0.953485,50,164.548446
-0.910046,50,164.756123
-0.753603,50,164.960801
-1.015603,50,165.168356
-0.7918,50,165.379636
-1.453418,50,165.592197
-1.8485,50,165.801803
-2.573028,50,166.008379
-0.942452,50,166.218183
-0.719672,50,166.427412
-0.922783,50,166.640859
-0.902131,50,166.847472
-0.557561,50,167.053855
-0.75314,50,167.2603
-0.730178,50,167.467644
-0.830916,50,167.676667
-0.943406,50,167.886397
-0.988085,50,168.093041
-1.922125,50,168.319393
-0.891588,50,168.524738
-0.789182,50,168.731584
-0.905236,50,168.941757
-0.894025,50,169.144844
-0.840915,50,169.349542
-0.60093,50,169.558813
-0.575698,50,169.763637
-0.874396,50,169.96771
-0.829991,50,170.176851
-0.880293,50,170.389478
-0.752382,50,170.593846
-0.76934,50,170.79711
-0.58956,50,171.001589
-0.689435,50,171.209123
-0.783663,50,171.413062
-1.460815,50,171.620752
-0.960325,50,171.827357
-0.732674,50,172.036215
-0.838638,50,172.241312
-0.876341,50,172.44569
-0.554341,50,172.649915
-0.754928,50,172.857594
-0.459546,50,173.063155
-0.497189,50,173.269107
-1.075318,50,173.479723
-0.642263,50,173.68575
-0.909609,50,173.891442
-0.692886,50,174.096099
-1.08066,50,174.300143
-0.990907,50,174.507127
-0.645532,50,174.711484
-0.81193,50,174.915397
-0.792512,50,175.118347
-0.944102,50,175.324642
-0.898067,50,175.534114
-1.851262,50,175.738485
-2.921838,50,175.944977
-1.787475,50,176.149764
-0.814649,50,176.358292
-0.523188,50,176.563388
-0.735348,50,176.769057
-0.501145,50,176.977341
-1.284135,50,177.187181
-0.953706,50,177.394721
-1.361466,50,177.605518
-0.64144,50,177.812092
-0.793809,50,178.015379
-0.649843,50,178.219143
-0.747005,50,178.42356
-0.612327,50,178.629161
-0.783966,50,178.832099
-1.077218,50,179.042039
-1.648024,50,179.25103
-0.781438,50,179.458276
-0.857517,50,179.662429
-0.947303,50,179.865566
-0.883952,50,180.06945
-1.80753,50,180.281229
-1.239328,50,180.485681
-0.685872,50,180.690041
-0.519031,50,180.894438
-0.845108,50,181.09942
-0.521982,50,181.303525
-0.756383,50,181.509516
-0.702435,50,181.713154
-0.932468,50,181.918023
-0.968543,50,182.122669
-0.703391,50,182.32613
-0.698873,50,182.530888
-0.945482,50,182.736273
-0.69465,50,182.941115
-0.834114,50,183.147645
-0.547652,50,183.351122
-0.75607,50,183.557678
-0.934981,50,183.761981
-0.653076,50,183.963658
-0.617384,50,184.168233
-1.117877,50,184.383207
-0.776032,50,184.58819
-0.963308,50,184.79474
-0.992222,50,185.006812
-1.129128,50,185.213587
-0.873371,50,185.424191
-0.851489,50,185.629295
-0.613298,50,185.833824
-0.909619,50,186.038916
-0.913563,50,186.244423
-0.806011,50,186.44821
-0.832182,50,186.652749
-1.076174,50,186.872285
-0.698827,50,187.078964
-0.790727,50,187.286323
-1.427325,50,187.500763
-0.934473,50,187.708433
-0.86936,50,187.913502
-0.614015,50,188.118884
-0.859216,50,188.327608
-0.826671,50,188.53639
-0.769626,50,188.748254
-0.59781,50,188.957832
-0.625203,50,189.163412
-0.80375,50,189.547557
-1.012666,50,189.754523
-0.739837,50,189.961695
-0.859811,50,190.166881
-0.698611,50,190.374044
-0.681268,50,190.583
-1.330615,50,190.797705
-0.652063,50,191.006228
-0.82229,50,191.212484
-0.730158,50,191.418199
-1.050661,50,191.624104
-0.611582,50,191.830164
-0.893632,50,192.041788
-0.645064,50,192.248114
-1.583821,50,192.459828
-0.754864,50,192.663604
-1.221269,50,192.871357
-0.947309,50,193.079396
-0.707159,50,193.283829
-1.051117,50,193.489277
-0.81096,50,193.70124
-0.875471,50,193.907542
-1.0311,50,194.118476
-0.781777,50,194.325088
-0.771318,50,194.530569
-0.993305,50,194.735503
-0.682013,50,194.941501
-0.751734,50,195.149951
-0.616523,50,195.357597
-0.73192,50,195.56723
-0.848064,50,195.772566
-1.246665,50,195.976941
-0.845967,50,196.183623
-1.260121,50,196.396163
-0.630622,50,196.602895
-0.832676,50,196.810791
-0.885777,50,197.017969
-0.552245,50,197.228144
-1.189881,50,197.435633
-1.474117,50,197.642129
-0.662594,50,197.849213
-0.734364,50,198.054284
-1.070738,50,198.261998
-0.916051,50,198.468706
-0.819568,50,198.676056
-0.835203,50,198.88456
-0.893802,50,199.089876
-0.937166,50,199.294435
-0.716143,50,199.505623
-0.700275,50,199.710615
-0.709156,50,199.917232
-1.096526,50,200.124277
-0.632435,50,200.331104
-0.688469,50,200.537057
-0.491632,50,200.742767
-0.961371,50,200.953271
-1.033134,50,201.162187
-1.086128,50,201.365966
-0.626577,50,201.571667
-0.833672,50,201.776819
-1.277512,50,201.985781
-1.841343,50,202.191115
-1.27502,50,202.398629
-0.775214,50,202.606306
-1.006489,50,202.820737
-0.460366,50,203.026542
-1.946368,50,203.239385
-0.763747,50,203.444534
-0.722479,50,203.652672
-0.782492,50,203.857342
-0.826904,50,204.064076
-0.912728,50,204.289037
-0.54125,50,204.499013
-0.738844,50,204.707432
-0.639025,50,204.914059
-0.455157,50,205.120849
-0.605545,50,205.329857
-0.627119,50,205.536633
-0.7671,50,205.744206
-0.765204,50,205.950527
-0.689622,50,206.157848
-1.065918,50,206.365312
-0.572531,50,206.571649
-0.611498,50,206.776524
-1.811012,50,206.988292
-1.341996,50,207.193948
-0.938828,50,207.399119
-1.190826,50,207.605596
-0.883311,50,207.813366
-1.442441,50,208.02811
-0.724552,50,208.233526
-0.800998,50,208.440539
-1.937895,50,208.655377
-0.775155,50,208.861618
-0.635693,50,209.06817
-0.600953,50,209.274778
-0.529708,50,209.482964
-0.548219,50,209.689271
-1.260082,50,209.9011
-1.143847,50,210.108413
-0.711576,50,210.316002
-0.653051,50,210.522057
-0.805987,50,210.730473
-1.766703,50,210.943613
-1.296462,50,211.153107
-0.869063,50,211.364533
-1.181502,50,211.569646
-0.678419,50,211.775144
-1.102646,50,211.982863
-0.778808,50,212.19067
-0.836944,50,212.401084
-0.769478,50,212.607592
-0.766552,50,212.816364
-0.734859,50,213.021929
-0.905164,50,213.228293
-0.965003,50,213.435368
-1.377476,50,213.642301
-0.837063,50,213.855076
-0.55221,50,214.060926
-0.531146,50,214.265718
-0.745849,50,214.474954
-0.927002,50,214.682868
-0.701317,50,214.890688
-0.789402,50,215.096949
-0.690259,50,215.305118
-0.769152,50,215.51172
-1.004074,50,215.717379
-1.001702,50,215.92336
-0.676274,50,216.13376
-0.875396,50,216.342549
-0.724503,50,216.550276
-0.87694,50,216.755578
-0.918285,50,216.963242
-0.858707,50,217.171348
-1.120226,50,217.388692
-1.221909,50,217.600626
-1.02555,50,217.830662
-2.061316,50,218.04821
-1.512822,50,218.252829
-0.924747,50,218.466422
-0.751607,50,218.674579
-0.530876,50,218.884814
-0.953783,50,219.096828
-0.876202,50,219.306724
-1.181869,50,219.521885
-0.624132,50,219.72632
-0.753888,50,219.937372
-0.884821,50,220.143373
-1.076391,50,220.352268
-0.874179,50,220.577257
-1.089374,50,220.785768
-0.688792,50,221.009642
-0.664596,50,221.216558
-1.013875,50,221.428228
-0.733212,50,221.642315
-0.56858,50,221.855108
-0.627374,50,222.069805
-0.62794,50,222.278397
-0.774434,50,222.484838
-1.30236,50,222.690706
-0.831391,50,222.89647
-0.560377,50,223.104138
-0.709212,50,223.31204
-0.635971,50,223.523741
-0.822367,50,223.733682
-0.645755,50,223.943075
-1.950878,50,224.154951
-0.876241,50,224.359945
-0.900414,50,224.566214
-1.003404,50,224.769719
-0.942528,50,224.975376
-0.903854,50,225.178584
-0.857665,50,225.385224
-0.767278,50,225.591922
-0.857535,50,225.796112
-0.712825,50,226.008166
-0.961754,50,226.216643
-1.031204,50,226.420122
-1.697901,50,226.63096
-0.775828,50,226.836142
-1.159885,50,227.043806
-0.932422,50,227.250359
-1.394268,50,227.454942
-1.467538,50,227.666813
-0.725728,50,227.88953
-0.588192,50,228.099223
-1.142619,50,228.311296
-1.066077,50,228.521582
-0.757636,50,228.733822
-0.86512,50,228.940192
-0.782425,50,229.146592
-0.682078,50,229.355263
-0.607092,50,229.562696
-0.808122,50,229.768685
-0.755653,50,229.97574
-0.7268,50,230.182092
-1.100353,50,230.389286
-0.581125,50,230.601272
-0.794015,50,230.807758
-0.656506,50,231.014087
-0.805882,50,231.222426
-0.989148,50,231.431938
-1.186936,50,231.637735
-1.455637,50,231.8507
-0.767732,50,232.058467
-0.688914,50,232.26412
-0.768487,50,232.469526
-4.265928,50,232.677112
-2.218706,50,232.887114
-1.526396,50,233.0955
-0.940853,50,233.301007
-1.236976,50,233.513117
-0.651501,50,233.721005
-0.521992,50,233.928241
-0.918704,50,234.135753
-1.157978,50,234.347061
-0.553764,50,234.555143
-0.542744,50,234.760562
-1.020678,50,234.966896
-0.951802,50,235.17255
-0.722998,50,235.38026
-0.541092,50,235.589391
-0.880355,50,235.79445
-0.716215,50,236.000225
-0.583981,50,236.210673
-0.923913,50,236.41611
-1.041331,50,236.621858
-0.96184,50,236.826037
-0.984326,50,237.035226
-0.67266,50,237.240996
-0.626373,50,237.446872
-0.740281,50,237.653377
-0.961221,50,237.860853
-0.564286,50,238.066521
-1.41686,50,238.274958
-1.02678,50,238.482366
-0.636428,50,238.691459
-0.966254,50,238.900267
-0.619429,50,239.110784
-0.757655,50,239.3167
-0.577716,50,239.5236
-0.850765,50,239.728716
-0.788769,50,239.936894
-0.82804,50,240.141499
-0.504348,50,240.351604
-0.681278,50,240.557414
-0.83757,50,240.763296
-0.915918,50,240.970191
-0.680846,50,241.177982
-0.847208,50,241.382851
-2.016089,50,241.595458
-0.548949,50,241.80213
-0.639473,50,242.009901
-0.829901,50,242.216447
-1.232464,50,242.422606
-1.107029,50,242.629423
-1.438358,50,242.837543
-1.104928,50,243.042827
-1.48947,50,243.255841
-1.154143,50,243.461715
-2.404985,50,243.670986
-1.155117,50,243.876636
-0.957404,50,244.082607
-0.524381,50,244.295905
-0.906089,50,244.50458
-0.83399,50,244.710611
-0.625027,50,244.916852
-1.12636,50,245.126718
-0.927027,50,245.338544
-0.927669,50,245.544264
-0.866082,50,245.752755
-1.070778,50,245.95891
-0.932854,50,246.182066
-0.762248,50,246.389194
-1.057601,50,246.596293
-0.740374,50,246.804049
-0.713243,50,247.012252
-1.007513,50,247.217797
-1.122444,50,247.424667
-0.646407,50,247.629851
-0.753431,50,247.837898
-1.04752,50,248.043194
-0.840657,50,248.247474
-1.789349,50,248.460651
-0.841644,50,248.673437
-0.668968,50,248.879163
-1.902777,50,249.093484
-0.864852,50,249.297859
-0.984971,50,249.503743
-0.730783,50,249.710782
-0.559206,50,249.917044
-0.892466,50,250.122068
-0.823309,50,250.328408
-1.759823,50,250.539593
-0.671376,50,250.749051
-0.86435,50,250.956227
-0.745861,50,251.168239
-0.857529,50,251.374617
-1.222395,50,251.582334
-1.199181,50,251.789156
-1.052623,50,251.99696
-1.554103,50,252.202457
-0.774381,50,252.407211
-1.077362,50,252.613295
-0.874563,50,252.821034
-0.97596,50,253.02733
-0.833813,50,253.23201
-0.616545,50,253.440293
-0.878214,50,253.647682
-0.999922,50,253.854143
-0.562358,50,254.05865
-0.974758,50,254.269128
-0.940239,50,254.47714
-0.792488,50,254.681917
-1.310602,50,254.893985
-1.07956,50,255.100696
-0.968701,50,255.308007
-0.900649,50,255.514637
-0.968815,50,255.724693
-1.321746,50,255.930975
-1.11273,50,256.139733
-0.649298,50,256.348516
-0.840192,50,256.554814
-0.569619,50,256.761868
-0.816379,50,256.972164
-0.861132,50,257.177596
-0.973432,50,257.387659
-1.448404,50,257.601171
-0.948616,50,257.811208
-0.695886,50,258.017499
-0.819667,50,258.22945
-0.961171,50,258.439955
-0.719427,50,258.650524
-0.742104,50,258.856505
-0.836979,50,259.065192
-0.779346,50,259.276651
-0.712115,50,259.484569
-0.691323,50,259.690741
-1.065795,50,259.903953
-1.781719,50,260.110146
-1.589552,50,260.319188
-0.781934,50,260.52688
-0.620469,50,260.733985
-0.82201,50,260.945444
-1.504172,50,261.158388
-0.770946,50,261.364269
-0.610377,50,261.571525
-0.752847,50,261.779622
-1.012898,50,261.987585
-0.819999,50,262.193379
-0.599339,50,262.397975
-0.803729,50,262.603912
-0.921894,50,262.826572
-0.853092,50,263.033322
-0.804843,50,263.239883
-0.66571,50,263.445994
-0.730785,50,263.654608
-0.804321,50,263.861245
-0.691996,50,264.066899
-1.140668,50,264.279588
-1.193736,50,264.49015
-0.627914,50,264.698849
-1.034938,50,264.905561
-0.520331,50,265.110738
-0.695982,50,265.320041
-0.869299,50,265.530025
-0.780877,50,265.739412
-1.894851,50,265.94556
-0.609194,50,266.156866
-0.588303,50,266.364985
-0.791611,50,266.575698
-0.998311,50,266.781407
-0.817211,50,266.990145
-0.693234,50,267.196929
-0.545604,50,267.401139
-0.761291,50,267.611435
-0.869883,50,267.818223
-0.743404,50,268.02996
-0.825237,50,268.235773
-0.800057,50,268.442347
-0.830787,50,268.650632
-0.889343,50,268.860237
-0.615589,50,269.066193
-0.709201,50,269.271259
-0.814088,50,269.478847
-0.748529,50,269.685187
-0.762989,50,269.890331
-0.769564,50,270.095884
-0.876204,50,270.306657
-0.886792,50,270.513099
-0.747584,50,270.722502
-0.603801,50,270.932287
-0.587648,50,271.142101
-0.669134,50,271.348621
-0.910674,50,271.55379
-0.972757,50,271.761404
-0.622457,50,271.969331
-0.580011,50,272.174958
-0.86379,50,272.382042
-0.831726,50,272.587586
-0.848434,50,272.795292
-0.719819,50,273.003038
-0.909737,50,273.209399
-1.780656,50,273.41619
-1.32657,50,273.628195
-0.772345,50,273.837508
-0.738309,50,274.042814
-0.923265,50,274.249659
-0.810528,50,274.459137
-0.582026,50,274.670858
-0.760436,50,274.877495
-1.456734,50,275.090413
-0.787503,50,275.297971
-0.718071,50,275.504997
-0.520851,50,275.712072
-0.599992,50,275.92473
-0.648666,50,276.136978
-0.568825,50,276.342629
-0.620821,50,276.550224
-0.938452,50,276.75661
-0.890804,50,276.964699
-0.85244,50,277.170798
-0.970083,50,277.380761
-0.914036,50,277.587884
-0.695844,50,277.796185
-0.698975,50,278.001425
-0.887362,50,278.208133
-0.893252,50,278.416076
-0.677749,50,278.64078
-1.283025,50,278.849525
-0.630968,50,279.056668
-0.573148,50,279.262192
-0.831965,50,279.474062
-1.70326,50,279.679786
-2.10509,50,279.887333
-0.946609,50,280.093519
-0.977787,50,280.301611
-0.949836,50,280.50837
-0.717999,50,280.714095
-0.891765,50,280.921516
-0.849558,50,281.132895
-0.625783,50,281.339825
-0.755082,50,281.544949
-0.719924,50,281.75364
-0.57448,50,281.961784
-0.699923,50,282.172884
-0.646185,50,282.382445
-0.647329,50,282.595057
-0.752046,50,282.808891
-0.801344,50,283.015022
-0.63907,50,283.221251
-0.912052,50,283.427743
-0.926179,50,283.636851
-0.80605,50,283.84415
-0.618061,50,284.050921
-0.366167,50,284.254814
-1.237498,50,284.464671
-0.538182,50,284.675351
-0.806722,50,284.881065
-0.623355,50,285.091344
-0.728343,50,285.301717
-0.727208,50,285.508636
-0.600986,50,285.715004
-1.422422,50,285.920805
-1.217744,50,286.129039
-0.669332,50,286.336646
-0.50601,50,286.543021
-0.551784,50,286.749585
-1.729802,50,286.971646
-0.632502,50,287.184406
-0.780611,50,287.391116
-1.052979,50,287.598493
-1.091158,50,287.807026
-1.180022,50,288.013089
-1.035655,50,288.220786
-0.69621,50,288.426018
-0.680147,50,288.637844
-0.698943,50,288.844064
-0.565262,50,289.050855
-0.739374,50,289.256138
-0.55885,50,289.464832
-0.517608,50,289.670618
-0.797104,50,289.884439
-0.820965,50,290.09356
-1.151922,50,290.306031
-1.135651,50,290.509999
-0.558033,50,290.717912
-0.399102,50,290.923971
-0.698162,50,291.133831
-0.861943,50,291.340373
-0.602238,50,291.544985
-0.437256,50,291.752135
-0.804131,50,291.961551
-0.758831,50,292.167129
-0.542878,50,292.37264
-0.494858,50,292.577898
-0.932556,50,292.788994
-0.906556,50,292.994122
-0.945308,50,293.201137
-1.027233,50,293.414957
-0.641081,50,293.816121
-0.699947,50,294.029965
-0.65643,50,294.235353
-0.65158,50,294.440489
-0.749592,50,294.648747
-1.154027,50,294.858235
-0.852383,50,295.067236
-0.801973,50,295.27313
-1.07275,50,295.482842
-0.846894,50,295.690452
-0.693515,50,295.89667
-0.51331,50,296.102208
-0.649576,50,296.315275
-0.859153,50,296.528906
-0.805925,50,296.736805
-0.708094,50,296.941604
-1.463187,50,297.156014
-0.91821,50,297.366056
-1.354639,50,297.571724
-1.036311,50,297.778006
-0.951645,50,297.98582
-0.506473,50,298.199265
-1.604762,50,298.41048
-0.475843,50,298.614774
-0.750602,50,298.820717
-0.66014,50,299.025788
-1.492898,50,299.23698
-0.649279,50,299.441131
-1.304906,50,299.648227
-0.768855,50,299.853482
-0.511569,50,300.058011
-0.588064,50,300.263073
-0.730305,50,300.470666
-1.024155,50,300.6759
-0.851037,50,300.880529
-1.356624,50,301.084313
-1.844773,50,301.290249
-0.94459,50,301.49565
-0.892797,50,301.700666
-0.760623,50,301.905768
-0.609867,50,302.114055
-0.7033,50,302.322005
-1.048008,50,302.532813
-0.954663,50,302.737101
-0.75146,50,302.946643
-0.748889,50,303.150014
-0.52667,50,303.354153
-0.903772,50,303.56362
-0.484883,50,303.773446
-1.205969,50,303.983865
-0.733791,50,304.191436
-0.576919,50,304.39628
-0.7805,50,304.602491
-0.853079,50,304.81271
-1.28175,50,305.020208
-0.721914,50,305.225785
-0.810289,50,305.431277
-1.270436,50,305.63587
-0.709333,50,305.840554
-0.683815,50,306.044512
-0.729005,50,306.250681
-0.863533,50,306.455604
-0.865274,50,306.661438
-1.024364,50,306.866581
-1.095571,50,307.089594
-0.966892,50,307.301453
-0.812585,50,307.507663
-0.703392,50,307.714211
-1.594554,50,307.929916
-0.700269,50,308.136512
-0.749129,50,308.341564
-0.449361,50,308.549134
-0.653467,50,308.757984
-0.925759,50,308.964728
-0.568797,50,309.170923
-0.702123,50,309.381501
-0.72097,50,309.592324
-0.690887,50,309.803506
-0.483982,50,310.010255
-0.780859,50,310.218326
-0.819286,50,310.425945
-1.289859,50,310.6317
-1.67516,50,310.844178
-1.021399,50,311.050776
-1.302083,50,311.261074
-1.087203,50,311.469218
-0.792489,50,311.677992
-1.086669,50,311.885292
-0.965006,50,312.091745
-1.449982,50,312.298075
-0.816016,50,312.511557
-0.820021,50,312.7185
-1.157668,50,312.926963
-0.705595,50,313.132372
-0.75606,50,313.34191
-0.948022,50,313.548141
-0.7021,50,313.754743
-0.787603,50,313.960881
-1.812654,50,314.17346
-0.942547,50,314.378734
-0.4161,50,314.586428
-0.752361,50,314.794704
-0.706314,50,315.000446
-0.734553,50,315.207706
-1.013927,50,315.416132
-0.736744,50,315.629575
-0.668867,50,315.835768
-0.956915,50,316.041464
-0.641072,50,316.250908
-0.633032,50,316.456976
-0.851877,50,316.663786
-1.154727,50,316.870422
-2.528207,50,317.079715
-0.839122,50,317.284602
-0.786571,50,317.491422
-0.572228,50,317.699243
-1.141388,50,317.916472
-0.584312,50,318.121994
-0.614394,50,318.32839
-0.629829,50,318.533131
-0.71541,50,318.741267
-0.596599,50,318.946798
-0.859536,50,319.155637
-1.012642,50,319.368204
-0.515099,50,319.578119
-0.501523,50,319.784472
-0.630684,50,319.990144
-0.745247,50,320.197726
-0.717513,50,320.405438
-0.683787,50,320.612535
-0.824875,50,320.817853
-0.667333,50,321.023014
-0.83339,50,321.233087
-5.131568,50,321.443614
-4.742559,50,321.649373
-1.507724,50,321.862165
-0.982832,50,322.069853
-1.149566,50,322.275469
-1.032284,50,322.482252
-0.878433,50,322.687971
-0.69773,50,322.909292
-1.219716,50,323.12115
-0.886584,50,323.325943
-0.553208,50,323.531287
-0.812123,50,323.739851
-0.954521,50,323.945354
-0.683151,50,324.150943
-0.786891,50,324.356625
-0.859971,50,324.570265
-0.937696,50,324.776866
-0.774969,50,324.980897
-0.817883,50,325.18543
-0.689849,50,325.391811
-0.64067,50,325.598052
-0.670793,50,325.802603
-0.820734,50,326.007117
-1.072743,50,326.212712
-1.869636,50,326.423224
-0.718316,50,326.629308
-0.786997,50,326.836332
-0.874314,50,327.044153
-0.984678,50,327.250436
-1.035751,50,327.453854
-0.763485,50,327.661132
-1.02591,50,327.870682
-1.014511,50,328.078405
-0.584951,50,328.282473
-0.471405,50,328.490795
-0.656419,50,328.705091
-0.733363,50,328.913266
-0.656301,50,329.11857
-0.686992,50,329.325693
-0.663287,50,329.532985
-0.852322,50,329.736701
-0.733001,50,329.941723
-0.812786,50,330.147886
-1.016654,50,330.355325
-0.612968,50,330.560946
-1.121147,50,330.768722
-0.822844,50,330.973326
-0.699123,50,331.183544
-0.880791,50,331.393757
-0.564702,50,331.599812
-0.950617,50,331.812064
-1.142367,50,332.02433
-0.655874,50,332.229113
-0.861092,50,332.434271
-0.668817,50,332.640638
-0.633849,50,332.84642
-1.016203,50,333.056193
-0.861035,50,333.262492
-0.855382,50,333.467179
-0.667668,50,333.674315
-0.689018,50,333.880803
-0.677458,50,334.087618
-0.62692,50,334.29579
-0.756546,50,334.504157
-0.648317,50,334.710123
-0.663355,50,334.922139
-0.638817,50,335.127753
-0.92609,50,335.335625
-2.212204,50,335.548277
-0.81113,50,335.754728
-1.027085,50,335.958536
-0.935088,50,336.165995
-0.653638,50,336.370912
-0.762865,50,336.582936
-0.696194,50,336.787953
-0.629353,50,336.998006
-0.76659,50,337.204043
-1.232381,50,337.40963
-1.087502,50,337.619167
-0.78889,50,337.841339
-0.709802,50,338.049006
-0.809821,50,338.254764
-1.854339,50,338.467733
-0.860967,50,338.676317
-0.745856,50,338.882578
-0.652535,50,339.089088
-0.604291,50,339.29467
-0.672926,50,339.51016
-1.006732,50,339.71712
-0.854814,50,339.923076
-1.052884,50,340.130158
-0.865063,50,340.33891
-0.889666,50,340.545507
-0.643009,50,340.753149
-1.10252,50,340.959248
-0.666234,50,341.166766
-0.399046,50,341.372871
-0.616125,50,341.578621
-0.795358,50,341.784815
-0.594159,50,341.995493
-1.954565,50,342.209158
-1.154685,50,342.422115
-0.904195,50,342.627993
-1.014221,50,342.842398
-0.793081,50,343.048743
-0.698997,50,343.256063
-0.744747,50,343.461414
-0.56041,50,343.671298
-1.730777,50,343.884649
-0.461403,50,344.090828
-0.561483,50,344.297175
-1.293801,50,344.504635
-1.726738,50,344.715297
-0.894548,50,344.92051
-0.774188,50,345.128488
-0.833874,50,345.339901
-0.79164,50,345.549827
-0.889185,50,345.755859
-1.08515,50,345.963118
-1.053076,50,346.171755
-0.797289,50,346.381458
-0.68865,50,346.596981
-0.816062,50,346.806836
-0.748684,50,347.013813
-0.617563,50,347.227627
-0.433044,50,347.432596
-0.59943,50,347.639053
-0.904687,50,347.847368
-0.92452,50,348.058895
-0.736382,50,348.265424
-0.930039,50,348.480154
-0.354956,50,348.690542
-0.595935,50,348.9027
-0.986707,50,349.111602
-1.443957,50,349.321222
-1.159076,50,349.5279
-0.986966,50,349.738011
-1.089797,50,349.944205
-0.74029,50,350.151029
-0.971321,50,350.378852
-0.794659,50,350.586286
-0.491723,50,350.791581
-0.770867,50,350.998117
-0.57635,50,351.208381
-0.892402,50,351.41332
-0.877962,50,351.620322
-0.746323,50,351.828197
-0.498974,50,352.034918
-0.562962,50,352.243489
-0.817355,50,352.449043
-0.675577,50,352.657233
-0.591166,50,352.865441
-0.748017,50,353.072214
-0.733784,50,353.278121
-0.766087,50,353.485311
-0.666876,50,353.694909
-0.614998,50,353.901668
-0.779577,50,354.111496
-1.100686,50,354.321343
-0.946356,50,354.528594
-0.83814,50,354.736867
-0.806956,50,354.94823
-1.007803,50,355.154287
-0.814316,50,355.366584
-0.887331,50,355.57417
-0.748748,50,355.781494
-0.752438,50,355.987868
-0.910917,50,356.19642
-0.986732,50,356.403074
-0.941359,50,356.610035
-0.827061,50,356.823555
-0.845774,50,357.031468
-0.872585,50,357.237925
-1.023529,50,357.443905
-0.640675,50,357.650485
-0.682607,50,357.863679
-0.73055,50,358.069749
-1.445902,50,358.282106
-0.77652,50,358.487577
-0.876123,50,358.696046
-0.742356,50,358.902858
-1.685427,50,359.113031
-0.973216,50,359.318422
-0.662368,50,359.526105
-0.74575,50,359.737569
-0.698807,50,359.944932
-1.016143,50,360.150724
-0.691974,50,360.358653
-0.787425,50,360.56511
-0.758893,50,360.775439
-0.865679,50,360.982424
-0.748766,50,361.193692
-0.736705,50,361.399783
-0.862296,50,361.607249
-0.920918,50,361.814073
-0.628546,50,362.023212
-0.770326,50,362.233967
-0.989411,50,362.439803
-1.05197,50,362.646413
-0.639204,50,362.854132
-0.477681,50,363.060841
-1.359509,50,363.273604
-0.851374,50,363.480472
-0.854406,50,363.706115
-0.76561,50,363.91233
-0.763354,50,364.117596
-0.673006,50,364.322321
-0.763508,50,364.529877
-1.559422,50,364.743171
-0.76076,50,364.948805
-2.096353,50,365.161262
-0.801059,50,365.370204
-0.58422,50,365.575918
-0.742087,50,365.783856
-0.530988,50,365.988067
-0.431894,50,366.19594
-1.591725,50,366.401198
-2.046427,50,366.610292
-1.687023,50,366.822272
-1.78418,50,367.03173
-0.581598,50,367.237857
-1.183806,50,367.443141
-0.798165,50,367.649266
-0.548051,50,367.855689
-0.817713,50,368.060507
-0.719373,50,368.264368
-0.887529,50,368.472707
-1.762449,50,368.688619
-0.733921,50,368.898638
-1.841191,50,369.109907
-0.614899,50,369.314916
-0.487056,50,369.522372
-0.556421,50,369.728601
-0.560229,50,369.934904
-0.679742,50,370.139569
-0.754753,50,370.348053
-0.656551,50,370.55336
-0.655799,50,370.759654
-0.916645,50,370.965349
-0.661873,50,371.170725
-0.920518,50,371.375454
-0.707846,50,371.58022
-0.631534,50,371.786225
-1.267598,50,371.999268
-0.815444,50,372.205095
-0.988637,50,372.412409
-0.532155,50,372.617377
-0.637968,50,372.827382
-0.638144,50,373.03241
-0.858495,50,373.237467
-0.6256,50,373.443457
-0.554992,50,373.650979
-1.009926,50,373.859858
-1.493337,50,374.064875
-3.144686,50,374.272177
-2.339854,50,374.483428
-1.12523,50,374.692896
-1.445411,50,374.899871
-0.886013,50,375.104795
-0.809731,50,375.311298
-1.054924,50,375.515654
-0.977736,50,375.722299
-0.633964,50,375.926917
-0.975657,50,376.134549
-1.060255,50,376.340213
-0.840836,50,376.546139
-0.837932,50,376.753272
-0.691445,50,376.973715
-0.958022,50,377.183654
-0.696694,50,377.390176
-1.257136,50,377.597328
-1.354504,50,377.806243
-1.018484,50,378.013154
-1.031209,50,378.218554
-1.236531,50,378.424182
-0.715786,50,378.635288
-0.519673,50,378.84322
-0.769539,50,379.051323
-0.762035,50,379.25686
-0.728601,50,379.465693
-0.895741,50,379.672639
-1.109523,50,379.878979
-0.807957,50,380.083301
-1.633093,50,380.293831
-1.020761,50,380.502912
-0.863848,50,380.711567
-0.812309,50,380.91689
-0.757931,50,381.128404
-0.857899,50,381.335994
-1.088066,50,381.543037
-0.854415,50,381.748391
-0.5264,50,381.957351
-0.675815,50,382.164199
-1.106777,50,382.372151
-2.498105,50,382.578508
-1.904722,50,382.787059
-1.351255,50,382.994845
-0.953068,50,383.199725
-0.844192,50,383.406386
-0.888239,50,383.621969
-0.539101,50,383.827462
-1.260287,50,384.038867
-1.004478,50,384.244844
-0.878408,50,384.457851
-0.721164,50,384.6672
-0.531401,50,384.873138
-1.364573,50,385.080161
-0.845643,50,385.289302
-0.712434,50,385.495289
-0.920222,50,385.708266
-0.670016,50,385.913378
-0.777602,50,386.130042
-0.837299,50,386.336637
-0.778556,50,386.542894
-1.049674,50,386.750358
-1.355334,50,386.962992
-1.246125,50,387.16882
-0.797033,50,387.376079
-0.684534,50,387.58274
-0.549791,50,387.791085
-0.981639,50,387.997904
-0.797451,50,388.20538
-0.684111,50,388.410794
-0.689689,50,388.620639
-0.846283,50,388.828864
-0.485763,50,389.034935
-0.908865,50,389.247544
-1.08048,50,389.476052
-0.552849,50,389.683357
-1.102472,50,389.890741
-1.386635,50,390.097905
-1.929986,50,390.308409
-1.273349,50,390.515075
-0.993282,50,390.723774
-1.08554,50,390.932026
-0.863321,50,391.142771
-0.747878,50,391.353167
-1.196284,50,391.55946
-1.621867,50,391.773094
-0.851097,50,391.981485
-0.644624,50,392.188733
-1.109283,50,392.39632
-0.678019,50,392.60229
-0.786074,50,392.811547
-0.71343,50,393.017511
-0.851849,50,393.224222
-0.783369,50,393.429941
-0.597663,50,393.638721
-0.613226,50,393.845887
-1.09296,50,394.057282
-0.717679,50,394.264632
-0.717948,50,394.472978
-0.851439,50,394.685535
-0.650307,50,394.890598
-0.844799,50,395.097881
-0.712548,50,395.307419
-0.624684,50,395.514637
-0.777016,50,395.720426
-0.917255,50,395.926279
-1.098417,50,396.138461
-0.71548,50,396.345132
-0.626275,50,396.55175
-0.790926,50,396.759127
-1.016922,50,396.968815
-0.542517,50,397.176503
-1.948852,50,397.384495
-1.759762,50,397.591763
-2.273725,50,397.97756
-0.938828,50,398.1841
-1.201473,50,398.391522
-2.337666,50,398.597829
-1.270439,50,398.808582
-1.023296,50,399.020781
-0.72924,50,399.227657
-0.864651,50,399.432588
-0.722038,50,399.640163
-0.738007,50,399.847896
-1.067366,50,400.058005
-0.83827,50,400.265238
-0.861403,50,400.472484
-0.733519,50,400.682196
-0.725757,50,400.888325
-0.856378,50,401.094368
-0.585204,50,401.302895
-0.957402,50,401.51111
-0.823676,50,401.716444
-1.12505,50,401.922896
-1.287538,50,402.136876
-0.542741,50,402.343765
-1.011808,50,402.551191
-0.880291,50,402.758562
-0.693526,50,402.967923
-0.738384,50,403.17552
-0.95033,50,403.381598
-1.353364,50,403.587806
-0.906175,50,403.797563
-1.76727,50,404.003554
-1.221028,50,404.209456
-1.118186,50,404.416014
-1.271243,50,404.625227
-0.771854,50,404.83208
-0.996509,50,405.045562
-1.543969,50,405.251633
-1.510818,50,405.461882
-0.99838,50,405.670464
-0.846542,50,405.87828
-0.866428,50,406.083496
-0.895509,50,406.296132
-0.822287,50,406.501905
-1.094411,50,406.708566
-0.770949,50,406.916023
-1.138682,50,407.124093
-0.981247,50,407.332112
-0.807637,50,407.538855
-1.093481,50,407.749158
-1.453543,50,407.960462
-0.838832,50,408.166811
-0.622646,50,408.372176
-0.817572,50,408.579444
-1.326469,50,408.787707
-1.546988,50,408.994914
-0.983432,50,409.201256
-0.917413,50,409.406342
-1.26913,50,409.627716
-1.452174,50,409.835541
-1.196431,50,410.041567
-1.265654,50,410.24792
-1.908844,50,410.463608
-0.934216,50,410.670176
-1.076136,50,410.876174
-1.074054,50,411.08095
-1.165111,50,411.288371
-0.680104,50,411.494645
-1.353549,50,411.706507
-1.072468,50,411.917528
-1.621169,50,412.133754
-1.384683,50,412.346398
-0.694906,50,412.553422
-0.896148,50,412.759996
-0.83827,50,412.968216
-1.303448,50,413.179987
-1.708805,50,413.393545
-1.640108,50,413.607016
-0.914426,50,413.818258
-1.426814,50,414.025309
-1.140121,50,414.231684
-0.842877,50,414.436184
-0.905281,50,414.647951
-0.843128,50,414.8547
-1.016856,50,415.062682
-0.796706,50,415.268205
-0.730477,50,415.480502
-1.444377,50,415.693089
-1.521507,50,415.907018
-1.2191,50,416.112655
-1.119836,50,416.321655
-0.666744,50,416.529369
-0.932253,50,416.735282
-0.818459,50,416.941178
-0.838218,50,417.151797
-1.023765,50,417.35963
-1.708488,50,417.571276
-0.615366,50,417.780914
-0.662455,50,417.989355
-0.700349,50,418.196029
-0.853252,50,418.401784
-0.927121,50,418.608397
-0.55697,50,418.817753
-1.268038,50,419.024621
-1.986754,50,419.230372
-1.027219,50,419.437407
-1.254445,50,419.654387
-2.0729,50,419.86124
-1.99059,50,420.066781
-2.196736,50,420.280598
-3.823354,50,420.489313
-1.737171,50,420.697516
-0.741087,50,420.904291
-1.079148,50,421.110703
-0.855187,50,421.319674
-1.868289,50,421.534279
-0.628361,50,421.740777
-0.646636,50,421.946769
-0.940821,50,422.169489
-0.655732,50,422.374058
-0.592865,50,422.578527
-0.624598,50,422.784228
-0.657045,50,422.998315
-0.535006,50,423.203739
-0.892977,50,423.411213
-0.695902,50,423.617464
-0.942294,50,423.8243
-0.62938,50,424.03585
-1.372914,50,424.247442
-0.671235,50,424.455377
-0.958732,50,424.665404
-1.062324,50,424.8716
-0.913515,50,425.07645
-0.986043,50,425.282952
-0.908685,50,425.494302
-0.667051,50,425.699643
-0.722081,50,425.90495
-1.083647,50,426.112912
-0.584473,50,426.319637
-0.693908,50,426.52688
-0.644792,50,426.730774
-0.932978,50,426.9411
-0.76506,50,427.155496
-0.672298,50,427.360811
-0.947255,50,427.565344
-0.634161,50,427.770408
-1.231726,50,427.976601
-0.920835,50,428.182617
-1.280474,50,428.388883
-0.731152,50,428.594413
-1.991139,50,428.80763
-1.409907,50,429.015188
-2.104558,50,429.219805
-3.237754,50,429.42722
-2.476991,50,429.635202
-1.708718,50,429.839944
-0.884844,50,430.045664
-0.824337,50,430.250384
-1.262787,50,430.459487
-1.27082,50,430.665162
-0.64615,50,430.874437
-0.604826,50,431.078894
-0.785448,50,431.288419
-1.812242,50,431.502082
-0.793911,50,431.709968
-0.776793,50,431.914648
-0.950302,50,432.123478
-0.582477,50,432.328467
-0.756165,50,432.534004
-0.749333,50,432.741667
-0.952264,50,432.949759
-0.704405,50,433.154398
-0.719606,50,433.359805
-1.076943,50,433.566572
-1.059638,50,433.787956
-1.030439,50,433.996029
-0.848158,50,434.202242
-1.110925,50,434.407318
-0.93462,50,434.620367
-0.633341,50,434.831107
-0.662023,50,435.035988
-0.649047,50,435.240606
-1.021419,50,435.453598
-0.675103,50,435.659593
-0.908037,50,435.864971
-1.215769,50,436.069763
-1.465826,50,436.276996
-1.565153,50,436.482131
-1.378691,50,436.688776
-0.672397,50,436.893025
-0.569988,50,437.100658
-0.923411,50,437.310304
-1.038006,50,437.518712
-2.10627,50,437.731379
-1.077414,50,437.940692
-0.630333,50,438.147288
-1.480601,50,438.352639
-0.812887,50,438.558969
-0.680398,50,438.767042
-0.920487,50,438.974769
-0.566212,50,439.179359
-1.302985,50,439.385289
-1.321428,50,439.597442
-0.744584,50,439.803911
-0.64538,50,440.008393
-0.447113,50,440.215806
-0.867925,50,440.425928
-0.488791,50,440.630776
-0.675614,50,440.835559
-0.895002,50,441.041876
-0.89658,50,441.248733
-0.772034,50,441.453756
-1.176732,50,441.659937
-0.635883,50,441.865777
-0.981265,50,442.073414
-0.947862,50,442.279269
-0.734942,50,442.485107
-0.748648,50,442.689644
-1.296094,50,442.899007
-0.936286,50,443.104704
-0.708373,50,443.311009
-0.918496,50,443.517798
-0.87238,50,443.727097
-1.049453,50,443.933058
-7.209563,50,444.138783
-6.45131,50,444.344913
-3.268941,50,444.555781
-2.200159,50,444.760155
-1.642698,50,444.966635
-1.796207,50,445.17162
-0.584452,50,445.396116
-0.880895,50,445.604149
-0.54603,50,445.808462
-0.869258,50,446.015117
-0.452328,50,446.226002
-0.95921,50,446.430649
-0.607985,50,446.636818
-0.793525,50,446.842188
-0.938398,50,447.048497
-0.565577,50,447.253408
-0.73022,50,447.466122
-0.69851,50,447.672268
-0.70786,50,447.884553
-0.561676,50,448.090121
-0.931488,50,448.294457
-1.050064,50,448.498697
-0.991399,50,448.707264
-0.658218,50,448.912164
-0.559584,50,449.115408
-0.436969,50,449.320912
-0.534742,50,449.527216
-0.759673,50,449.733208
-1.026888,50,449.940766
-0.827619,50,450.147054
-0.528024,50,450.357949
-0.844224,50,450.564287
-2.837577,50,450.773274
-1.52609,50,450.978932
-2.370036,50,451.186076
-1.767907,50,451.390776
-0.872542,50,451.595379
-0.971735,50,451.800635
-0.841955,50,452.009677
-0.857,50,452.217335
-0.810346,50,452.429058
-0.793349,50,452.633719
-0.556554,50,452.84022
-0.704594,50,453.052206
-0.898015,50,453.257311
-0.674742,50,453.461464
-0.732152,50,453.67016
-0.586042,50,453.875606
-0.462066,50,454.081614
-0.935739,50,454.29209
-0.895989,50,454.498343
-0.692631,50,454.704339
-0.583664,50,454.914301
-0.827692,50,455.124178
-0.704406,50,455.334784
-0.865612,50,455.542814
-0.811256,50,455.748263
-0.877052,50,455.953075
-0.856149,50,456.159994
-0.690113,50,456.365439
-0.835948,50,456.571997
-0.531517,50,456.779535
-0.818549,50,457.002316
-0.84493,50,457.208496
-0.622008,50,457.414197
-0.81024,50,457.620036
-0.85444,50,457.828537
-0.956842,50,458.033686
-0.411701,50,458.240418
-0.94983,50,458.444376
-1.308269,50,458.652518
-0.901911,50,458.86232
-0.728915,50,459.068613
-0.805102,50,459.274846
-2.626745,50,459.488789
-4.180665,50,459.693786
-1.874638,50,459.901072
-0.81529,50,460.107371
-0.695418,50,460.31852
-1.045685,50,460.524573
-1.183363,50,460.730552
-0.883492,50,460.934793
-0.563871,50,461.142026
-0.654689,50,461.34691
-0.73968,50,461.553391
-0.782961,50,461.762074
-0.493645,50,461.970337
-0.691488,50,462.175822
-0.726878,50,462.380467
-0.53872,50,462.585705
-0.775039,50,462.800133
-0.912911,50,463.008119
-0.325201,50,463.211595
-0.868933,50,463.415719
-1.176283,50,463.624499
-0.806808,50,463.830996
-0.762044,50,464.037963
-0.838544,50,464.243462
-0.675127,50,464.454081
-0.649561,50,464.659537
-0.711094,50,464.866218
-0.540342,50,465.071741
-0.878685,50,465.282155
-0.910096,50,465.486949
-0.673686,50,465.691906
-0.898762,50,465.897685
-0.732683,50,466.105464
-0.850948,50,466.311678
-1.02885,50,466.517747
-1.55788,50,466.722334
-2.790498,50,466.930461
-1.519565,50,467.138261
-0.674061,50,467.343745
-0.838327,50,467.548792
-0.941495,50,467.756456
-0.772287,50,467.962742
-0.685979,50,468.168965
-0.83037,50,468.381329
-0.568411,50,468.601877
-0.718364,50,468.81116
-0.797861,50,469.017649
-0.945524,50,469.222971
-0.649021,50,469.430003
-0.820205,50,469.634915
-0.715335,50,469.842914
-1.000994,50,470.04783
-0.757341,50,470.263472
-0.745792,50,470.470435
-0.780744,50,470.678131
-0.55461,50,470.884603
-0.625979,50,471.092011
-0.756187,50,471.304133
-0.837352,50,471.509915
-0.72994,50,471.716044
-0.581266,50,471.930837
-0.802618,50,472.13643
-0.79758,50,472.342988
-1.941797,50,472.555677
-0.693622,50,472.762854
-0.878363,50,472.972673
-1.380797,50,473.179038
-0.716896,50,473.385558
-2.052451,50,473.603061
-0.713546,50,473.809218
-0.776195,50,474.021431
-0.878079,50,474.228628
-0.734245,50,474.437285
-0.454857,50,474.642704
-0.801532,50,474.851305
-0.656282,50,475.056904
-0.825,50,475.267174
-0.600011,50,475.475775
-0.765584,50,475.689299
-0.85688,50,475.898673
-0.532954,50,476.107001
-1.328705,50,476.311572
-0.801445,50,476.520298
-0.508021,50,476.731665
-0.695106,50,476.939214
-0.614976,50,477.145591
-0.764947,50,477.35245
-0.636895,50,477.558897
-0.932609,50,477.766305
-0.881541,50,477.97513
-1.049291,50,478.18452
-0.671355,50,478.389643
-0.794204,50,478.612413
-0.476766,50,478.820147
-0.528056,50,479.028302
-0.711567,50,479.23497
-0.529467,50,479.442428
-0.884573,50,479.654238
-0.671859,50,479.861427
-0.653631,50,480.066362
-0.714919,50,480.275909
-0.539133,50,480.481151
-0.911169,50,480.68796
-0.747539,50,480.892737
-0.518535,50,481.100922
-0.912665,50,481.308079
-1.11068,50,481.514058
-1.022953,50,481.721701
-0.820556,50,481.931266
-0.679122,50,482.13735
-1.48934,50,482.350523
-0.734077,50,482.555354
-0.936607,50,482.763953
-0.804049,50,482.977021
-0.673429,50,483.183169
-0.625287,50,483.38997
-0.607499,50,483.597182
-0.902047,50,483.805073
-0.598257,50,484.012047
-0.994242,50,484.21988
-1.684975,50,484.434164
-1.259749,50,484.641542
-0.726048,50,484.848213
-0.756303,50,485.056658
-1.222555,50,485.273506
-0.529598,50,485.480605
-1.023206,50,485.685655
-0.775397,50,485.891725
-1.11853,50,486.099231
-0.786661,50,486.308702
-1.065402,50,486.513974
-0.501491,50,486.720751
-0.806487,50,486.929467
-0.702104,50,487.137262
-0.731407,50,487.346898
-1.01932,50,487.551375
-0.922767,50,487.759245
-0.599431,50,487.965552
-0.713248,50,488.173115
-0.764356,50,488.379329
-0.533451,50,488.601005
-0.594154,50,488.808833
-0.600175,50,489.01681
-0.49145,50,489.224511
-0.882259,50,489.433331
-1.895325,50,489.647663
-1.728715,50,489.862526
-0.967592,50,490.068629
-1.050091,50,490.280444
-1.097257,50,490.488364
-1.061377,50,490.698063
-1.233045,50,490.903669
-1.448478,50,491.117796
-0.521881,50,491.32419
-0.708543,50,491.531851
-0.975239,50,491.739719
-1.181583,50,491.955542
-0.963332,50,492.163986
-0.405804,50,492.370865
-0.669775,50,492.582459
-0.442978,50,492.793325
-0.402692,50,493.003954
-0.801072,50,493.212192
-0.54529,50,493.418557
-0.517397,50,493.626144
-0.909454,50,493.833241
-1.298528,50,494.042611
-0.829677,50,494.253416
-0.744884,50,494.462201
-1.124772,50,494.669029
-0.553656,50,494.875554
-0.766491,50,495.084089
-0.857803,50,495.301732
-0.634005,50,495.509133
-0.542978,50,495.717166
-0.72664,50,495.926855
-0.774137,50,496.135402
-0.742728,50,496.341725
-1.881429,50,496.548177
-1.951728,50,496.756383
-0.871575,50,496.964885
-0.854001,50,497.171702
-1.186078,50,497.385425
-0.792525,50,497.592783
-0.844153,50,497.800476
-0.730428,50,498.010054
-1.471908,50,498.225046
-0.58645,50,498.431949
-1.076756,50,498.654145
-0.780315,50,498.863411
-0.566597,50,499.072818
-0.806153,50,499.282532
-0.83226,50,499.492423
-0.576477,50,499.700554
-0.628838,50,499.908831
-0.705238,50,500.115466
-0.539297,50,500.327528
-0.693502,50,500.536295
-0.850203,50,500.742272
-0.79973,50,500.950047
-0.541929,50,501.1604
-0.496362,50,501.365803
-0.51406,50,501.575382
-0.728668,50,501.783926
-0.655428,50,502.156076
-0.694766,50,502.364067
-1.150481,50,502.571408
-1.591188,50,502.779433
-1.293014,50,502.988263
-0.390732,50,503.198131
-0.60918,50,503.41112
-0.572203,50,503.620197
-0.63823,50,503.831091
-0.458989,50,504.036356
-0.578007,50,504.243959
-0.544786,50,504.451089
-0.616336,50,504.662825
-0.628322,50,504.872086
-1.224153,50,505.079766
-2.825769,50,505.29329
-1.384991,50,505.506222
-0.912846,50,505.714391
-1.039545,50,505.921533
-0.647259,50,506.129176
-0.596644,50,506.337571
-0.789107,50,506.545287
-0.745169,50,506.751553
-0.627725,50,506.958368
-0.586076,50,507.167852
-0.822262,50,507.378937
-1.037508,50,507.589483
-1.01581,50,507.798526
-0.496473,50,508.022298
-0.701652,50,508.230217
-0.942485,50,508.440055
-0.759021,50,508.647964
-0.671753,50,508.857853
-0.626116,50,509.064146
-0.637829,50,509.273398
-0.565578,50,509.481596
-0.665872,50,509.692221
-1.154283,50,509.898526
-0.577333,50,510.106829
-0.500445,50,510.313223
-0.513536,50,510.524797
-0.734031,50,510.731551
-0.705084,50,510.938849
-1.235544,50,511.151953
-0.634537,50,511.360839
-0.893427,50,511.574106
-0.858052,50,511.785138
-0.822927,50,511.995492
-0.768648,50,512.207241
-0.697396,50,512.41687
-1.390261,50,512.63115
-0.619813,50,512.839196
-0.788495,50,513.048304
-0.758105,50,513.255266
-1.329428,50,513.466829
-1.142145,50,513.674859
-0.785454,50,513.883635
-1.113012,50,514.092775
-1.394422,50,514.305577
-0.495752,50,514.51454
-0.64726,50,514.723886
-1.015313,50,514.93731
-0.756719,50,515.146356
-0.813842,50,515.353569
-0.662886,50,515.56802
-0.640058,50,515.777035
-0.703538,50,515.984628
-0.815372,50,516.191329
-1.648658,50,516.401776
-1.399513,50,516.609222
-0.91826,50,516.818384
-0.726698,50,517.024976
-0.91105,50,517.235003
-0.577893,50,517.441427
-0.476904,50,517.650145
-0.714392,50,517.858879
-0.520562,50,518.080727
-0.541501,50,518.288833
-0.786059,50,518.501085
-0.695038,50,518.708081
-1.077149,50,518.920937
-0.871225,50,519.128707
-0.883945,50,519.34343
-0.594754,50,519.553929
-0.787886,50,519.773074
-0.604318,50,519.979924
-0.900694,50,520.186073
-0.496876,50,520.39234
-1.211657,50,520.601095
-0.558811,50,520.809462
-0.784355,50,521.020163
-0.656251,50,521.230296
-1.26996,50,521.439409
-2.479662,50,521.645539
-1.230082,50,521.852478
-0.518088,50,522.059723
-0.686812,50,522.271122
-0.862693,50,522.480304
-0.607076,50,522.688409
-0.684802,50,522.897252
-0.871418,50,523.105143
-0.633104,50,523.313016
-0.444284,50,523.51938
-0.641456,50,523.725492
-0.590027,50,523.938833
-0.591472,50,524.146332
-0.622462,50,524.355008
-0.611041,50,524.562198
-0.754204,50,524.772232
-1.373571,50,524.983999
-0.771484,50,525.191807
-0.781028,50,525.405703
-0.950556,50,525.615751
-1.107599,50,525.823191
-0.755189,50,526.031254
-1.525876,50,526.239266
-0.817746,50,526.451579
-0.63738,50,526.659808
-0.80042,50,526.870712
-0.389773,50,527.080743
-0.584599,50,527.306273
-0.917622,50,527.514582
-0.663359,50,527.721852
-0.616781,50,527.930864
-0.880996,50,528.143315
-0.788497,50,528.355863
-1.697056,50,528.564031
-0.702105,50,528.771492
-1.023914,50,528.980981
-0.961859,50,529.188664
-0.497657,50,529.395911
-0.51074,50,529.603395
-1.377812,50,529.818139
-1.105804,50,530.025405
-0.710204,50,530.231619
-0.569637,50,530.439004
-0.733672,50,530.650143
-0.546746,50,530.856765
-0.587755,50,531.062802
-1.111162,50,531.271495
-0.704793,50,531.479455
-0.762655,50,531.686119
-1.403281,50,531.900357
-0.540557,50,532.107139
-0.679373,50,532.320576
-0.622202,50,532.52972
-1.157854,50,532.736833
-0.619108,50,532.944268
-0.562209,50,533.155291
-1.254604,50,533.362822
-1.51548,50,533.570511
-0.528853,50,533.778365
-1.436577,50,533.993469
-0.857526,50,534.201945
-0.750344,50,534.408583
-1.128033,50,534.619107
-0.615195,50,534.828138
-0.650568,50,535.039205
-0.782826,50,535.24649
-0.911077,50,535.455368
-0.647182,50,535.66555
-0.628039,50,535.876804
-0.59215,50,536.086038
-0.676985,50,536.294599
-0.691858,50,536.518485
-0.808688,50,536.726491
-0.532169,50,536.933271
-0.653326,50,537.148892
-0.80011,50,537.362987
-1.144727,50,537.570232
-1.867061,50,537.782706
-0.827606,50,537.991742
-0.577385,50,538.201856
-1.800287,50,538.414753
-0.697868,50,538.621701
-0.607865,50,538.829921
-1.175564,50,539.03875
-0.600211,50,539.245547
-0.446242,50,539.456047
-0.711174,50,539.663416
-1.04352,50,539.874923
-0.839822,50,540.08209
-0.971575,50,540.292425
-0.496966,50,540.499443
-0.804613,50,540.711738
-0.871761,50,540.922162
-0.82982,50,541.131097
-0.555502,50,541.337508
-0.986329,50,541.547897
-0.749733,50,541.753578
-0.825129,50,541.961604
-0.732988,50,542.170203
-1.122343,50,542.387217
-0.957278,50,542.601461
-1.12759,50,542.807315
-0.584408,50,543.014934
-0.75702,50,543.224142
-0.609761,50,543.432372
-0.517807,50,543.638519
-0.523648,50,543.845049
-1.225242,50,544.05555
-0.794081,50,544.263479
-0.64135,50,544.472069
-0.653671,50,544.680645
-0.648885,50,544.891901
-0.565027,50,545.099309
-0.596651,50,545.305436
-0.918508,50,545.515821
-0.816114,50,545.726171
-0.645456,50,545.933468
-0.66487,50,546.138873
-1.013463,50,546.345936
-0.775605,50,546.569612
-0.571336,50,546.780236
-0.955922,50,546.987816
-0.927975,50,547.200832
-0.837155,50,547.412779
-1.297028,50,547.620889
-1.145656,50,547.826876
-0.808399,50,548.032079
-0.781605,50,548.240464
-0.764993,50,548.449468
-1.139968,50,548.660466
-0.641129,50,548.867797
-0.876441,50,549.084865
-0.558254,50,549.292913
-0.695471,50,549.50301
-0.589852,50,549.713555
-0.581741,50,549.923825
-0.73815,50,550.133342
-0.770202,50,550.343256
-0.580798,50,550.551329
-1.694581,50,550.772422
-0.793529,50,550.985541
-0.518761,50,551.193693
-0.56139,50,551.400427
-0.759081,50,551.610883
-1.458919,50,551.826293
-0.710765,50,552.033405
-0.829007,50,552.241906
-1.237591,50,552.451257
-0.983738,50,552.658278
-1.263036,50,552.864139
-0.915815,50,553.074972
-1.067652,50,553.289708
-0.776771,50,553.49712
-0.438556,50,553.706852
-0.900587,50,553.913614
-0.891302,50,554.122461
-1.558055,50,554.336197
-0.561211,50,554.544758
-1.615458,50,554.759705
-0.756767,50,554.970614
-1.744541,50,555.185355
-0.865182,50,555.391988
-0.722883,50,555.600132
-1.633277,50,555.815934
-0.722494,50,556.02472
-0.780507,50,556.231329
-0.476981,50,556.437416
-0.480788,50,556.659284
-1.01317,50,556.867356
-1.189971,50,557.076051
-0.821936,50,557.284041
-0.848676,50,557.496216
-1.610696,50,557.708415
-0.827052,50,557.915703
-0.706919,50,558.122563
-0.483779,50,558.330788
-1.2732,50,558.544706
-0.588412,50,558.75145
-0.614415,50,558.957965
-0.442664,50,559.167388
-0.852282,50,559.379449
-0.820737,50,559.590772
-0.766124,50,559.797905
-0.867106,50,560.007968
-0.611387,50,560.214328
-0.654292,50,560.420467
-1.374289,50,560.633353
-0.766013,50,560.84206
-0.694571,50,561.048922
-0.903476,50,561.257242
-1.397809,50,561.468885
-0.36596,50,561.681266
-0.674683,50,561.888743
-0.75399,50,562.094632
-0.635736,50,562.307657
-0.820761,50,562.514799
-0.789608,50,562.720415
-1.615877,50,562.926022
-1.422547,50,563.137882
-1.009469,50,563.34491
-0.598759,50,563.552211
-0.695326,50,563.762153
-0.912386,50,563.968982
-1.811364,50,564.182855
-0.669531,50,564.389427
-0.525451,50,564.600287
-0.808864,50,564.806044
-0.725823,50,565.0147
-0.568748,50,565.220976
-0.661077,50,565.430855
-0.645015,50,565.636716
-0.818129,50,565.847419
-0.617469,50,566.053352
-0.74358,50,566.258988
-0.840201,50,566.464527
-0.622208,50,566.687113
-0.530026,50,566.894523
-0.663263,50,567.101817
-1.437725,50,567.314304
-1.407989,50,567.524497
-0.866764,50,567.731302
-1.351417,50,567.938291
-0.801479,50,568.14437
-0.630825,50,568.352564
-0.5312,50,568.55863
-0.777528,50,568.763811
-0.820216,50,568.969888
-0.675087,50,569.178495
-0.836057,50,569.383894
-0.572556,50,569.590524
-0.705382,50,569.794796
-0.797322,50,570.005407
-1.666823,50,570.21683
-0.761294,50,570.424508
-1.741001,50,570.63721
-0.503316,50,570.845553
-0.625062,50,571.051374
-0.522908,50,571.256684
-0.614786,50,571.46251
-0.778255,50,571.669317
-0.771746,50,571.874409
-0.684235,50,572.079596
-0.922304,50,572.286301
-1.161335,50,572.494407
-1.01239,50,572.70042
-0.557716,50,572.905517
-0.538159,50,573.11165
-0.768233,50,573.319891
-0.781517,50,573.529297
-0.773287,50,573.73677
-0.552678,50,573.943471
-0.597181,50,574.15317
-1.098908,50,574.367629
-0.790803,50,574.572444
-0.874822,50,574.778311
-0.674919,50,574.987811
-0.599751,50,575.193513
-0.607412,50,575.39924
-1.178116,50,575.603033
-0.911601,50,575.813442
-0.753132,50,576.018603
-0.437252,50,576.223208
-0.757297,50,576.442833
-1.224474,50,576.657059
-0.65978,50,576.861984
-0.696855,50,577.067698
-0.759123,50,577.273773
-0.583416,50,577.483427
-0.487589,50,577.690888
-0.667018,50,577.898466
-0.821293,50,578.105131
-0.793181,50,578.3166
-0.391141,50,578.523616
-0.839685,50,578.729907
-0.991559,50,578.934422
-0.694685,50,579.143226
-0.490643,50,579.349372
-0.62333,50,579.55576
-0.518536,50,579.761526
-0.397643,50,579.970297
-0.618413,50,580.175824
-0.841395,50,580.381038
-1.679756,50,580.593717
-1.840122,50,580.808377
-0.688231,50,581.014805
-0.641584,50,581.221288
-0.699969,50,581.425513
-0.815001,50,581.633602
-1.047283,50,581.838435
-1.045729,50,582.043507
-1.061587,50,582.249031
-0.920851,50,582.457649
-0.341491,50,582.662311
-0.462127,50,582.865858
-0.692017,50,583.071195
-0.505384,50,583.27896
-0.6263,50,583.483108
-0.607656,50,583.68788
-0.828203,50,583.896205
-0.458103,50,584.122805
-1.132886,50,584.331799
-0.764077,50,584.537415
-1.02388,50,584.743278
-0.78671,50,584.951229
-1.162393,50,585.156278
-1.287867,50,585.365958
-0.578689,50,585.570296
-0.97603,50,585.781458
-0.972916,50,585.986754
-0.836603,50,586.19738
-0.581187,50,586.402099
-0.626507,50,586.616539
-1.025841,50,586.823304
-0.762175,50,587.030187
-0.63819,50,587.244235
-0.613589,50,587.453104
-0.458222,50,587.657707
-1.434185,50,587.862999
-0.763667,50,588.06911
-0.42731,50,588.276184
-0.511627,50,588.483839
-0.428739,50,588.689333
-1.105853,50,588.902063
-0.51571,50,589.114219
-0.779129,50,589.319496
-0.932918,50,589.526598
-0.650424,50,589.731693
-0.706902,50,589.940985
-0.656243,50,590.149514
-0.964413,50,590.356571
-1.012343,50,590.564188
-0.728756,50,590.773025
-0.720021,50,590.979369
-0.910219,50,591.18445
-0.722446,50,591.389641
-0.692785,50,591.597579
-0.57858,50,591.802275
-0.609389,50,592.008677
-0.553526,50,592.213522
-1.415517,50,592.428122
-0.76745,50,592.635425
-0.865005,50,592.845678
-0.636341,50,593.05332
-0.732393,50,593.272941
-0.636674,50,593.478883
-0.637614,50,593.687422
-0.423182,50,593.892275
-0.707781,50,594.100793
-0.718579,50,594.304428
-0.584582,50,594.509697
-0.604359,50,594.712378
-1.239634,50,594.927375
-0.853642,50,595.13831
-1.459991,50,595.347191
-0.775726,50,595.552342
-0.730101,50,595.759383
-0.336695,50,595.964273
-0.515412,50,596.169735
-0.575329,50,596.37416
-0.526777,50,596.580425
-1.122046,50,596.784363
-0.791219,50,596.988014
-0.742521,50,597.192855
-0.658282,50,597.400814
-0.619952,50,597.605479
-3.801177,50,597.81354
-3.708931,50,598.026254
-1.495361,50,598.233317
-1.057598,50,598.438998
-0.766566,50,598.643922
-1.407966,50,598.854729
-1.600874,50,599.065074
-1.190658,50,599.270152
-0.992357,50,599.476931
-0.850733,50,599.681681
-0.856047,50,599.894893
-1.043746,50,600.101271
-1.357893,50,600.309926
-0.823056,50,600.516182
-1.051097,50,600.722752
-0.828861,50,600.927668
-0.778961,50,601.135551
-0.643885,50,601.339144
-0.644098,50,601.544915
-0.539044,50,601.753043
-0.725717,50,601.958156
-0.48202,50,602.162469
-0.811186,50,602.383965
-0.669803,50,602.590948
-0.782486,50,602.798964
-1.049141,50,603.012202
-0.561667,50,603.224359
-0.547385,50,603.430475
-0.435875,50,603.636703
-0.718166,50,603.842582
-1.123699,50,604.056042
-0.472949,50,604.262323
-0.714256,50,604.46801
-0.579211,50,604.674152
-0.660562,50,604.883153
-0.817924,50,605.092669
-0.884922,50,605.29919
-0.720585,50,605.504923
-0.572088,50,605.714292
-0.690762,50,605.924498
-0.953079,50,606.129521
-0.767422,50,606.33505
-0.934363,50,606.707168
-0.892701,50,606.912582
-0.562738,50,607.118802
-0.795188,50,607.324613
-1.026548,50,607.535507
-0.881482,50,607.747426
-0.623187,50,607.954769
-0.76863,50,608.161858
-0.931268,50,608.37564
-0.488904,50,608.580559
-0.606744,50,608.785797
-0.656197,50,608.992671
-0.570926,50,609.200733
-0.430452,50,609.407918
-0.776624,50,609.613016
-0.732261,50,609.818042
-1.046897,50,610.026993
-1.420417,50,610.23336
-0.877857,50,610.439498
-0.848152,50,610.645459
-0.798313,50,610.869429
-0.823634,50,611.07571
-0.6091,50,611.280477
-0.74452,50,611.485106
-1.533277,50,611.702625
-0.574877,50,611.907954
-0.511744,50,612.11854
-0.719976,50,612.322566
-0.721961,50,612.529155
-1.534418,50,612.734632
-2.429771,50,612.940232
-1.296427,50,613.146286
-0.953138,50,613.353466
-0.746179,50,613.563113
-0.536916,50,613.767645
-1.892264,50,613.979898
-0.74069,50,614.190849
-0.520039,50,614.396013
-0.919661,50,614.606168
-0.491526,50,614.811097
-0.871021,50,615.019411
-0.851662,50,615.227139
-1.633236,50,615.437446
-1.141306,50,615.649737
-0.769112,50,615.860543
-0.594216,50,616.068152
-0.483868,50,616.276058
-0.499652,50,616.483525
-0.815519,50,616.690647
-0.631465,50,616.894066
-0.469118,50,617.100622
-0.546774,50,617.306737
-0.504087,50,617.514315
-0.643002,50,617.719293
-1.335645,50,617.926803
-1.225545,50,618.132432
-1.098037,50,618.338862
-1.685683,50,618.551052
-0.745534,50,618.756868
-0.991705,50,618.962184
-0.661528,50,619.181917
-0.354317,50,619.387485
-0.479907,50,619.592859
-0.779084,50,619.803778
-0.652627,50,620.019032
-1.731488,50,620.230637
-0.60955,50,620.437605
-0.692874,50,620.643935
-1.457687,50,620.857348
-1.85122,50,621.069338
-0.891821,50,621.273606
-0.684561,50,621.478557
-0.720239,50,621.686848
-0.759597,50,621.893014
-0.50495,50,622.100178
-0.700014,50,622.307895
-0.55953,50,622.515424
-0.55538,50,622.722047
-1.689108,50,622.934036
-0.603622,50,623.138446
-0.602288,50,623.346669
-0.715657,50,623.551605
-1.344341,50,623.763654
-0.556977,50,623.969382
-0.937837,50,624.186785
-0.64223,50,624.398746
-0.712169,50,624.605297
-0.703021,50,624.811062
-0.992587,50,625.017291
-0.551524,50,625.224694
-0.693311,50,625.431026
-0.758212,50,625.640187
-0.829185,50,625.84632
-0.692238,50,626.052409
-0.704801,50,626.258646
-0.561596,50,626.464883
-0.74,50,626.671732
-0.62317,50,626.875833
-0.757324,50,627.08424
-0.962316,50,627.29152
-0.793757,50,627.512438
-0.551016,50,627.717916
-0.580383,50,627.924595
-1.080893,50,628.136806
-1.151003,50,628.345436
-0.839253,50,628.550879
-0.572617,50,628.758723
-0.595841,50,628.964185
-0.67807,50,629.169872
-0.90522,50,629.37916
-1.034759,50,629.586951
-0.689626,50,629.794608
-0.614406,50,630.005674
-1.086918,50,630.211029
-0.606977,50,630.415153
-0.637128,50,630.619705
-0.833127,50,630.827579
-0.708763,50,631.033069
-1.458327,50,631.23823
-1.279028,50,631.443513
-2.04215,50,631.651952
-2.757977,50,631.856244
-1.608541,50,632.061935
-0.644249,50,632.267274
-0.581474,50,632.477553
-0.46455,50,632.681597
-0.584595,50,632.889318
-0.584159,50,633.094986
-0.51968,50,633.301296
-0.932856,50,633.508049
-1.083729,50,633.711322
-0.829309,50,633.915786
-0.388129,50,634.123921
-1.173007,50,634.33585
-0.750998,50,634.547893
-0.496644,50,634.754746
-0.573311,50,634.966929
-0.81892,50,635.17287
-0.531844,50,635.378471
-0.684423,50,635.584728
-0.972871,50,635.806571
-0.848734,50,636.011222
-0.597625,50,636.213878
-0.638761,50,636.417353
-0.734049,50,636.626865
-0.587591,50,636.831124
-0.543026,50,637.034991
-0.50404,50,637.239408
-0.815066,50,637.449429
-0.662951,50,637.657858
-0.798742,50,637.861901
-0.673055,50,638.070949
-0.673795,50,638.27698
-1.17639,50,638.483207
-1.764135,50,638.687372
-0.902228,50,638.891131
-1.135819,50,639.098989
-0.512374,50,639.304248
-0.750386,50,639.509558
-1.28379,50,639.718403
-0.628321,50,639.926819
-0.560093,50,640.132288
-0.849893,50,640.335693
-0.468113,50,640.540197
-0.551158,50,640.749578
-0.737772,50,640.955831
-0.678199,50,641.159087
-0.808831,50,641.36443
-0.580635,50,641.570459
-0.782699,50,641.778982
-0.413822,50,641.982223
-0.40514,50,642.186694
-0.553569,50,642.39248
-0.7338,50,642.596549
-0.730297,50,642.807007
-0.973521,50,643.01138
-0.879924,50,643.216387
-0.582548,50,643.422875
-0.381124,50,643.627966
-1.150493,50,643.833344
-1.49249,50,644.053883
-0.994007,50,644.257707
-0.793352,50,644.462099
-0.474681,50,644.666736
-0.426765,50,644.877704
-0.50231,50,645.082625
-1.192705,50,645.291661
-0.655828,50,645.495858
-0.71473,50,645.701873
-0.500648,50,645.906475
-0.557441,50,646.111373
-1.055276,50,646.323544
-0.697766,50,646.530394
-0.602787,50,646.735649
-0.55983,50,646.939817
-0.656976,50,647.144357
-0.859574,50,647.356769
-0.642299,50,647.559244
-1.124278,50,647.763584
-1.581494,50,647.972467
-0.592753,50,648.182291
-0.435776,50,648.386728
-0.758965,50,648.594124
-0.996148,50,648.797219
-0.67808,50,649.00413
-0.605801,50,649.209012
-0.651137,50,649.4127
-0.678452,50,649.618734
-1.002381,50,649.826008
-0.859021,50,650.029872
-1.052914,50,650.233913
-0.947117,50,650.442769
-0.854425,50,650.649446
-0.938957,50,650.854541
-1.035327,50,651.058859
-0.704515,50,651.262914
-0.515638,50,651.468518
-0.883308,50,651.674589
-0.58011,50,651.877829
-0.747014,50,652.080976
-0.685439,50,652.310202
-1.109999,50,652.521964
-1.69052,50,652.733317
-0.739894,50,652.938908
-0.681401,50,653.144724
-0.697609,50,653.350764
-0.58396,50,653.557354
-0.330467,50,653.762483
-0.568213,50,653.971286
-0.896059,50,654.176444
-0.778376,50,654.380714
-0.601563,50,654.585473
-1.740445,50,654.79728
-1.416648,50,655.001987
-0.580016,50,655.210009
-0.776165,50,655.416619
-0.641061,50,655.622844
-0.725173,50,655.828923
-0.874447,50,656.035409
-0.662158,50,656.244578
-0.644936,50,656.454503
-0.65474,50,656.666615
-0.577004,50,656.870694
-0.651648,50,657.076949
-0.706822,50,657.283029
-0.566575,50,657.489343
-1.256586,50,657.696013
-1.11125,50,657.902557
-0.49456,50,658.111785
-0.541181,50,658.316447
-0.769804,50,658.526431
-0.669898,50,658.731966
-0.481191,50,658.939286
-0.890089,50,659.148441
-0.942775,50,659.353006
-2.785268,50,659.560523
-4.913385,50,659.768696
-3.282194,50,659.976775
-1.553194,50,660.183986
-0.719116,50,660.389349
-1.239495,50,660.610516
-0.590049,50,660.815508
-0.764038,50,661.021894
-0.347158,50,661.225842
-0.471181,50,661.432332
-0.667386,50,661.63573
-0.912329,50,661.838968
-0.515035,50,662.043925
-0.481292,50,662.250644
-1.142586,50,662.459463
-0.806785,50,662.665405
-0.876511,50,662.876376
-0.570359,50,663.088786
-0.777385,50,663.294414
-0.691573,50,663.499368
-0.434187,50,663.704632
-0.737076,50,663.911779
-0.74361,50,664.117666
-0.84847,50,664.322612
-0.573265,50,664.527002
-0.380261,50,664.734016
-0.634901,50,664.940424
-0.620946,50,665.144955
-0.477283,50,665.351477
-0.393481,50,665.557878
-0.738834,50,665.763832
-1.014876,50,665.970631
-0.836281,50,666.175921
-1.142186,50,666.386114
-0.542302,50,666.592547
-0.856103,50,666.797368
-0.642976,50,667.006471
-0.510765,50,667.212546
-0.522799,50,667.417558
-0.738042,50,667.623256
-0.567787,50,667.827705
-0.765486,50,668.035539
-0.843049,50,668.240727
-0.951104,50,668.445957
-0.961189,50,668.651136
-0.640632,50,668.872681
-1.784275,50,669.082804
-1.20985,50,669.287571
-0.5559,50,669.489101
-0.59635,50,669.695157
-0.810652,50,669.89893
-0.707944,50,670.102775
-0.701921,50,670.306179
-1.026551,50,670.518673
-0.4916,50,670.722155
-1.801146,50,670.931615
-0.643974,50,671.136349
-0.417437,50,671.342687
-0.802466,50,671.548751
-0.733439,50,671.757782
-0.926387,50,671.959721
-0.564607,50,672.165814
-0.361563,50,672.370778
-0.40554,50,672.57803
-0.398655,50,672.781608
-0.449081,50,672.99106
-0.786137,50,673.195192
-0.618396,50,673.400903
-1.23126,50,673.604581
-1.006674,50,673.814951
-0.905448,50,674.019908
-0.530398,50,674.222782
-0.662151,50,674.433743
-0.470775,50,674.641155
-0.592648,50,674.84577
-1.763975,50,675.05706
-0.469098,50,675.262317
-0.699908,50,675.467847
-0.794801,50,675.672739
-0.765107,50,675.876274
-0.534456,50,676.082449
-0.575133,50,676.293703
-0.872868,50,676.500695
-0.584588,50,676.705297
-0.854284,50,676.910139
-0.481112,50,677.129913
-1.017833,50,677.334421
-0.857152,50,677.540039
-0.528834,50,677.745048
-0.395457,50,677.951104
-0.540815,50,678.159285
-0.657013,50,678.365667
-0.92622,50,678.57721
-0.714551,50,678.786359
-0.727423,50,678.994591
-1.518839,50,679.207988
-0.49681,50,679.412936
-0.429501,50,679.622532
-1.284155,50,679.82875
-2.385742,50,680.03371
-1.113232,50,680.241258
-1.094149,50,680.454503
-0.775969,50,680.659111
-0.648062,50,680.864552
-0.435815,50,681.07106
-0.543617,50,681.279695
-1.034105,50,681.489807
-0.647785,50,681.696487
-0.69053,50,681.902691
-0.830894,50,682.115546
-0.602669,50,682.319879
-0.449259,50,682.524738
-0.665187,50,682.730293
-0.798487,50,682.939085
-0.769215,50,683.144144
-0.537584,50,683.350369
-0.867367,50,683.556377
-0.903946,50,683.763223
-0.744988,50,683.969731
-0.744295,50,684.178982
-0.727948,50,684.384508
-0.48049,50,684.592315
-0.557466,50,684.79603
-0.406212,50,685.002289
-0.95936,50,685.207831
-0.816938,50,685.428629
-1.842029,50,685.641396
-0.986761,50,685.847391
-0.94005,50,686.054056
-0.46702,50,686.263356
-0.699015,50,686.468104
-0.861981,50,686.675182
-0.718786,50,686.88542
-1.203373,50,687.098538
-1.208042,50,687.309318
-0.755725,50,687.520627
-0.520491,50,687.725649
-0.895784,50,687.935095
-0.708695,50,688.144292
-0.717917,50,688.349823
-1.271435,50,688.56167
-1.056586,50,688.768161
-1.18586,50,688.975816
-0.579476,50,689.186848
-0.682156,50,689.394133
-0.638294,50,689.604308
-0.719224,50,689.809756
-0.647515,50,690.016307
-1.485057,50,690.228743
-0.73278,50,690.436536
-0.644642,50,690.643035
-0.644478,50,690.850338
-1.709167,50,691.055437
-1.568619,50,691.261985
-0.536195,50,691.466828
-0.804239,50,691.670792
-0.561164,50,691.876453
-1.784647,50,692.090983
-0.827105,50,692.295364
-0.452742,50,692.500217
-0.51529,50,692.704775
-0.420228,50,692.914675
-0.712448,50,693.120221
-0.989702,50,693.331307
-0.999929,50,693.536757
-0.634122,50,693.756729
-1.27776,50,693.960417
-0.695451,50,694.170269
-0.881017,50,694.373721
-0.791453,50,694.579951
-0.656467,50,694.783924
-0.810921,50,694.987517
-0.391239,50,695.191695
-0.751837,50,695.399313
-0.746716,50,695.602948
-0.82835,50,695.807242
-0.851572,50,696.013357
-0.375148,50,696.221862
-0.771137,50,696.427784
-0.616784,50,696.631085
-0.93065,50,696.834831
-0.82455,50,697.04016
-0.690556,50,697.248395
-0.771959,50,697.454388
-1.743862,50,697.663548
-0.711354,50,697.874055
-1.111342,50,698.077914
-1.745051,50,698.281327
-1.27953,50,698.490007
-0.792464,50,698.694329
-2.507828,50,698.897762
-0.946349,50,699.103629
-0.607455,50,699.307212
-0.627192,50,699.516772
-0.395977,50,699.720712
-0.62179,50,699.92353
-0.761961,50,700.127584
-0.688671,50,700.336461
-0.660343,50,700.539454
-0.890659,50,700.742586
-0.492546,50,700.946363
-0.419789,50,701.151262
-0.677511,50,701.355947
-0.443642,50,701.563595
-0.60781,50,701.766872
-0.718646,50,701.986456
-0.746081,50,702.190402
-0.550447,50,702.394006
-0.639211,50,702.596982
-0.805092,50,702.806874
-0.555888,50,703.011192
-0.867241,50,703.21607
-2.845262,50,703.421359
-1.453278,50,703.629286
-0.781275,50,703.832648
-0.940833,50,704.036127
-1.302795,50,704.240193
-0.776919,50,704.445199
-1.107829,50,704.650912
-0.592561,50,704.856077
-0.681644,50,705.0612
-0.715594,50,705.266336
-0.299171,50,705.468874
-0.639803,50,705.674508
-0.810045,50,705.881755
-0.535683,50,706.089967
-0.862491,50,706.294998
-0.872213,50,706.501509
-0.699843,50,706.704557
-0.464392,50,706.910054
-0.913887,50,707.116368
-0.80088,50,707.321129
-0.680123,50,707.528696
-0.552459,50,707.735003
-0.752549,50,707.939867
-0.682354,50,708.14421
-0.966429,50,708.347617
-2.309632,50,708.569678
-1.768952,50,708.779449
-1.931548,50,708.988729
-0.690266,50,709.195767
-1.124371,50,709.409146
-1.647915,50,709.614964
-1.448091,50,709.819481
-0.408296,50,710.024382
-0.417393,50,710.389353
-0.854281,50,710.596432
-0.674783,50,710.80161
-1.243328,50,711.012744
-0.720854,50,711.219874
-1.164213,50,711.425216
-1.611614,50,711.631597
-0.963465,50,711.836113
-0.928681,50,712.048429
-1.035602,50,712.253022
-0.78989,50,712.458633
-0.712626,50,712.664066
-0.551616,50,712.870781
-0.613167,50,713.07943
-0.80859,50,713.282538
-1.027356,50,713.486926
-0.569749,50,713.69833
-0.49926,50,713.905099
-0.736518,50,714.110175
-0.794582,50,714.316086
-0.941599,50,714.538609
-0.688817,50,714.746353
-1.697287,50,714.95775
-0.600042,50,715.163334
-0.580986,50,715.375751
-0.811707,50,715.582095
-0.704994,50,715.785884
-1.336522,50,715.999461
-0.597953,50,716.206789
-0.786969,50,716.410996
-2.212401,50,716.62064
-1.992858,50,716.826301
-1.364596,50,717.032808
-0.796007,50,717.238038
-0.693366,50,717.443928
-0.737674,50,717.649485
-0.850969,50,717.856788
-0.841582,50,718.060365
-0.799027,50,718.265491
-0.793371,50,718.469734
-0.894413,50,718.679512
-0.654254,50,718.885476
-0.452816,50,719.090172
-0.639619,50,719.293012
-0.44311,50,719.499196
-0.647562,50,719.704347
-0.460332,50,719.908869
-0.61009,50,720.115995
-0.79786,50,720.322615
-0.788545,50,720.52883
-0.582241,50,720.734406
-1.221385,50,720.944371
-0.539801,50,721.153546
-0.57396,50,721.359115
-0.530221,50,721.564142
-0.474321,50,721.769748
-0.692306,50,721.994083
-0.556798,50,722.199333
-0.780555,50,722.410031
-0.910727,50,722.615654
-0.600352,50,722.823201
-0.597473,50,723.02932
-0.636384,50,723.234034
-0.908342,50,723.442177
-1.497047,50,723.648906
-4.516341,50,723.857342
-2.227234,50,724.065146
-0.812098,50,724.271116
-1.076541,50,724.478905
-1.119241,50,724.687276
-0.820941,50,724.891561
-1.178614,50,725.095616
-0.595989,50,725.305768
-1.410447,50,725.516794
-0.910454,50,725.722152
-0.787131,50,725.928257
-0.714681,50,726.140935
-0.50016,50,726.345366
-0.515025,50,726.549925
-0.935123,50,726.762149
-0.605909,50,726.968844
-0.875018,50,727.17341
-0.912433,50,727.385606
-1.178023,50,727.589802
-0.633315,50,727.795062
-0.997556,50,728.005564
-1.848455,50,728.216883
-1.098703,50,728.421544
-0.510569,50,728.636155
-0.550016,50,728.840718
-0.801015,50,729.045797
-0.713546,50,729.252811
-0.510465,50,729.472702
-0.643288,50,729.679787
-0.463815,50,729.882181
-0.743772,50,730.086218
-0.837596,50,730.292328
-1.014973,50,730.495635
-0.852575,50,730.701979
-0.689556,50,730.911714
-1.403598,50,731.122971
-0.706482,50,731.326675
-0.484057,50,731.530627
-0.677397,50,731.735045
-0.805088,50,731.942635
-0.886546,50,732.147393
-0.513162,50,732.351713
-0.705454,50,732.555116
-1.059403,50,732.761036
-0.637698,50,732.964927
-0.386809,50,733.167402
-0.817237,50,733.373185
-1.197136,50,733.583944
-0.766122,50,733.787838
-0.429082,50,733.991052
-1.24489,50,734.194703
-0.994504,50,734.40059
-0.960795,50,734.605377
-1.289435,50,734.813198
-0.39896,50,735.018256
-0.590386,50,735.22984
-0.958937,50,735.433524
-0.832561,50,735.636646
-0.80876,50,735.841125
-0.807743,50,736.047353
-0.656399,50,736.251601
-0.786205,50,736.457474
-0.755872,50,736.660537
-0.955005,50,736.880331
-0.788685,50,737.084155
-0.667628,50,737.288093
-0.535947,50,737.491608
-1.417867,50,737.703891
-0.504782,50,737.907706
-0.574473,50,738.113936
-0.497013,50,738.317397
-1.300028,50,738.52633
-1.231939,50,738.730838
-0.586983,50,738.934821
-2.95376,50,739.140342
-2.820119,50,739.351658
-2.121183,50,739.563111
-0.870831,50,739.767562
-0.802491,50,739.971909
-0.759987,50,740.178959
-1.861202,50,740.389813
-0.768965,50,740.593988
-0.723101,50,740.798923
-0.904317,50,741.003623
-0.488748,50,741.206234
-0.754668,50,741.409823
-0.51857,50,741.614447
-0.545805,50,741.83008
-0.856022,50,742.033361
-0.753054,50,742.237393
-1.109321,50,742.441466
-0.788515,50,742.647885
-0.69344,50,742.853026
-0.603448,50,743.058207
-0.519261,50,743.262499
-0.618279,50,743.467031
-0.48178,50,743.671317
-0.733122,50,743.876491
-1.075585,50,744.085546
-0.744376,50,744.311603
-0.882281,50,744.5172
-1.607942,50,744.729913
-1.02762,50,744.936258
-0.667357,50,745.146084
-1.003178,50,745.352429
-0.758446,50,745.55745
-1.146326,50,745.763006
-0.792718,50,745.968647
-0.74118,50,746.173757
-0.650267,50,746.379139
-0.495113,50,746.584307
-0.633022,50,746.789782
-0.895829,50,746.99674
-0.915173,50,747.20228
-0.980117,50,747.412514
-0.778508,50,747.61944
-1.348226,50,747.831615
-0.972627,50,748.036788
-0.580554,50,748.241296
-0.762056,50,748.453639
-0.639963,50,748.661387
-0.660605,50,748.872973
-1.042944,50,749.083031
-0.760089,50,749.294059
-0.751101,50,749.499592
-0.66024,50,749.709185
-0.834348,50,749.914782
-0.592938,50,750.121299
-1.882322,50,750.333063
-1.358556,50,750.539266
-0.957414,50,750.744335
-0.884457,50,750.950494
-1.413598,50,751.15731
-0.773282,50,751.362496
-0.652794,50,751.56685
-0.830281,50,751.790113
-0.817452,50,751.993724
-0.791076,50,752.200166
-0.610591,50,752.403427
-0.542473,50,752.610149
-1.12165,50,752.817946
-0.955562,50,753.021326
-1.817794,50,753.229599
-3.20479,50,753.438945
-1.075109,50,753.642693
-0.952177,50,753.845808
-0.717964,50,754.049489
-0.935166,50,754.254113
-0.527341,50,754.459948
-0.704365,50,754.662272
-1.345939,50,754.872157
-0.666226,50,755.081278
-1.43208,50,755.291743
-0.747281,50,755.495568
-0.513997,50,755.699503
-0.675565,50,755.904807
-0.520478,50,756.107973
-2.025099,50,756.318511
-0.751867,50,756.525147
-0.85159,50,756.732256
-0.616962,50,756.936408
-0.653646,50,757.141847
-0.734459,50,757.345856
-0.880398,50,757.551447
-0.844295,50,757.757288
-0.747388,50,757.961237
-1.810801,50,758.171339
-0.960931,50,758.387514
-1.036084,50,758.590287
-0.904854,50,758.795014
-0.873485,50,758.998829
-1.537582,50,759.220559
-1.131153,50,759.425084
-1.0722,50,759.630223
-0.54038,50,759.83483
-0.620734,50,760.041973
-0.39824,50,760.246705
-0.846099,50,760.45252
-1.732305,50,760.659128
-1.035793,50,760.867008
-0.753137,50,761.071243
-0.524721,50,761.276946
-0.675383,50,761.488052
-0.679826,50,761.703052
-0.853901,50,761.908263
-0.652481,50,762.114043
-0.816541,50,762.318831
-0.671851,50,762.524741
-0.824634,50,762.733139
-0.983807,50,762.937086
-0.788983,50,763.145668
-0.480083,50,763.352773
-0.775566,50,763.557043
-0.739762,50,763.76323
-0.538431,50,763.967038
-1.660253,50,764.179963
-1.227471,50,764.392849
-1.891919,50,764.600901
-4.903471,50,764.805262
-2.990656,50,765.01485
-1.829618,50,765.221224
-1.348946,50,765.428045
-0.988079,50,765.634056
-0.468732,50,765.855979
-0.608313,50,766.060037
-0.603662,50,766.266974
-0.525035,50,766.471351
-0.482861,50,766.679094
-0.681889,50,766.883463
-0.624105,50,767.0891
-0.80925,50,767.297086
-0.572347,50,767.503223
-0.76075,50,767.707891
-1.715289,50,767.92002
-0.716036,50,768.126267
-0.622002,50,768.334742
-0.908352,50,768.539821
-1.077302,50,768.745504
-0.684072,50,768.950294
-0.734076,50,769.158471
-0.518599,50,769.363441
-0.83966,50,769.567875
-0.795029,50,769.772262
-0.416862,50,769.977899
-0.618559,50,770.184121
-0.885601,50,770.389357
-0.443557,50,770.592856
-0.958823,50,770.799765
-0.812874,50,771.004806
-0.79397,50,771.209715
-0.694207,50,771.416362
-0.599242,50,771.625118
-0.667716,50,771.831135
-0.728974,50,772.036089
-0.961083,50,772.241136
-0.563654,50,772.461703
-0.879917,50,772.665342
-0.860204,50,772.869065
-0.685138,50,773.071632
-0.903715,50,773.280325
-0.59859,50,773.486473
-0.531937,50,773.690051
-0.74755,50,773.892893
-0.720726,50,774.097675
-0.932073,50,774.30167
-1.014575,50,774.504212
-1.615711,50,774.712778
-1.137126,50,774.929108
-1.166598,50,775.132703
-1.381314,50,775.337093
-1.329504,50,775.540927
-0.596701,50,775.746714
-0.963277,50,775.950652
-0.938588,50,776.159154
-0.567499,50,776.362684
-0.703023,50,776.567446
-0.743632,50,776.775454
-0.619819,50,776.984498
-0.500586,50,777.188921
-0.782599,50,777.399679
-0.59807,50,777.601758
-0.686959,50,777.806878
-0.800459,50,778.012033
-0.80235,50,778.220948
-1.169823,50,778.433101
-0.57196,50,778.63651
-0.577218,50,778.838641
-1.854163,50,779.064131
-1.880125,50,779.267872
-1.08836,50,779.470353
-1.063506,50,779.677
-0.729425,50,779.883825
-0.819298,50,780.093392
-0.54038,50,780.297239
-0.775823,50,780.500141
-0.59061,50,780.70565
-0.665707,50,780.911552
-0.56409,50,781.118748
-0.537406,50,781.323047
-0.774274,50,781.530453
-0.955116,50,781.735549
-0.690971,50,781.944185
-0.483074,50,782.147244
-0.755852,50,782.353512
-0.815861,50,782.556655
-1.273296,50,782.763667
-0.892092,50,782.970989
-1.301072,50,783.176662
-1.125369,50,783.380623
-0.919542,50,783.586624
-0.767799,50,783.790705
-1.454293,50,784.001516
-0.868896,50,784.205772
-0.628758,50,784.408748
-1.535969,50,784.618967
-0.995253,50,784.82945
-0.522289,50,785.034089
-0.826726,50,785.239892
-0.671818,50,785.445375
-0.419292,50,785.651376
-0.598448,50,785.856332
-0.449643,50,786.061813
-0.874815,50,786.266327
-0.942722,50,786.485508
-0.850475,50,786.692178
-0.749648,50,786.897093
-0.974424,50,787.103902
-0.831351,50,787.311841
-1.088577,50,787.524383
-0.773702,50,787.730227
-0.610469,50,787.935429
-0.811912,50,788.158239
-0.657733,50,788.365451
-0.988986,50,788.572098
-0.923047,50,788.777275
-0.489443,50,788.983938
-0.448458,50,789.189663
-0.503775,50,789.394592
-0.824601,50,789.60003
-0.543148,50,789.811399
-1.208974,50,790.024725
-0.823588,50,790.229926
-0.817464,50,790.435692
-0.900035,50,790.644759
-1.077583,50,790.850083
-0.418515,50,791.053915
-0.762128,50,791.262423
-0.639863,50,791.472615
-0.740259,50,791.680661
-0.918262,50,791.8872
-0.786522,50,792.093225
-1.082751,50,792.30063
-0.705124,50,792.506803
-0.862578,50,792.713098
-0.665934,50,792.924365
-0.710304,50,793.1315
-0.791255,50,793.340953
-0.60302,50,793.544204
-0.729655,50,793.751282
-0.55687,50,793.970938
-1.29022,50,794.174532
-1.393785,50,794.378127
-1.759669,50,794.581012
-1.015672,50,794.790587
-0.846493,50,794.993462
-0.764746,50,795.196836
-0.747939,50,795.40058
-0.466557,50,795.605289
-0.780192,50,795.808984
-0.621862,50,796.014384
-0.724807,50,796.217315
-0.741365,50,796.423522
-0.866667,50,796.625968
-0.528692,50,796.82846
-0.618622,50,797.032494
-0.698743,50,797.238304
-0.860285,50,797.447552
-0.730039,50,797.650686
-0.546272,50,797.854361
-0.604243,50,798.062221
-0.943349,50,798.269999
-0.527812,50,798.475026
-0.6161,50,798.678585
-0.506963,50,798.883735
-0.693032,50,799.091962
-0.849864,50,799.294802
-0.822813,50,799.497747
-1.261577,50,799.708601
-0.969375,50,799.917604
-0.573101,50,800.120649
-0.672876,50,800.327288
-1.008424,50,800.532233
-0.957732,50,800.736829
-0.853791,50,800.939041
-0.477666,50,801.141355
-0.52827,50,801.363474
-0.457374,50,801.568026
-0.869436,50,801.779568
-0.746209,50,801.984432
-0.547568,50,802.19326
-0.627669,50,802.399073
-0.754346,50,802.604322
-1.176646,50,802.814964
-0.916046,50,803.020938
-0.881582,50,803.226597
-0.692691,50,803.431019
-0.664731,50,803.635884
-0.838934,50,803.844973
-0.79958,50,804.050284
-0.890661,50,804.258045
-3.096799,50,804.461692
-2.680488,50,804.673705
-1.059865,50,804.884517
-1.230308,50,805.090135
-1.626207,50,805.295864
-1.049587,50,805.513602
-0.969376,50,805.71789
-0.616217,50,805.922022
-0.382617,50,806.124757
-0.46772,50,806.330985
-0.630095,50,806.535607
-0.540978,50,806.739844
-0.685996,50,806.944614
-0.575962,50,807.152876
-0.672191,50,807.358191
-0.623528,50,807.561756
-0.672123,50,807.76373
-0.501823,50,807.984976
-0.610413,50,808.189575
-0.411198,50,808.393899
-0.623882,50,808.598255
-0.61324,50,808.80353
-0.356224,50,809.008159
-0.768302,50,809.213718
-0.921281,50,809.422437
-1.763805,50,809.635332
-0.731383,50,809.839963
-0.867532,50,810.045628
-0.706858,50,810.251937
-0.852292,50,810.458624
-0.878726,50,810.664142
-0.594302,50,810.870131
-0.583944,50,811.075112
-0.636808,50,811.288528
-0.608615,50,811.493509
-0.854681,50,811.698182
-0.632091,50,811.90333
-0.475202,50,812.109211
-0.488225,50,812.314333
-0.722551,50,812.520005
-0.675685,50,812.723413
-0.77438,50,812.935914
-0.965495,50,813.140772
-0.69339,50,813.347409
-0.716029,50,813.557014
-0.633485,50,813.95455
-0.754933,50,814.163802
-0.804096,50,814.36885
-0.623456,50,814.572448
-0.652901,50,814.781557
-0.687249,50,814.987671
-0.535505,50,815.190954
-0.600348,50,815.396174
-0.637474,50,815.601673
-0.976397,50,815.807743
-0.787971,50,816.013979
-0.898086,50,816.217977
-1.13166,50,816.423711
-0.819576,50,816.627697
-0.668818,50,816.831728
-1.471483,50,817.035888
-4.255103,50,817.242518
-7.927904,50,817.447717
-6.131287,50,817.651772
-4.72213,50,817.854882
-5.624064,50,818.067869
-1.530292,50,818.273802
-0.972925,50,818.482248
-0.354902,50,818.68531
-0.385732,50,818.891614
-0.796676,50,819.099111
-0.727773,50,819.302423
-0.460831,50,819.505532
-0.718782,50,819.714255
-0.738854,50,819.918223
-0.501787,50,820.122704
-0.974902,50,820.326398
-0.795876,50,820.545667
-0.617681,50,820.749908
-0.74311,50,820.952574
-1.511395,50,821.162267
-0.771898,50,821.372451
-0.688776,50,821.57643
-0.643509,50,821.779511
-0.788262,50,821.9885
-0.477445,50,822.194886
-0.83154,50,822.402971
-0.761866,50,822.608473
-0.93277,50,822.810203
-0.641686,50,823.015659
-0.764969,50,823.219921
-0.6168,50,823.428404
-0.724,50,823.638045
-0.59879,50,823.842423
-0.495565,50,824.04701
-0.583055,50,824.251434
-0.678721,50,824.45621
-0.882542,50,824.67066
-0.853595,50,824.874178
-1.527602,50,825.076649
-2.460603,50,825.287219
-1.240144,50,825.497057
-0.637038,50,825.701377
-0.616897,50,825.905192
-0.726083,50,826.109336
-0.590088,50,826.31421
-0.661924,50,826.518226
-0.557689,50,826.721734
-0.579301,50,826.927267
-0.556658,50,827.149145
-0.558891,50,827.355259
-0.610196,50,827.559359
-1.343099,50,827.763735
-0.774126,50,827.971561
-0.463677,50,828.176633
-0.542002,50,828.381261
-1.603122,50,828.592817
-0.552837,50,828.798149
-0.58825,50,829.003431
-0.518541,50,829.208276
-0.5827,50,829.416161
-0.546465,50,829.623463
-0.578201,50,829.827887
-0.579326,50,830.034071
-0.851238,50,830.241383
-0.639832,50,830.448325
-0.514878,50,830.654752
-0.762644,50,830.859556
-0.888389,50,831.063598
-0.725346,50,831.288749
-0.311485,50,831.493011
-0.456484,50,831.697757
-0.89927,50,831.903332
-0.643021,50,832.115018
-0.397785,50,832.320161
-0.713396,50,832.524276
-0.66025,50,832.729631
-0.554588,50,832.937723
-0.709992,50,833.141264
-1.474396,50,833.345626
-0.857459,50,833.552705
-0.545441,50,833.773174
-0.76946,50,833.976495
-0.602209,50,834.180072
-0.750936,50,834.389029
-0.734713,50,834.596778
-0.55259,50,834.801025
-0.512767,50,835.005684
-0.756413,50,835.212185
-0.736341,50,835.418104
-0.842153,50,835.624664
-0.677789,50,835.830917
-1.600634,50,836.041528
-0.78454,50,836.247769
-1.20611,50,836.450972
-0.75587,50,836.653795
-0.871264,50,836.857997
-0.714939,50,837.06371
-0.473581,50,837.269428
-0.441444,50,837.472758
-0.489269,50,837.678094
-0.623547,50,837.886529
-0.616364,50,838.088981
-0.792474,50,838.293005
-0.870278,50,838.497509
-0.416653,50,838.702924
-0.509411,50,838.907438
-0.415224,50,839.111102
-0.595366,50,839.317771
-0.566196,50,839.523682
-0.910482,50,839.727225
-0.810385,50,839.931191
-1.591963,50,840.141891
-0.715561,50,840.361671
-0.637784,50,840.566673
-0.809098,50,840.776275
-1.084312,50,840.980936
-2.254233,50,841.190535
-1.071053,50,841.394344
-0.455806,50,841.599536
-0.808811,50,841.803469
-0.692886,50,842.011626
-0.655098,50,842.21763
-0.647742,50,842.421731
-0.465175,50,842.627438
-0.554949,50,842.833081
-0.658825,50,843.038236
-0.846327,50,843.241941
-0.561317,50,843.44524
-0.985863,50,843.650577
-1.177569,50,843.853568
-0.68159,50,844.058766
-0.657432,50,844.263568
-1.702897,50,844.4796
-0.608939,50,844.686305
-0.42713,50,844.890228
-0.743257,50,845.094965
-0.756495,50,845.301549
-0.937292,50,845.511629
-1.05483,50,845.715856
-0.828358,50,845.92038
-1.734803,50,846.126584
-1.863196,50,846.338429
-0.988425,50,846.542757
-0.57517,50,846.754108
-0.604625,50,846.975149
-0.769078,50,847.177938
-0.727798,50,847.381986
-0.647439,50,847.585739
-0.787797,50,847.808088
-1.036673,50,848.019711
-0.540756,50,848.226162
-0.348935,50,848.432139
-0.698092,50,848.637201
-0.622817,50,848.84359
-0.445909,50,849.048549
-1.021482,50,849.260598
-0.611547,50,849.470361
-1.85148,50,849.681638
-1.00879,50,849.885902
-0.477377,50,850.09094
-0.576366,50,850.298917
-0.604595,50,850.504774
-0.912218,50,850.709375
-0.517401,50,850.91421
-0.68179,50,851.125544
-1.552199,50,851.337698
-1.051882,50,851.541281
-1.76693,50,851.746979
-1.909775,50,851.953953
-1.569805,50,852.157369
-0.934822,50,852.36291
-0.44703,50,852.568131
-1.094339,50,852.774952
-0.632861,50,852.979793
-0.656157,50,853.184948
-0.584247,50,853.396674
-0.773012,50,853.615345
-0.632452,50,853.823741
-0.759246,50,854.028011
-0.962259,50,854.234985
-0.811024,50,854.446827
-0.62967,50,854.651846
-0.468207,50,854.857243
-0.46086,50,855.062782
-0.748938,50,855.270889
-0.795404,50,855.480114
-1.761058,50,855.69169
-0.592792,50,855.89657
-0.754545,50,856.10368
-0.817944,50,856.307959
-0.573455,50,856.512798
-0.607536,50,856.717117
-1.114237,50,856.929895
-1.344976,50,857.140997
-0.542965,50,857.346303
-0.713183,50,857.558224
-0.785327,50,857.769265
-1.05795,50,857.97421
-0.662861,50,858.179052
-0.53374,50,858.385378
-0.707879,50,858.592106
-0.855852,50,858.795908
-0.581263,50,859.002561
-1.188695,50,859.213409
-0.892825,50,859.419265
-0.943254,50,859.625234
-0.809081,50,859.831233
-0.531626,50,860.036413
-1.69852,50,860.262643
-0.574976,50,860.466149
-0.767788,50,860.672382
-0.957464,50,860.875636
-1.358618,50,861.09032
-0.829125,50,861.294142
-0.52004,50,861.498867
-0.567736,50,861.70881
-0.652121,50,861.91539
-0.441153,50,862.119547
-0.843734,50,862.329756
-0.810007,50,862.534372
-0.54097,50,862.740148
-0.714249,50,862.942475
-0.600068,50,863.145157
-0.625743,50,863.34962
-0.701953,50,863.566926
-0.764786,50,863.77238
-0.473201,50,863.975697
-0.394593,50,864.179116
-0.467539,50,864.387101
-0.511623,50,864.595735
-0.833255,50,864.803298
-0.702032,50,865.009887
-0.6696,50,865.215594
-0.512571,50,865.420945
-0.640231,50,865.625354
-0.689795,50,865.830212
-0.639069,50,866.03568
-0.654285,50,866.239344
-0.727141,50,866.442705
-0.684372,50,866.646166
-1.327578,50,866.867154
-1.626038,50,867.071836
-1.022425,50,867.279397
-0.697474,50,867.484226
-0.67782,50,867.693518
-0.610367,50,867.898734
-0.854602,50,868.104217
-0.666698,50,868.308726
-0.738139,50,868.521634
-0.63881,50,868.729037
-0.54691,50,868.934332
-0.657274,50,869.139783
-0.841322,50,869.350768
-0.653095,50,869.556279
-0.67652,50,869.760625
-1.005769,50,869.964165
-0.782787,50,870.171874
-0.622148,50,870.375767
-0.472753,50,870.581036
-0.554747,50,870.791211
-0.798473,50,871.001376
-0.909527,50,871.208497
-1.18747,50,871.413063
-1.348236,50,871.617615
-1.772263,50,871.824695
-1.639316,50,872.031829
-0.730575,50,872.234133
-0.64186,50,872.437115
-0.697776,50,872.642572
-1.041054,50,872.845776
-0.819944,50,873.049158
-0.730568,50,873.2517
-0.719455,50,873.473243
-0.54163,50,873.682092
-0.5362,50,873.885275
-0.994212,50,874.08943
-0.924804,50,874.29892
-0.626423,50,874.502277
-0.940267,50,874.708542
-0.822071,50,874.912341
-0.584003,50,875.118001
-0.658434,50,875.322165
-0.545203,50,875.527399
-0.558791,50,875.730014
-0.585866,50,875.935898
-0.696068,50,876.141206
-0.869018,50,876.349595
-0.744637,50,876.554257
-0.715184,50,876.760126
-0.996542,50,876.962945
-1.800789,50,877.172936
-1.086366,50,877.377604
-0.750803,50,877.58832
-0.538381,50,877.791182
-0.725631,50,877.998957
-0.831508,50,878.201177
-0.727205,50,878.407919
-0.976892,50,878.61766
-0.716795,50,878.826678
-0.728379,50,879.031021
-0.919407,50,879.249664
-0.696376,50,879.454397
-0.818903,50,879.657724
-0.626384,50,879.860286
-0.404989,50,880.079037
-0.811143,50,880.288487
-0.686885,50,880.492303
-0.516125,50,880.695241
-0.70314,50,880.904258
-0.491852,50,881.109319
-0.52656,50,881.311473
-0.489692,50,881.515006
-0.700428,50,881.72048
-0.617305,50,881.922542
-0.90962,50,882.12711
-0.695535,50,882.331059
-0.743184,50,882.537495
-0.843132,50,882.740794
-0.820815,50,882.950497
-0.925863,50,883.152591
-0.507349,50,883.359027
-0.813946,50,883.568379
-0.71421,50,883.770939
-0.809342,50,883.973894
-0.628247,50,884.182649
-0.830272,50,884.387754
-0.811756,50,884.590492
-0.494419,50,884.79252
-1.558022,50,885.005884
-0.826667,50,885.208753
-0.702981,50,885.414025
-0.521598,50,885.617922
-0.582071,50,885.824113
-1.525424,50,886.0345
-1.32922,50,886.245568
-1.750084,50,886.455472
-0.808359,50,886.676334
-0.563069,50,886.881414
-1.85006,50,887.092119
-0.632846,50,887.303049
-0.61992,50,887.518555
-0.912408,50,887.724435
-1.621021,50,887.934788
-0.622856,50,888.144428
-0.529631,50,888.351881
-0.646712,50,888.556171
-0.488149,50,888.760286
-0.631412,50,888.96893
-0.67282,50,889.185068
-0.663261,50,889.393684
-0.590852,50,889.599932
-0.685227,50,889.804168
-0.794492,50,890.010356
-0.924464,50,890.218797
-2.715714,50,890.427974
-1.446833,50,890.635025
-1.329347,50,890.84878
-0.823554,50,891.054131
-0.737862,50,891.258737
-0.478545,50,891.462737
-0.614018,50,891.683297
-0.678362,50,891.887383
-0.518355,50,892.090627
-0.541829,50,892.29317
-0.592995,50,892.498151
-0.802706,50,892.702479
-0.734814,50,892.907498
-0.393902,50,893.111362
-1.027635,50,893.316509
-0.700002,50,893.52019
-0.758624,50,893.725733
-0.60119,50,893.928472
-0.841547,50,894.137205
-0.793845,50,894.342209
-0.546507,50,894.546238
-0.805295,50,894.753918
-0.744025,50,894.960507
-0.888679,50,895.164207
-0.721619,50,895.368202
-0.576175,50,895.570954
-0.698528,50,895.789211
-0.656083,50,895.994762
-0.938079,50,896.200897
-0.564638,50,896.40844
-0.63743,50,896.618893
-0.522719,50,896.823934
-0.730469,50,897.030198
-0.526543,50,897.23552
-0.578992,50,897.443827
-0.896276,50,897.649107
-0.673617,50,897.854053
-1.256511,50,898.064877
-0.748577,50,898.28598
-0.779982,50,898.495999
-0.687022,50,898.703929
-0.668117,50,898.90903
-0.606685,50,899.118007
-0.637229,50,899.326914
-0.751408,50,899.537063
-0.795903,50,899.743657
-0.767179,50,899.950752
-0.755593,50,900.155524
-0.787625,50,900.360223
-0.607417,50,900.564724
-3.294172,50,900.777078
-8.467776,50,900.989429
-5.799927,50,901.198251
-1.327482,50,901.402119
-0.818481,50,901.612646
-0.856556,50,901.817705
-0.536433,50,902.023042
-1.228907,50,902.228469
-0.868138,50,902.439939
-0.782831,50,902.648842
-0.726752,50,902.853679
-0.66117,50,903.059272
-0.717945,50,903.265892
-0.40279,50,903.470155
-0.936885,50,903.674129
-0.942372,50,903.878103
-0.670092,50,904.088235
-1.021874,50,904.299541
-0.520155,50,904.504514
-0.592221,50,904.710252
-0.6066,50,904.931459
-0.707941,50,905.136957
-0.69382,50,905.341183
-0.680166,50,905.546677
-0.804913,50,905.757856
-0.681896,50,905.963351
-0.735625,50,906.174452
-0.542323,50,906.381033
-0.510769,50,906.590959
-0.587997,50,906.795492
-0.519561,50,907.002651
-0.901996,50,907.208136
-0.828635,50,907.414797
-0.646419,50,907.619959
-0.778821,50,907.825876
-1.05578,50,908.037476
-1.077096,50,908.243982
-0.74013,50,908.448634
-1.240806,50,908.65925
-0.978979,50,908.863962
-0.670055,50,909.074067
-0.707961,50,909.278181
-0.644446,50,909.482649
-0.676456,50,909.68821
-0.643418,50,909.893881
-0.641934,50,910.099263
-1.453862,50,910.310893
-0.854675,50,910.518932
-0.893413,50,910.739321
-0.885245,50,910.94972
-0.517279,50,911.153049
-0.759658,50,911.359406
-0.663632,50,911.582818
-0.459807,50,911.788181
-0.796241,50,911.993942
-1.076347,50,912.200261
-0.692309,50,912.40538
-0.725139,50,912.609976
-0.786639,50,912.816381
-0.755376,50,913.024294
-0.581886,50,913.230004
-0.780065,50,913.436648
-0.724449,50,913.641511
-0.374179,50,913.847477
-0.831801,50,914.058544
-0.793479,50,914.263566
-0.69826,50,914.468066
-1.493287,50,914.679817
-0.660144,50,914.888672
-0.740694,50,915.093643
-1.909534,50,915.305464
-1.015824,50,915.508458
-0.871312,50,915.7156
-0.684365,50,915.919682
-0.498856,50,916.125716
-0.534853,50,916.33006
-3.069891,50,916.539866
-2.848478,50,916.745563
-1.723471,50,916.957797
-0.976806,50,917.16353
-0.64557,50,917.535468
-0.793665,50,917.746425
-0.6609,50,917.951578
-0.705729,50,918.157012
-0.545572,50,918.378298
-0.623719,50,918.587116
-0.54301,50,918.793891
-0.505595,50,918.999659
-0.577583,50,919.21047
-0.513164,50,919.415061
-0.587428,50,919.61867
-0.510115,50,919.822572
-0.554566,50,920.028941
-0.433886,50,920.234468
-0.828415,50,920.438092
-0.459454,50,920.6421
-0.82405,50,920.849485
-0.602042,50,921.056333
-0.91876,50,921.261415
-1.082149,50,921.46542
-0.683563,50,921.673244
-0.854352,50,921.882282
-0.515734,50,922.088075
-0.645179,50,922.291536
-1.274404,50,922.505729
-0.839201,50,922.710286
-0.43418,50,922.915306
-0.642755,50,923.119179
-0.409135,50,923.324353
-1.742159,50,923.53707
-0.631744,50,923.742316
-0.688327,50,923.947797
-0.962709,50,924.175738
-0.775244,50,924.381415
-0.499559,50,924.588522
-0.627042,50,924.792509
-0.682177,50,924.998541
-0.848793,50,925.20467
-3.885639,50,925.41165
-3.209201,50,925.616443
-2.020735,50,925.833759
-1.501399,50,926.038626
-0.699157,50,926.246958
-0.511318,50,926.451245
-0.885616,50,926.663083
-0.389487,50,926.868786
-0.49016,50,927.075773
-0.712247,50,927.281395
-0.865196,50,927.493098
-0.806496,50,927.697799
-0.61703,50,927.902586
-0.759806,50,928.1091
-0.574898,50,928.314514
-0.574635,50,928.521247
-0.289576,50,928.725038
-0.721269,50,928.930566
-0.882732,50,929.146328
-1.843327,50,929.356994
-0.726789,50,929.562497
-0.613399,50,929.766577
-0.560998,50,929.986199
-0.825729,50,930.188443
-0.834045,50,930.392496
-0.563667,50,930.598589
-0.324327,50,930.803394
-0.495039,50,931.006877
-0.972525,50,931.209826
-0.998312,50,931.413125
-1.162887,50,931.62192
-0.908979,50,931.825262
-0.716016,50,932.028906
-1.067796,50,932.231439
-0.707589,50,932.439699
-0.62888,50,932.643273
-0.810845,50,932.845952
-0.597219,50,933.049751
-0.838854,50,933.257716
-0.484144,50,933.461924
-0.833266,50,933.665915
-0.781792,50,933.869167
-0.727386,50,934.076207
-1.18139,50,934.279577
-1.024602,50,934.483409
-0.6513,50,934.687581
-0.621524,50,934.893316
-0.635142,50,935.097089
-0.584035,50,935.300355
-0.515446,50,935.503555
-0.527296,50,935.722145
-1.182788,50,935.931855
-0.553851,50,936.135625
-0.769917,50,936.340207
-1.60526,50,936.555059
-0.574059,50,936.761153
-0.511904,50,936.963859
-0.824575,50,937.167576
-1.759917,50,937.373823
-1.422904,50,937.577362
-1.166286,50,937.781203
-0.934283,50,937.983951
-1.31005,50,938.188462
-0.741797,50,938.392197
-0.52021,50,938.59477
-0.868632,50,938.798204
-0.370521,50,939.005972
-0.691289,50,939.210092
-1.183139,50,939.419668
-0.737121,50,939.625456
-1.709643,50,939.837992
-0.666914,50,940.044164
-0.688942,50,940.246391
-0.665444,50,940.449288
-0.778518,50,940.667811
-0.44982,50,940.871999
-0.389962,50,941.076494
-0.53865,50,941.282016
-0.758067,50,941.505935
-0.911534,50,941.71006
-0.970895,50,941.921234
-0.728975,50,942.125375
-0.552056,50,942.331042
-0.770824,50,942.539642
-0.82264,50,942.746455
-0.788848,50,942.951359
-1.472994,50,943.166402
-0.694231,50,943.374898
-0.594436,50,943.582807
-0.85652,50,943.790651
-0.674628,50,944.006473
-0.654404,50,944.216198
-0.583312,50,944.421808
-0.791015,50,944.627577
-0.570311,50,944.834307
-0.691382,50,945.039858
-0.646796,50,945.244938
-0.826968,50,945.45255
-0.641569,50,945.660534
-0.365442,50,945.865515
-0.744962,50,946.069293
-0.787747,50,946.274822
-0.702422,50,946.484952
-0.992103,50,946.690823
-1.824546,50,946.898322
-2.446786,50,947.105269
-2.339941,50,947.328047
-2.620785,50,947.53284
-1.053881,50,947.743474
-0.568348,50,947.947093
-0.907157,50,948.154061
-0.756269,50,948.359458
-0.612803,50,948.563894
-1.446766,50,948.773755
-0.655508,50,948.984373
-0.394963,50,949.189646
-0.66604,50,949.394131
-0.492534,50,949.601718
-0.750102,50,949.809316
-1.084205,50,950.01678
-0.689794,50,950.221399
-0.655205,50,950.427928
-0.662024,50,950.634177
-1.830752,50,950.844755
-0.595305,50,951.047915
-0.967105,50,951.260763
-0.651312,50,951.474363
-0.417983,50,951.679168
-0.572614,50,951.883545
-0.519186,50,952.088441
-1.819827,50,952.300537
-2.090967,50,952.51283
-0.698492,50,952.718135
-0.631295,50,952.922603
-0.611055,50,953.143147
-1.825765,50,953.348303
-2.494316,50,953.551417
-3.077401,50,953.760296
-0.888908,50,953.968981
-0.839818,50,954.172236
-0.774587,50,954.375896
-0.6048,50,954.578561
-0.515626,50,954.784751
-0.502448,50,954.988167
-0.517709,50,955.192481
-0.66622,50,955.402998
-0.522602,50,955.621171
-0.601101,50,955.825355
-0.629776,50,956.029269
-0.60629,50,956.233044
-0.569332,50,956.442181
-0.505384,50,956.645489
-0.636952,50,956.848196
-0.706853,50,957.055719
-1.793835,50,957.267312
-0.767058,50,957.471179
-0.777681,50,957.673942
-0.550672,50,957.877151
-0.435191,50,958.081774
-0.501886,50,958.285672
-0.833146,50,958.489825
-0.680358,50,958.69362
-1.582818,50,958.922895
-0.609512,50,959.126065
-0.516132,50,959.329147
-0.757403,50,959.532024
-0.892522,50,959.7371
-0.417662,50,959.940579
-0.684864,50,960.143125
-0.661167,50,960.346805
-0.711123,50,960.551544
-0.718022,50,960.754707
-0.692258,50,960.958634
-0.733283,50,961.163684
-0.641232,50,961.371881
-0.964832,50,961.575334
-0.772384,50,961.778421
-0.419551,50,961.981063
-0.9887,50,962.18494
-1.228794,50,962.38952
-0.964418,50,962.592395
-0.899002,50,962.796013
-0.665411,50,963.001108
-0.809527,50,963.211341
-0.660955,50,963.41437
-0.657397,50,963.618543
-2.093476,50,963.824606
-1.532771,50,964.028465
-1.247751,50,964.231198
-1.71861,50,964.439969
-0.850261,50,964.661087
-0.74734,50,964.865161
-0.369736,50,965.068023
-0.576094,50,965.269675
-0.776762,50,965.475176
-0.709821,50,965.681267
-0.417723,50,965.884505
-0.67889,50,966.088413
-0.947593,50,966.297516
-0.785124,50,966.501314
-0.757624,50,966.704783
-0.641291,50,966.907285
-0.507846,50,967.110995
-0.80513,50,967.313187
-0.966387,50,967.520002
-0.534529,50,967.723452
-1.11957,50,967.929304
-1.488026,50,968.131568
-1.950305,50,968.334576
-1.903998,50,968.541768
-0.883271,50,968.751133
-0.735727,50,968.957507
-2.556057,50,969.167805
-1.163251,50,969.377216
-1.072453,50,969.594648
-0.804117,50,969.800176
-0.618023,50,970.0052
-0.749655,50,970.208957
-0.745846,50,970.431143
-0.716505,50,970.641911
-0.620187,50,970.849371
-2.303498,50,971.06038
-0.71895,50,971.269519
-0.565563,50,971.475039
-1.005703,50,971.677997
-0.827677,50,971.885337
-0.543349,50,972.092784
-0.489485,50,972.30129
-0.613678,50,972.505447
-0.760721,50,972.709777
-0.507609,50,972.916892
-1.733955,50,973.128025
-0.667944,50,973.33736
-0.609923,50,973.542773
-0.984939,50,973.758431
-0.561562,50,973.964051
-0.816248,50,974.173237
-0.415902,50,974.378041
-0.690811,50,974.585078
-0.550543,50,974.790823
-0.580846,50,974.996538
-1.270155,50,975.203103
-0.693819,50,975.410516
-0.513831,50,975.614326
-0.570906,50,975.818143
-0.572783,50,976.021833
-1.055888,50,976.247282
-0.492656,50,976.451389
-0.450332,50,976.655702
-0.357432,50,976.858157
-0.555763,50,977.06433
-0.832562,50,977.266978
-0.449115,50,977.470509
-0.508812,50,977.673518
-0.551904,50,977.878799
-0.701768,50,978.083344
-0.87555,50,978.285971
-0.538991,50,978.488394
-0.687016,50,978.696863
-0.693688,50,978.900594
-1.167618,50,979.109779
-0.801837,50,979.312725
-0.773387,50,979.517046
-0.672483,50,979.721503
-0.565947,50,979.924405
-1.835729,50,980.133744
-0.616976,50,980.340323
-0.767876,50,980.542781
-0.966375,50,980.746001
-0.466975,50,980.949111
-0.501656,50,981.158186
-0.788608,50,981.362557
-0.574951,50,981.566838
-0.671861,50,981.769429
-0.439123,50,981.990648
-2.0396,50,982.201655
-0.766586,50,982.40438
-0.522374,50,982.607809
-0.594412,50,982.812952
-0.587018,50,983.016595
-0.517283,50,983.219492
-0.548964,50,983.421601
-1.155698,50,983.641229
-1.024645,50,983.844528
-1.169998,50,984.048127
-0.760251,50,984.251252
-0.420603,50,984.457082
-0.568701,50,984.662183
-0.803694,50,984.86738
-0.536164,50,985.069626
-0.787774,50,985.276435
-0.802652,50,985.485291
-0.595051,50,985.688018
-0.713602,50,985.891062
-0.692766,50,986.100514
-0.655905,50,986.303167
-2.789979,50,986.507242
-1.159849,50,986.710114
-0.556509,50,986.916344
-0.651901,50,987.119153
-0.681699,50,987.32602
-0.944505,50,987.533007
-0.845371,50,987.752496
-0.730561,50,987.956455
-0.765529,50,988.161821
-0.620213,50,988.365925
-0.925729,50,988.575493
-1.597626,50,988.787853
-0.548993,50,988.99304
-0.645868,50,989.202313
-0.71289,50,989.410475
-0.753418,50,989.61561
-0.427083,50,989.820127
-0.783964,50,990.028259
-0.710589,50,990.234489
-0.602246,50,990.439697
-0.677302,50,990.643987
-0.568979,50,990.847951
-0.662797,50,991.056199
-2.353221,50,991.267371
-0.631875,50,991.471911
-0.831986,50,991.682285
-0.605891,50,991.888898
-0.647487,50,992.100958
-0.615929,50,992.304632
-0.52211,50,992.51007
-0.61153,50,992.716724
-0.368884,50,992.921354
-1.43025,50,993.132401
-0.706704,50,993.337525
-1.148812,50,993.561841
-1.279747,50,993.768344
-0.96674,50,993.973317
-1.152101,50,994.177517
-0.952462,50,994.385802
-0.600088,50,994.591242
-0.651686,50,994.796261
-0.683166,50,995.002946
-0.469771,50,995.208663
-0.518522,50,995.41436
-0.842614,50,995.623543
-0.939587,50,995.832675
-0.574462,50,996.042662
-0.69843,50,996.24995
-0.839903,50,996.454457
-0.536067,50,996.659386
-0.706763,50,996.865145
-1.330382,50,997.069801
-0.867751,50,997.274184
-0.691871,50,997.479476
-0.789979,50,997.697741
-0.561957,50,997.901568
-0.85856,50,998.104488
-1.1221,50,998.312735
-0.790765,50,998.522048
-0.559014,50,998.726144
-0.698945,50,998.929835
-1.221643,50,999.134077
-0.854852,50,999.353572
-0.761048,50,999.559317
-1.270368,50,999.767023
-0.815693,50,999.970875
-0.778905,50,1000.180688
-0.812445,50,1000.386584
-0.83333,50,1000.590878
-0.478042,50,1000.795708
-0.735379,50,1001.003722
-0.595027,50,1001.207816
-0.815509,50,1001.416273
-1.192035,50,1001.621216
-1.17497,50,1001.828117
-0.798751,50,1002.032832
-0.672491,50,1002.237189
-0.490406,50,1002.441807
-0.896403,50,1002.649661
-0.674365,50,1002.857106
-0.515443,50,1003.062805
-0.700031,50,1003.274918
-0.53795,50,1003.484882
-0.516497,50,1003.689799
-0.695693,50,1003.89409
-1.299273,50,1004.09869
-0.794843,50,1004.309495
-0.63133,50,1004.513717
-0.822597,50,1004.718925
-0.839199,50,1004.924796
-0.588156,50,1005.145364
-0.634184,50,1005.350309
-0.77013,50,1005.555779
-0.714303,50,1005.761773
-0.676303,50,1005.971113
-1.16042,50,1006.177036
-1.188944,50,1006.382227
-0.651075,50,1006.588814
-0.831737,50,1006.807652
-0.589283,50,1007.013812
-0.583842,50,1007.218884
-0.68019,50,1007.425443
-0.681034,50,1007.630964
-0.863856,50,1007.839536
-0.54928,50,1008.045745
-1.121846,50,1008.254407
-0.786276,50,1008.464177
-0.762805,50,1008.670621
-0.561616,50,1008.87561
-0.744424,50,1009.084332
-0.860322,50,1009.297532
-0.901972,50,1009.501681
-1.554473,50,1009.707045
-2.235624,50,1009.91113
-1.59558,50,1010.118665
-1.354875,50,1010.324878
-1.162903,50,1010.533257
-1.141647,50,1010.743665
-0.570725,50,1010.965633
-0.607546,50,1011.172002
-0.431551,50,1011.383994
-0.744034,50,1011.589983
-0.674748,50,1011.80634
-0.732838,50,1012.010557
-0.465905,50,1012.214857
-0.79951,50,1012.423217
-0.672377,50,1012.631317
-0.683629,50,1012.83618
-0.801727,50,1013.040181
-1.435891,50,1013.251886
-1.052812,50,1013.462005
-0.932876,50,1013.670073
-0.753414,50,1013.874572
-1.029627,50,1014.079541
-0.801769,50,1014.284504
-0.983679,50,1014.48922
-0.745925,50,1014.694074
-0.808286,50,1014.898445
-0.67488,50,1015.105253
-0.651812,50,1015.311841
-2.442199,50,1015.522778
-0.865481,50,1015.728715
-0.595137,50,1015.942996
-0.808846,50,1016.149028
-0.631517,50,1016.356569
-1.247079,50,1016.569457
-1.373355,50,1016.788917
-0.418886,50,1016.991584
-0.511781,50,1017.194804
-0.722109,50,1017.398547
-0.46863,50,1017.602691
-0.824076,50,1017.81089
-0.76308,50,1018.01645
-1.275833,50,1018.226588
-1.464967,50,1018.435327
-0.648937,50,1018.638267
-0.688525,50,1018.842814
-0.461131,50,1019.044887
-0.478723,50,1019.248883
-1.953787,50,1019.459632
-0.540144,50,1019.662763
-1.808991,50,1019.872767
-1.299676,50,1020.078044
-1.750735,50,1020.281885
-0.512568,50,1020.485629
-1.625181,50,1020.695572
-0.649829,50,1021.065835
-0.780912,50,1021.269812
-0.748933,50,1021.474534
-0.632952,50,1021.677894
-1.370061,50,1021.889401
-0.654872,50,1022.109564
-0.885247,50,1022.315403
-0.776628,50,1022.520853
-0.429976,50,1022.728473
-0.418127,50,1022.933399
-0.552402,50,1023.139432
-0.540906,50,1023.344721
-0.663233,50,1023.554807
-0.507764,50,1023.758943
-0.670666,50,1023.969919
-0.673981,50,1024.173915
-1.144309,50,1024.384182
-1.531982,50,1024.596148
-0.759669,50,1024.803329
-0.773645,50,1025.007613
-0.667728,50,1025.215436
-1.432821,50,1025.428258
-0.698712,50,1025.639144
-0.800922,50,1025.843485
-0.700972,50,1026.053031
-0.82153,50,1026.257655
-0.896515,50,1026.463164
-1.528182,50,1026.666682
-1.63442,50,1026.884816
-1.114217,50,1027.089389
-0.738369,50,1027.293423
-0.638611,50,1027.502138
-0.597409,50,1027.721697
-0.577429,50,1027.925647
-0.617677,50,1028.133228
-0.645358,50,1028.336398
-0.896591,50,1028.543693
-0.894401,50,1028.74825
-0.926701,50,1028.954456
-0.65353,50,1029.158607
-0.666715,50,1029.363571
-1.061373,50,1029.574471
-0.539229,50,1029.779691
-0.763718,50,1029.985542
-0.766446,50,1030.19266
-0.827981,50,1030.397095
-1.237726,50,1030.606079
-0.734071,50,1030.80977
-1.025172,50,1031.025051
-0.486896,50,1031.228883
-0.784654,50,1031.432996
-0.935832,50,1031.640722
-0.775148,50,1031.846411
-0.534987,50,1032.050577
-1.084894,50,1032.258846
-0.738345,50,1032.462696
-0.89297,50,1032.668372
-0.523533,50,1032.871095
-0.620693,50,1033.073784
-0.783845,50,1033.277334
-1.150295,50,1033.508285
-0.919444,50,1033.714981
-0.86518,50,1033.921389
-1.617936,50,1034.127366
-1.159672,50,1034.336387
-1.452221,50,1034.542723
-0.974187,50,1034.747147
-0.786665,50,1034.951723
-0.64277,50,1035.157556
-0.615108,50,1035.361991
-0.564896,50,1035.56574
-0.807848,50,1035.77001
-0.739821,50,1035.981917
-0.827151,50,1036.193363
-0.672759,50,1036.397744
-0.605259,50,1036.602847
-0.566084,50,1036.809272
-0.52086,50,1037.016044
-0.76228,50,1037.221832
-0.76405,50,1037.427744
-0.81094,50,1037.637381
-0.919967,50,1037.843165
-1.1122,50,1038.051263
-0.624961,50,1038.255623
-0.61392,50,1038.464913
-0.783424,50,1038.671428
-0.926342,50,1038.87845
-0.756053,50,1039.084198
-0.761043,50,1039.303199
-1.10415,50,1039.515941
-0.76013,50,1039.727783
-0.764837,50,1039.932571
-0.751114,50,1040.151336
-0.758542,50,1040.356486
-0.857354,50,1040.565151
-0.520257,50,1040.768368
-0.918737,50,1040.979013
-0.737197,50,1041.181409
-0.655145,50,1041.384777
-1.46974,50,1041.588974
-0.743726,50,1041.792821
-0.538678,50,1042.001615
-0.542494,50,1042.204375
-0.953954,50,1042.407763
-0.962985,50,1042.612072
-1.638451,50,1042.822327
-0.827964,50,1043.025795
-0.486868,50,1043.228994
-0.95267,50,1043.437956
-0.677355,50,1043.647781
-0.761691,50,1043.850523
-1.536395,50,1044.060567
-0.499502,50,1044.265957
-0.348114,50,1044.469185
-0.591854,50,1044.681145
-0.731543,50,1044.882482
-0.749377,50,1045.10723
-0.609069,50,1045.31158
-2.029102,50,1045.521086
-0.834563,50,1045.725801
-2.557953,50,1045.940637
-1.397816,50,1046.144216
-1.202315,50,1046.353368
-0.606763,50,1046.557637
-0.755158,50,1046.764534
-0.628204,50,1046.975508
-0.781096,50,1047.178619
-0.772092,50,1047.38266
-0.756904,50,1047.587426
-0.607845,50,1047.790596
-0.638973,50,1047.995163
-0.876534,50,1048.19824
-0.518434,50,1048.406019
-0.811889,50,1048.610054
-0.523556,50,1048.813695
-0.802498,50,1049.017002
-0.722846,50,1049.223825
-0.780336,50,1049.427314
-0.637294,50,1049.629635
-0.70037,50,1049.833935
-0.936574,50,1050.04103
-2.893116,50,1050.252444
-0.951938,50,1050.455821
-0.767766,50,1050.659585
-0.697539,50,1050.881083
-0.735437,50,1051.085383
-1.521961,50,1051.293972
-0.819534,50,1051.497648
-2.033941,50,1051.703316
-1.234718,50,1051.913246
-0.937335,50,1052.114834
-0.873616,50,1052.3197
-0.917187,50,1052.526125
-0.9935,50,1052.730983
-0.656118,50,1052.933469
-0.818798,50,1053.136273
-0.904408,50,1053.35758
-0.840421,50,1053.560637
-1.190781,50,1053.763179
-1.85325,50,1053.966996
-3.036457,50,1054.179244
-0.784893,50,1054.383713
-0.706427,50,1054.591707
-0.593773,50,1054.794556
-0.901309,50,1055.001672
-0.794312,50,1055.212838
-0.945381,50,1055.418143
-0.50961,50,1055.621432
-1.099766,50,1055.830005
-0.673478,50,1056.038245
-0.809169,50,1056.240978
-1.270507,50,1056.451797
-0.923157,50,1056.671343
-2.535273,50,1056.883229
-3.439611,50,1057.090282
-3.58197,50,1057.293432
-2.298481,50,1057.499234
-0.751378,50,1057.703439
-1.103829,50,1057.906915
-0.935884,50,1058.110305
-1.022447,50,1058.318892
-0.862673,50,1058.526323
-1.239568,50,1058.72928
-1.463205,50,1058.933607
-0.871161,50,1059.139883
-0.864588,50,1059.344511
-0.715574,50,1059.548625
-0.389394,50,1059.752003
-1.219021,50,1059.957725
-1.062382,50,1060.165295
-0.645288,50,1060.368866
-0.971029,50,1060.573527
-0.671833,50,1060.790378
-0.55596,50,1060.992292
-2.114338,50,1061.203867
-0.848157,50,1061.412823
-0.853188,50,1061.617502
-0.592266,50,1061.820789
-0.740509,50,1062.024477
-1.108415,50,1062.230264
-0.69348,50,1062.451691
-0.706063,50,1062.656209
-0.73863,50,1062.860569
-0.73602,50,1063.064525
-0.777433,50,1063.273011
-0.716962,50,1063.477988
-0.594952,50,1063.682718
-0.681208,50,1063.888586
-0.843546,50,1064.095937
-0.993775,50,1064.299058
-1.008659,50,1064.50401
-0.711722,50,1064.715402
-0.566397,50,1064.923369
-1.053495,50,1065.128731
-0.861372,50,1065.334027
-0.912096,50,1065.541972
-0.76046,50,1065.75239
-0.75951,50,1065.957135
-1.012127,50,1066.160255
-0.746069,50,1066.369082
-0.857412,50,1066.593827
-0.695264,50,1066.798639
-0.559465,50,1067.002341
-0.857503,50,1067.209144
-0.714061,50,1067.415827
-0.735897,50,1067.620749
-0.550915,50,1067.826582
-0.608496,50,1068.053377
-0.6199,50,1068.272446
-0.647547,50,1068.478901
-0.729866,50,1068.684512
-0.884542,50,1068.887988
-4.226885,50,1069.09948
-4.132264,50,1069.307677
-2.521186,50,1069.515848
-1.176885,50,1069.720601
-0.620458,50,1069.933447
-0.747202,50,1070.139088
-0.978075,50,1070.34239
-0.649472,50,1070.547652
-0.736773,50,1070.760693
-0.530501,50,1070.966381
-0.633436,50,1071.170365
-0.760076,50,1071.375087
-0.470889,50,1071.582084
-0.550892,50,1071.788025
-0.59962,50,1071.994257
-0.772143,50,1072.199898
-1.001554,50,1072.426959
-0.510652,50,1072.631781
-0.833579,50,1072.838164
-0.773035,50,1073.042356
-0.503731,50,1073.251744
-0.505702,50,1073.456507
-0.615896,50,1073.665524
-0.764746,50,1073.87115
-0.813279,50,1074.077973
-0.726683,50,1074.28221
-0.904683,50,1074.489963
-2.010151,50,1074.702389
-3.079068,50,1074.911221
-1.677295,50,1075.116337
-1.088684,50,1075.321416
-1.855141,50,1075.532516
-1.392704,50,1075.743541
-0.788108,50,1075.951988
-0.619735,50,1076.157779
-1.343862,50,1076.369443
-0.913975,50,1076.577316
-0.76064,50,1076.789286
-0.865787,50,1076.99634
-0.898195,50,1077.199928
-0.587245,50,1077.407736
-0.629672,50,1077.613755
-0.733419,50,1077.824574
-0.551424,50,1078.028399
-1.537837,50,1078.25642
-0.951034,50,1078.466267
-0.455979,50,1078.675173
-0.539578,50,1078.879511
-0.722966,50,1079.086472
-0.894786,50,1079.294327
-0.649845,50,1079.499758
-0.814542,50,1079.709123
-1.034498,50,1079.916553
-0.799053,50,1080.121273
-1.220363,50,1080.32618
-1.010773,50,1080.530659
-1.050255,50,1080.741927
-0.991283,50,1080.94773
-0.53674,50,1081.151277
-0.73554,50,1081.363742
-0.636518,50,1081.569798
-1.071165,50,1081.776469
-1.883009,50,1081.979975
-1.256932,50,1082.186281
-1.906061,50,1082.393676
-0.655153,50,1082.59931
-2.20115,50,1082.809951
-1.113448,50,1083.021276
-0.483441,50,1083.258339
-0.714133,50,1083.464522
-0.40444,50,1083.668899
-0.655401,50,1083.873717
-0.610158,50,1084.08487
-0.752661,50,1084.288736
-0.391099,50,1084.492729
-0.439072,50,1084.695611
-0.575364,50,1084.901044
-0.392299,50,1085.105663
-0.740763,50,1085.317245
-0.38709,50,1085.522757
-0.408967,50,1085.732905
-0.592683,50,1085.939264
-0.673552,50,1086.146395
-0.612209,50,1086.352445
-0.710807,50,1086.558573
-0.785081,50,1086.765156
-0.954726,50,1086.968117
-0.887539,50,1087.170726
-1.637324,50,1087.381805
-0.72692,50,1087.592192
-0.729603,50,1087.7972
-0.677567,50,1088.000978
-0.696178,50,1088.224835
-0.708102,50,1088.430047
-0.965533,50,1088.636239
-0.721036,50,1088.83984
-0.686797,50,1089.04941
-0.796275,50,1089.257879
-0.628194,50,1089.462021
-0.708018,50,1089.666847
-0.802719,50,1089.872391
-1.325934,50,1090.076762
-0.905583,50,1090.280526
-0.765139,50,1090.488233
-1.064005,50,1090.697201
-0.592518,50,1090.900779
-0.899808,50,1091.104896
-0.592786,50,1091.308709
-1.04526,50,1091.517487
-0.586169,50,1091.719993
-0.848128,50,1091.922567
-1.656612,50,1092.132866
-0.627152,50,1092.339541
-0.70583,50,1092.542543
-0.881518,50,1092.745223
-1.226969,50,1092.950447
-0.986526,50,1093.173004
-0.972225,50,1093.376746
-0.817657,50,1093.581122
-0.561283,50,1093.785249
-0.553689,50,1093.990842
-0.428628,50,1094.193803
-0.768565,50,1094.398218
-0.960919,50,1094.603147
-0.751863,50,1094.808018
-0.831676,50,1095.011001
-0.669362,50,1095.21522
-1.329816,50,1095.427644
-0.490315,50,1095.648254
-0.550453,50,1095.852615
-0.914423,50,1096.056895
-1.208255,50,1096.260338
-1.487477,50,1096.467808
-2.811816,50,1096.670816
-0.675921,50,1096.873407
-0.66252,50,1097.077618
-0.908442,50,1097.282834
-0.767183,50,1097.48718
-0.843904,50,1097.696146
-0.90043,50,1097.900744
-0.774491,50,1098.124542
-0.640022,50,1098.329924
-0.958583,50,1098.53311
-1.222422,50,1098.739288
-0.755835,50,1098.947631
-0.988632,50,1099.150673
-0.808788,50,1099.362455
-1.163802,50,1099.566365
-0.574344,50,1099.770916
-0.901567,50,1099.973722
-0.707476,50,1100.177677
-1.182077,50,1100.386138
-0.535432,50,1100.594525
-0.798703,50,1100.797143
-0.589864,50,1101.001589
-0.509127,50,1101.206193
-0.830167,50,1101.412891
-1.071635,50,1101.624274
-1.065565,50,1101.835836
-0.591587,50,1102.039734
-1.834615,50,1102.244167
-1.802391,50,1102.453751
-1.224604,50,1102.657418
-2.440686,50,1102.861105
-1.487121,50,1103.084662
-0.797808,50,1103.289447
-0.499544,50,1103.491705
-0.673887,50,1103.694736
-0.56567,50,1103.898956
-0.518411,50,1104.101743
-0.584749,50,1104.305684
-0.573119,50,1104.516274
-0.980061,50,1104.724616
-0.929865,50,1104.936366
-0.857572,50,1105.14014
-0.653213,50,1105.344296
-0.666028,50,1105.553731
-0.626124,50,1105.757905
-0.611039,50,1105.961755
-0.549737,50,1106.164971
-0.63404,50,1106.371025
-0.498244,50,1106.575095
-0.576468,50,1106.779589
-0.584315,50,1106.984005
-0.866685,50,1107.190533
-1.662008,50,1107.400932
-1.847298,50,1107.612824
-1.435928,50,1107.823036
-1.210825,50,1108.047087
-0.615202,50,1108.251401
-0.466475,50,1108.453678
-0.667012,50,1108.655637
-0.780184,50,1108.864802
-0.674993,50,1109.068096
-0.74618,50,1109.271532
-1.542767,50,1109.479525
-1.415564,50,1109.686068
-0.963329,50,1109.891395
-1.20654,50,1110.095559
-0.660087,50,1110.300007
-1.142651,50,1110.516042
-0.855601,50,1110.720134
-1.09141,50,1110.931672
-1.226929,50,1111.136175
-0.763032,50,1111.341835
-1.689465,50,1111.552169
-0.712999,50,1111.756781
-1.258385,50,1111.966067
-0.886923,50,1112.183686
-1.241158,50,1112.388251
-0.595637,50,1112.595762
-0.759787,50,1112.799866
-0.550993,50,1113.024028
-0.765855,50,1113.229201
-1.797063,50,1113.439814
-0.696797,50,1113.643581
-1.011384,50,1113.857666
-0.655101,50,1114.062869
-0.83249,50,1114.266432
-0.991389,50,1114.47057
-0.949573,50,1114.677646
-1.324179,50,1114.889773
-0.573201,50,1115.093578
-1.330918,50,1115.301576
-2.367107,50,1115.515201
-1.71271,50,1115.721002
-1.879496,50,1115.926511
-0.82376,50,1116.131831
-0.584134,50,1116.33929
-0.674249,50,1116.544678
-2.000486,50,1116.756387
-0.96579,50,1116.961592
-0.750847,50,1117.169714
-1.122824,50,1117.37517
-0.931851,50,1117.582533
-0.65471,50,1117.787397
-0.51137,50,1118.010382
-0.657729,50,1118.214414
-0.802826,50,1118.424608
-0.760064,50,1118.628492
-0.788553,50,1118.836753
-0.500587,50,1119.040126
-0.983587,50,1119.250739
-2.054646,50,1119.461384
-0.943453,50,1119.665668
-0.912158,50,1119.869255
-1.443606,50,1120.073233
-1.058114,50,1120.276543
-0.855953,50,1120.49375
-0.568285,50,1120.698516
-0.708935,50,1120.900798
-0.567501,50,1121.104273
-0.716169,50,1121.311534
-0.578257,50,1121.515456
-0.677886,50,1121.718575
-0.7911,50,1121.924906
-0.732171,50,1122.130412
-0.711316,50,1122.335127
-1.577165,50,1122.545017
-1.39414,50,1122.755122
-2.009876,50,1122.977096
-0.865786,50,1123.180493
-0.709174,50,1123.384774
-0.879019,50,1123.590271
-0.84905,50,1123.794481
-0.935936,50,1123.999962
-1.405457,50,1124.203312
-1.359862,50,1124.409082
-0.744378,50,1124.793976
-0.939291,50,1124.997917
-0.794467,50,1125.200974
-1.746911,50,1125.410849
-0.737367,50,1125.620413
-0.7393,50,1125.827565
-0.870138,50,1126.034173
-0.958618,50,1126.237847
-0.677938,50,1126.444191
-1.819094,50,1126.655905
-0.803855,50,1126.863844
-1.245509,50,1127.067849
-2.00747,50,1127.279389
-0.679805,50,1127.483072
-0.931757,50,1127.689508
-0.705814,50,1127.893291
-0.686221,50,1128.119542
-0.501389,50,1128.331627
-0.731037,50,1128.535419
-0.62261,50,1128.739871
-1.029168,50,1128.951323
-0.569463,50,1129.155254
-0.448345,50,1129.358972
-0.585895,50,1129.564411
-0.857076,50,1129.772726
-0.782422,50,1129.975508
-0.649865,50,1130.180307
-0.663647,50,1130.385561
-0.933707,50,1130.598065
-0.718736,50,1130.803255
-1.197438,50,1131.007601
-1.114159,50,1131.210234
-0.567049,50,1131.417437
-1.141957,50,1131.622133
-0.879015,50,1131.826366
-0.585762,50,1132.02935
-0.784321,50,1132.236465
-1.030304,50,1132.438701
-1.164456,50,1132.643612
-1.364847,50,1132.852959
-1.157152,50,1133.074339
-1.600898,50,1133.280115
-1.312553,50,1133.492211
-1.004916,50,1133.697538
-1.174457,50,1133.910037
-1.690048,50,1134.114196
-0.754718,50,1134.322287
-0.828721,50,1134.525137
-0.52284,50,1134.731727
-0.724743,50,1134.936316
-0.621159,50,1135.141755
-0.777475,50,1135.348095
-0.713745,50,1135.560263
-0.73135,50,1135.766011
-0.444431,50,1135.970557
-0.493036,50,1136.176407
-1.070597,50,1136.38211
-0.816903,50,1136.587631
-0.959427,50,1136.79204
-0.963415,50,1136.997371
-0.931083,50,1137.202983
-1.230057,50,1137.413394
-1.014836,50,1137.617544
-0.812018,50,1137.82509
-0.868793,50,1138.049455
-0.625243,50,1138.253785
-0.578027,50,1138.456432
-0.558757,50,1138.659497
-0.856494,50,1138.876203
-0.887637,50,1139.080179
-0.601236,50,1139.286368
-1.263136,50,1139.49564
-0.767708,50,1139.704792
-0.753062,50,1139.909066
-0.501423,50,1140.113921
-0.86708,50,1140.317344
-0.686083,50,1140.526708
-0.688849,50,1140.732661
-0.77991,50,1140.938088
-1.617931,50,1141.15127
-0.796766,50,1141.35811
-0.815231,50,1141.564976
-0.664393,50,1141.770073
-0.621408,50,1141.975097
-0.926569,50,1142.181714
-1.087368,50,1142.385746
-0.909563,50,1142.589266
-0.573854,50,1142.793884
-0.702819,50,1143.016914
-0.564605,50,1143.222504
-0.787762,50,1143.427122
-0.694321,50,1143.631074
-0.721123,50,1143.838006
-0.690406,50,1144.045423
-0.840695,50,1144.249318
-0.713968,50,1144.454116
-0.647861,50,1144.660952
-0.682442,50,1144.863972
-0.977598,50,1145.066714
-0.709521,50,1145.270719
-0.895182,50,1145.480152
-0.82927,50,1145.690617
-0.719637,50,1145.895701
-0.661061,50,1146.100566
-0.654158,50,1146.308173
-0.892652,50,1146.512473
-0.821374,50,1146.724214
-0.940849,50,1146.927952
-0.883668,50,1147.133502
-0.665218,50,1147.337524
-0.769522,50,1147.542321
-0.902231,50,1147.747566
-0.931967,50,1147.971314
-1.089651,50,1148.1748
-1.747594,50,1148.380146
-1.151124,50,1148.589472
-0.578548,50,1148.796101
-0.979245,50,1149.000455
-1.173779,50,1149.206028
-0.857378,50,1149.410942
-0.69708,50,1149.61682
-0.711361,50,1149.821667
-0.736976,50,1150.029546
-0.959044,50,1150.234339
-1.121927,50,1150.451016
-0.981874,50,1150.656202
-0.743176,50,1150.86157
-0.731576,50,1151.067344
-0.716905,50,1151.274506
-1.314921,50,1151.4796
-1.423599,50,1151.684572
-1.22081,50,1151.888412
-0.628367,50,1152.095527
-0.624848,50,1152.303573
-0.809778,50,1152.509591
-0.687985,50,1152.716808
-0.754736,50,1152.955291
-0.661203,50,1153.160153
-0.610794,50,1153.36312
-1.063516,50,1153.571473
-0.743233,50,1153.776213
-0.902786,50,1153.979634
-1.451199,50,1154.189255
-1.062814,50,1154.39429
-0.780058,50,1154.601116
-0.859288,50,1154.805269
-0.953442,50,1155.00912
-0.827613,50,1155.211924
-0.769267,50,1155.418202
-0.846114,50,1155.621569
-0.915397,50,1155.824959
-0.582177,50,1156.029898
-0.860523,50,1156.235616
-0.919897,50,1156.438887
-0.904928,50,1156.643788
-1.221276,50,1156.84779
-3.181987,50,1157.052884
-0.783678,50,1157.255318
-0.568547,50,1157.457148
-0.607726,50,1157.661319
-0.569473,50,1157.885803
-0.870504,50,1158.089862
-0.85983,50,1158.295691
-0.606251,50,1158.504072
-0.793186,50,1158.713281
-0.770769,50,1158.918086
-0.857263,50,1159.128958
-0.728255,50,1159.337061
-0.610829,50,1159.547415
-0.838556,50,1159.754165
-0.683015,50,1159.958372
-0.680629,50,1160.164145
-0.747684,50,1160.374376
-0.537362,50,1160.580474
-0.902028,50,1160.78524
-0.809755,50,1160.988784
-0.794929,50,1161.195345
-0.584967,50,1161.400658
-0.620965,50,1161.606678
-1.322267,50,1161.811278
-1.326883,50,1162.019374
-0.898895,50,1162.224162
-0.611137,50,1162.429467
-0.770293,50,1162.634674
-1.21216,50,1162.858314
-0.721273,50,1163.064012
-1.394347,50,1163.268215
-1.453596,50,1163.471625
-1.005059,50,1163.679428
-1.2659,50,1163.886406
-1.119826,50,1164.094045
-0.8972,50,1164.300201
-0.920234,50,1164.509304
-1.49625,50,1164.719003
-0.631847,50,1164.923104
-0.78208,50,1165.128501
-0.735242,50,1165.340705
-0.811677,50,1165.54669
-0.681436,50,1165.750319
-0.628685,50,1165.954837
-0.670096,50,1166.162465
-0.929321,50,1166.36817
-1.334092,50,1166.573387
-1.054923,50,1166.777117
-0.751814,50,1166.986433
-0.886395,50,1167.191615
-0.759517,50,1167.39579
-0.750411,50,1167.600754
-0.727098,50,1167.824962
-0.861112,50,1168.032466
-0.73279,50,1168.237728
-0.916353,50,1168.442382
-0.615391,50,1168.650023
-0.83912,50,1168.857672
-1.010521,50,1169.06229
-1.986705,50,1169.273071
-0.724787,50,1169.480926
-0.727976,50,1169.691879
-0.703827,50,1169.896143
-0.8951,50,1170.101197
-0.637755,50,1170.311999
-0.786723,50,1170.516629
-0.638399,50,1170.721357
-0.968008,50,1170.925633
-1.808655,50,1171.132849
-0.600601,50,1171.338403
-0.737034,50,1171.543134
-1.320882,50,1171.754341
-1.232267,50,1171.979771
-0.925385,50,1172.184778
-1.025585,50,1172.396714
-1.529626,50,1172.605813
-0.583326,50,1172.834979
-0.912842,50,1173.041374
-1.727168,50,1173.253776
-0.718848,50,1173.458745
-0.972931,50,1173.667569
-0.652445,50,1173.873173
-1.116569,50,1174.076529
-0.923623,50,1174.28074
-0.671196,50,1174.48748
-0.533001,50,1174.691979
-0.812782,50,1174.895997
-0.481839,50,1175.099605
-0.519196,50,1175.30722
-0.641768,50,1175.514524
-0.726014,50,1175.723906
-0.655734,50,1175.929251
-0.662291,50,1176.136066
-0.930831,50,1176.340359
-0.729177,50,1176.545247
-0.642752,50,1176.750123
-0.925311,50,1176.960854
-0.899521,50,1177.166711
-0.812745,50,1177.375547
-0.619737,50,1177.582125
-0.735855,50,1177.811163
-0.660749,50,1178.015525
-0.867698,50,1178.220176
-0.732873,50,1178.423378
-0.968645,50,1178.627752
-2.019561,50,1178.833159
-3.812506,50,1179.043965
-2.576617,50,1179.249236
-1.238786,50,1179.455674
-0.633053,50,1179.659329
-1.04956,50,1179.861607
-0.713347,50,1180.065218
-0.478948,50,1180.273731
-0.428731,50,1180.476372
-0.513398,50,1180.679806
-0.651107,50,1180.8838
-0.532003,50,1181.092351
-1.810743,50,1181.302683
-0.624847,50,1181.506203
-0.620031,50,1181.716871
-0.740528,50,1181.922039
-0.620146,50,1182.125539
-0.792506,50,1182.327448
-0.579301,50,1182.529002
-0.512415,50,1182.753538
-0.687443,50,1182.957804
-1.068293,50,1183.163685
-0.561818,50,1183.367219
-0.790032,50,1183.573725
-0.674073,50,1183.778237
-0.739754,50,1183.982925
-0.670142,50,1184.186551
-0.70084,50,1184.398231
-0.85481,50,1184.602271
-1.448943,50,1184.811085
-0.56899,50,1185.016147
-1.754803,50,1185.231313
-1.607668,50,1185.441049
-0.728768,50,1185.644304
-1.012417,50,1185.852739
-0.65482,50,1186.057678
-0.632461,50,1186.261723
-0.515203,50,1186.465152
-0.845016,50,1186.669171
-1.622471,50,1186.883612
-0.541602,50,1187.087451
-0.870225,50,1187.299913
-1.353218,50,1187.507966
-0.494219,50,1187.733463
-0.942313,50,1187.944301
-0.666193,50,1188.149633
-0.895991,50,1188.355568
-1.610724,50,1188.561972
-1.718597,50,1188.769662
-1.641841,50,1188.978363
-1.598165,50,1189.186958
-1.204347,50,1189.395113
-0.744755,50,1189.601337
-0.387133,50,1189.805853
-0.638474,50,1190.010466
-0.535566,50,1190.221445
-0.787011,50,1190.429016
-0.398849,50,1190.634039
-0.708772,50,1190.841032
-0.525478,50,1191.052345
-0.67049,50,1191.258146
-0.614037,50,1191.463394
-0.64642,50,1191.669637
-0.703062,50,1191.877568
-0.889571,50,1192.082857
-1.899276,50,1192.293987
-0.674232,50,1192.497132
-1.362358,50,1192.726151
-0.978772,50,1192.930607
-1.265238,50,1193.134014
-1.070836,50,1193.336737
-0.700347,50,1193.5556
-1.784732,50,1193.767412
-0.865643,50,1193.972612
-0.613575,50,1194.17722
-0.751225,50,1194.385032
-0.490445,50,1194.58934
-0.775448,50,1194.80213
-1.237246,50,1195.005724
-1.058418,50,1195.215681
-1.14065,50,1195.422898
-1.284784,50,1195.627456
-0.940754,50,1195.838544
-1.330697,50,1196.052669
-0.771281,50,1196.259568
-0.712842,50,1196.465011
-0.932374,50,1196.675021
-0.632109,50,1196.886531
-0.743085,50,1197.090826
-0.801527,50,1197.296178
-0.794566,50,1197.50503
-0.600242,50,1197.729181
-0.788521,50,1197.933553
-0.709811,50,1198.137775
-0.748987,50,1198.339983
-0.742454,50,1198.544618
-0.676238,50,1198.749058
-0.770453,50,1198.953229
-1.542828,50,1199.163474
-0.794103,50,1199.369091
-0.633485,50,1199.573735
-0.576367,50,1199.785102
-0.635178,50,1199.987547
-0.805288,50,1200.196146
-0.773271,50,1200.399416
-0.774435,50,1200.600985
-0.852558,50,1200.804196
-1.115612,50,1201.008707
-4.565148,50,1201.214513
-3.679957,50,1201.416337
-2.413394,50,1201.619817
-1.445934,50,1201.824989
-0.51027,50,1202.028464
-0.54963,50,1202.236773
-0.734516,50,1202.441143
-0.895977,50,1202.66309
-0.480183,50,1202.869338
-0.704159,50,1203.072723
-0.805615,50,1203.277058
-0.50457,50,1203.48425
-0.40483,50,1203.690374
-0.569932,50,1203.895121
-0.656169,50,1204.100628
-0.551554,50,1204.307153
-0.688032,50,1204.517639
-0.688399,50,1204.722657
-0.816775,50,1204.927608
-0.770941,50,1205.137744
-1.765918,50,1205.349101
-0.516224,50,1205.552955
-0.574272,50,1205.758778
-0.713359,50,1205.966048
-0.4859,50,1206.176399
-0.55985,50,1206.382005
-0.60927,50,1206.587451
-0.546574,50,1206.794854
-0.58132,50,1206.999772
-0.685429,50,1207.211301
-0.914565,50,1207.4154
-0.636027,50,1207.63994
-0.651268,50,1207.845218
-0.601978,50,1208.049819
-0.688986,50,1208.253041
-0.682133,50,1208.459218
-0.849464,50,1208.662886
-0.859739,50,1208.866039
-0.573699,50,1209.072965
-0.702372,50,1209.279792
-1.989733,50,1209.490805
-0.968786,50,1209.694848
-0.782027,50,1209.903717
-0.854892,50,1210.110373
-0.786441,50,1210.322659
-0.469799,50,1210.526621
-1.365702,50,1210.737665
-0.779422,50,1210.94722
-0.349124,50,1211.150752
-0.583241,50,1211.354981
-0.629773,50,1211.55824
-0.667697,50,1211.762559
-0.576176,50,1211.966241
-0.93477,50,1212.17631
-0.566157,50,1212.380416
-0.682227,50,1212.60551
-1.03024,50,1212.81118
-0.633968,50,1213.014975
-0.620738,50,1213.220458
-0.680374,50,1213.430082
-0.821411,50,1213.634136
-1.015177,50,1213.839308
-1.628299,50,1214.048038
-0.893243,50,1214.255115
-1.778932,50,1214.464431
-1.213216,50,1214.668734
-1.758798,50,1214.879066
-0.626637,50,1215.099913
-0.653045,50,1215.304462
-0.849595,50,1215.512035
-0.767948,50,1215.718084
-0.7416,50,1215.924595
-0.853035,50,1216.13288
-0.739561,50,1216.343194
-0.476151,50,1216.546667
-1.091797,50,1216.761104
-0.744649,50,1216.973244
-0.891223,50,1217.18461
-0.669322,50,1217.389013
-0.558743,50,1217.613526
-0.541669,50,1217.820538
-0.563864,50,1218.025974
-0.59378,50,1218.230328
-0.943997,50,1218.436484
-1.742881,50,1218.646885
-0.657637,50,1218.851181
-0.724384,50,1219.05754
-0.746105,50,1219.264065
-0.631073,50,1219.471312
-0.74399,50,1219.679655
-0.678418,50,1219.884131
-0.934412,50,1220.094671
-0.72939,50,1220.300005
-0.846238,50,1220.503671
-0.782515,50,1220.70963
-0.967064,50,1220.915156
-0.718954,50,1221.121731
-0.574817,50,1221.327624
-0.704466,50,1221.532556
-0.64051,50,1221.741105
-0.972552,50,1221.945151
-0.587611,50,1222.149695
-0.635923,50,1222.354452
-0.765557,50,1222.578986
-1.036785,50,1222.783968
-1.020395,50,1222.988474
-0.777184,50,1223.193061
-0.766135,50,1223.40001
-0.989364,50,1223.606727
-0.539356,50,1223.811435
-0.71212,50,1224.018984
-0.551621,50,1224.227461
-1.13807,50,1224.436192
-1.421579,50,1224.64918
-0.920613,50,1224.855267
-0.558399,50,1225.064661
-0.652842,50,1225.270787
-1.029209,50,1225.473093
-0.82175,50,1225.680857
-0.757505,50,1225.892841
-0.746729,50,1226.09789
-0.753639,50,1226.306217
-0.693765,50,1226.511037
-0.761785,50,1226.718386
-0.631899,50,1226.92454
-0.717257,50,1227.129714
-0.913362,50,1227.336525
-0.735453,50,1227.564341
-0.63359,50,1227.769288
-0.451573,50,1227.971923
-0.84181,50,1228.179357
